cr_film_id,url,title,original_title,year,preferred_lang_class,display_name,candidate_count,failure_reasons,candidate_upload_ids
36598,https://ceskarepublika.wiki/filmy-online/zrudy,Zrůdy,Freaks,1932,CZ_DUB,Zrůdy (1932) CZ Dabing,1,resolve_failed: HTTP 502 wrapping permanent upstream error: https://prehraj.to/zrudy-1932-cz-dabing-full-hd-drama-top-kvalita-136/c2603abbbb6ee4ba,c2603abbbb6ee4ba
30138,https://ceskarepublika.wiki/filmy-online/bourliva-dvacata-leta,Bouřlivá dvacátá léta,The Roaring Twenties,1939,CZ_DUB,Bouřlivá dvacátá léta (1939) CZ Dabing,1,resolve_failed: HTTP 502 wrapping permanent upstream error: https://prehraj.to/bourliva-dvacata-leta-1939-cz-dabing-full-hd-crime-top-kvalita-37698/b986af2543971b06,b986af2543971b06
29922,https://ceskarepublika.wiki/filmy-online/silnice,Silnice,La Strada,1954,CZ_DUB,Silnice (1954) CZ Dabing,1,resolve_failed: HTTP 502 wrapping permanent upstream error: https://prehraj.to/silnice-1954-cz-dabing-full-hd-drama-top-kvalita-405/d1ea4b2f44e9d39b,d1ea4b2f44e9d39b
12974,https://ceskarepublika.wiki/filmy-online/osudy-dobreho-vojaka-svejka,Osudy dobrého vojáka Švejka,Osudy dobrého vojáka Švejka,1956,CZ_DUB,Osudy dobrého vojáka Švejka (1956) CZ Dabing,1,resolve_failed: HTTP 502 wrapping permanent upstream error: https://prehraj.to/osudy-dobreho-vojaka-svejka-1956-cz-dabing-full-hd-comedy-top-kvalita-257101/df181c9e14ff1194,df181c9e14ff1194
10775,https://ceskarepublika.wiki/filmy-online/dazdnik-svateho-petra,Dáždnik svätého Petra,Szent Péter esernyője,1958,CZ_DUB,Dáždnik svätého Petra (1958) CZ Dabing,1,resolve_failed: HTTP 502 wrapping permanent upstream error: https://prehraj.to/dazdnik-svaeteho-petra-1958-cz-dabing/3278cbbb73dc9a26,3278cbbb73dc9a26
10779,https://ceskarepublika.wiki/filmy-online/vynalez-zkazy,Vynález zkázy,Vynález zkázy,1958,CZ_NATIVE,Vynález zkázy (1958) CZ,1,resolve_failed: HTTP 502 wrapping permanent upstream error: https://prehraj.to/1958-vynalez-zkazy/10ad9d219c9ce4ac,10ad9d219c9ce4ac
10785,https://ceskarepublika.wiki/filmy-online/kral-sumavy,Král Šumavy,Král Šumavy,1959,CZ_NATIVE,Král Šumavy (1959) CZ,1,resolve_failed: no videos.push() blocks found at https://prehraj.to/kral-sumavy-radovan-lukavsky-1959-cz-m-mp4/b565f09661f22851,b565f09661f22851
36679,https://ceskarepublika.wiki/filmy-online/marie-octobre,Marie-Octobre,,1959,CZ_DUB,Marie-Octobre (1959) CZ Dabing,1,resolve_failed: HTTP 502 wrapping permanent upstream error: https://prehraj.to/marie-octobre-1959-cz-dabing-full-hd-drama-top-kvalita-76777/f4869fe7c84d0606,f4869fe7c84d0606
37144,https://ceskarepublika.wiki/filmy-online/korsicti-bratri,Korsičtí bratři,I fratelli Corsi,1961,CZ_DUB,Korsičtí bratři (1961) CZ Dabing,1,resolve_failed: HTTP 502 wrapping permanent upstream error: https://prehraj.to/korsicti-bratri-1961-cz-dabing/06df6af7b56fa53d,06df6af7b56fa53d
10838,https://ceskarepublika.wiki/filmy-online/komisar-maigret-zuri,Komisař Maigret zuří,Maigret voit rouge,1963,CZ_DUB,Komisař Maigret zuří (1963) CZ Dabing,1,resolve_failed: HTTP 502 wrapping permanent upstream error: https://prehraj.to/komisar-maigret-zuri-1963-cz-dabing-full-hd-crime-top-kvalita-76647/b86fe092023473f4,b86fe092023473f4
30075,https://ceskarepublika.wiki/filmy-online/pahorek,Pahorek,The Hill,1965,CZ_DUB,Pahorek (1965) CZ Dabing,1,oversize: 8927877063 B,68afc2162fc5e
10947,https://ceskarepublika.wiki/filmy-online/ukradena-vzducholod,Ukradená vzducholoď,Ukradená vzducholoď,1967,CZ_DUB,Ukradená vzducholoď (1967) CZ Dabing,1,resolve_failed: HTTP 502 wrapping permanent upstream error: https://prehraj.to/ukradena-vzducholod-1966-czdab-mp4/d79acfe55d124bdb,d79acfe55d124bdb
30110,https://ceskarepublika.wiki/filmy-online/slepy-pistolnik,Slepý pistolník,Blindman,1971,CZ_DUB,Slepý pistolník (1971) CZ Dabing,1,resolve_failed: no videos.push() blocks found at https://prehraj.to/slepy-pistolnik-1971-cz-dabing-mp4/1f7e13f5645e7f54,1f7e13f5645e7f54
11135,https://ceskarepublika.wiki/filmy-online/cerne-vanoce-1974,Černé Vánoce,Black Christmas,1974,CZ_NATIVE,Černé Vánoce (1974) CZ,1,oversize: 6626096744 B,6716af799f765
32822,https://ceskarepublika.wiki/filmy-online/hitlerova-kariera,Hitlerova kariéra,Hitler - Eine Karriere,1977,CZ_DUB,Hitlerova kariéra (1977) CZ Dabing,1,oversize: 6719175613 B,67929624d9216
34406,https://ceskarepublika.wiki/filmy-online/carodejuv-ucen-1978,Čarodějův učeň,,1978,CZ_DUB,Čarodějův učeň (1978) CZ Dabing,3,resolve_failed: HTTP 502 wrapping permanent upstream error: https://prehraj.to/carodejuv-ucen-1977-czdab/b39dbfc86ba6b4c4 | resolve_failed: HTTP 502 wrapping permanent upstream error: https://prehraj.to/carodejuv-ucen-1977-dvd9/01332efbbd09cda3 | resolve_failed: HTTP 502 wrapping permanent upstream error: https://prehraj.to/carodejuv-ucen-krabat-karel-zeman-1977-ceskoslovensko/1b9c2540fcff1996,b39dbfc86ba6b4c4;1b9c2540fcff1996;01332efbbd09cda3
11294,https://ceskarepublika.wiki/filmy-online/elvis-presley,Elvis Presley,Elvis,1979,CZ_DUB,Elvis Presley (1979) CZ Dabing,1,resolve_failed: HTTP 502 wrapping permanent upstream error: https://prehraj.to/elvis-presley-1979-cz-dabing-mp4/6eb5b4e8cda44342,6eb5b4e8cda44342
22495,https://ceskarepublika.wiki/filmy-online/valecnici,Válečníci,The Warriors,1979,CZ_NATIVE,Válečníci (1979) CZ,1,resolve_failed: HTTP 502 wrapping permanent upstream error: https://prehraj.to/valecnici-the-warriors-1979-720p-brrip-x-264-srt-cz/5fc9129f8d5f1,5fc9129f8d5f1
11352,https://ceskarepublika.wiki/filmy-online/pohadka-o-honzikovi-a-marence,Pohádka o Honzíkovi a Mařence,Pohádka o Honzíkovi a Mařence,1980,CZ_DUB,Pohádka o Honzíkovi a Mařence (1980) CZ Dabing,1,resolve_failed: HTTP 502 wrapping permanent upstream error: https://prehraj.to/pohadka-o-honzikovi-a-marence-1980-cz-dabing-full-hd-animation-top-kvalita-51902/3889e7310cfd9689,3889e7310cfd9689
11354,https://ceskarepublika.wiki/filmy-online/vojin-benjaminova,Vojín Benjaminová,Private Benjamin,1980,CZ_NATIVE,Vojín Benjaminová (1980) CZ,1,resolve_failed: HTTP 502 wrapping permanent upstream error: https://prehraj.to/vojin-benjaminova-1980-cz-mp4/129e19274d02d6bc,129e19274d02d6bc
13444,https://ceskarepublika.wiki/filmy-online/zrada-a-chamtivost-na-planete-opic,Zrada a chamtivost na Planetě opic,Treachery and Greed on the Planet of the Apes,1980,CZ_DUB,Zrada a chamtivost na Planetě opic (1980) CZ Dabing,1,resolve_failed: no videos.push() blocks found at https://prehraj.to/zrada-a-chamtivost-na-planete-opic-1980-cz-dabing-hd-mp4/cfe555d9b943bb0f,cfe555d9b943bb0f
11573,https://ceskarepublika.wiki/filmy-online/gulag,Gulag,Gulag,1985,CZ_DUB,Gulag (1985) CZ Dabing,1,resolve_failed: no videos.push() blocks found at https://prehraj.to/gulag-drama-1985-cz-dabing-avi-mp4/60a521d586d6acdc,60a521d586d6acdc
22766,https://ceskarepublika.wiki/filmy-online/vitezove,Vítězové,American Flyers,1985,CZ_NATIVE,Vítězové (1985) CZ,1,oversize: 7005951277 B,63e91b98e166a
11735,https://ceskarepublika.wiki/filmy-online/beetlejuice,Beetlejuice,Beetlejuice,1988,CZ_DUB,Beetlejuice (1988) CZ Dabing,1,resolve_failed: HTTP 502 wrapping permanent upstream error: https://prehraj.to/beetlejuice-1988-cz-dab-2160p/cd9387ac154fd215,cd9387ac154fd215
2491,https://ceskarepublika.wiki/filmy-online/blazniva-strela-2-a-12-vune-strachu,Bláznivá střela 2 a ½: Vůně strachu,The Naked Gun 2½: The Smell of Fear,1991,CZ_DUB,Bláznivá střela 2 a ½: Vůně strachu (1991) CZ Dabing,1,resolve_failed: HTTP 502 wrapping permanent upstream error: https://prehraj.to/blazniva-strela-2-a-1-2-vune-strachu-1991-hd-cz-mp4/0fa507e3c21048c3,0fa507e3c21048c3
23472,https://ceskarepublika.wiki/filmy-online/lanari,Lanaři,Blue Chips,1994,CZ_DUB,Lanaři (1994) CZ Dabing,1,oversize: 6967400252 B,633e1e93c61ec
12188,https://ceskarepublika.wiki/filmy-online/scanner-policajt,Scanner: Policajt,Scanner Cop,1994,CZ_DUB,Scanner: Policajt (1994) CZ Dabing,1,resolve_failed: HTTP 502 wrapping permanent upstream error: https://prehraj.to/policajt-v-beverly-hills-3-1994-en-cz-dabing-uhdrdv/68dbab1817155,68dbab1817155
34434,https://ceskarepublika.wiki/filmy-online/rozum-a-cit,Rozum a cit,Sense and Sensibility,1995,CZ_NATIVE,Rozum a cit (1995) CZ,1,resolve_failed: HTTP 502 wrapping permanent upstream error: https://prehraj.to/rozum-a-cit-sense-and-sensibility-1995-720p-bluray-h264-aac-ceske-titulky/756ea48e71c03703,756ea48e71c03703
12308,https://ceskarepublika.wiki/filmy-online/jaguar,Jaguár,Le Jaguar,1996,CZ_DUB,Jaguár (1996) CZ Dabing,1,oversize: 7014247902 B,67b71af90ce90
30405,https://ceskarepublika.wiki/filmy-online/bratri-ve-zbrani,Bratři ve zbrani,My Brother's War,1997,CZ_DUB,Bratři ve zbrani (1997) CZ Dabing,1,resolve_failed: HTTP 502 wrapping permanent upstream error: https://prehraj.to/bratri-ve-zbrani-1997-cz-dabing-mp4/e7739fc427b14838,e7739fc427b14838
34969,https://ceskarepublika.wiki/filmy-online/snehurka-pribeh-hruzy,Sněhurka - Příběh hrůzy,Snow White: A Tale of Terror,1997,CZ_DUB,Sněhurka - Příběh hrůzy (1997) CZ Dabing,1,resolve_failed: HTTP 502 wrapping permanent upstream error: https://prehraj.to/snehurka-pribeh-hruzy-1997-czdab-avi/5dd3b8549415c49b,5dd3b8549415c49b
8075,https://ceskarepublika.wiki/filmy-online/godzilla-1998,Godzilla,Godzilla,1998,CZ_DUB,Godzilla (1998) CZ Dabing,1,oversize: 7205861403 B,68d7c238194e6
33020,https://ceskarepublika.wiki/filmy-online/tri-kralove,Tři králové,Three Kings,1999,CZ_NATIVE,Tři králové (1999) CZ,1,resolve_failed: HTTP 502 wrapping permanent upstream error: https://prehraj.to/tri-kralove-1999-uhdrdv-cz-en/68f606e2de9fc,68f606e2de9fc
4297,https://ceskarepublika.wiki/filmy-online/po-cem-zeny-touzi,Po čem ženy touží,What Women Want,2000,CZ_DUB,Po čem ženy touží (2000) CZ Dabing,1,resolve_failed: HTTP 502 wrapping permanent upstream error: https://prehraj.to/po-cem-zeny-touzi-2000-cz-dabing-1080p/120f5e43f27781bd,120f5e43f27781bd
19455,https://ceskarepublika.wiki/filmy-online/scooby-doo,Scooby-Doo,Scooby-Doo,2002,CZ_DUB,Scooby-Doo (2002) CZ Dabing,1,resolve_failed: HTTP 502 wrapping permanent upstream error: https://prehraj.to/scooby-doo-3-2002-cz-dabing-2k/690166678c412,690166678c412
29965,https://ceskarepublika.wiki/filmy-online/spy-kids-2-ostrov-ztracenych-snu,Spy Kids 2: Ostrov ztracených snů,Spy Kids 2: The Island of Lost Dreams,2002,CZ_DUB,Spy Kids 2: Ostrov ztracených snů (2002) CZ Dabing,1,resolve_failed: HTTP 502 wrapping permanent upstream error: https://prehraj.to/spy-kids-2-ostrov-ztracenych-snu-2002-cz-dabing-mp4/8c2d331cd812676d,8c2d331cd812676d
13479,https://ceskarepublika.wiki/filmy-online/skritek-2005,Skřítek,Skřítek,2005,CZ_NATIVE,Skřítek (2005) CZ,1,resolve_failed: HTTP 502 wrapping permanent upstream error: https://prehraj.to/skritek-2005-cz-mp4/505d7dbd1cc98b29,505d7dbd1cc98b29
806,https://ceskarepublika.wiki/filmy-online/300-bitva-u-thermopyl,300: Bitva u Thermopyl,300,2006,CZ_DUB,300: Bitva u Thermopyl (2006) CZ Dabing,2,resolve_failed: HTTP 502 wrapping permanent upstream error: https://prehraj.to/300-bitva-u-thermopyl-2006-cz-dab-1080p-mkv/d49028a821a30d89 | resolve_failed: HTTP 502 wrapping permanent upstream error: https://prehraj.to/300-bitva-u-thermopyl-2006-cz-dab-1080p/5e72e6f4eaca29bc,d49028a821a30d89;5e72e6f4eaca29bc
3517,https://ceskarepublika.wiki/filmy-online/andele-a-demoni,Andělé a démoni,Angels & Demons,2009,CZ_DUB,Andělé a démoni (2009) CZ Dabing,2,resolve_failed: HTTP 502 wrapping permanent upstream error: https://prehraj.to/andele-a-demoni-2009-cz-dab-1080p/42fffe34d62433db | resolve_failed: HTTP 502 wrapping permanent upstream error: https://prehraj.to/andele-a-demoni-2009-cz-dab-1080p/58a299e00d4c5cf3,42fffe34d62433db;58a299e00d4c5cf3
5400,https://ceskarepublika.wiki/filmy-online/pripad-cislo-39,Případ číslo 39,Case 39,2009,CZ_NATIVE,Případ číslo 39 (2009) CZ,1,resolve_failed: HTTP 502 wrapping permanent upstream error: https://prehraj.to/pripad-cislo-39-2009-fhd-cz-en/df6480b662925887,df6480b662925887
3102,https://ceskarepublika.wiki/filmy-online/kniha-preziti,Kniha přežití,The Book of Eli,2010,CZ_DUB,Kniha přežití (2010) CZ Dabing,3,resolve_failed: HTTP 502 wrapping permanent upstream error: https://prehraj.to/kniha-preziti-2010-cz-dab-1080p/52922fc1c38fa7dc | resolve_failed: HTTP 502 wrapping permanent upstream error: https://prehraj.to/kniha-preziti-2010-cz-en/32054160f891956d | resolve_failed: HTTP 502 wrapping permanent upstream error: https://prehraj.to/kniha-preziti-2010-up-uhd-r-cz-en-mkv/bde2b7a0f44624e7,52922fc1c38fa7dc;32054160f891956d;bde2b7a0f44624e7
5539,https://ceskarepublika.wiki/filmy-online/londynsky-gangster,Londýnský gangster,London Boulevard,2010,CZ_DUB,Londýnský gangster (2010) CZ Dabing,2,resolve_failed: HTTP 502 wrapping permanent upstream error: https://prehraj.to/londynsky-gangster-cz-dabing-mp4/0d299b86b9c5455b | resolve_failed: HTTP 502 wrapping permanent upstream error: https://prehraj.to/londynsky-gangster-cz-dabing/4f4e37f338d6864d,0d299b86b9c5455b;4f4e37f338d6864d
15536,https://ceskarepublika.wiki/filmy-online/jak-vycvicit-draka-lexikon-draku,Jak vycvičit draka: Lexikon draků,Book of Dragons,2011,CZ_DUB,Jak vycvičit draka: Lexikon draků (2011) CZ Dabing,1,resolve_failed: HTTP 502 wrapping permanent upstream error: https://prehraj.to/jak-vycvicit-draka-lexikon-draku-2011-cz-dab-720p-mp4/c501e6701d59f4fd,c501e6701d59f4fd
30264,https://ceskarepublika.wiki/filmy-online/lov-lososu-v-jemenu,Lov lososů v Jemenu,Salmon Fishing in the Yemen,2011,CZ_DUB,Lov lososů v Jemenu (2011) CZ Dabing,1,resolve_failed: HTTP 502 wrapping permanent upstream error: https://prehraj.to/lov-lososu-v-jemenu-2012-en-cz-dabing/4484ebdfd78c6f08,4484ebdfd78c6f08
1553,https://ceskarepublika.wiki/filmy-online/atlas-mraku,Atlas mraků,Cloud Atlas,2012,CZ_DUB,Atlas mraků (2012) CZ Dabing,1,resolve_failed: HTTP 502 wrapping permanent upstream error: https://prehraj.to/atlas-mraku-cloud-atlas-2012-cz-dabing/33923bb624f4d19f,33923bb624f4d19f
7424,https://ceskarepublika.wiki/filmy-online/cesta-na-tajuplny-ostrov-2,Cesta na tajuplný ostrov 2,Journey 2: The Mysterious Island,2012,CZ_DUB,Cesta na tajuplný ostrov 2 (2012) CZ Dabing,2,resolve_failed: HTTP 502 wrapping permanent upstream error: https://prehraj.to/cesta-na-tajuplny-ostrov-2-2012-cz-dab-1080p-avi/5b2e7dc1ef5e389d | resolve_failed: HTTP 502 wrapping permanent upstream error: https://prehraj.to/cesta-na-tajuplny-ostrov-2-2012-cz-dab-1080p/71223833180ca162,71223833180ca162;5b2e7dc1ef5e389d
30283,https://ceskarepublika.wiki/filmy-online/hemingway-a-gellhornova,Hemingway a Gellhornová,Hemingway & Gellhorn,2012,CZ_DUB,Hemingway a Gellhornová (2012) CZ Dabing,1,resolve_failed: HTTP 502 wrapping permanent upstream error: https://prehraj.to/hemingway-a-gellhornova-2012-en-cz-dabing-mp4/6c9bff562b6ad7f3,6c9bff562b6ad7f3
31690,https://ceskarepublika.wiki/filmy-online/kraluv-dvojnik,Králův dvojník,"광해, 왕이 된 남자",2012,CZ_DUB,Králův dvojník (2012) CZ Dabing,1,resolve_failed: HTTP 502 wrapping permanent upstream error: https://prehraj.to/kraluv-dvojnik-2012-cz-dabing-full-hd-drama-top-kvalita-133200/b99542b31c5c9c7f,b99542b31c5c9c7f
14976,https://ceskarepublika.wiki/filmy-online/temny-priliv,Temný příliv,Dark Tide,2012,CZ_DUB,Temný příliv (2012) CZ Dabing,2,resolve_failed: HTTP 502 wrapping permanent upstream error: https://prehraj.to/temny-priliv-2012-cz-dabing/7f8debc8ef756d24 | resolve_failed: HTTP 502 wrapping permanent upstream error: https://prehraj.to/temny-priliv-2012-cz-dabing/8472dd628ffe5a19,8472dd628ffe5a19;7f8debc8ef756d24
8342,https://ceskarepublika.wiki/filmy-online/upirky,Upírky,Vamps,2012,CZ_DUB,Upírky (2012) CZ Dabing,2,resolve_failed: HTTP 502 wrapping permanent upstream error: https://prehraj.to/upirky-2012-cz-dabing/710d51910c58fa4e | resolve_failed: HTTP 502 wrapping permanent upstream error: https://prehraj.to/upirky-2012-cz-dabing/9316d48866eb7ee4,9316d48866eb7ee4;710d51910c58fa4e
16155,https://ceskarepublika.wiki/filmy-online/bidnici-od-romanu-k-filmu-a-muzikalu,Bídníci: od románu k filmu a muzikálu,Les Misérables: The History of the World's Greatest Story,2013,CZ_NATIVE,Bídníci: od románu k filmu a muzikálu (2013) CZ,1,resolve_failed: no videos.push() blocks found at https://prehraj.to/bidnici-od-romanu-k-filmu-a-muzikalu-2013-cz-dabing-mp4/4be41ffca36603db,4be41ffca36603db
15379,https://ceskarepublika.wiki/filmy-online/dokonala-prilezitost,Dokonalá příležitost,Fatal Performance,2013,CZ_DUB,Dokonalá příležitost (2013) CZ Dabing,2,resolve_failed: no videos.push() blocks found at https://prehraj.to/dokonala-prilezitost-nicholle-tom-david-palffy-steve-bacic-2013-thriller-bdrip-1080p-cz-dabing-mp4/001a68b7a072393c | resolve_failed: no videos.push() blocks found at https://prehraj.to/dokonala-prilezitost-nicholle-tom-david-palffy-steve-bacic-2013-thriller-bdrip-1080p-cz-dabing-mp4/5d009e1fd8b49a6b,5d009e1fd8b49a6b;001a68b7a072393c
4151,https://ceskarepublika.wiki/filmy-online/gagarin-prvni-ve-vesmiru,Gagarin: První ve vesmíru,Гагарин. Первый в космосе,2013,CZ_NATIVE,Gagarin: První ve vesmíru (2013) CZ,1,oversize: 6630906517 B,654786db64bc8
4745,https://ceskarepublika.wiki/filmy-online/dej-mi-domov,Gimme Shelter,Gimme Shelter,2013,CZ_DUB,Gimme Shelter (2013) CZ Dabing,1,resolve_failed: no videos.push() blocks found at https://prehraj.to/gimme-shelter-2013-cz-dabing-hd-mp4/1bd36444d6ed6ebe,1bd36444d6ed6ebe
6445,https://ceskarepublika.wiki/filmy-online/kridla-vanoc,Křídla Vánoc,Křídla Vánoc,2013,CZ_NATIVE,Křídla Vánoc (2013) CZ,1,resolve_failed: HTTP 502 wrapping permanent upstream error: https://prehraj.to/kridla-vanoc-2013-cz-mp4/47cd82cc483c42b2,47cd82cc483c42b2
15207,https://ceskarepublika.wiki/filmy-online/nepoucitelni,Nepoučitelní,Life of Crime,2013,CZ_NATIVE,Nepoučitelní (2013) CZ,1,resolve_failed: HTTP 502 wrapping permanent upstream error: https://prehraj.to/nepoucitelni-2013-cz-dabing-mp4/d7022f4998e1d9e0,d7022f4998e1d9e0
15912,https://ceskarepublika.wiki/filmy-online/on-the-job,On the Job,On the Job,2013,CZ_DUB,On the Job (2013) CZ Dabing,1,resolve_failed: HTTP 502 wrapping permanent upstream error: https://prehraj.to/on-the-job-2013-cz-dabing/56b660306d8ddd4f,56b660306d8ddd4f
30363,https://ceskarepublika.wiki/filmy-online/otec-mrazik,Otec Mrazík,Father Frismas,2013,CZ_DUB,Otec Mrazík (2013) CZ Dabing,1,resolve_failed: HTTP 502 wrapping permanent upstream error: https://prehraj.to/otec-mrazik-2013-cz-dabing-mp4/8ed54a9053f1ea2c,8ed54a9053f1ea2c
16214,https://ceskarepublika.wiki/filmy-online/sam-mezi-vsemi,Sám mezi všemi,Nichts mehr wie vorher,2013,CZ_DUB,Sám mezi všemi (2013) CZ Dabing,1,resolve_failed: no videos.push() blocks found at https://prehraj.to/sam-mezi-vsemi-2013-cz-dabing-mp4/969e252b6c9eb6ce,969e252b6c9eb6ce
5726,https://ceskarepublika.wiki/filmy-online/300-vzestup-rise,300: Vzestup říše,300: Rise of an Empire,2014,CZ_DUB,300: Vzestup říše (2014) CZ Dabing,1,resolve_failed: HTTP 502 wrapping permanent upstream error: https://prehraj.to/300-vzestup-rise-2014-cz-dab-1080p/f267254ba1c084ce,f267254ba1c084ce
16230,https://ceskarepublika.wiki/filmy-online/dum-s-tajemstvim,Dům s tajemstvím,House of Secrets,2014,CZ_DUB,Dům s tajemstvím (2014) CZ Dabing,1,resolve_failed: no videos.push() blocks found at https://prehraj.to/dum-s-tajemstvim-2014-cz-dabing-mp4/5e396dc35ec513bf,5e396dc35ec513bf
30368,https://ceskarepublika.wiki/filmy-online/lepsi-ted-nez-nikdy,Lepší teď než nikdy,And So It Goes,2014,CZ_DUB,Lepší teď než nikdy (2014) CZ Dabing,1,resolve_failed: HTTP 502 wrapping permanent upstream error: https://prehraj.to/lepsi-ted-nez-nikdy-2014-cz-dabing-mp4/643d2fd905c582a9,643d2fd905c582a9
7762,https://ceskarepublika.wiki/filmy-online/vejska,Vejška,Vejška,2014,CZ_NATIVE,Vejška (2014) CZ,1,resolve_failed: HTTP 502 wrapping permanent upstream error: https://prehraj.to/vejska-cr-2014/4a5997d6ed1e01e7,4a5997d6ed1e01e7
3506,https://ceskarepublika.wiki/filmy-online/zustan-se-mnou,Zůstaň se mnou,If I Stay,2014,CZ_DUB,Zůstaň se mnou (2014) CZ Dabing,1,resolve_failed: HTTP 502 wrapping permanent upstream error: https://prehraj.to/zustan-se-mnou-2014-cz-dabing-hd-1080p/68f32cac33bfe,68f32cac33bfe
30434,https://ceskarepublika.wiki/filmy-online/bessie,Bessie,,2015,CZ_DUB,Bessie (2015) CZ Dabing,1,resolve_failed: HTTP 502 wrapping permanent upstream error: https://prehraj.to/bessie-2015-en-cz-dabing-mp4/c0f6352c80cec18f,c0f6352c80cec18f
30418,https://ceskarepublika.wiki/filmy-online/flintstoneovi-wwe-mela-doby-kamenne,Flintstoneovi & WWE: Mela doby kamenné,The Flintstones and WWE: Stone Age SmackDown!,2015,CZ_DUB,Flintstoneovi & WWE: Mela doby kamenné (2015) CZ Dabing,1,resolve_failed: HTTP 502 wrapping permanent upstream error: https://prehraj.to/flintstoneovi-wwe-mela-doby-kamenne-2015-en-cz-dabing-mp4/d1b8b48c5a3cc7c1,d1b8b48c5a3cc7c1
16527,https://ceskarepublika.wiki/filmy-online/rozdeleny-adam,Rozdělený Adam,Splitting Adam,2015,CZ_NATIVE,Rozdělený Adam (2015) CZ,1,resolve_failed: HTTP 502 wrapping permanent upstream error: https://prehraj.to/rozdeleny-adam-2015-cz-dabing-hd-mp4/475f3640648847f5,475f3640648847f5
16595,https://ceskarepublika.wiki/filmy-online/animovany-zivot,Animovaný život,"Life, Animated",2016,CZ_NATIVE,Animovaný život (2016) CZ,1,resolve_failed: HTTP 502 wrapping permanent upstream error: https://prehraj.to/zivot-je-zivot-2015-cz-film/9b0caefa1d093445,9b0caefa1d093445
31457,https://ceskarepublika.wiki/filmy-online/godzilla-vs-gomora-part-3,Godzilla Vs Gomora - Part 3,,2016,CZ_DUB,Godzilla Vs Gomora - Part 3 (2016) CZ Dabing,1,resolve_failed: HTTP 502 wrapping permanent upstream error: https://prehraj.to/godzilla-vs-gomora-part-3-2016-en-cz-dabing-mp4/f9eef40d48f0c8f7,f9eef40d48f0c8f7
5620,https://ceskarepublika.wiki/filmy-online/inferno,Inferno,Inferno,2016,CZ_DUB,Inferno (2016) CZ Dabing,1,resolve_failed: HTTP 502 wrapping permanent upstream error: https://prehraj.to/inferno-2016-cz-dab-1080p/c6bfdb761b58cbcb,c6bfdb761b58cbcb
5644,https://ceskarepublika.wiki/filmy-online/keanu-kocici-gangsterka,Keanu - Kočičí gangsterka,Keanu,2016,CZ_NATIVE,Keanu - Kočičí gangsterka (2016) CZ,1,resolve_failed: HTTP 502 wrapping permanent upstream error: https://prehraj.to/keanu-kocici-gangsterka-2016-cz-dabing-mp4/a4f98493d467b84e,a4f98493d467b84e
453,https://ceskarepublika.wiki/filmy-online/misto-u-more,Místo u moře,Manchester by the Sea,2016,CZ_NATIVE,Místo u moře (2016) CZ,1,resolve_failed: HTTP 502 wrapping permanent upstream error: https://prehraj.to/misto-u-more-2016-1080p-bluray/20e51ff648bdf001,20e51ff648bdf001
1221,https://ceskarepublika.wiki/filmy-online/spravni-chlapi,Správní chlapi,The Nice Guys,2016,CZ_DUB,Správní chlapi (2016) CZ Dabing,2,resolve_failed: HTTP 502 wrapping permanent upstream error: https://prehraj.to/novinka-spravni-chlapi-2016-mysteriozni-komedie-cz-dabing/491b2bded6e53f97 | resolve_failed: HTTP 502 wrapping permanent upstream error: https://prehraj.to/spravni-chlapi-2016-cz-dab-2160p/9a036846f8ae7cd5,9a036846f8ae7cd5;491b2bded6e53f97
29324,https://ceskarepublika.wiki/filmy-online/hrisny-tanec,Hříšný tanec,Dirty Dancing,2017,CZ_NATIVE,Hříšný tanec (2017) CZ,1,resolve_failed: HTTP 502 wrapping permanent upstream error: https://prehraj.to/hrisny-tanec-2017/658a99cbd2d90,658a99cbd2d90
6985,https://ceskarepublika.wiki/filmy-online/ktery-je-ten-pravy,Který je ten pravý?,Home Again,2017,CZ_NATIVE,Který je ten pravý? (2017) CZ,1,resolve_failed: HTTP 502 wrapping permanent upstream error: https://prehraj.to/ktery-je-ten-pravy-2017-cz-dabing-mp4/fa65b0a36b2ee098,fa65b0a36b2ee098
30602,https://ceskarepublika.wiki/filmy-online/lego-dc-superhrdinky-brain-drain,LEGO DC Superhrdinky: Brain Drain,LEGO DC Super Hero Girls: Brain Drain,2017,CZ_DUB,LEGO DC Superhrdinky: Brain Drain (2017) CZ Dabing,1,resolve_failed: HTTP 502 wrapping permanent upstream error: https://prehraj.to/lego-dc-superhrdinky-brain-drain-2017-en-cz-dabing/a922cbbd88e316c2,a922cbbd88e316c2
30577,https://ceskarepublika.wiki/filmy-online/no-other-way-to-say-it,No Other Way to Say It,,2017,CZ_DUB,No Other Way to Say It (2017) CZ Dabing,1,resolve_failed: HTTP 502 wrapping permanent upstream error: https://prehraj.to/no-other-way-to-say-it-2017-en-cz-dabing-mp4/85ad5fa76da5b74e,85ad5fa76da5b74e
4425,https://ceskarepublika.wiki/filmy-online/posledni-bohatyr,Poslední bohatýr,Последний богатырь,2017,CZ_NATIVE,Poslední bohatýr (2017) CZ,1,resolve_failed: HTTP 502 wrapping permanent upstream error: https://prehraj.to/posledni-bohatyr-2017/0e0cbcb3372a5989,0e0cbcb3372a5989
20754,https://ceskarepublika.wiki/filmy-online/wind-river,Wind River,Wind River,2017,CZ_DUB,Wind River (2017) CZ Dabing,1,resolve_failed: HTTP 502 wrapping permanent upstream error: https://prehraj.to/wind-river-2017-cz-dab-1080p/b69f7555d483e2cd,b69f7555d483e2cd
17276,https://ceskarepublika.wiki/filmy-online/daphne-a-velma,Daphne a Velma,Daphne & Velma,2018,CZ_NATIVE,Daphne a Velma (2018) CZ,1,resolve_failed: HTTP 502 wrapping permanent upstream error: https://prehraj.to/daphne-a-velma-r-2018-1920y1072/6066d4f0b1367,6066d4f0b1367
1400,https://ceskarepublika.wiki/filmy-online/desive-dedictvi,Děsivé dědictví,Hereditary,2018,CZ_NATIVE,Děsivé dědictví (2018) CZ,3,resolve_failed: HTTP 502 wrapping permanent upstream error: https://prehraj.to/desive-dedictvi-2018-dvdrip-xvi-d-drama-horor-ma-sk-titl/046678dc76465486 | resolve_failed: HTTP 502 wrapping permanent upstream error: https://prehraj.to/novinka-desive-dedictvi-2018-dvdrip-xvi-d-drama-horor-ma-sk-titl/29596fc283071f4b | resolve_failed: HTTP 502 wrapping permanent upstream error: https://prehraj.to/novinka-desive-dedictvi-2018-dvdrip-xvi-ddramahororma-sk-titl/33a51305a667dc76,29596fc283071f4b;33a51305a667dc76;046678dc76465486
9083,https://ceskarepublika.wiki/filmy-online/elliot-nejmensi-sobik,Elliot: Nejmenší sobík,Elliot: The Littlest Reindeer,2018,CZ_DUB,Elliot: Nejmenší sobík (2018) CZ Dabing,2,resolve_failed: HTTP 502 wrapping permanent upstream error: https://prehraj.to/elliot-nejmensi-sobik-2018-cz-dab-1080p-mp4/f98a94b3193e0778 | resolve_failed: HTTP 502 wrapping permanent upstream error: https://prehraj.to/elliot-nejmensi-sobik-2018-cz-dab-1080p/3cf6c8c9ae0b7c02,f98a94b3193e0778;3cf6c8c9ae0b7c02
3397,https://ceskarepublika.wiki/filmy-online/equalizer-2,Equalizer 2,The Equalizer 2,2018,CZ_DUB,Equalizer 2 (2018) CZ Dabing,4,resolve_failed: HTTP 502 wrapping permanent upstream error: https://prehraj.to/equalizer-2-2018-cz-dab-1080p-mp4/8e8e6aaabef26286 | resolve_failed: HTTP 502 wrapping permanent upstream error: https://prehraj.to/equalizer-2-2018-cz-dab-1080p/02c1e001820efb6b | resolve_failed: HTTP 502 wrapping permanent upstream error: https://prehraj.to/equalizer-2-2018-cz-dab-1080p/08621f1f5564e043 | resolve_failed: HTTP 502 wrapping permanent upstream error: https://prehraj.to/equalizer-2-2018-cz-dab-1080p/7e8b1c0639853645,02c1e001820efb6b;08621f1f5564e043;8e8e6aaabef26286;7e8b1c0639853645
4193,https://ceskarepublika.wiki/filmy-online/humorista,Humorista,Юморист,2018,CZ_DUB,Humorista (2018) CZ Dabing,1,resolve_failed: HTTP 502 wrapping permanent upstream error: https://prehraj.to/humorista-2019-cz-dabing/941ca671f21a7d9e,941ca671f21a7d9e
4157,https://ceskarepublika.wiki/filmy-online/mesto-lzi,Město lží,City of Lies,2018,CZ_NATIVE,Město lží (2018) CZ,1,resolve_failed: HTTP 502 wrapping permanent upstream error: https://prehraj.to/mesto-lzi-2018-mp4/76ea6a407fbc97d3,76ea6a407fbc97d3
17299,https://ceskarepublika.wiki/filmy-online/nezhojene-rany,Nezhojené rány,Killer Caregiver,2018,CZ_DUB,Nezhojené rány (2018) CZ Dabing,1,resolve_failed: no videos.push() blocks found at https://prehraj.to/nezhojene-rany-2018-cz-dabing-hd-mp4/94279f23b829cefe,94279f23b829cefe
5516,https://ceskarepublika.wiki/filmy-online/og,O.G.,O.G.,2018,CZ_DUB,O.G. (2018) CZ Dabing,1,resolve_failed: HTTP 502 wrapping permanent upstream error: https://prehraj.to/o-g-cz-dabing-2018/5e56590e8e1e8,5e56590e8e1e8
9368,https://ceskarepublika.wiki/filmy-online/prizrak-v-dome,Přízrak v domě,Deadly Inn,2018,CZ_DUB,Přízrak v domě (2018) CZ Dabing,1,resolve_failed: no videos.push() blocks found at https://prehraj.to/prizrak-v-dome-2018-cz-dabing-hd-mp4/c1cc90479d94ec9b,c1cc90479d94ec9b
16972,https://ceskarepublika.wiki/filmy-online/smrtici-erupce,Smrtící erupce,Eruption: LA,2018,CZ_DUB,Smrtící erupce (2018) CZ Dabing,1,resolve_failed: no videos.push() blocks found at https://prehraj.to/smrtici-erupce-matthew-willig-eric-etebari-matt-riedy-2018-sci-fi-katastroficky-bdrip-1080p-cz-dabing-mp4/eb2bf840934a0ab1,eb2bf840934a0ab1
4655,https://ceskarepublika.wiki/filmy-online/snove-leto,Snové léto,A Summer to Remember,2018,CZ_DUB,Snové léto (2018) CZ Dabing,1,resolve_failed: no videos.push() blocks found at https://prehraj.to/snove-leto-2018-cz-dabing-hd-mp4/9fa3414cfec7adb3,9fa3414cfec7adb3
6311,https://ceskarepublika.wiki/filmy-online/ten-pravy-ta-prava,"Ten pravý, ta pravá?",Destination Wedding,2018,CZ_DUB,"Ten pravý, ta pravá? (2018) CZ Dabing",1,resolve_failed: HTTP 502 wrapping permanent upstream error: https://prehraj.to/ten-pravy-ta-prava-2018-cz-dab-1080p/ce8439bec1f99fcb,ce8439bec1f99fcb
17402,https://ceskarepublika.wiki/filmy-online/the-beatles-made-on-merseyside,The Beatles: Made on Merseyside,The Beatles: Made on Merseyside,2018,CZ_DUB,The Beatles: Made on Merseyside (2018) CZ Dabing,1,resolve_failed: no videos.push() blocks found at https://prehraj.to/the-beatles-made-on-merseyside-2018-cz-dabing-hd-mp4/e7fbbc65e643d169,e7fbbc65e643d169
33629,https://ceskarepublika.wiki/filmy-online/u-brany-vecnosti-2018,U brány věčnosti,At Eternity's Gate,2018,CZ_NATIVE,U brány věčnosti (2018) CZ,1,resolve_failed: HTTP 502 wrapping permanent upstream error: https://prehraj.to/u-brany-vecnosti-2018-julian-schnabel-bluray-1080p-dts-hd-ma-5-1-en-cz-sub/6216521a2fc00,6216521a2fc00
7837,https://ceskarepublika.wiki/filmy-online/ve-vztahu,Ve vztahu,In a Relationship,2018,CZ_DUB,Ve vztahu (2018) CZ Dabing,1,resolve_failed: HTTP 502 wrapping permanent upstream error: https://prehraj.to/ve-vztahu-2018-cz-dabing/3625e604cf0523cc,3625e604cf0523cc
3825,https://ceskarepublika.wiki/filmy-online/vinylova-laska,Vinylová láska,"Juliet, Naked",2018,CZ_DUB,Vinylová láska (2018) CZ Dabing,1,resolve_failed: no videos.push() blocks found at https://prehraj.to/vinylova-laska-2018-cz-dabing-hd-mp4/9c12eb4f6e0859cf,9c12eb4f6e0859cf
16834,https://ceskarepublika.wiki/filmy-online/zemrit-stastny,Zemřít šťastný,The Etruscan Smile,2018,CZ_DUB,Zemřít šťastný (2018) CZ Dabing,1,resolve_failed: HTTP 502 wrapping permanent upstream error: https://prehraj.to/zemrit-stastny-2018-cz-dabing/f274d5d91b1a916b,f274d5d91b1a916b
17523,https://ceskarepublika.wiki/filmy-online/dark-harbor,Dark Harbor,Dark Harbor,2019,CZ_DUB,Dark Harbor (2019) CZ Dabing,1,resolve_failed: no videos.push() blocks found at https://prehraj.to/dark-harbor-2019-cz-dabing-mp4/5967e1d01e77e2d1,5967e1d01e77e2d1
14157,https://ceskarepublika.wiki/filmy-online/doktore,Doktore?,Docteur ?,2019,CZ_DUB,Doktore? (2019) CZ Dabing,1,resolve_failed: HTTP 502 wrapping permanent upstream error: https://prehraj.to/doktore-docteur-2019-1080p-bluray-cz-dabing-miki-mp4/673cbacb028ad,673cbacb028ad
17460,https://ceskarepublika.wiki/filmy-online/falesne-bezpeci,Falešné bezpečí,Who's Stalking Me?,2019,CZ_DUB,Falešné bezpečí (2019) CZ Dabing,1,resolve_failed: HTTP 502 wrapping permanent upstream error: https://prehraj.to/falesne-bezpeci-2019-cz-dabing/29759ba1b1297055,29759ba1b1297055
4617,https://ceskarepublika.wiki/filmy-online/kouzelny-svet-davida-copperfielda,Kouzelný svět Davida Copperfielda,The Personal History of David Copperfield,2019,CZ_NATIVE,Kouzelný svět Davida Copperfielda (2019) CZ,1,resolve_failed: HTTP 502 wrapping permanent upstream error: https://prehraj.to/kouzelny-svet-davida-copperfielda-2019-hd-cz-mp4/9562a848f80b8eb5,9562a848f80b8eb5
9686,https://ceskarepublika.wiki/filmy-online/loveni,LOVEní,LOVEní,2019,CZ_DUB,LOVEní (2019) CZ Dabing,2,resolve_failed: HTTP 502 wrapping permanent upstream error: https://prehraj.to/loveni-2019-cz-dab-1080p/6a4bccc49daedb40 | resolve_failed: HTTP 502 wrapping permanent upstream error: https://prehraj.to/loveni-2019-cz-dab-1080p/b83c416453f2ea83,6a4bccc49daedb40;b83c416453f2ea83
446,https://ceskarepublika.wiki/filmy-online/male-zeny,Malé ženy,Little Women,2019,CZ_DUB,Malé ženy (2019) CZ Dabing,2,resolve_failed: HTTP 502 wrapping permanent upstream error: https://prehraj.to/male-zeny-2019-cz-dabing-full-hd-drama-top-kvalita-331482/a62b1e06f54fed94 | resolve_failed: HTTP 502 wrapping permanent upstream error: https://prehraj.to/male-zeny-2019/56a5b74e1612e3d1,a62b1e06f54fed94;56a5b74e1612e3d1
4614,https://ceskarepublika.wiki/filmy-online/muj-andilek,Můj andílek,Angel of Mine,2019,CZ_DUB,Můj andílek (2019) CZ Dabing,1,resolve_failed: HTTP 502 wrapping permanent upstream error: https://prehraj.to/muj-andilek-2019-cz-dabing/f50ebcac71ad86cb,f50ebcac71ad86cb
9217,https://ceskarepublika.wiki/filmy-online/nebezpecne-touhy,Nebezpečné touhy,My Evil Stepdad,2019,CZ_DUB,Nebezpečné touhy (2019) CZ Dabing,1,resolve_failed: no videos.push() blocks found at https://prehraj.to/nebezpecne-touhy-2019-cz-dabing-hd-mp4/74a8d3708faeff31,74a8d3708faeff31
9775,https://ceskarepublika.wiki/filmy-online/osudny-vikend,Osudný víkend,Fatal Getaway,2019,CZ_DUB,Osudný víkend (2019) CZ Dabing,1,resolve_failed: no videos.push() blocks found at https://prehraj.to/osudny-vikend-2019-cz-dabing-hd-mp4/802157e44b30ccb5,802157e44b30ccb5
7250,https://ceskarepublika.wiki/filmy-online/podivuhodna-dobrodruzstvi-paula-harkera,Podivuhodná dobrodružství Paula Harkera,The True Adventures of Wolfboy,2019,CZ_DUB,Podivuhodná dobrodružství Paula Harkera (2019) CZ Dabing,1,resolve_failed: HTTP 502 wrapping permanent upstream error: https://prehraj.to/podivuhodna-dobrodruzstvi-paula-harkera-2019-cz-dabing/0bfe4de5e7d22395,0bfe4de5e7d22395
17581,https://ceskarepublika.wiki/filmy-online/rodinne-portrety,Rodinné portréty,Family Pictures,2019,CZ_DUB,Rodinné portréty (2019) CZ Dabing,1,resolve_failed: HTTP 502 wrapping permanent upstream error: https://prehraj.to/o-dvanacti-mesickach-2019-cz-dabing-full-hd-family-top-kvalita-1067195/c73aaef33fc75ee1,c73aaef33fc75ee1
17282,https://ceskarepublika.wiki/filmy-online/staroveka-hysterie-dobrodruzstvi-povrchnich-rimanu,Starověká hysterie: Dobrodružství povrchních Římanů,Horrible Histories: The Movie — Rotten Romans,2019,CZ_NATIVE,Starověká hysterie: Dobrodružství povrchních Římanů (2019) CZ,1,resolve_failed: HTTP 502 wrapping permanent upstream error: https://prehraj.to/staroveka-hysterie-dobrodruzstvi-povrchnich-rimanu-2019-cz-dabing-mp4/513fc10150847ef1,513fc10150847ef1
17560,https://ceskarepublika.wiki/filmy-online/talent-na-zlocin-tajemstvi-dahlii,Talent na zločin: Tajemství Dahlií,Allmen und das Geheimnis der Dahlien,2019,CZ_DUB,Talent na zločin: Tajemství Dahlií (2019) CZ Dabing,1,resolve_failed: no videos.push() blocks found at https://prehraj.to/talent-na-zlocin-tajemstvi-dahlii-2019-cz-dabing-hd-mp4/01260af9cc62a27a,01260af9cc62a27a
16824,https://ceskarepublika.wiki/filmy-online/vecna-krasa,Věčná krása,Eternal Beauty,2019,CZ_NATIVE,Věčná krása (2019) CZ,1,resolve_failed: HTTP 502 wrapping permanent upstream error: https://prehraj.to/vecna-krasa-2020-cz-dabing-mp4/60ca2f47dc1b8fb1,60ca2f47dc1b8fb1
7209,https://ceskarepublika.wiki/filmy-online/5-x-jinak,5 x jinak,C'est la vie,2020,CZ_DUB,5 x jinak (2020) CZ Dabing,1,resolve_failed: HTTP 502 wrapping permanent upstream error: https://prehraj.to/5-x-jinak-2020-cz-dabing/00bff3bc8a545af4,00bff3bc8a545af4
7251,https://ceskarepublika.wiki/filmy-online/boze-ty-ses-hajzl,"Bože, ty seš hajzl","Gott, du kannst ein Arsch sein!",2020,CZ_DUB,"Bože, ty seš hajzl (2020) CZ Dabing",1,resolve_failed: HTTP 502 wrapping permanent upstream error: https://prehraj.to/boze-ty-ses-hajzl-2020-cz-dabing/423fc1227b089e22,423fc1227b089e22
2577,https://ceskarepublika.wiki/filmy-online/croodsovi-novy-vek,Croodsovi: Nový věk,The Croods: A New Age,2020,CZ_NATIVE,Croodsovi: Nový věk (2020) CZ,1,resolve_failed: HTTP 502 wrapping permanent upstream error: https://prehraj.to/croodsovi-novy-vek-2020-uhdr-cz-sk-en/9d1f095563becff9,9d1f095563becff9
8201,https://ceskarepublika.wiki/filmy-online/draci-princezna,Dračí princezna,Dragevokterens jul,2020,CZ_NATIVE,Dračí princezna (2020) CZ,1,resolve_failed: HTTP 502 wrapping permanent upstream error: https://prehraj.to/draci-princezna-2020-cz-dabing-mp4/85ef99640848bc2a,85ef99640848bc2a
4576,https://ceskarepublika.wiki/filmy-online/galerie-zlomenych-srdci,Galerie zlomených srdcí,The Broken Hearts Gallery,2020,CZ_NATIVE,Galerie zlomených srdcí (2020) CZ,1,resolve_failed: HTTP 502 wrapping permanent upstream error: https://prehraj.to/galerie-zlomenych-srdci-2020-cz-dabing-hd-mp4/3ea0894621fcca51,3ea0894621fcca51
26795,https://ceskarepublika.wiki/filmy-online/happy-halloween-scooby-doo,"Happy Halloween, Scooby-Doo!",,2020,CZ_NATIVE,"Happy Halloween, Scooby-Doo! (2020) CZ",1,resolve_failed: HTTP 502 wrapping permanent upstream error: https://prehraj.to/scooby-doo-stastny-halloween-happy-halloween-scooby-doo-2020-sk-web-dl-1080-hevc/68fe017636737,68fe017636737
3776,https://ceskarepublika.wiki/filmy-online/hnuti-odporu,Hnutí odporu,Resistance,2020,CZ_DUB,Hnutí odporu (2020) CZ Dabing,1,resolve_failed: HTTP 502 wrapping permanent upstream error: https://prehraj.to/hnuti-odporu-2020-cz-dabing/8e8054823645ed23,8e8054823645ed23
2601,https://ceskarepublika.wiki/filmy-online/krajina-ve-stinu,Krajina ve stínu,Krajina ve stínu,2020,CZ_DUB,Krajina ve stínu (2020) CZ Dabing,1,resolve_failed: HTTP 502 wrapping permanent upstream error: https://prehraj.to/krajina-ve-stinu-2020-cz-dab-1080p/9bf70c166ab676aa,9bf70c166ab676aa
1643,https://ceskarepublika.wiki/filmy-online/minamata,Minamata,Minamata,2020,CZ_DUB,Minamata (2020) CZ Dabing,1,resolve_failed: HTTP 502 wrapping permanent upstream error: https://prehraj.to/minamata-2020-cz-dabing/fab8baa5fca045c9,fab8baa5fca045c9
7476,https://ceskarepublika.wiki/filmy-online/nejvetsi-dar,Největší dar,Největší dar,2020,CZ_DUB,Největší dar (2020) CZ Dabing,1,resolve_failed: HTTP 502 wrapping permanent upstream error: https://prehraj.to/nejvetsi-dar-bolek-polivka-anna-polivkova-chantal-poullain-2022-pohadka-bdrip-1080p-cz-dabing/791b5d8801c296fb,791b5d8801c296fb
5396,https://ceskarepublika.wiki/filmy-online/pretlak,Přetlak,Surge,2020,CZ_DUB,Přetlak (2020) CZ Dabing,1,resolve_failed: HTTP 502 wrapping permanent upstream error: https://prehraj.to/pretlak-2020-cz-dabing/a351da7ebcc85d00,a351da7ebcc85d00
8669,https://ceskarepublika.wiki/filmy-online/tajemstvi-rodiny-calebovych,Tajemství rodiny Calebových,The Au Pair Nightmare,2020,CZ_DUB,Tajemství rodiny Calebových (2020) CZ Dabing,1,resolve_failed: no videos.push() blocks found at https://prehraj.to/tajemstvi-rodiny-calebovych-2020-cz-dabing-hd-mp4/a81488e35264f7a9,a81488e35264f7a9
9477,https://ceskarepublika.wiki/filmy-online/tajemstvi-ve-snehu,Tajemství ve sněhu,Secrets in the Snow,2020,CZ_DUB,Tajemství ve sněhu (2020) CZ Dabing,1,resolve_failed: no videos.push() blocks found at https://prehraj.to/tajemstvi-ve-snehu-2020-cz-dabing-hd-mp4/2fea843c5c5ec7d6,2fea843c5c5ec7d6
14368,https://ceskarepublika.wiki/filmy-online/zasnuby-strachu,Zásnuby strachu,"I Do, or Die: A Killer Arrangement",2020,CZ_DUB,Zásnuby strachu (2020) CZ Dabing,1,resolve_failed: no videos.push() blocks found at https://prehraj.to/zasnuby-strachu-2020-cz-dabing-hd-mp4/1cc2d0f048d874b8,1cc2d0f048d874b8
14202,https://ceskarepublika.wiki/filmy-online/uhlavni-nepritel,Úhlavní nepřítel,Archenemy,2020,CZ_NATIVE,Úhlavní nepřítel (2020) CZ,1,resolve_failed: HTTP 502 wrapping permanent upstream error: https://prehraj.to/uhlavni-nepritel-2020-cz-dabing-mp4/9ea76d835890f853,9ea76d835890f853
2922,https://ceskarepublika.wiki/filmy-online/utek-z-pretorie,Útěk z Pretorie,Escape from Pretoria,2020,CZ_DUB,Útěk z Pretorie (2020) CZ Dabing,2,resolve_failed: HTTP 502 wrapping permanent upstream error: https://prehraj.to/utek-z-pretorie-2020-hd-cz-mp4/6e5a4a4328ccd69a | resolve_failed: HTTP 502 wrapping permanent upstream error: https://prehraj.to/utek-z-pretorie-escape-from-pretoria-2020-cz-dabing/a7ea29d31fcf5a46,6e5a4a4328ccd69a;a7ea29d31fcf5a46
1630,https://ceskarepublika.wiki/filmy-online/belfast,Belfast,Belfast,2021,CZ_DUB,Belfast (2021) CZ Dabing,1,resolve_failed: HTTP 502 wrapping permanent upstream error: https://prehraj.to/belfast-2021-cz-dabing/11302d21a579a113,11302d21a579a113
34765,https://ceskarepublika.wiki/filmy-online/clean-2021,Clean,,2021,CZ_DUB,Clean (2021) CZ Dabing,1,resolve_failed: HTTP 502 wrapping permanent upstream error: https://prehraj.to/clean-2021-cz-dab-1080p/dc2af2acbee6d76b,dc2af2acbee6d76b
6219,https://ceskarepublika.wiki/filmy-online/denik-memu-synovi,Deník mému synovi,A Journal for Jordan,2021,CZ_DUB,Deník mému synovi (2021) CZ Dabing,1,resolve_failed: HTTP 502 wrapping permanent upstream error: https://prehraj.to/denik-memu-synovi-2021-cz-dabing/049fd27300cff8c2,049fd27300cff8c2
14511,https://ceskarepublika.wiki/filmy-online/dobry-sef,Dobrý šéf,El buen patrón,2021,CZ_DUB,Dobrý šéf (2021) CZ Dabing,2,resolve_failed: HTTP 502 wrapping permanent upstream error: https://prehraj.to/dobry-sef-2021-cz-dab-1080p/b6ce9421d10ef646 | resolve_failed: HTTP 502 wrapping permanent upstream error: https://prehraj.to/dobry-sef-2021-cz-dabing/0571c8316c63dce1,b6ce9421d10ef646;0571c8316c63dce1
10592,https://ceskarepublika.wiki/filmy-online/encanto,Encanto,Encanto,2021,CZ_DUB,Encanto (2021) CZ Dabing,5,resolve_failed: HTTP 502 wrapping permanent upstream error: https://prehraj.to/encanto-carovny-svet-2021-cz-dabing-1080p-animovany-dobrodruzny-komedie-rodinny-fantasy-mp4/1859b94255f9502b | resolve_failed: HTTP 502 wrapping permanent upstream error: https://prehraj.to/encanto-carovny-svet-2021-cz-dabing-1080p-animovany-dobrodruzny-komedie-rodinny-fantasy-mp4/5c5dc3ed3d632eed | resolve_failed: HTTP 502 wrapping permanent upstream error: https://prehraj.to/encanto-carovny-svet-2021-cz-dabing-1080p-animovany-dobrodruzny-komedie-rodinny-fantasy-mp4/dae67b8a4eaba183 | resolve_failed: HTTP 502 wrapping permanent upstream error: https://prehraj.to/encanto-carovny-svet-2021-cz-dabing-1080p-animovany-dobrodruzny-komedie-rodinny-fantasy-mp4/ed69497177b43a9b | resolve_failed: HTTP 502 wrapping permanent upstream error: https://prehraj.to/encanto-carovny-svet-2021-cz-dabing-1080p-animovany-dobrodruzny-komedie-rodinny-fantasy-mp4/f14f2c5cee327500,f14f2c5cee327500;dae67b8a4eaba183;1859b94255f9502b;5c5dc3ed3d632eed;ed69497177b43a9b
3702,https://ceskarepublika.wiki/filmy-online/invaze-operace-mincemeat,Invaze: Operace Mincemeat,Operation Mincemeat,2021,CZ_DUB,Invaze: Operace Mincemeat (2021) CZ Dabing,1,resolve_failed: HTTP 502 wrapping permanent upstream error: https://prehraj.to/invaze-operace-mincemeat-2022-cz-dabing/f5d3c71cdbc30e98,f5d3c71cdbc30e98
14808,https://ceskarepublika.wiki/filmy-online/jizda-na-hrane,Jízda na hraně,Klammer,2021,CZ_DUB,Jízda na hraně (2021) CZ Dabing,1,resolve_failed: HTTP 502 wrapping permanent upstream error: https://prehraj.to/jizda-na-hrane-2021-cz-dabing/993ce821c8fab599,993ce821c8fab599
35679,https://ceskarepublika.wiki/filmy-online/karel,Karel,,2021,CZ_DUB,Karel (2021) CZ Dabing,1,resolve_failed: HTTP 502 wrapping permanent upstream error: https://prehraj.to/karel-2020-czdab/622d50a664bd2,622d50a664bd2
2260,https://ceskarepublika.wiki/filmy-online/krotitele-duchu-odkaz,Krotitelé duchů: Odkaz,Ghostbusters: Afterlife,2021,CZ_DUB,Krotitelé duchů: Odkaz (2021) CZ Dabing,2,resolve_failed: HTTP 502 wrapping permanent upstream error: https://prehraj.to/krotitele-duchu-odkaz-2021-cz-dab-1080p/372cab655bd68e79 | resolve_failed: HTTP 502 wrapping permanent upstream error: https://prehraj.to/krotitele-duchu-odkaz-2021-cz-dab-1080p/f1bf18d2bfafc50f,f1bf18d2bfafc50f;372cab655bd68e79
3305,https://ceskarepublika.wiki/filmy-online/laska-pod-kapotou,Láska pod kapotou,Láska pod kapotou,2021,CZ_NATIVE,Láska pod kapotou (2021) CZ,1,resolve_failed: HTTP 502 wrapping permanent upstream error: https://prehraj.to/laska-pod-kapotou-2021-cz-hd-mp4/28ed721fa1b41230,28ed721fa1b41230
8905,https://ceskarepublika.wiki/filmy-online/mazel-a-tajemstvi-lesa,Mazel a tajemství lesa,Mazel a tajemství lesa,2021,CZ_NATIVE,Mazel a tajemství lesa (2021) CZ,1,resolve_failed: HTTP 502 wrapping permanent upstream error: https://prehraj.to/mazel-a-tajemstvi-lesa-2021-cz-hd-mp4/d56412bcd4218e67,d56412bcd4218e67
9979,https://ceskarepublika.wiki/filmy-online/nebezpecny-napadnik,Nebezpečný nápadník,Family Seductions,2021,CZ_DUB,Nebezpečný nápadník (2021) CZ Dabing,1,resolve_failed: no videos.push() blocks found at https://prehraj.to/nebezpecny-napadnik-2021-cz-dabing-hd-mp4/6ed3339fb7cadbf1,6ed3339fb7cadbf1
16930,https://ceskarepublika.wiki/filmy-online/nejdelsi-noc-zivota,Nejdelší noc života,Vanquish,2021,CZ_DUB,Nejdelší noc života (2021) CZ Dabing,2,resolve_failed: no videos.push() blocks found at https://prehraj.to/nejdelsi-noc-zivota-2021-cz-dab-1080p-mp4/486f4b3545fb3c3c | resolve_failed: no videos.push() blocks found at https://prehraj.to/nejdelsi-noc-zivota-2021-cz-dab-1080p-mp4/89fb0d1274f26fd8,486f4b3545fb3c3c;89fb0d1274f26fd8
14661,https://ceskarepublika.wiki/filmy-online/nespravedlive-obvineni,Nespravedlivé obvinění,Lethal Love Triangle,2021,CZ_DUB,Nespravedlivé obvinění (2021) CZ Dabing,2,resolve_failed: no videos.push() blocks found at https://prehraj.to/nespravedlive-obvineni-2021-cz-dab-1080p-mp4/6cf78264e4d24338 | resolve_failed: no videos.push() blocks found at https://prehraj.to/nespravedlive-obvineni-2021-cz-dab-1080p-mp4/a6e02cd89f8e608d,6cf78264e4d24338;a6e02cd89f8e608d
14756,https://ceskarepublika.wiki/filmy-online/napoveda-k-lasce,Nápověda k lásce,The Clue to Love,2021,CZ_DUB,Nápověda k lásce (2021) CZ Dabing,2,resolve_failed: HTTP 502 wrapping permanent upstream error: https://prehraj.to/napoveda-k-lasce-2021-cz-dab-1080p-mp4/5467cd1e40fc310f | resolve_failed: HTTP 502 wrapping permanent upstream error: https://prehraj.to/napoveda-k-lasce-2021-cz-dab-1080p/8fc81c9d427d108f,8fc81c9d427d108f;5467cd1e40fc310f
3743,https://ceskarepublika.wiki/filmy-online/otcovstvi,Otcovství,Fatherhood,2021,CZ_DUB,Otcovství (2021) CZ Dabing,1,resolve_failed: HTTP 502 wrapping permanent upstream error: https://prehraj.to/otcovstvi-2021-cz-dabing/6e5ab082ee6037cb,6e5ab082ee6037cb
7901,https://ceskarepublika.wiki/filmy-online/paralyzujici-strach,Paralyzující strach,Danger in the Spotlight,2021,CZ_DUB,Paralyzující strach (2021) CZ Dabing,1,resolve_failed: no videos.push() blocks found at https://prehraj.to/paralyzujici-strach-2021-cz-dabing-hd-mp4/9c4497cc4d5cc7a4,9c4497cc4d5cc7a4
4574,https://ceskarepublika.wiki/filmy-online/prvok-sampon-tecka-a-karel,"Prvok, Šampón, Tečka a Karel","Prvok, Šampón, Tečka a Karel",2021,CZ_NATIVE,"Prvok, Šampón, Tečka a Karel (2021) CZ",1,resolve_failed: HTTP 502 wrapping permanent upstream error: https://prehraj.to/prvok-sampon-tecka-a-karel-martin-pechlat-david-svehlik-hynek-cermak-martin-hofmann-2021-cz-mkv-mp4/ca5fbdaef0ac2463,ca5fbdaef0ac2463
9879,https://ceskarepublika.wiki/filmy-online/pribeh-popelky,Příběh Popelky,Cinderella,2021,CZ_NATIVE,Příběh Popelky (2021) CZ,1,resolve_failed: HTTP 502 wrapping permanent upstream error: https://prehraj.to/pribeh-popelky-2021-1080p-cz-mkv/7ebb31141e2253f7,7ebb31141e2253f7
712,https://ceskarepublika.wiki/filmy-online/rodina-na-baterky,Rodina na baterky,The Mitchells vs. the Machines,2021,CZ_DUB,Rodina na baterky (2021) CZ Dabing,2,resolve_failed: HTTP 502 wrapping permanent upstream error: https://prehraj.to/rodina-na-baterky-2021-animovany-cz-dabing-1/5579a71761069342 | resolve_failed: HTTP 502 wrapping permanent upstream error: https://prehraj.to/rodina-na-baterky-2021-animovany-cz-dabing-1/903353387b02cfc9,5579a71761069342;903353387b02cfc9
37171,https://ceskarepublika.wiki/filmy-online/romance-na-vinicich,Romance na vinicích,A Vineyard Romance,2021,CZ_DUB,Romance na vinicích (2021) CZ Dabing,1,resolve_failed: HTTP 502 wrapping permanent upstream error: https://prehraj.to/romance-na-vinicich-2021-cz-dabing/b4724bbdb479da81,b4724bbdb479da81
4995,https://ceskarepublika.wiki/filmy-online/super-blb,Super-Blb,Super-héros malgré lui,2021,CZ_DUB,Super-Blb (2021) CZ Dabing,1,resolve_failed: HTTP 502 wrapping permanent upstream error: https://prehraj.to/super-blb-2022-cz-dab-1080p/67a76596f179b5b4,67a76596f179b5b4
36849,https://ceskarepublika.wiki/filmy-online/svatebni-prsten,Svatební prsten,The Wedding Ring,2021,CZ_DUB,Svatební prsten (2021) CZ Dabing,1,resolve_failed: HTTP 502 wrapping permanent upstream error: https://prehraj.to/svatebni-prsten-2021-cz-dab-1080p/9e23e95f7ccbb50d,9e23e95f7ccbb50d
14739,https://ceskarepublika.wiki/filmy-online/talent-na-zlocin-tajemstvi-krasy,Talent na zločin: Tajemství krásy,Allmen und das Geheimnis der Erotik,2021,CZ_DUB,Talent na zločin: Tajemství krásy (2021) CZ Dabing,1,resolve_failed: no videos.push() blocks found at https://prehraj.to/talent-na-zlocin-tajemstvi-krasy-2021-cz-dabing-hd-mp4/074921c5c1ea6bfd,074921c5c1ea6bfd
14484,https://ceskarepublika.wiki/filmy-online/thorn-of-war,Thorn of War,Thorn of War,2021,CZ_DUB,Thorn of War (2021) CZ Dabing,1,resolve_failed: HTTP 502 wrapping permanent upstream error: https://prehraj.to/thorn-of-war-2021-cz-dabing-mp4/5067b3a3b8c5f8e9,5067b3a3b8c5f8e9
5432,https://ceskarepublika.wiki/filmy-online/vlk-a-lev-necekane-pratelstvi,Vlk a lev: Nečekané přátelství,Le Loup et le Lion,2021,CZ_NATIVE,Vlk a lev: Nečekané přátelství (2021) CZ,1,resolve_failed: HTTP 502 wrapping permanent upstream error: https://prehraj.to/vlk-a-lev-necekane-pratelstvi-2021-cz-dabing-hd-mp4/3f84b1daf88a2efc,3f84b1daf88a2efc
34761,https://ceskarepublika.wiki/filmy-online/vonava-laska,Voňavá láska,"Love, Bubbles & Crystal Cove",2021,CZ_DUB,Voňavá láska (2021) CZ Dabing,1,resolve_failed: HTTP 502 wrapping permanent upstream error: https://prehraj.to/vonava-laska-2021-cz-dab-1080p/102f0d9386a301f2,102f0d9386a301f2
14916,https://ceskarepublika.wiki/filmy-online/zlodejka-zivota,Zlodějka života,Twisted House Sitter,2021,CZ_DUB,Zlodějka života (2021) CZ Dabing,1,resolve_failed: no videos.push() blocks found at https://prehraj.to/zlodejka-zivota-2021-cz-dabing-hd-mp4/3fff72a5998d68a4,3fff72a5998d68a4
9978,https://ceskarepublika.wiki/filmy-online/stastny-novy-rok-2-dobro-dosli,Šťastný nový rok 2: Dobro došli,Šťastný nový rok 2: Dobro došli,2021,CZ_NATIVE,Šťastný nový rok 2: Dobro došli (2021) CZ,1,resolve_failed: HTTP 502 wrapping permanent upstream error: https://prehraj.to/stastny-novy-rok-2-dobro-dosli-2021-cz/41735486791cb204,41735486791cb204
15438,https://ceskarepublika.wiki/filmy-online/cesta-do-tvojzemi,Cesta do Tvojzemí,Tvojazem,2022,CZ_DUB,Cesta do Tvojzemí (2022) CZ Dabing,2,resolve_failed: HTTP 502 wrapping permanent upstream error: https://prehraj.to/cesta-do-tvojzemi-2022-cz-dabing-1080p-mp4/71ad0b2a70ff4165 | resolve_failed: HTTP 502 wrapping permanent upstream error: https://prehraj.to/cesta-do-tvojzemi-2022-cz-dabing-1080p/3f6e2c108fe7eae3,71ad0b2a70ff4165;3f6e2c108fe7eae3
14475,https://ceskarepublika.wiki/filmy-online/dej-si-pohov-mladej,"Dej si pohov, mladej!",Maison de retraite,2022,CZ_DUB,"Dej si pohov, mladej! (2022) CZ Dabing",1,resolve_failed: HTTP 502 wrapping permanent upstream error: https://prehraj.to/dej-si-pohov-mladej-2022-cz-dabing/678edee005790b49,678edee005790b49
31247,https://ceskarepublika.wiki/filmy-online/divoke-pobrezi,Divoké pobřeží!!,Costa!!,2022,CZ_DUB,Divoké pobřeží!! (2022) CZ Dabing,3,resolve_failed: HTTP 502 wrapping permanent upstream error: https://prehraj.to/divoke-pobrezi-2022-cz-dab-1080p/4c0f7428912d73f3 | resolve_failed: HTTP 502 wrapping permanent upstream error: https://prehraj.to/divoke-pobrezi-2022-cz-dab-1080p/c943df6b1a50ef70 | resolve_failed: HTTP 502 wrapping permanent upstream error: https://prehraj.to/divoke-pobrezi-2022-cz-dabing-mp4/b3aaa0ef7e25dec8,c943df6b1a50ef70;4c0f7428912d73f3;b3aaa0ef7e25dec8
14819,https://ceskarepublika.wiki/filmy-online/grand-prix,Grand Prix,Grand Prix,2022,CZ_DUB,Grand Prix (2022) CZ Dabing,1,resolve_failed: HTTP 502 wrapping permanent upstream error: https://prehraj.to/2022-grand-prix-cz-dab/6783538770090,6783538770090
6245,https://ceskarepublika.wiki/filmy-online/hotel-transylvanie-transformanie,Hotel Transylvánie 4: Transformánie,Hotel Transylvania: Transformania,2022,CZ_DUB,Hotel Transylvánie 4: Transformánie (2022) CZ Dabing,4,resolve_failed: HTTP 502 wrapping permanent upstream error: https://prehraj.to/hotel-transylvanie-4-2022-animovany-komedie-rodinny-mp4/48b806ed39b625bc | resolve_failed: HTTP 502 wrapping permanent upstream error: https://prehraj.to/hotel-transylvanie-4-transformanie-2022-cz-dabing-hotel-transylvania-transformania/f08d923b54b346a9 | resolve_failed: HTTP 502 wrapping permanent upstream error: https://prehraj.to/hotel-transylvanie-4-transformanie-2022-cz-dabing-hotel-transylvania-transformania/f20ae6df91ba1d2a | resolve_failed: HTTP 502 wrapping permanent upstream error: https://prehraj.to/hotel-transylvanie-4-transformanie-2022-cz-dabing-hotel/9549e65ffc45b4ed,9549e65ffc45b4ed;f08d923b54b346a9;f20ae6df91ba1d2a;48b806ed39b625bc
14771,https://ceskarepublika.wiki/filmy-online/kdyby-radsi-horelo,Kdyby radši hořelo,Kdyby radši hořelo,2022,CZ_NATIVE,Kdyby radši hořelo (2022) CZ,1,resolve_failed: HTTP 502 wrapping permanent upstream error: https://prehraj.to/kdyby-radsi-horelo-2022-mp4/46f88eb1302c501b,46f88eb1302c501b
15511,https://ceskarepublika.wiki/filmy-online/letadla-vlaky-a-vanocni-stromky,"Letadla, vlaky a vánoční stromky","Planes, Trains, and Christmas Trees",2022,CZ_NATIVE,"Letadla, vlaky a vánoční stromky (2022) CZ",1,resolve_failed: HTTP 502 wrapping permanent upstream error: https://prehraj.to/letadla-vlaky-a-vanocni-stromky-2022-cz-dabing-mp4/f2d6673b222891b5,f2d6673b222891b5
7512,https://ceskarepublika.wiki/filmy-online/lovci-bizonu,Lovci bizonů,Butcher's Crossing,2022,CZ_DUB,Lovci bizonů (2022) CZ Dabing,1,resolve_failed: HTTP 502 wrapping permanent upstream error: https://prehraj.to/lovci-bizonu-2022-cz-dabing/ce06c0e5ad51ee92,ce06c0e5ad51ee92
4964,https://ceskarepublika.wiki/filmy-online/laska-podle-planu,Láska podle plánu,What's Love Got to Do with It?,2022,CZ_NATIVE,Láska podle plánu (2022) CZ,1,resolve_failed: HTTP 502 wrapping permanent upstream error: https://prehraj.to/laska-podle-planu-2022-cz-dabing-hd-mp4/e11075fd674e3b7d,e11075fd674e3b7d
4968,https://ceskarepublika.wiki/filmy-online/m3gan,M3GAN,M3GAN,2022,CZ_DUB,M3GAN (2022) CZ Dabing,1,resolve_failed: HTTP 502 wrapping permanent upstream error: https://prehraj.to/m3gan-2022-cz-dabing-mp4/a122f289f14a6d1e,a122f289f14a6d1e
4132,https://ceskarepublika.wiki/filmy-online/mimoni-2-padouch-prichazi,Mimoni 2: Padouch přichází,Minions: The Rise of Gru,2022,CZ_DUB,Mimoni 2: Padouch přichází (2022) CZ Dabing,2,resolve_failed: HTTP 502 wrapping permanent upstream error: https://prehraj.to/mimoni-2-padouch-prichazi-2022-cz-dabing-1080p-top-quality-mkv/31b5d749bc916c1c | resolve_failed: HTTP 502 wrapping permanent upstream error: https://prehraj.to/mimoni-2-padouch-prichazi-2022-cz-dabing-1080p-top-quality/d23b9efedfb1925c,d23b9efedfb1925c;31b5d749bc916c1c
14931,https://ceskarepublika.wiki/filmy-online/mimoradna-udalost,Mimořádná událost,Mimořádná událost,2022,CZ_NATIVE,Mimořádná událost (2022) CZ,1,resolve_failed: HTTP 502 wrapping permanent upstream error: https://prehraj.to/mimoradna-udalost-mp4/e31ed26de5258fd7,e31ed26de5258fd7
15241,https://ceskarepublika.wiki/filmy-online/on-sourit-pour-la-photo,On sourit pour la photo,On sourit pour la photo,2022,CZ_DUB,On sourit pour la photo (2022) CZ Dabing,1,resolve_failed: HTTP 502 wrapping permanent upstream error: https://prehraj.to/on-sourit-pour-la-photo-2022-cz-dabing/69fcad19066bae08,69fcad19066bae08
4120,https://ceskarepublika.wiki/filmy-online/otec-stu,Otec Stu,Father Stu,2022,CZ_DUB,Otec Stu (2022) CZ Dabing,4,resolve_failed: HTTP 502 wrapping permanent upstream error: https://prehraj.to/otec-stu-2022-hraji-mark-wahlberg-mel-gibson-cz-dab-1080p-mp4/a471656da91b9d3c | resolve_failed: HTTP 502 wrapping permanent upstream error: https://prehraj.to/otec-stu-2022-hraji-mark-wahlberg-mel-gibson-cz-dab-1080p-mp4/d7745c0257d0d7fb | resolve_failed: HTTP 502 wrapping permanent upstream error: https://prehraj.to/otec-stu-2022-hraji-mark-wahlberg-mel-gibson-cz-dab-1080p-mp4/f1de77818e58bdcb | resolve_failed: HTTP 502 wrapping permanent upstream error: https://prehraj.to/otec-stu-2022-hraji-mark-wahlberg-mel-gibson-cz-dab-1080p/e0718397767da7af,d7745c0257d0d7fb;a471656da91b9d3c;f1de77818e58bdcb;e0718397767da7af
6558,https://ceskarepublika.wiki/filmy-online/otec-nevesty,Otec nevěsty,Father of the Bride,2022,CZ_DUB,Otec nevěsty (2022) CZ Dabing,1,resolve_failed: HTTP 502 wrapping permanent upstream error: https://prehraj.to/trashed-1672435558-otec-nevesty-2022-cz-dab-novinka-novinky-dj-1-1/63d3d6ac289b6,63d3d6ac289b6
2246,https://ceskarepublika.wiki/filmy-online/posledni-zavod,Poslední závod,Poslední závod,2022,CZ_DUB,Poslední závod (2022) CZ Dabing,1,resolve_failed: HTTP 502 wrapping permanent upstream error: https://prehraj.to/posledni-zavod-2022-cz-dab-1080p/365f5e0025745e9b,365f5e0025745e9b
15582,https://ceskarepublika.wiki/filmy-online/pouta-pomsty,Pouta pomsty,In Love with My Partner's Wife,2022,CZ_DUB,Pouta pomsty (2022) CZ Dabing,1,resolve_failed: no videos.push() blocks found at https://prehraj.to/pouta-pomsty-2022-cz-dabing-hd-mp4/b2e6917c5bfc46da,b2e6917c5bfc46da
9071,https://ceskarepublika.wiki/filmy-online/rozpolcena,Rozpolcená,Shattered,2022,CZ_DUB,Rozpolcená (2022) CZ Dabing,2,resolve_failed: HTTP 502 wrapping permanent upstream error: https://prehraj.to/rozpolcena-cameron-monaghan-frank-grillo-lilly-krug-john-malkovich-2022-thriller-bdrip-1080p-cz-dabing-mp4/3dc7f09f178edf7a | resolve_failed: HTTP 502 wrapping permanent upstream error: https://prehraj.to/rozpolcena-cameron-monaghan-frank-grillo-lilly-krug-john-malkovich-2022-thriller-bdrip-1080p-cz-dabing-mp4/b3bd6488fc723279,3dc7f09f178edf7a;b3bd6488fc723279
6540,https://ceskarepublika.wiki/filmy-online/sirotek-prvni-obet,Sirotek: První oběť,Orphan: First Kill,2022,CZ_NATIVE,Sirotek: První oběť (2022) CZ,1,resolve_failed: HTTP 502 wrapping permanent upstream error: https://prehraj.to/sirotek-prvni-obet-2022-cz-titulky/524ad08f2ab1124c,524ad08f2ab1124c
10113,https://ceskarepublika.wiki/filmy-online/srdecni-zalezitost,Srdeční záležitost,Liebesdings,2022,CZ_DUB,Srdeční záležitost (2022) CZ Dabing,1,resolve_failed: HTTP 502 wrapping permanent upstream error: https://prehraj.to/srdecni-zalezitost-2022-cz-dabing/0aa3a48457140a51,0aa3a48457140a51
16177,https://ceskarepublika.wiki/filmy-online/superzena,Superžena,Superžena,2022,CZ_DUB,Superžena (2022) CZ Dabing,1,resolve_failed: no videos.push() blocks found at https://prehraj.to/superzena-2023-czdab-mp4/7b5b2cb06dbaa389,7b5b2cb06dbaa389
8398,https://ceskarepublika.wiki/filmy-online/suprakovi,Suprákovi,Helt super,2022,CZ_DUB,Suprákovi (2022) CZ Dabing,3,resolve_failed: HTTP 502 wrapping permanent upstream error: https://prehraj.to/suprakovi-2022-cz-dab-1080p/1ef046a784747eb6 | resolve_failed: HTTP 502 wrapping permanent upstream error: https://prehraj.to/suprakovi-2022-cz-dab-1080p/c09f7712673ab0e2 | resolve_failed: HTTP 502 wrapping permanent upstream error: https://prehraj.to/suprakovi-2022-cz-dabing/e3ad1fe644710f23,c09f7712673ab0e2;1ef046a784747eb6;e3ad1fe644710f23
7543,https://ceskarepublika.wiki/filmy-online/tichy-les,Tichý les,Schweigend steht der Wald,2022,CZ_DUB,Tichý les (2022) CZ Dabing,1,resolve_failed: HTTP 502 wrapping permanent upstream error: https://prehraj.to/tichy-les-2022-cz-dabing/5ffc939ac16a54c3,5ffc939ac16a54c3
9207,https://ceskarepublika.wiki/filmy-online/tri-tygri-ve-filmu-jackpot,Tři Tygři ve filmu: JACKPOT,Tři Tygři ve filmu: JACKPOT,2022,CZ_DUB,Tři Tygři ve filmu: JACKPOT (2022) CZ Dabing,3,resolve_failed: HTTP 502 wrapping permanent upstream error: https://prehraj.to/tri-tygri-ve-filmu-jackpot-2022-czdabing-mp4/0e26246423f7a106 | resolve_failed: HTTP 502 wrapping permanent upstream error: https://prehraj.to/tri-tygri-ve-filmu-jackpot-2022-czdabing-mp4/bc6e4f3687d41842 | resolve_failed: HTTP 502 wrapping permanent upstream error: https://prehraj.to/tri-tygri-ve-filmu-jackpot-2022-czdabing/c9113a19d7f0ad4d,c9113a19d7f0ad4d;0e26246423f7a106;bc6e4f3687d41842
4073,https://ceskarepublika.wiki/filmy-online/vrazda-v-londyne,Vražda v Londýně,See How They Run,2022,CZ_DUB,Vražda v Londýně (2022) CZ Dabing,2,resolve_failed: HTTP 502 wrapping permanent upstream error: https://prehraj.to/vrazda-v-londyne-2022-cz-dabing-mp4/84769fe7978f5058 | resolve_failed: HTTP 502 wrapping permanent upstream error: https://prehraj.to/vrazda-v-londyne-2022-cz-dabing-mp4/8dfa11a75153af2c,84769fe7978f5058;8dfa11a75153af2c
15422,https://ceskarepublika.wiki/filmy-online/vanoce-u-jezera,Vánoce u jezera,Christmas on Mistletoe Lake,2022,CZ_DUB,Vánoce u jezera (2022) CZ Dabing,2,resolve_failed: HTTP 502 wrapping permanent upstream error: https://prehraj.to/vanoce-u-jezera-2022-cz-dab-1080p-mp4/36f60a96fae93d0f | resolve_failed: HTTP 502 wrapping permanent upstream error: https://prehraj.to/vanoce-u-jezera-2022-cz-dab-1080p/26b6d9661e2158ed,26b6d9661e2158ed;36f60a96fae93d0f
9765,https://ceskarepublika.wiki/filmy-online/utek-z-pole,Útěk z pole,Escape the Field,2022,CZ_NATIVE,Útěk z pole (2022) CZ,1,resolve_failed: HTTP 502 wrapping permanent upstream error: https://prehraj.to/utek-z-pole-2022-cz-dabing-hd-mp4/18fb6b9403a29dd4,18fb6b9403a29dd4
3276,https://ceskarepublika.wiki/filmy-online/silena-noc,Šílená noc,Violent Night,2022,CZ_DUB,Šílená noc (2022) CZ Dabing,1,resolve_failed: HTTP 502 wrapping permanent upstream error: https://prehraj.to/silena-noc-2022-akcni-thriller-krimi-komedie-horor-1080p-bdrip-cz-dabing-avi/33e2b2323aa916b3,33e2b2323aa916b3
31422,https://ceskarepublika.wiki/filmy-online/dora-say-hola-to-adventure,Dora: Say Hola to Adventure!,,2023,CZ_DUB,Dora: Say Hola to Adventure! (2023) CZ Dabing,1,resolve_failed: HTTP 502 wrapping permanent upstream error: https://prehraj.to/dora-say-hola-to-adventure-2023-cz-dabing-mp4/48e75dd1945ab11b,48e75dd1945ab11b
14168,https://ceskarepublika.wiki/filmy-online/dve-slova-jako-klic,Dvě slova jako klíč,Dvě slova jako klíč,2023,CZ_NATIVE,Dvě slova jako klíč (2023) CZ,1,resolve_failed: HTTP 502 wrapping permanent upstream error: https://prehraj.to/dve-slova-jako-klic-2023-cz-drama-mp4/fdefd6904f490eac,fdefd6904f490eac
4494,https://ceskarepublika.wiki/filmy-online/holky-na-tripu-en,Holky na tripu,Joy Ride,2023,CZ_DUB,Holky na tripu (2023) CZ Dabing,1,resolve_failed: HTTP 502 wrapping permanent upstream error: https://prehraj.to/holky-na-tripu-2023-cz-dabing/484c2395dff5afe0,484c2395dff5afe0
7850,https://ceskarepublika.wiki/filmy-online/insidious-cervene-dvere,Insidious: Červené dveře,Insidious: The Red Door,2023,CZ_DUB,Insidious: Červené dveře (2023) CZ Dabing,3,resolve_failed: HTTP 502 wrapping permanent upstream error: https://prehraj.to/insidious-5-cervene-dvere-ty-simpkins-patrick-wilson-2023-cz-dab-mp4/4cd764d2418c46c5 | resolve_failed: HTTP 502 wrapping permanent upstream error: https://prehraj.to/insidious-5-cervene-dvere-ty-simpkins-patrick-wilson-2023-cz-dab/847efff12bc28403 | resolve_failed: HTTP 502 wrapping permanent upstream error: https://prehraj.to/insidious-cervene-dvere-2023-cz/67bb965d2c334d52,4cd764d2418c46c5;847efff12bc28403;67bb965d2c334d52
10334,https://ceskarepublika.wiki/filmy-online/jak-prezit-sveho-muze,Jak přežít svého muže,Jak přežít svého muže,2023,CZ_NATIVE,Jak přežít svého muže (2023) CZ,1,resolve_failed: HTTP 502 wrapping permanent upstream error: https://prehraj.to/jak-prezit-sveho-muze-2023-mp4/14b7f74113b2e7d2,14b7f74113b2e7d2
16093,https://ceskarepublika.wiki/filmy-online/kdy-jindy-nez-o-vanocich,Kdy jindy než o Vánocích,Our Christmas Wedding,2023,CZ_DUB,Kdy jindy než o Vánocích (2023) CZ Dabing,1,resolve_failed: no videos.push() blocks found at https://prehraj.to/kdy-jindy-nez-o-vanocich-2023-cz-dabing-mp4/da92322881638b91,da92322881638b91
5808,https://ceskarepublika.wiki/filmy-online/kouzelna-beruska-a-cerny-kocour-ve-filmu,Kouzelná Beruška a Černý kocour ve filmu,Miraculous - le film,2023,CZ_DUB,Kouzelná Beruška a Černý kocour ve filmu (2023) CZ Dabing,1,resolve_failed: HTTP 502 wrapping permanent upstream error: https://prehraj.to/kouzelna-beruska-a-cerny-kocour-ve-filmu-2023-cz-dabing/255770f27b73e21b,255770f27b73e21b
4923,https://ceskarepublika.wiki/filmy-online/kralovnin-gambit,Královnin gambit,Firebrand,2023,CZ_DUB,Královnin gambit (2023) CZ Dabing,1,resolve_failed: HTTP 502 wrapping permanent upstream error: https://prehraj.to/kralovnin-gambit-2023-cz-dab-1080p/0b382703b5711fc9,0b382703b5711fc9
7489,https://ceskarepublika.wiki/filmy-online/manzele-stodolovi,Manželé Stodolovi,Manželé Stodolovi,2023,CZ_NATIVE,Manželé Stodolovi (2023) CZ,1,resolve_failed: HTTP 502 wrapping permanent upstream error: https://prehraj.to/manzele-stodolovi-2023-cz-hd-mp4/5c075c8a5d107782,5c075c8a5d107782
3649,https://ceskarepublika.wiki/filmy-online/mavka-strazkyne-lesa,Mavka: Strážkyně lesa,Мавка: Лісова пісня,2023,CZ_DUB,Mavka: Strážkyně lesa (2023) CZ Dabing,2,resolve_failed: HTTP 502 wrapping permanent upstream error: https://prehraj.to/mavka-strazkyne-lesa-2022-cz-dabing/3fff4fe871e47d78 | resolve_failed: HTTP 502 wrapping permanent upstream error: https://prehraj.to/mavka-strazkyne-lesa-2022-hd-cz-mp4/1a7801ebda72a047,1a7801ebda72a047;3fff4fe871e47d78
6532,https://ceskarepublika.wiki/filmy-online/medved-na-koksu,Medvěd na koksu,Cocaine Bear,2023,CZ_DUB,Medvěd na koksu (2023) CZ Dabing,1,resolve_failed: HTTP 502 wrapping permanent upstream error: https://prehraj.to/medved-na-koksu-2023-cz-dab/ef367788cd56f845,ef367788cd56f845
8664,https://ceskarepublika.wiki/filmy-online/moje-tlusta-recka-svatba-3,Moje tlustá řecká svatba 3,My Big Fat Greek Wedding 3,2023,CZ_DUB,Moje tlustá řecká svatba 3 (2023) CZ Dabing,1,resolve_failed: HTTP 502 wrapping permanent upstream error: https://prehraj.to/moje-tlusta-recka-svatba-3-2023-cz-dab-1080p/9ceda73661596668,9ceda73661596668
14466,https://ceskarepublika.wiki/filmy-online/muzem-i-s-muzem,Můžem i s mužem,Můžem i s mužem,2023,CZ_DUB,Můžem i s mužem (2023) CZ Dabing,1,resolve_failed: HTTP 502 wrapping permanent upstream error: https://prehraj.to/muzem-i-s-muzem-2023-cz-dabing-mp4/79756fe1d9c7289e,79756fe1d9c7289e
9762,https://ceskarepublika.wiki/filmy-online/mercy-2023,Nemocnice Mercy,Mercy,2023,CZ_DUB,Nemocnice Mercy (2023) CZ Dabing,1,resolve_failed: HTTP 502 wrapping permanent upstream error: https://prehraj.to/mercy-2023-cz-dabing-1080p-mkv/6667050da545349d,6667050da545349d
5844,https://ceskarepublika.wiki/filmy-online/nekdo-klepe-na-dvere,Někdo klepe na dveře,Knock at the Cabin,2023,CZ_DUB,Někdo klepe na dveře (2023) CZ Dabing,1,resolve_failed: HTTP 502 wrapping permanent upstream error: https://prehraj.to/nekdo-klepe-na-dvere-2023-czdab/ca04af4fbb8bc32c,ca04af4fbb8bc32c
15930,https://ceskarepublika.wiki/filmy-online/o-malych-vecech,O malých věcech,O malých věcech,2023,CZ_NATIVE,O malých věcech (2023) CZ,1,resolve_failed: HTTP 502 wrapping permanent upstream error: https://prehraj.to/o-malych-vecech-2023-cz-mp4/bcdba912f60f894c,bcdba912f60f894c
5830,https://ceskarepublika.wiki/filmy-online/operace-napoleon,Operace Napoleon,Napóleonsskjölin,2023,CZ_DUB,Operace Napoleon (2023) CZ Dabing,1,resolve_failed: HTTP 502 wrapping permanent upstream error: https://prehraj.to/operace-napoleon-2023-cz-dabing-mp4/c7e77f803b43cb92,c7e77f803b43cb92
14493,https://ceskarepublika.wiki/filmy-online/ozi-hlas-pralesa,Ozi: Hlas pralesa,OZI: Voice of the Forest,2023,CZ_DUB,Ozi: Hlas pralesa (2023) CZ Dabing,1,resolve_failed: HTTP 502 wrapping permanent upstream error: https://prehraj.to/ozi-hlas-pralesa-2023-cz-dab-1080p/9df0e52e36667ec4,9df0e52e36667ec4
3641,https://ceskarepublika.wiki/filmy-online/ptaci-stehovaci,Ptáci stěhováci,Migration,2023,CZ_NATIVE,Ptáci stěhováci (2023) CZ,2,resolve_failed: HTTP 502 wrapping permanent upstream error: https://prehraj.to/ptaci-stehovaci-2023/98b86b78daeb2890 | resolve_failed: HTTP 502 wrapping permanent upstream error: https://prehraj.to/ptaci-stehovaci-2023/df07e925d05770dc,98b86b78daeb2890;df07e925d05770dc
4509,https://ceskarepublika.wiki/filmy-online/renfield,Renfield,Renfield,2023,CZ_DUB,Renfield (2023) CZ Dabing,1,resolve_failed: HTTP 502 wrapping permanent upstream error: https://prehraj.to/renfield-2023-cz-dabing-hd-mp4/616b4937d085672c,616b4937d085672c
5793,https://ceskarepublika.wiki/filmy-online/s-tebou-nikdy,S tebou nikdy,Anyone But You,2023,CZ_DUB,S tebou nikdy (2023) CZ Dabing,1,resolve_failed: HTTP 502 wrapping permanent upstream error: https://prehraj.to/s-tebou-nikdy-2023-cz-dabing-1/2cc2b5aa0f5a8977,2cc2b5aa0f5a8977
15655,https://ceskarepublika.wiki/filmy-online/sberatel-andelu,Sběratel andělů,Englemageren,2023,CZ_NATIVE,Sběratel andělů (2023) CZ,1,resolve_failed: HTTP 502 wrapping permanent upstream error: https://prehraj.to/sberatel-andelu-2023-cz-dabing-mp4/194011912ddcbde4,194011912ddcbde4
15469,https://ceskarepublika.wiki/filmy-online/stiny-nevlastni-krve,Stíny nevlastní krve,Stalked by My Stepsister,2023,CZ_DUB,Stíny nevlastní krve (2023) CZ Dabing,1,resolve_failed: no videos.push() blocks found at https://prehraj.to/stiny-nevlastni-krve-2023-cz-dabing-hd-mp4/84014e25a939371d,84014e25a939371d
15872,https://ceskarepublika.wiki/filmy-online/tatami,Tatami,Tatami,2023,CZ_DUB,Tatami (2023) CZ Dabing,1,resolve_failed: HTTP 502 wrapping permanent upstream error: https://prehraj.to/tatami-2024-cz-dabing-full-hd-thriller-top-kvalita-1084066-mp4/f28c5e5aa6c1786c,f28c5e5aa6c1786c
6515,https://ceskarepublika.wiki/filmy-online/tlapkova-patrola-ve-velkofilmu,Tlapková patrola ve velkofilmu,PAW Patrol: The Mighty Movie,2023,CZ_DUB,Tlapková patrola ve velkofilmu (2023) CZ Dabing,4,resolve_failed: HTTP 502 wrapping permanent upstream error: https://prehraj.to/tlapkova-patrola-ve-velkofilmu-2023-cz-dabing-mp4/9509b8e8398c5e29 | resolve_failed: HTTP 502 wrapping permanent upstream error: https://prehraj.to/tlapkova-patrola-ve-velkofilmu-2023-cz-dabing-mp4/abd72be610d14f0b | resolve_failed: HTTP 502 wrapping permanent upstream error: https://prehraj.to/tlapkova-patrola-ve-velkofilmu-2023-cz-dabing/17175fd707a8deb8 | resolve_failed: HTTP 502 wrapping permanent upstream error: https://prehraj.to/tlapkova-patrola-ve-velkofilmu-2023-cz-dabing/ba1191db9b6a8d85,9509b8e8398c5e29;ba1191db9b6a8d85;abd72be610d14f0b;17175fd707a8deb8
6188,https://ceskarepublika.wiki/filmy-online/trollove-3,Trollové 3,Trolls Band Together,2023,CZ_DUB,Trollové 3 (2023) CZ Dabing,2,resolve_failed: HTTP 502 wrapping permanent upstream error: https://prehraj.to/trollove-3-2023-cz-dab-1080p/36a16bcef33813dd | resolve_failed: HTTP 502 wrapping permanent upstream error: https://prehraj.to/trollove-3-animovany-2023-cz-dab/f483886d64e4741d,36a16bcef33813dd;f483886d64e4741d
7522,https://ceskarepublika.wiki/filmy-online/vikingove-ztracene-kralovstvi,Una pasión inmortal,Una pasión inmortal,2023,CZ_NATIVE,Una pasión inmortal (2023) CZ,1,resolve_failed: HTTP 502 wrapping permanent upstream error: https://prehraj.to/aquaman-a-ztracene-kralovstvi-2022-cz-dabing-mp4/bc8944ec69276693,bc8944ec69276693
16000,https://ceskarepublika.wiki/filmy-online/v-pasti-duvery,V pasti důvěry,Abducted by My Teacher: The Elizabeth Thomas Story,2023,CZ_DUB,V pasti důvěry (2023) CZ Dabing,1,resolve_failed: no videos.push() blocks found at https://prehraj.to/v-pasti-duvery-2023-cz-dabing-hd-mp4/6c233759391f285c,6c233759391f285c
8881,https://ceskarepublika.wiki/filmy-online/vlastni-krev,Vlastní krev,Transfusion,2023,CZ_DUB,Vlastní krev (2023) CZ Dabing,1,resolve_failed: HTTP 502 wrapping permanent upstream error: https://prehraj.to/vlastni-krev-2023-cz-dab-1080p/61c211dd98429742,61c211dd98429742
15928,https://ceskarepublika.wiki/filmy-online/vypecene-zlociny-osudovy-slib,Vypečené zločiny: Osudový slib,Curious Caterer: Fatal Vows,2023,CZ_DUB,Vypečené zločiny: Osudový slib (2023) CZ Dabing,1,resolve_failed: no videos.push() blocks found at https://prehraj.to/vypecene-zlociny-osudovy-slib-2023-cz-dabing-hd-mp4/f4077d46bda2132b,f4077d46bda2132b
10157,https://ceskarepublika.wiki/filmy-online/utok,Útok,Ambush,2023,CZ_DUB,Útok (2023) CZ Dabing,6,resolve_failed: HTTP 502 wrapping permanent upstream error: https://prehraj.to/utok-ambush-2023-cz-dab-mp4/4a734051daeab375 | resolve_failed: HTTP 502 wrapping permanent upstream error: https://prehraj.to/utok-ambush-2023-cz-dab-mp4/51883ed532c5000f | resolve_failed: HTTP 502 wrapping permanent upstream error: https://prehraj.to/utok-ambush-2023-cz-dab-mp4/537a7037f3efcab8 | resolve_failed: HTTP 502 wrapping permanent upstream error: https://prehraj.to/utok-ambush-2023-cz-dab-mp4/bb4e8a6aabb9e356 | resolve_failed: HTTP 502 wrapping permanent upstream error: https://prehraj.to/utok-ambush-2023-cz-dab-mp4/d80734d2c500b0ae | resolve_failed: HTTP 502 wrapping permanent upstream error: https://prehraj.to/utok-ambush-2023-cz-dab-mp4/f2dab2e7f0fad7ab,51883ed532c5000f;4a734051daeab375;537a7037f3efcab8;d80734d2c500b0ae;bb4e8a6aabb9e356;f2dab2e7f0fad7ab
7783,https://ceskarepublika.wiki/filmy-online/stastne-a-krvave,Šťastné a krvavé,There's Something in the Barn,2023,CZ_DUB,Šťastné a krvavé (2023) CZ Dabing,1,resolve_failed: no videos.push() blocks found at https://prehraj.to/stastne-a-krvave-2023-cz-dabing-hd-mp4/b849beeeaf1e8a37,b849beeeaf1e8a37
1594,https://ceskarepublika.wiki/filmy-online/zelvy-ninja-mutanti-chaos,Želvy Ninja: Mutantí chaos,Teenage Mutant Ninja Turtles: Mutant Mayhem,2023,CZ_DUB,Želvy Ninja: Mutantí chaos (2023) CZ Dabing,1,resolve_failed: HTTP 502 wrapping permanent upstream error: https://prehraj.to/zelvy-ninja-mutanti-chaos-2023-cz-dabing/7a54649de1d95653,7a54649de1d95653
36905,https://ceskarepublika.wiki/filmy-online/zivot-kotete,Život kotěte,"Mon chat et moi, la grande aventure de Rroû",2023,CZ_DUB,Život kotěte (2023) CZ Dabing,1,resolve_failed: HTTP 502 wrapping permanent upstream error: https://prehraj.to/zivot-kotete-2023-cz-dabing-hd-1080p/a85f2c0eca076a2d,a85f2c0eca076a2d
4074,https://ceskarepublika.wiki/filmy-online/abigail,Abigail,Abigail,2024,CZ_DUB,Abigail (2024) CZ Dabing,1,resolve_failed: HTTP 502 wrapping permanent upstream error: https://prehraj.to/abigail-2024-cz-dab-1080p/7c051782ffbcd456,7c051782ffbcd456
4917,https://ceskarepublika.wiki/filmy-online/back-to-black,Back to Black,Back to Black,2024,CZ_DUB,Back to Black (2024) CZ Dabing,1,resolve_failed: HTTP 502 wrapping permanent upstream error: https://prehraj.to/back-to-black-2024-cz-dab-1080p/af82266509552db3,af82266509552db3
16384,https://ceskarepublika.wiki/filmy-online/bob-a-bobek-ve-filmu-na-stope-mrkvojeda,Bob a Bobek ve filmu: Na stopě Mrkvojeda,Bob a Bobek ve filmu: Na stopě Mrkvojeda,2024,CZ_NATIVE,Bob a Bobek ve filmu: Na stopě Mrkvojeda (2024) CZ,1,resolve_failed: no videos.push() blocks found at https://prehraj.to/bob-a-bobek-ve-filmu-na-stope-mrkvojeda-mp4/104cb2c9cf63b398,104cb2c9cf63b398
31483,https://ceskarepublika.wiki/filmy-online/bratri-menendezovi,Bratři Menendézovi,The Menendez Brothers,2024,CZ_DUB,Bratři Menendézovi (2024) CZ Dabing,1,resolve_failed: HTTP 502 wrapping permanent upstream error: https://prehraj.to/bratri-menendezovi-2024-cz-dabing-mp4/e1a1a1eb4ac70607,e1a1a1eb4ac70607
1576,https://ceskarepublika.wiki/filmy-online/brutalista,Brutalista,The Brutalist,2024,CZ_DUB,Brutalista (2024) CZ Dabing,1,resolve_failed: HTTP 502 wrapping permanent upstream error: https://prehraj.to/the-brutalist-brutalista-2024-drama-czdab-mp4/77c6f2b58253ca70,77c6f2b58253ca70
15275,https://ceskarepublika.wiki/filmy-online/cesta-za-legendou,Cesta za legendou,"Zak & Wowo, la légende de Lendarys",2024,CZ_DUB,Cesta za legendou (2024) CZ Dabing,1,resolve_failed: HTTP 502 wrapping permanent upstream error: https://prehraj.to/cesta-za-legendou-2024-cz-dab-1080p/c2aab80f1a5cf9b0,c2aab80f1a5cf9b0
15995,https://ceskarepublika.wiki/filmy-online/dej-si-pohov-mladej-2,"Dej si pohov, mladej! 2",Maison de retraite 2,2024,CZ_DUB,"Dej si pohov, mladej! 2 (2024) CZ Dabing",1,resolve_failed: HTTP 502 wrapping permanent upstream error: https://prehraj.to/dej-si-pohov-mladej-2-2024-cz-dabing/4a77ae604f92ab29,4a77ae604f92ab29
7169,https://ceskarepublika.wiki/filmy-online/ella-a-cerny-jaguar,Ella a černý jaguár,Le Dernier Jaguar,2024,CZ_DUB,Ella a černý jaguár (2024) CZ Dabing,1,resolve_failed: HTTP 502 wrapping permanent upstream error: https://prehraj.to/ella-a-cerny-jaguar-2024-cz-dab-1080p/e97200dc095937dd,e97200dc095937dd
31401,https://ceskarepublika.wiki/filmy-online/gabriela-soukalova-pravda-se-porad-vyplati,Gabriela Soukalová: Pravda se pořád vyplatí,,2024,CZ_DUB,Gabriela Soukalová: Pravda se pořád vyplatí (2024) CZ Dabing,2,resolve_failed: no videos.push() blocks found at https://prehraj.to/gabriela-soukalova-pravda-se-porad-vyplati-2024-czdab-mp4/fe0c360cb4bc74a5 | resolve_failed: no videos.push() blocks found at https://prehraj.to/gabriela-soukalova-pravda-se-porad-vyplati-2024-czdabing-mp4/472bb531db41240e,fe0c360cb4bc74a5;472bb531db41240e
4456,https://ceskarepublika.wiki/filmy-online/imaginarni-pratele,Imaginární přátelé,IF,2024,CZ_NATIVE,Imaginární přátelé (2024) CZ,1,resolve_failed: HTTP 502 wrapping permanent upstream error: https://prehraj.to/imaginarni-pratele-2024-cz-dabing-mp4/88c773f7940bd63d,88c773f7940bd63d
16170,https://ceskarepublika.wiki/filmy-online/influencerky,Influencerky,Dziewczyna influencera,2024,CZ_DUB,Influencerky (2024) CZ Dabing,2,resolve_failed: HTTP 502 wrapping permanent upstream error: https://prehraj.to/influencerky-2024-cz-dab-1080p-mp4/88fe5514d85e4273 | resolve_failed: HTTP 502 wrapping permanent upstream error: https://prehraj.to/influencerky-2024-cz-dab-1080p/484a8bf121097d36,88fe5514d85e4273;484a8bf121097d36
15967,https://ceskarepublika.wiki/filmy-online/julie-mlci,Julie mlčí,Julie zwijgt,2024,CZ_DUB,Julie mlčí (2024) CZ Dabing,1,resolve_failed: HTTP 502 wrapping permanent upstream error: https://prehraj.to/julie-mlci-2024-cz-dab-1080p/b017675bb54f8d1a,b017675bb54f8d1a
5758,https://ceskarepublika.wiki/filmy-online/ja-rebelka,"Já, rebelka",Rebellious,2024,CZ_DUB,"Já, rebelka (2024) CZ Dabing",1,resolve_failed: HTTP 502 wrapping permanent upstream error: https://prehraj.to/ja-rebelka-cz-dabing/87b3be08cc645258,87b3be08cc645258
16069,https://ceskarepublika.wiki/filmy-online/kdo-je-kdo-2024,Kdo je kdo?,¿Quién es quién?,2024,CZ_DUB,Kdo je kdo? (2024) CZ Dabing,1,resolve_failed: HTTP 502 wrapping permanent upstream error: https://prehraj.to/kdo-je-kdo-2024-cz-dab-1080p/be4552e3a8da963f,be4552e3a8da963f
8640,https://ceskarepublika.wiki/filmy-online/kocka-a-pes-silene-dobrodruzstvi,Kočka a pes: Šílené dobrodružství,Chien et Chat,2024,CZ_DUB,Kočka a pes: Šílené dobrodružství (2024) CZ Dabing,1,resolve_failed: HTTP 502 wrapping permanent upstream error: https://prehraj.to/kocka-a-pes-silene-dobrodruzstvi-2024-cz-dab-1080p/f6954b74e4586254,f6954b74e4586254
4927,https://ceskarepublika.wiki/filmy-online/kung-fu-panda-4,Kung Fu Panda 4,Kung Fu Panda 4,2024,CZ_DUB,Kung Fu Panda 4 (2024) CZ Dabing,2,resolve_failed: HTTP 502 wrapping permanent upstream error: https://prehraj.to/kung-fu-panda-4-2024-cz-dabing-4k-2160p/1165b48a2281b130 | resolve_failed: HTTP 502 wrapping permanent upstream error: https://prehraj.to/kung-fu-panda-4-2024-cz-dabing-4k-2160p/d325456480cdcb75,1165b48a2281b130;d325456480cdcb75
5800,https://ceskarepublika.wiki/filmy-online/kuryr-z-madridu,Kurýr z Madridu,El correo,2024,CZ_DUB,Kurýr z Madridu (2024) CZ Dabing,1,resolve_failed: HTTP 502 wrapping permanent upstream error: https://prehraj.to/kuryr-z-madridu-2024-czdab/663eb7fb5cb53,663eb7fb5cb53
10107,https://ceskarepublika.wiki/filmy-online/madam-web,Madam Web,Madame Web,2024,CZ_DUB,Madam Web (2024) CZ Dabing,1,resolve_failed: HTTP 502 wrapping permanent upstream error: https://prehraj.to/madam-web-dakota-johnson-sydney-sweeney-celeste-o-connor-2024-akcni-dobrodruzny-sci-fi-bdrip-1080p-cz-dabing/c53d00b0f9059276,c53d00b0f9059276
15992,https://ceskarepublika.wiki/filmy-online/mnichov-1972-2024,Mnichov 1972,September 5,2024,CZ_DUB,Mnichov 1972 (2024) CZ Dabing,1,resolve_failed: HTTP 502 wrapping permanent upstream error: https://prehraj.to/mnichov-1972-2024-cz-dabing-full-hd-thriller-top-kvalita-1211472/66696f0e0e9b2835,66696f0e0e9b2835
15864,https://ceskarepublika.wiki/filmy-online/most-v-ohni,Most v ohni,Aftermath,2024,CZ_DUB,Most v ohni (2024) CZ Dabing,2,resolve_failed: HTTP 502 wrapping permanent upstream error: https://prehraj.to/most-v-ohni-2024-cz-dab-1080p-mp4/2a2a378cccb6a1c6 | resolve_failed: HTTP 502 wrapping permanent upstream error: https://prehraj.to/most-v-ohni-2024-cz-dab-1080p/810609e9591065ab,810609e9591065ab;2a2a378cccb6a1c6
8126,https://ceskarepublika.wiki/filmy-online/nikdy-se-nepoustej,Nikdy se nepouštěj,Never Let Go,2024,CZ_NATIVE,Nikdy se nepouštěj (2024) CZ,1,resolve_failed: HTTP 502 wrapping permanent upstream error: https://prehraj.to/nikdy-nerikej-nikdy-2023/91e4d59006cf207b,91e4d59006cf207b
8092,https://ceskarepublika.wiki/filmy-online/odvazna-emma,Odvážná Emma,Emma's Big Adventure,2024,CZ_DUB,Odvážná Emma (2024) CZ Dabing,1,resolve_failed: HTTP 502 wrapping permanent upstream error: https://prehraj.to/odvazna-emma-2024-cz-dab-1080p/9ad017befac0857d,9ad017befac0857d
8137,https://ceskarepublika.wiki/filmy-online/panenky-na-uteku,Panenky na útěku,Drive-Away Dolls,2024,CZ_DUB,Panenky na útěku (2024) CZ Dabing,1,resolve_failed: HTTP 502 wrapping permanent upstream error: https://prehraj.to/panenky-na-uteku-2024-cz-dab-1080p/8730754cad77eb02,8730754cad77eb02
8134,https://ceskarepublika.wiki/filmy-online/prazdniny-s-brouckem,Prázdniny s Broučkem,Prázdniny s Broučkem,2024,CZ_NATIVE,Prázdniny s Broučkem (2024) CZ,1,resolve_failed: HTTP 502 wrapping permanent upstream error: https://prehraj.to/prazdniny-s-brouckem-2024/fc3319b777c087b8,fc3319b777c087b8
14965,https://ceskarepublika.wiki/filmy-online/s-vetrem-o-zavod,S větrem o závod,On Swift Horses,2024,CZ_DUB,S větrem o závod (2024) CZ Dabing,1,resolve_failed: HTTP 502 wrapping permanent upstream error: https://prehraj.to/s-vetrem-o-zavod-2024-cz-dab-1080p/d3b11de51f57af0e,d3b11de51f57af0e
8644,https://ceskarepublika.wiki/filmy-online/cellar-door,Sklep,Cellar Door,2024,CZ_DUB,Sklep (2024) CZ Dabing,4,resolve_failed: HTTP 502 wrapping permanent upstream error: https://prehraj.to/sklep-2024-cz-dab-1080p/8ad59ce8adf22ad2 | resolve_failed: HTTP 502 wrapping permanent upstream error: https://prehraj.to/sklep-2024-cz-dab-1080p/9cb5a47dc7cf1540 | resolve_failed: HTTP 502 wrapping permanent upstream error: https://prehraj.to/sklep-cellar-door-2024-cz-dabing-mkv/75456eab7bb46b5c | resolve_failed: HTTP 502 wrapping permanent upstream error: https://prehraj.to/sklep-cellar-door-2024-cz-dabing/644b5dd2419ac50e,8ad59ce8adf22ad2;9cb5a47dc7cf1540;644b5dd2419ac50e;75456eab7bb46b5c
36956,https://ceskarepublika.wiki/filmy-online/superbraska,Superbráška,Super Charlie,2024,CZ_DUB,Superbráška (2024) CZ Dabing,1,resolve_failed: HTTP 502 wrapping permanent upstream error: https://prehraj.to/superbraska-2024-cz-dab-1080p/1879d94a3e10100e,1879d94a3e10100e
16208,https://ceskarepublika.wiki/filmy-online/superskritkove,Superskřítkové,"Die Heinzels: Neue Mützen, Neue Mission",2024,CZ_DUB,Superskřítkové (2024) CZ Dabing,2,resolve_failed: HTTP 502 wrapping permanent upstream error: https://prehraj.to/superskritkove-2024-cz-dab-1080p-mp4/e06a2846d544dc73 | resolve_failed: HTTP 502 wrapping permanent upstream error: https://prehraj.to/superskritkove-2024-cz-dab-1080p/5699464ac16df046,e06a2846d544dc73;5699464ac16df046
9313,https://ceskarepublika.wiki/filmy-online/tarot,Tarot,Tarot,2024,CZ_DUB,Tarot (2024) CZ Dabing,3,resolve_failed: HTTP 502 wrapping permanent upstream error: https://prehraj.to/tarot-2024-cz-dab-1080p/11828fe0c90d99cb | resolve_failed: HTTP 502 wrapping permanent upstream error: https://prehraj.to/tarot-2024-cz-dabing-mp4/341f0e126721c93d | resolve_failed: HTTP 502 wrapping permanent upstream error: https://prehraj.to/tarot-2024-cz-dabing/14fb51b02fa0f799,11828fe0c90d99cb;14fb51b02fa0f799;341f0e126721c93d
4903,https://ceskarepublika.wiki/filmy-online/tiche-misto-prvni-den,Tiché místo: První den,A Quiet Place: Day One,2024,CZ_DUB,Tiché místo: První den (2024) CZ Dabing,3,resolve_failed: HTTP 502 wrapping permanent upstream error: https://prehraj.to/tiche-misto-prvni-den-1080p-2024-cz-dabing-mkv/e3fa134835828bc1 | resolve_failed: HTTP 502 wrapping permanent upstream error: https://prehraj.to/tiche-misto-prvni-den-2024-cz-dab-1080p/abe831dd66f5e37a | resolve_failed: HTTP 502 wrapping permanent upstream error: https://prehraj.to/tiche-misto-prvni-den-web-dl-cz-dabing-2024-1080p/a79cee9dae97679d,abe831dd66f5e37a;e3fa134835828bc1;a79cee9dae97679d
13932,https://ceskarepublika.wiki/filmy-online/vlastne-te-mam-rada-tati,"Vlastně tě mám ráda, tati",Goodrich,2024,CZ_DUB,"Vlastně tě mám ráda, tati (2024) CZ Dabing",2,resolve_failed: HTTP 502 wrapping permanent upstream error: https://prehraj.to/vlastne-te-mam-rada-tati-2024-cz-dab-1080p-mp4/04ea71f0fabfe5c4 | resolve_failed: HTTP 502 wrapping permanent upstream error: https://prehraj.to/vlastne-te-mam-rada-tati-2024-cz-dab-1080p-mp4/b48dbbb15d0b600a,b48dbbb15d0b600a;04ea71f0fabfe5c4
15972,https://ceskarepublika.wiki/filmy-online/vrazda-na-splatky,Vražda na splátky,"Blackmail, Lies and Murder",2024,CZ_DUB,Vražda na splátky (2024) CZ Dabing,1,resolve_failed: no videos.push() blocks found at https://prehraj.to/vrazda-na-splatky-kelsey-mckean-lauren-pike-nick-ritacco-2024-thriller-bdrip-1080p-cz-dabing-mp4/bf9ae4090abf6f24,bf9ae4090abf6f24
8118,https://ceskarepublika.wiki/filmy-online/vyjimecny-stav,Výjimečný stav,Výjimečný stav,2024,CZ_NATIVE,Výjimečný stav (2024) CZ,1,resolve_failed: HTTP 502 wrapping permanent upstream error: https://prehraj.to/vyjimecny-stav-2024-mp4/a581dbc74e42b52a,a581dbc74e42b52a
16292,https://ceskarepublika.wiki/filmy-online/uhlavni-kamaradky,Úhlavní kamarádky,What Happens in Miami,2024,CZ_DUB,Úhlavní kamarádky (2024) CZ Dabing,2,resolve_failed: no videos.push() blocks found at https://prehraj.to/uhlavni-kamaradky-2024-cz-dab-1080p-mp4/2f622b042be54628 | resolve_failed: no videos.push() blocks found at https://prehraj.to/uhlavni-kamaradky-2024-cz-dabing-1080p-mkv-mp4/0ba936e084001875,2f622b042be54628;0ba936e084001875
37215,https://ceskarepublika.wiki/filmy-online/architekt-2025,Architekt,The Great Arch,2025,CZ_DUB,Architekt (2025) CZ Dabing,3,resolve_failed: HTTP 502 wrapping permanent upstream error: https://prehraj.to/architekt-2025-cz-dab-1080p/bb281716e0feae7a | resolve_failed: HTTP 502 wrapping permanent upstream error: https://prehraj.to/architekt-2025-cz-dabing-1080p-mkv/b7eb81b80b0a0c5c | resolve_failed: HTTP 502 wrapping permanent upstream error: https://prehraj.to/architekt-l-inconnu-de-la-grande-arche-2025-cz-dabing-mkv/a17d3785a36f2214,bb281716e0feae7a;b7eb81b80b0a0c5c;a17d3785a36f2214
4879,https://ceskarepublika.wiki/filmy-online/blazniva-strela-2025,Bláznivá střela,The Naked Gun,2025,CZ_DUB,Bláznivá střela (2025) CZ Dabing,2,resolve_failed: HTTP 502 wrapping permanent upstream error: https://prehraj.to/blazniva-strela-2025-1080p-cz-dabing/914944ecbe29bc8c | resolve_failed: HTTP 502 wrapping permanent upstream error: https://prehraj.to/blazniva-strela-the-naked-gun-2025-cz-mp4/0ef0e6ea3bae7751,914944ecbe29bc8c;0ef0e6ea3bae7751
16333,https://ceskarepublika.wiki/filmy-online/bubak,Bubák,Bubák,2025,CZ_NATIVE,Bubák (2025) CZ,2,resolve_failed: HTTP 502 wrapping permanent upstream error: https://prehraj.to/bubak-2025-ceska-novinka-mp4/6c108c11602f7b1a | resolve_failed: HTTP 502 wrapping permanent upstream error: https://prehraj.to/bubak-2025-ceska-novinka-mp4/a006d40ed227a48d,a006d40ed227a48d;6c108c11602f7b1a
34402,https://ceskarepublika.wiki/filmy-online/christy,Christy,,2025,CZ_DUB,Christy (2025) CZ Dabing,2,resolve_failed: HTTP 502 wrapping permanent upstream error: https://prehraj.to/christy-2025-cz-dabing-mp4/31423b09ad1126b4 | resolve_failed: HTTP 502 wrapping permanent upstream error: https://prehraj.to/christy-2025-cz-dabing-mp4/8f472eaa1610c8e9,31423b09ad1126b4;8f472eaa1610c8e9
1268,https://ceskarepublika.wiki/filmy-online/dj-ahmet,DJ Ahmet,Диџеј Ахмет,2025,CZ_DUB,DJ Ahmet (2025) CZ Dabing,1,resolve_failed: HTTP 502 wrapping permanent upstream error: https://prehraj.to/dj-ahmet-2025-cz-dabing-full-hd-drama-top-kvalita-1400743/f694dd577435ebf5,f694dd577435ebf5
5321,https://ceskarepublika.wiki/filmy-online/dokonala-shoda,Dokonalá shoda,Materialists,2025,CZ_DUB,Dokonalá shoda (2025) CZ Dabing,4,resolve_failed: HTTP 502 wrapping permanent upstream error: https://prehraj.to/dokonala-shoda-materialists-2025-cz-dabing-100/73455ae0a04961dc | resolve_failed: HTTP 502 wrapping permanent upstream error: https://prehraj.to/dokonala-shoda-materialists-2025-cz-dabing-behe/63b95bbd465a74b2 | resolve_failed: HTTP 502 wrapping permanent upstream error: https://prehraj.to/dokonala-shoda-materialists-2025-cz-dabing-bh/c2368eadbaad57d8 | resolve_failed: HTTP 502 wrapping permanent upstream error: https://prehraj.to/dokonala-shoda-materialists-2025-cz-dabing/f8075f868698b17d,73455ae0a04961dc;c2368eadbaad57d8;f8075f868698b17d;63b95bbd465a74b2
15869,https://ceskarepublika.wiki/filmy-online/dospelost,Dospělost,Adulthood,2025,CZ_DUB,Dospělost (2025) CZ Dabing,3,resolve_failed: HTTP 502 wrapping permanent upstream error: https://prehraj.to/dospelost-2025-cz-dab-1080p/5727247ad44b8773 | resolve_failed: HTTP 502 wrapping permanent upstream error: https://prehraj.to/dospelostt-adulthood-cz-dabing-2025-mkv/453f4ebb34e40d68 | resolve_failed: HTTP 502 wrapping permanent upstream error: https://prehraj.to/dospelostt-adulthood-cz-dabing-2025/b74d9a785fcea5a9,5727247ad44b8773;453f4ebb34e40d68;b74d9a785fcea5a9
9605,https://ceskarepublika.wiki/filmy-online/dvojita-hra,Dvojitá hra,Under Fire,2025,CZ_DUB,Dvojitá hra (2025) CZ Dabing,5,resolve_failed: HTTP 502 wrapping permanent upstream error: https://prehraj.to/dvojita-hra-2025-akcni-thriller-usa-czdab-1080p/628508a8d09647bf | resolve_failed: HTTP 502 wrapping permanent upstream error: https://prehraj.to/dvojita-hra-2025-cz-dab-1080p/7c1810e73d1c1b7d | resolve_failed: HTTP 502 wrapping permanent upstream error: https://prehraj.to/dvojita-hra-2025-cz-dab-1080p/ea0a9d33483dd7db | resolve_failed: HTTP 502 wrapping permanent upstream error: https://prehraj.to/dvojita-hra-2025-cz-dabing/133acc0bef28d689 | resolve_failed: HTTP 502 wrapping permanent upstream error: https://prehraj.to/dvojita-hra-2025-cz-dabing/6d2b03b58984cc15,ea0a9d33483dd7db;628508a8d09647bf;7c1810e73d1c1b7d;133acc0bef28d689;6d2b03b58984cc15
16433,https://ceskarepublika.wiki/filmy-online/divka-jmenem-willow,Dívka jménem Willow,Ein Mädchen namens Willow,2025,CZ_DUB,Dívka jménem Willow (2025) CZ Dabing,1,resolve_failed: HTTP 502 wrapping permanent upstream error: https://prehraj.to/divka-jmenem-willow-2025-cz-dab-1080p/e4f5a64dbc694aac,e4f5a64dbc694aac
6749,https://ceskarepublika.wiki/filmy-online/holky-to-chtej-porad,Holky to chtěj pořád,Mädchen Mädchen!,2025,CZ_DUB,Holky to chtěj pořád (2025) CZ Dabing,3,resolve_failed: HTTP 502 wrapping permanent upstream error: https://prehraj.to/holky-to-chtej-porad-2025-1080p-cz-dabing/525736400983a598 | resolve_failed: HTTP 502 wrapping permanent upstream error: https://prehraj.to/holky-to-chtej-porad-2025-cz-dab/7c4388a8f459a4ce | resolve_failed: HTTP 502 wrapping permanent upstream error: https://prehraj.to/holky-to-chtej-porad-2025/fb056954f553820d,525736400983a598;7c4388a8f459a4ce;fb056954f553820d
8365,https://ceskarepublika.wiki/filmy-online/hura-zase-vanoce,"Hurá, zase Vánoce!",Oh. What. Fun.,2025,CZ_DUB,"Hurá, zase Vánoce! (2025) CZ Dabing",1,oversize: 6112129100 B,cad784b83af7b1a8
31545,https://ceskarepublika.wiki/filmy-online/jidelni-vuz-divadelni-zaznam,Jídelní vůz (divadelní záznam),,2025,CZ_NATIVE,Jídelní vůz (divadelní záznam) (2025) CZ,1,resolve_failed: HTTP 502 wrapping permanent upstream error: https://prehraj.to/jidelni-vuz-divadelni-zaznam-2025-cz-mp4/6e0f70ebbd3a675b,6e0f70ebbd3a675b
31452,https://ceskarepublika.wiki/filmy-online/laska-z-nebes,Láska z nebes,Angels & Co.,2025,CZ_DUB,Láska z nebes (2025) CZ Dabing,3,resolve_failed: HTTP 502 wrapping permanent upstream error: https://prehraj.to/laska-z-nebes-2025-cz-dab-1080p-mp4/faef09ef220becf4 | resolve_failed: HTTP 502 wrapping permanent upstream error: https://prehraj.to/laska-z-nebes-2025-cz-dab-1080p/3480dcf2835e887d | resolve_failed: HTTP 502 wrapping permanent upstream error: https://prehraj.to/laska-z-nebes-2025-cz-dabing/e7b8e67de18e7db7,3480dcf2835e887d;faef09ef220becf4;e7b8e67de18e7db7
6142,https://ceskarepublika.wiki/filmy-online/m3gan-20,M3GAN 2.0,M3GAN 2.0,2025,CZ_DUB,M3GAN 2.0 (2025) CZ Dabing,1,resolve_failed: HTTP 502 wrapping permanent upstream error: https://prehraj.to/m3gan-2-0-2025-czdab/3593a60bf7260d01,3593a60bf7260d01
16401,https://ceskarepublika.wiki/filmy-online/na-horach,Na horách,Na horách,2025,CZ_DUB,Na horách (2025) CZ Dabing,6,resolve_failed: no videos.push() blocks found at https://prehraj.to/na-horach-2025-1080p-cz-dabing-mp4/4ccc5e8ebd56257c | resolve_failed: no videos.push() blocks found at https://prehraj.to/na-horach-2025-1080p-cz-dabing-mp4/5db41d9c6d0f3fc3 | resolve_failed: no videos.push() blocks found at https://prehraj.to/na-horach-2025-1080p-cz-dabing/4b535fd461a63b31 | resolve_failed: no videos.push() blocks found at https://prehraj.to/na-horach-2025-1080p-cz-topkvalita/1b9f32623c6ff011 | resolve_failed: no videos.push() blocks found at https://prehraj.to/na-horach-2025-cz-dabing-1080p-mkv/51180385cc47c2f3 | resolve_failed: no videos.push() blocks found at https://prehraj.to/na-horach-2025/c10150bff46e6815,5db41d9c6d0f3fc3;4b535fd461a63b31;4ccc5e8ebd56257c;51180385cc47c2f3;1b9f32623c6ff011;c10150bff46e6815
28719,https://ceskarepublika.wiki/filmy-online/nelituju-niceho,Nelituju ničeho,Regretting You,2025,CZ_DUB,Nelituju ničeho (2025) CZ Dabing,3,resolve_failed: HTTP 502 wrapping permanent upstream error: https://prehraj.to/nelituju-niceho-2025-cz-dabing-mkv/e37481ae5279c069 | resolve_failed: HTTP 502 wrapping permanent upstream error: https://prehraj.to/nelituju-niceho-2025-cz-dabing/12a5c791e9597fad | resolve_failed: HTTP 502 wrapping permanent upstream error: https://prehraj.to/nelituju-niceho-2025-cz-dabing/6497a979d2a914f8,e37481ae5279c069;6497a979d2a914f8;12a5c791e9597fad
4042,https://ceskarepublika.wiki/filmy-online/novokain,Novokain,Novocaine,2025,CZ_DUB,Novokain (2025) CZ Dabing,1,resolve_failed: HTTP 502 wrapping permanent upstream error: https://prehraj.to/novokain-2025-1080p-cz-dabing/ceb7436929baf087,ceb7436929baf087
16561,https://ceskarepublika.wiki/filmy-online/neco-za-neco-2025,Něco za něco,Něco za něco,2025,CZ_DUB,Něco za něco (2025) CZ Dabing,5,resolve_failed: HTTP 502 wrapping permanent upstream error: https://prehraj.to/neco-za-neco-2025-1080-dabcz-mkv/b3118307edfec332 | resolve_failed: HTTP 502 wrapping permanent upstream error: https://prehraj.to/neco-za-neco-2025-1080-dabcz-mp4/f1799b03d0eec5d2 | resolve_failed: HTTP 502 wrapping permanent upstream error: https://prehraj.to/neco-za-neco-2025-1080p-h264-aac-ces/15ef88b16e1a245c | resolve_failed: HTTP 502 wrapping permanent upstream error: https://prehraj.to/neco-za-neco-2025-cz-dab-1080p/f6ae61522481e0b9 | resolve_failed: HTTP 502 wrapping permanent upstream error: https://prehraj.to/neco-za-neco-2025-cz/2d92f20c5d08703d,f6ae61522481e0b9;15ef88b16e1a245c;f1799b03d0eec5d2;b3118307edfec332;2d92f20c5d08703d
3185,https://ceskarepublika.wiki/filmy-online/operace-black-bag,Operace Black Bag,Black Bag,2025,CZ_DUB,Operace Black Bag (2025) CZ Dabing,1,resolve_failed: HTTP 502 wrapping permanent upstream error: https://prehraj.to/operace-black-bag-black-bag-2025-cz-dabing/c7dfcaab539e0ab4,c7dfcaab539e0ab4
8630,https://ceskarepublika.wiki/filmy-online/panda-a-ja,Panda a já,Moon le Panda,2025,CZ_DUB,Panda a já (2025) CZ Dabing,2,resolve_failed: HTTP 502 wrapping permanent upstream error: https://prehraj.to/panda-a-ja-2025-cz-dab-1080p/412e00375faa46c1 | resolve_failed: HTTP 502 wrapping permanent upstream error: https://prehraj.to/panda-a-ja-2025-cz-dab-1080p/96a9349f24310c7f,412e00375faa46c1;96a9349f24310c7f
18744,https://ceskarepublika.wiki/filmy-online/red-flags,Red Flags,Red Flags,2025,CZ_DUB,Red Flags (2025) CZ Dabing,1,resolve_failed: HTTP 502 wrapping permanent upstream error: https://prehraj.to/red-flags-2025-cz-dabing-hd/433b7c7f88f3f9e7,433b7c7f88f3f9e7
31516,https://ceskarepublika.wiki/filmy-online/red-flags-2025,Red Flags,,2025,CZ_DUB,Red Flags (2025) CZ Dabing,1,resolve_failed: HTTP 502 wrapping permanent upstream error: https://prehraj.to/red-flags-2025-cz-dabing/4c064751c1c26ae3,4c064751c1c26ae3
16368,https://ceskarepublika.wiki/filmy-online/super-pruvodce,Super průvodce,Le Routard,2025,CZ_DUB,Super průvodce (2025) CZ Dabing,4,resolve_failed: HTTP 502 wrapping permanent upstream error: https://prehraj.to/super-pruvodce-2025-1080p-cz-dabing-2-0/3783ae841879842c | resolve_failed: HTTP 502 wrapping permanent upstream error: https://prehraj.to/super-pruvodce-2025-cz-dab-1080p-mkv/f17465b54967788b | resolve_failed: HTTP 502 wrapping permanent upstream error: https://prehraj.to/super-pruvodce-2025-cz-dab-1080p/6cd078bb4c21196c | resolve_failed: HTTP 502 wrapping permanent upstream error: https://prehraj.to/super-pruvodce-2025-komedie-francie-belgie-czdab-1080p/d8afcbd821a3e4bf,3783ae841879842c;6cd078bb4c21196c;f17465b54967788b;d8afcbd821a3e4bf
6776,https://ceskarepublika.wiki/filmy-online/ticha-posta,Tichá pošta,Tichá pošta,2025,CZ_NATIVE,Tichá pošta (2025) CZ,3,resolve_failed: HTTP 502 wrapping permanent upstream error: https://prehraj.to/ticha-posta-2025-cz-1920x1080p/6771b96cb94cd406 | resolve_failed: HTTP 502 wrapping permanent upstream error: https://prehraj.to/ticha-posta-2025-cz-mp4/23e2b66e2ffd325e | resolve_failed: HTTP 502 wrapping permanent upstream error: https://prehraj.to/ticha-posta-2025-cz-mp4/ddba4cdce1122cd4,6771b96cb94cd406;23e2b66e2ffd325e;ddba4cdce1122cd4
6134,https://ceskarepublika.wiki/filmy-online/velka-odvazna-nadherna-cesta,Velká odvážná nádherná cesta,A Big Bold Beautiful Journey,2025,CZ_DUB,Velká odvážná nádherná cesta (2025) CZ Dabing,1,resolve_failed: HTTP 502 wrapping permanent upstream error: https://prehraj.to/velka-odvazna-nadherna-cesta-2025-cz-dab-1080p/0eeb988fc4c283ee,0eeb988fc4c283ee
1858,https://ceskarepublika.wiki/filmy-online/vrat-mi-ji,Vrať mi ji,Bring Her Back,2025,CZ_DUB,Vrať mi ji (2025) CZ Dabing,3,resolve_failed: HTTP 502 wrapping permanent upstream error: https://prehraj.to/vrat-mi-ji-2025-cz-dabing/97bc692d4f724f6f | resolve_failed: HTTP 502 wrapping permanent upstream error: https://prehraj.to/vrat-mi-ji-horor-2025-cz-dabing-by-pefto/8010dc7f6c63b4df | resolve_failed: HTTP 502 wrapping permanent upstream error: https://prehraj.to/vrat-mi-ji-horor-2025/f7b33db5a08d70de,8010dc7f6c63b4df;97bc692d4f724f6f;f7b33db5a08d70de
9937,https://ceskarepublika.wiki/filmy-online/smoulove-ve-filmu,Šmoulové ve filmu,Smurfs,2025,CZ_DUB,Šmoulové ve filmu (2025) CZ Dabing,3,resolve_failed: HTTP 502 wrapping permanent upstream error: https://prehraj.to/smoulove-ve-filmu-2025-cz-dabing-kfc/4a506f7c67b71cc1 | resolve_failed: HTTP 502 wrapping permanent upstream error: https://prehraj.to/smoulove-ve-filmu-2025-cz-dabing-uhd-animation-mp4/9636ef76c8e60e57 | resolve_failed: HTTP 502 wrapping permanent upstream error: https://prehraj.to/smoulove-ve-filmu-2025-cz-dabing/90af7a189fe43915,9636ef76c8e60e57;90af7a189fe43915;4a506f7c67b71cc1
2766,https://ceskarepublika.wiki/filmy-online/zivot-v-hajzlu,Život v hajzlu,Caught Stealing,2025,CZ_DUB,Život v hajzlu (2025) CZ Dabing,3,resolve_failed: HTTP 502 wrapping permanent upstream error: https://prehraj.to/caught-stealing-2025-1080p-cz-dabing/04d683770f27f2c4 | resolve_failed: HTTP 502 wrapping permanent upstream error: https://prehraj.to/zivot-v-hajzlu-2025-1080p-cz-dabing/d33fc1799161284c | resolve_failed: HTTP 502 wrapping permanent upstream error: https://prehraj.to/zivot-v-hajzlu-2025-cz-dab-mp4/468927498471a3c1,d33fc1799161284c;04d683770f27f2c4;468927498471a3c1
28754,https://ceskarepublika.wiki/filmy-online/krvava-nevesta-hra-zacina,Krvavá nevěsta: Hra začíná,Ready or Not: Here I Come,2026,CZ_DUB,Krvavá nevěsta: Hra začíná (2026) CZ Dabing,1,resolve_failed: HTTP 502 wrapping permanent upstream error: https://prehraj.to/krvava-nevesta-hra-zacina-2026-cz-dabing-top-kvalita-mkv/a4abb8119aa51c53,a4abb8119aa51c53
29053,https://ceskarepublika.wiki/filmy-online/nekdo-to-rad-v-plzni,Někdo to rád v Plzni,,2026,CZ_NATIVE,Někdo to rád v Plzni (2026) CZ,3,resolve_failed: HTTP 502 wrapping permanent upstream error: https://prehraj.to/nekdo-to-rad-v-plzni-2026-cz-mp4/9f1a8325e6e03e61 | resolve_failed: HTTP 502 wrapping permanent upstream error: https://prehraj.to/nekdo-to-rad-v-plzni-2026-cz-mp4/c39a47962cff2d13 | resolve_failed: HTTP 502 wrapping permanent upstream error: https://prehraj.to/nekdo-to-rad-v-plzni-2026-cz/6200894d538e48c1,c39a47962cff2d13;9f1a8325e6e03e61;6200894d538e48c1
34413,https://ceskarepublika.wiki/filmy-online/rikaji-mi-lars,Říkají mi Lars,,2026,CZ_NATIVE,Říkají mi Lars (2026) CZ,1,resolve_failed: HTTP 502 wrapping permanent upstream error: https://prehraj.to/jmenuji-se-lars-2026-1080p-mkv/879be4c64c1c8324,879be4c64c1c8324
34432,https://ceskarepublika.wiki/filmy-online/svihaci-2026,Šviháci,,2026,CZ_DUB,Šviháci (2026) CZ Dabing,2,resolve_failed: HTTP 502 wrapping permanent upstream error: https://prehraj.to/svihaci-1080p-2026-cz-dabing-mkv/666787a332f2c0f3 | resolve_failed: HTTP 502 wrapping permanent upstream error: https://prehraj.to/svihaci-2026-cz-dabing-mkv/2067427d8701f4e8,666787a332f2c0f3;2067427d8701f4e8
