Initial state for filmy.prehrajto@email.cz: 417 preexisting uploads matched from profile export.

===== run 2026-06-16T18:27:36Z shard=0/2 batch_size=20 (https://github.com/Olbrasoft/prehrajto-to-prehrajto/actions/runs/27639113560) =====
[18:27:37] batch-start shard=0/2 count=20 backlog=10210 uploads=417 failed_attempts=0
[18:27:37] login
[18:27:38] login done
[18:27:38] iteration 1/20
[18:27:38] film cr_film_id=37288 name="Tom Clancy's Jack Ryan: Válka duchů (2026) CZ Dabing" candidates=9
[18:27:38]   candidate upload_id=3c4309b7ee943f04 url=https://prehraj.to/tom-clancy-s-jack-ryan-ghost-war-2026-1080p-cz-dabing/3c4309b7ee943f04
[18:27:39]   resolved in 1.0s → 720p (https://pf-storage4.premiumcdn.net/172273961/jmVHynSBdTYvizMf3OhZbSqoH1oCLdCyDsN…)
[18:28:33]   downloaded 1,770.1 MB in 51.8s (34.2 MB/s)
[18:29:36]   upload done video_id=26020720 in 63.8s
[18:29:37] film cr_film_id=37288 OK in 119.3s
[18:29:37] iteration 2/20
[18:29:37] film cr_film_id=26644 name='Spasitel (2026) CZ Dabing' candidates=51
[18:29:37]   candidate upload_id=3afb009e3b7f22e5 url=https://prehraj.to/spasitel-novinka-2026-cz-dabing-2160p-mkv/3afb009e3b7f22e5
[18:29:38]   resolved in 0.8s → 1080p (https://pf-storage6.premiumcdn.net/171772025/vnghxbIOLHbrfdpcmAFL5I8vUlJCxBH0Rco…)
[19:15:15]   downloaded 3,616.2 MB in 2734.9s (1.3 MB/s)
[19:17:17]   upload done video_id=26021900 in 121.8s
[19:17:18] film cr_film_id=26644 OK in 2860.4s
[19:17:18] iteration 3/20
[19:17:18] film cr_film_id=27616 name='Mortal Kombat II (2026) CZ Dabing' candidates=34
[19:17:18]   candidate upload_id=2129e20ac7d86dd3 url=https://prehraj.to/mortal-kombat-ii-2026-cz-1080p-mov-mp4/2129e20ac7d86dd3
[19:17:19]   resolved in 0.9s → 1080p (https://pf-storage6.premiumcdn.net/171312941/PVziOEIMNUaGTwZh9OhBVI1GSkGhJEUqVS8…)
[19:34:55]   downloaded 1,998.4 MB in 1055.1s (1.9 MB/s)
[19:36:22]   upload done video_id=26022324 in 87.0s
[19:36:23] film cr_film_id=27616 OK in 1145.6s
[19:36:23] iteration 4/20
[19:36:23] film cr_film_id=31702 name='Michael (2026) CZ Dabing' candidates=9
[19:36:23]   candidate upload_id=d618251ea02a98f7 url=https://prehraj.to/michael-2026-cz-dabing-mkv/d618251ea02a98f7
[19:36:24]   resolve FAILED: HTTP 502 wrapping permanent upstream error: https://prehraj.to/michael-2026-cz-dabing-mkv/d618251ea02a98f7 (permanent=True)
[19:36:24]   candidate upload_id=b54ba135d080bfbb url=https://prehraj.to/michael-2026-cz-tit-1080p-hevc-aac-5-1-mkv/b54ba135d080bfbb
[19:36:30]   resolve FAILED: HTTP 502 wrapping permanent upstream error: https://prehraj.to/michael-2026-cz-tit-1080p-hevc-aac-5-1-mkv/b54ba135d080bfbb (permanent=True)
[19:36:30]   candidate upload_id=a0d6d61203cf7c40 url=https://prehraj.to/michael-2026-cz-titulky-1080p/a0d6d61203cf7c40
[19:36:35]   resolve FAILED: HTTP 502 wrapping permanent upstream error: https://prehraj.to/michael-2026-cz-titulky-1080p/a0d6d61203cf7c40 (permanent=True)
[19:36:36]   candidate upload_id=8e3e2f740a2c8cb5 url=https://prehraj.to/michael-2026-cz-titulky-1080p-mkv/8e3e2f740a2c8cb5
[19:36:41]   resolve FAILED: HTTP 502 wrapping permanent upstream error: https://prehraj.to/michael-2026-cz-titulky-1080p-mkv/8e3e2f740a2c8cb5 (permanent=True)
[19:36:41]   candidate upload_id=8b6ae913cdc36f8c url=https://prehraj.to/michael-2026-cz-tit-1080p-hevc-aac-5-1/8b6ae913cdc36f8c
[19:36:47]   resolve FAILED: HTTP 502 wrapping permanent upstream error: https://prehraj.to/michael-2026-cz-tit-1080p-hevc-aac-5-1/8b6ae913cdc36f8c (permanent=True)
[19:36:47]   candidate upload_id=2acb972f06c23b78 url=https://prehraj.to/michael-2026-cz-tit-transl-1080p-hevc-aac-5-1/2acb972f06c23b78
[19:36:52]   resolve FAILED: HTTP 502 wrapping permanent upstream error: https://prehraj.to/michael-2026-cz-tit-transl-1080p-hevc-aac-5-1/2acb972f06c23b78 (permanent=True)
[19:36:52]   candidate upload_id=9b34b5fc8c5bc94f url=https://prehraj.to/michael-2026-hd-kvalita-sk-cz-titulky/9b34b5fc8c5bc94f
[19:36:58]   resolve FAILED: HTTP 502 wrapping permanent upstream error: https://prehraj.to/michael-2026-hd-kvalita-sk-cz-titulky/9b34b5fc8c5bc94f (permanent=True)
[19:36:58]   candidate upload_id=f5b6cc28724e6610 url=https://prehraj.to/michael-2026-cz-1-mkv/f5b6cc28724e6610
[19:37:03]   resolve FAILED: HTTP 502 wrapping permanent upstream error: https://prehraj.to/michael-2026-cz-1-mkv/f5b6cc28724e6610 (permanent=True)
[19:37:03]   candidate upload_id=8575a583655c5a61 url=https://prehraj.to/michael-2026-cz-tit-mkv/8575a583655c5a61
[19:37:09]   resolve FAILED: HTTP 502 wrapping permanent upstream error: https://prehraj.to/michael-2026-cz-tit-mkv/8575a583655c5a61 (permanent=True)
[19:37:09] film cr_film_id=31702 all candidates exhausted
[19:37:09] iteration 5/20
[19:37:09] film cr_film_id=34438 name='Lee Cronin: Mumie (2026) CZ Dabing' candidates=23
[19:37:09]   candidate upload_id=93f578c4870435bb url=https://prehraj.to/lee-cronin-mumie-2026-1080p-horor-cz-dabing/93f578c4870435bb
[19:37:14]   resolve FAILED: HTTP 502 wrapping permanent upstream error: https://prehraj.to/lee-cronin-mumie-2026-1080p-horor-cz-dabing/93f578c4870435bb (permanent=True)
[19:37:14]   candidate upload_id=f80942e3e9843c03 url=https://prehraj.to/lee-cronin-mumie-2026-1080p-cz-dabing/f80942e3e9843c03
[19:37:20]   resolved in 6.0s → 720p (https://pf-storage6.premiumcdn.net/172065317/peZTLzhEjf1DT21tjbIGAhPYsDZiRvI3Rsn…)
[19:38:17]   downloaded 1,997.3 MB in 55.7s (35.9 MB/s)
[19:39:52]   upload done video_id=26022388 in 95.1s
[19:39:54] film cr_film_id=34438 OK in 164.9s
[19:39:54] iteration 6/20
[19:39:54] film cr_film_id=37268 name='Gary (2026) CZ Dabing' candidates=8
[19:39:54]   candidate upload_id=6bf50f363e686873 url=https://prehraj.to/gary-2026-cz-dab-1080p/6bf50f363e686873
[19:39:54]   resolved in 0.8s → 1080p (https://pf-storage6.premiumcdn.net/171535736/0vmH9EIv7tDMiqPfdEFoQIPAsgPfZ2h1bsZ…)
[19:41:11]   downloaded 2,198.5 MB in 75.0s (29.3 MB/s)
[19:42:43]   upload done video_id=26022431 in 92.6s
[19:42:45] film cr_film_id=37268 OK in 171.1s
[19:42:45] iteration 7/20
[19:42:45] film cr_film_id=37234 name='Poslední vlak do Fortune (2025) CZ Dabing' candidates=1
[19:42:45]   candidate upload_id=ff6aad4e9f504f24 url=https://prehraj.to/posledni-vlak-do-fortune-2025-cz-dabing-1080p-mkv/ff6aad4e9f504f24
[19:42:47]   resolved in 2.5s → 720p (https://pf-storage6.premiumcdn.net/171230144/zbMcPmIQgTRvTxqhkdUpkIjWFr4hqGCWVUO…)
[19:52:58]   downloaded 1,456.1 MB in 609.8s (2.4 MB/s)
[19:53:52]   upload done video_id=26022579 in 53.9s
[19:53:54] film cr_film_id=37234 OK in 669.1s
[19:53:54] iteration 8/20
[19:53:54] film cr_film_id=7128 name='Moje tajná Santa (2025) CZ Dabing' candidates=2
[19:53:54]   candidate upload_id=083ca20c18f4f6eb url=https://prehraj.to/moje-tajna-santa-2025-cz-dabing-1080p/083ca20c18f4f6eb
[19:53:55]   resolved in 1.1s → 1080p (https://pf-storage3.premiumcdn.net/156837896/bXVFJlUkjTw1tZOue0HDaUolIJaUQRCygCV…)
[19:55:17]   downloaded 2,611.8 MB in 81.3s (32.1 MB/s)
[19:56:56]   upload done video_id=26022604 in 99.0s
[19:56:58] film cr_film_id=7128 OK in 183.9s
[19:56:58] iteration 9/20
[19:56:58] film cr_film_id=31878 name='Camila Arriva Grupo Bardentreffen 2025 (2025) CZ Dabing' candidates=4
[19:56:58]   candidate upload_id=a8dfaa92f25a1d51 url=https://prehraj.to/norimberg-2025-1080p-cz-dabing-0/a8dfaa92f25a1d51
[19:56:59]   resolved in 1.1s → 720p (https://pf-storage5.premiumcdn.net/168498280/yQ8i09sP9HRMIOqUqvSw8sxEcy1c9ytaJuX…)
[20:14:32]   downloaded 1,798.5 MB in 1052.1s (1.7 MB/s)
[20:15:38]   upload done video_id=26022828 in 66.1s
[20:15:39] film cr_film_id=31878 OK in 1121.7s
[20:15:39] iteration 10/20
[20:15:39] film cr_film_id=27874 name='Závod o slávu (2024) CZ Dabing' candidates=9
[20:15:39]   candidate upload_id=651e2453e598d url=https://prehraj.to/zavod-o-vrchol-2023-czdabing/651e2453e598d
[20:15:40]   resolved in 1.0s → 1080p (https://pf-storage4.premiumcdn.net/47256239/qexhlRFwJHMQh07fgmSkYFAVHK8SBlTlKSo2…)
[20:17:05]   downloaded 3,130.3 MB in 82.8s (37.8 MB/s)
[20:19:22]   upload done video_id=26022870 in 137.4s
[20:19:23] film cr_film_id=27874 OK in 223.7s
[20:19:23] iteration 11/20
[20:19:23] film cr_film_id=7840 name='Francouzka (2024) CZ Dabing' candidates=1
[20:19:23]   candidate upload_id=42595ac083d49140 url=https://prehraj.to/french-girl-2024-cz-dab-1080p/42595ac083d49140
[20:19:24]   resolved in 1.0s → 1080p (https://pf-storage4.premiumcdn.net/155634065/oBZF1Bio5H2PUn4tAOU2ni4AfaLUO5FAjS8…)
[20:20:40]   downloaded 2,732.8 MB in 74.7s (36.6 MB/s)
[20:22:55]   upload done video_id=26022925 in 135.0s
[20:22:56] film cr_film_id=7840 OK in 213.5s
[20:22:56] iteration 12/20
[20:22:56] film cr_film_id=17382 name='Pomsta v srdci (2023) CZ Dabing' candidates=2
[20:22:56]   candidate upload_id=e2658ada4b3a910e url=https://prehraj.to/pomsta-z-plamenu-2023-cz-dab-1080p/e2658ada4b3a910e
[20:22:58]   resolved in 1.3s → 1080p (https://pf-storage6.premiumcdn.net/171200564/3oBtvQir5hE6haRu2WtZAiAZfPvUwkf9ptA…)
[20:30:51]   downloaded 1,731.8 MB in 471.4s (3.7 MB/s)
[20:31:57]   upload done video_id=26023063 in 66.7s
[20:31:59] film cr_film_id=17382 OK in 542.2s
[20:31:59] iteration 13/20
[20:31:59] film cr_film_id=16032 name='Hotel Holiday (2023) CZ Dabing' candidates=8
[20:31:59]   candidate upload_id=679e44a892a32 url=https://prehraj.to/holiday-2023-cz-dabing-1080p/679e44a892a32
[20:32:00]   resolved in 1.0s → 1080p (https://pf-storage1.premiumcdn.net/128700068/xPeh8liVys0aU3wT8rc4OiPzskgsmQhwGcz…)
[20:33:15]   downloaded 2,275.3 MB in 73.6s (30.9 MB/s)
[20:35:05]   upload done video_id=26023092 in 110.1s
[20:35:06] film cr_film_id=16032 OK in 187.5s
[20:35:06] iteration 14/20
[20:35:06] film cr_film_id=6806 name='Zběsilé tlapky: Legenda o Hankovi (2022) CZ Dabing' candidates=1
[20:35:06]   candidate upload_id=6673451e60571 url=https://prehraj.to/zbesile-tlapky-legenda-o-hankovi-2022-1080p-web-dl-x264-cz-dab/6673451e60571
[20:35:07]   resolved in 1.0s → 720p (https://pf-storage4.premiumcdn.net/79452035/yPYI0Ds0AIqnSO9Tjrt1MsnRFqRfZ9F3Audq…)
[20:35:50]   downloaded 1,543.8 MB in 41.6s (37.1 MB/s)
[20:36:59]   upload done video_id=26023109 in 69.2s
[20:37:00] film cr_film_id=6806 OK in 114.2s
[20:37:00] iteration 15/20
[20:37:00] film cr_film_id=6876 name='V žoldu smrti (2022) CZ Dabing' candidates=12
[20:37:00]   candidate upload_id=68650d0bcfa93 url=https://prehraj.to/v-zoldu-smrti-2022-cz-dabing-hd-1080p/68650d0bcfa93
[20:37:01]   resolved in 1.0s → 720p (https://pf-storage4.premiumcdn.net/141087698/PkjSo5c97Id0tK6cv9snrc9YFjkSgPiVKs5…)
[20:37:59]   downloaded 1,752.4 MB in 56.2s (31.2 MB/s)
[20:39:06]   upload done video_id=26023132 in 67.2s
[20:39:07] film cr_film_id=6876 OK in 126.7s
[20:39:07] iteration 16/20
[20:39:07] film cr_film_id=26250 name='Rakeťák (2022) CZ Dabing' candidates=2
[20:39:07]   candidate upload_id=8cf83e0ae56a859c url=https://prehraj.to/raketak-buzz-lightyear-2022-webrip-cz-dabing-mkv/8cf83e0ae56a859c
[20:39:08]   resolved in 0.9s → 480p (https://pf-storage4.premiumcdn.net/170317472/LgoSq0uzGH93CLVtRlc7nuvEcP2hE5fJRsL…)
[20:39:28]   downloaded 642.8 MB in 18.9s (34.0 MB/s)
[20:40:04]   upload done video_id=26023147 in 35.2s
[20:40:05] film cr_film_id=26250 OK in 57.7s
[20:40:05] iteration 17/20
[20:40:05] film cr_film_id=3632 name='Můj policista (2022) CZ Dabing' candidates=5
[20:40:05]   candidate upload_id=28e156f2cd32a5a1 url=https://prehraj.to/muj-policista-2022-cz-dab-1080p/28e156f2cd32a5a1
[20:40:05]   resolved in 0.8s → 720p (https://pf-storage1.premiumcdn.net/168517468/JZauPQTx3UeXsX7iEwfd1TKeI97FMZi5ncr…)
[20:40:38]   downloaded 1,128.6 MB in 31.9s (35.4 MB/s)
[20:41:20]   upload done video_id=26023159 in 41.3s
[20:41:21] film cr_film_id=3632 OK in 76.0s
[20:41:21] iteration 18/20
[20:41:21] film cr_film_id=15198 name='Hranice lásky (2022) CZ Dabing' candidates=3
[20:41:21]   candidate upload_id=0ab7d64466f85ede url=https://prehraj.to/hranice-lasky-2022-cz-dab-1080p-mp4-mp4/0ab7d64466f85ede
[20:41:22]   resolve FAILED: HTTP 502 wrapping permanent upstream error: https://prehraj.to/hranice-lasky-2022-cz-dab-1080p-mp4-mp4/0ab7d64466f85ede (permanent=True)
[20:41:22]   candidate upload_id=09b304cdbd539adf url=https://prehraj.to/hranice-lasky-2022-cz-dab-1080p/09b304cdbd539adf
[20:41:27]   resolve FAILED: HTTP 502 wrapping permanent upstream error: https://prehraj.to/hranice-lasky-2022-cz-dab-1080p/09b304cdbd539adf (permanent=True)
[20:41:27]   candidate upload_id=9b9e812deb6d7128 url=https://prehraj.to/hranice-lasky-cr-2022/9b9e812deb6d7128
[20:41:32]   resolve FAILED: HTTP 502 wrapping permanent upstream error: https://prehraj.to/hranice-lasky-cr-2022/9b9e812deb6d7128 (permanent=True)
[20:41:32] film cr_film_id=15198 all candidates exhausted
[20:41:32] iteration 19/20
[20:41:32] film cr_film_id=1638 name='Život v Heights (2021) CZ Dabing' candidates=2
[20:41:32]   candidate upload_id=61a054c5b8632 url=https://prehraj.to/zivot-v-heights-2021-cz-dabing-cz-titulky-vlozene-do-obrazu-drama-muzikal/61a054c5b8632
[20:41:38]   resolved in 5.9s → 720p (https://pf-storage5.premiumcdn.net/26842090/xnVFg4cmnsG7HE9UYBCmYc9xsxZIn2fAoHZQ…)
[20:43:15]   downloaded 3,020.3 MB in 95.3s (31.7 MB/s)
[20:45:58]   upload done video_id=26023199 in 163.2s
[20:46:00] film cr_film_id=1638 OK in 267.3s
[20:46:00] iteration 20/20
[20:46:00] film cr_film_id=14524 name='Fotr je zpátky (2021) CZ Dabing' candidates=1
[20:46:00]   candidate upload_id=61d091bad24c0 url=https://prehraj.to/fotr-je-zpatky-komedie-vanocni-2021-cz-dabing/61d091bad24c0
[20:46:01]   resolved in 0.9s → 1080p (https://pf-storage3.premiumcdn.net/27974289/w1rCeRhnrce8IZ1UOqswbh19SrncpWIxNCd6…)
[20:47:02]   downloaded 1,928.9 MB in 60.7s (31.8 MB/s)
[20:48:30]   upload done video_id=26023254 in 87.5s
[20:48:31] film cr_film_id=14524 OK in 151.4s
[20:48:31] batch-end ok=18 failed=2 dur=8452.9s avg/film=469.6s remaining=9775 eta_hours=1275.1

===== run 2026-06-16T20:49:07Z shard=0/2 batch_size=20 (https://github.com/Olbrasoft/prehrajto-to-prehrajto/actions/runs/27647192986) =====
[20:49:07] batch-start shard=0/2 count=20 backlog=10210 uploads=435 failed_attempts=13 description_overrides=0
[20:49:07] login
[20:49:09] login done
[20:49:09] iteration 1/20
[20:49:09] film cr_film_id=14782 name='Americká zrůda - Aileen Wuornos (2021) CZ Dabing' candidates=2
[20:49:09]   candidate upload_id=a82c1bf2931f4e02 url=https://prehraj.to/americka-zruda-aileen-wuornos-peyton-list-tobin-bell-lydia-hearst-2021-thriller-bdrip-1080p-cz-dabing/a82c1bf2931f4e02
[20:49:10]   resolved in 1.2s → 720p (https://pf-storage3.premiumcdn.net/167470796/5qKTrJfe0U1KTX5i6wsr7fJGTgxiwptbwuZ…)
[20:49:39]   downloaded 775.8 MB in 27.9s (27.8 MB/s)
[20:50:19]   upload done video_id=26023277 in 39.6s
[20:50:20] film cr_film_id=14782 OK in 71.6s
[20:50:20] iteration 2/20
[20:50:20] film cr_film_id=9356 name='Vlčí parta (2020) CZ Dabing' candidates=2
[20:50:20]   candidate upload_id=6676e7dc45d9f url=https://prehraj.to/vlci-parta-2020-cz-dab/6676e7dc45d9f
[20:50:21]   resolved in 1.0s → 1080p (https://pf-storage1.premiumcdn.net/79986332/dj0Hr3fxqcwzUWxHxbSOQfLgcKntXVteGC4X…)
[20:51:28]   downloaded 1,951.0 MB in 65.4s (29.8 MB/s)
[20:53:01]   upload done video_id=26023301 in 92.6s
[20:53:02] film cr_film_id=9356 OK in 161.8s
[20:53:02] iteration 3/20
[20:53:02] film cr_film_id=5924 name='Nechte je všechny mluvit (2020) CZ Dabing' candidates=5
[20:53:02]   candidate upload_id=5fd5318ba99b6 url=https://prehraj.to/let-them-all-talk-2020-czdab/5fd5318ba99b6
[20:53:03]   resolved in 1.0s → 720p (https://pf-storage5.premiumcdn.net/20744100/PEYhMdUlYtyZFvYsy5S9WUpEHbjcODHnZuwj…)
[20:53:47]   downloaded 1,263.5 MB in 42.4s (29.8 MB/s)
[20:54:43]   upload done video_id=26023344 in 56.3s
[20:54:44] film cr_film_id=5924 OK in 102.3s
[20:54:44] iteration 4/20
[20:54:44] film cr_film_id=7932 name='Krycí jméno Lev (2020) CZ Dabing' candidates=2
[20:54:44]   candidate upload_id=6671c88564dd3 url=https://prehraj.to/kryci-jmeno-lev-2020-cz-dab/6671c88564dd3
[20:54:45]   resolved in 0.9s → 720p (https://pf-storage3.premiumcdn.net/79240742/YVOc6gsGeh3ksXWTyATKbs06HRAhN6t90syl…)
[20:55:39]   downloaded 1,488.4 MB in 52.5s (28.4 MB/s)
[20:56:31]   upload done video_id=26023372 in 51.8s
[20:56:32] film cr_film_id=7932 OK in 107.7s
[20:56:32] iteration 5/20
[20:56:32] film cr_film_id=10346 name='Ve stínu gangu (2019) CZ Dabing' candidates=3
[20:56:32]   candidate upload_id=52a2b5bca3b1682c url=https://prehraj.to/ve-stinu-gangu-2019-cz-dab-mp4/52a2b5bca3b1682c
[20:56:33]   resolved in 1.0s → 480p (https://pf-storage5.premiumcdn.net/155240763/41GhPks0ySRWIQYC8wtNEsqYTx9hA1C3luO…)
[20:56:54]   downloaded 515.5 MB in 19.7s (26.2 MB/s)
[20:57:14]   upload done video_id=26023393 in 19.8s
[20:57:15] film cr_film_id=10346 OK in 43.1s
[20:57:15] iteration 6/20
[20:57:15] film cr_film_id=14260 name='Párty Hárd (2019) CZ Dabing' candidates=2
[20:57:15]   candidate upload_id=12ebaaeee9db9616 url=https://prehraj.to/party-hard-2019-cz-dab-1080p/12ebaaeee9db9616
[20:57:16]   resolve FAILED: HTTP 502 wrapping permanent upstream error: https://prehraj.to/party-hard-2019-cz-dab-1080p/12ebaaeee9db9616 (permanent=True)
[20:57:16]   candidate upload_id=46adb953766fa2a7 url=https://prehraj.to/party-hard-cz-2020/46adb953766fa2a7
[20:57:22]   resolved in 6.0s → 720p (https://pf-storage4.premiumcdn.net/166292963/oMNIRluZaIeYF7jsNrIGaukwIQyfYVfg0IA…)
[20:57:49]   downloaded 881.2 MB in 26.1s (33.8 MB/s)
[20:58:23]   upload done video_id=26023405 in 33.6s
[20:58:24] film cr_film_id=14260 OK in 68.9s
[20:58:24] iteration 7/20
[20:58:24] film cr_film_id=16998 name='Osudová výzva (2019) CZ Dabing' candidates=4
[20:58:24]   candidate upload_id=bbe3101d47a541d0 url=https://prehraj.to/the-dare-2019-cz-dab-720p/bbe3101d47a541d0
[20:58:25]   resolved in 0.9s → 720p (https://pf-storage5.premiumcdn.net/168356275/Ba3ibZfVnFJ3skRTj9I3EfQ4slXtPahxdSK…)
[20:58:51]   downloaded 819.5 MB in 24.1s (34.0 MB/s)
[20:59:21]   upload done video_id=26023434 in 30.4s
[20:59:22] film cr_film_id=16998 OK in 58.4s
[20:59:22] iteration 8/20
[20:59:22] film cr_film_id=2600 name='Batman vs. Hush (2019) CZ Dabing' candidates=4
[20:59:22]   candidate upload_id=60c98bff278ca url=https://prehraj.to/batman-vs-hush-anim-2019-cz-dabing/60c98bff278ca
[20:59:23]   resolved in 1.0s → 1080p (https://pf-storage5.premiumcdn.net/23911641/pQlcRjS9YU8bImaIBQSg9S74ijeIkKUaQsYy…)
[21:01:10]   downloaded 1,472.9 MB in 105.9s (13.9 MB/s)
[21:02:15]   upload done video_id=26023494 in 64.7s
[21:02:16] film cr_film_id=2600 OK in 173.9s
[21:02:16] iteration 9/20
[21:02:16] film cr_film_id=6610 name='Addamsova rodina (2019) CZ Dabing' candidates=3
[21:02:16]   candidate upload_id=68bc89e433a6f url=https://prehraj.to/addamsova-rodina-2019-1080p-sk-cz-dab/68bc89e433a6f
[21:02:17]   resolved in 1.0s → 720p (https://pf-storage1.premiumcdn.net/145618923/DX9FMBSpkhzqHK8S2qFWgSbPhg6uv0HKWTM…)
[21:03:02]   downloaded 1,244.8 MB in 43.2s (28.8 MB/s)
[21:03:55]   upload done video_id=26023540 in 53.3s
[21:03:56] film cr_film_id=6610 OK in 100.2s
[21:03:56] iteration 10/20
[21:03:56] film cr_film_id=17118 name='Zrádný obdivovatel (2018) CZ Dabing' candidates=5
[21:03:56]   candidate upload_id=63aced5f02c66 url=https://prehraj.to/zradny-obdivovatel-2018-czdab/63aced5f02c66
[21:03:57]   resolved in 1.1s → 1080p (https://pf-storage3.premiumcdn.net/35801188/Y7oINnFbBiyZCvDTVqSvJFvqCyWSrkSMDs7e…)
[21:06:20]   downloaded 1,793.6 MB in 141.1s (12.7 MB/s)
[21:07:52]   upload done video_id=26023626 in 92.7s
[21:07:53] film cr_film_id=17118 OK in 237.1s
[21:07:53] iteration 11/20
[21:07:53] film cr_film_id=29794 name='Vánoční vesnička (2018) CZ Dabing' candidates=1
[21:07:53]   candidate upload_id=5df4f9badba5e url=https://prehraj.to/vanocni-vesnicka-komedie-2018-cz-dabing/5df4f9badba5e
[21:07:54]   resolved in 1.0s → 720p (https://pf-storage5.premiumcdn.net/15453481/yKnfn9uD9s97C1JSAzSxvu70fnkFGzH9aC1w…)
[21:08:31]   downloaded 971.6 MB in 34.4s (28.2 MB/s)
[21:09:08]   upload done video_id=26023686 in 37.3s
[21:09:09] film cr_film_id=29794 OK in 75.4s
[21:09:09] iteration 12/20
[21:09:09] film cr_film_id=19078 name='Traffik (2018) CZ Dabing' candidates=4
[21:09:09]   candidate upload_id=605dff2ee06a0 url=https://prehraj.to/traffik-akcni-2018-cz-dabing/605dff2ee06a0
[21:09:10]   resolved in 0.9s → 480p (https://pf-storage3.premiumcdn.net/22821267/92EuA2s3PfgGS0LcArILVs7GcgjupAUlGI5g…)
[21:09:26]   downloaded 466.0 MB in 14.5s (32.1 MB/s)
[21:09:49]   upload done video_id=26023715 in 23.3s
[21:09:50] film cr_film_id=19078 OK in 41.3s
[21:09:50] iteration 13/20
[21:09:50] film cr_film_id=17482 name='Pobřeží smrti (2018) CZ Dabing' candidates=1
[21:09:50]   candidate upload_id=5f5ddc662287d url=https://prehraj.to/pobrezi-smrti-thriller-2018-cz-dabing/5f5ddc662287d
[21:09:51]   resolved in 1.0s → 1080p (https://pf-storage5.premiumcdn.net/18597789/Lwoh5KF4RTAQF4gUVjCk9F4eiYAFBRIjktAV…)
[21:10:41]   downloaded 1,402.3 MB in 48.0s (29.2 MB/s)
[21:11:37]   upload done video_id=26023745 in 56.7s
[21:11:38] film cr_film_id=17482 OK in 108.3s
[21:11:38] iteration 14/20
[21:11:38] film cr_film_id=1396 name='Osmá třída (2018) CZ Dabing' candidates=3
[21:11:38]   candidate upload_id=23336e7de24ad304 url=https://prehraj.to/osma-trida-2018-cz-dab-1080p/23336e7de24ad304
[21:11:39]   resolved in 1.0s → 1080p (https://pf-storage4.premiumcdn.net/165891137/ER7Sw3IgqHdbt7gTdBUGQIa6H8nsnOCr2h3…)
[21:12:58]   downloaded 2,247.8 MB in 76.9s (29.2 MB/s)
[21:14:25]   upload done video_id=26023783 in 87.6s
[21:14:27] film cr_film_id=1396 OK in 168.1s
[21:14:27] iteration 15/20
[21:14:27] film cr_film_id=30832 name='Once Upon a Deadpool (2018) CZ Dabing' candidates=2
[21:14:27]   candidate upload_id=40c34500499aa7a9 url=https://prehraj.to/once-upon-a-deadpool-2018-cz-dab-720p/40c34500499aa7a9
[21:14:28]   resolved in 1.0s → 480p (https://pf-storage3.premiumcdn.net/167066933/XdXcnaTMoI8Os3pSXLuGlTXoty6s4vcnVC3…)
[21:15:21]   downloaded 1,512.1 MB in 52.3s (28.9 MB/s)
[21:16:19]   upload done video_id=26023814 in 58.0s
[21:16:20] film cr_film_id=30832 OK in 113.8s
[21:16:20] iteration 16/20
[21:16:20] film cr_film_id=1326 name='Klér (2018) CZ Dabing' candidates=7
[21:16:20]   candidate upload_id=62908b439fba3 url=https://prehraj.to/kler-2018-1080p-bluray-cz-dabing-miki/62908b439fba3
[21:16:23]   resolved in 2.2s → 720p (https://pf-storage3.premiumcdn.net/30979742/aK4Um7FgNIqXTaRun5hOQFVAI1ehrWuVdhbO…)
[21:17:43]   downloaded 2,355.0 MB in 78.5s (30.0 MB/s)
[21:19:10]   upload done video_id=26023857 in 87.7s
[21:19:11] film cr_film_id=1326 OK in 171.2s
[21:19:11] iteration 17/20
[21:19:11] film cr_film_id=17126 name='Gloria Bell (2018) CZ Dabing' candidates=4
[21:19:11]   candidate upload_id=5e36eba38d5a9 url=https://prehraj.to/zamilovana-gloria-drama-2018-cz-dabing/5e36eba38d5a9
[21:19:12]   resolved in 1.0s → 480p (https://pf-storage2.premiumcdn.net/15770671/gbwiyEfWJTxMsADU0ZuApfr6TzPcdzSDrTPY…)
[21:19:46]   downloaded 385.0 MB in 32.2s (12.0 MB/s)
[21:20:04]   upload done video_id=26023900 in 17.9s
[21:20:05] film cr_film_id=17126 OK in 53.6s
[21:20:05] iteration 18/20
[21:20:05] film cr_film_id=17578 name='Agatha a podstata vraždy (2018) CZ Dabing' candidates=1
[21:20:05]   candidate upload_id=5db9a85c8315b url=https://prehraj.to/agatha-a-podstata-vrazdy-ineson-2018-cz-dabing/5db9a85c8315b
[21:20:07]   resolved in 1.7s → 1080p (https://pf-storage1.premiumcdn.net/15154402/x4jSQlUjzizYFoaHn3fY4UBwig6im8IabIOM…)
[21:22:43]   downloaded 1,479.8 MB in 154.7s (9.6 MB/s)
[21:23:53]   upload done video_id=26023959 in 70.3s
[21:23:54] film cr_film_id=17578 OK in 229.2s
[21:23:54] iteration 19/20
[21:23:54] film cr_film_id=37300 name='Žaba (2017) CZ Dabing' candidates=7
[21:23:54]   candidate upload_id=5c53d4161517b url=https://prehraj.to/pan-ucitel-zabak-cz-dabing/5c53d4161517b
[21:23:56]   resolved in 1.9s → 720p (https://pf-storage5.premiumcdn.net/11523883/El9uG1i1ltp7cq8hLBflAi17U9DUQmsbWTl2…)
[21:24:30]   downloaded 907.2 MB in 32.0s (28.3 MB/s)
[21:25:12]   upload done video_id=26023995 in 42.4s
[21:25:13] film cr_film_id=37300 OK in 79.1s
[21:25:13] iteration 20/20
[21:25:13] film cr_film_id=7284 name='Tichá msta (2017) CZ Dabing' candidates=12
[21:25:13]   candidate upload_id=5ec2c6ec7e1c6 url=https://prehraj.to/ticha-msta-akcni-2017-cz-dabing/5ec2c6ec7e1c6
[21:25:14]   resolved in 1.0s → 720p (https://pf-storage5.premiumcdn.net/16578753/8kVcm6FgPtaLtj5I09igQFv4irPtbPfj0cYb…)
[21:25:49]   downloaded 1,143.6 MB in 33.3s (34.3 MB/s)
[21:26:38]   upload done video_id=26024018 in 48.4s
[21:26:39] film cr_film_id=7284 OK in 85.4s
[21:26:39] batch-end ok=20 failed=0 dur=2250.3s avg/film=112.5s remaining=9755 eta_hours=304.8

===== run 2026-06-16T21:38:02Z shard=0/2 batch_size=20 (https://github.com/Olbrasoft/prehrajto-to-prehrajto/actions/runs/27649836659) =====
[21:38:03] batch-start shard=0/2 count=20 backlog=10210 uploads=455 failed_attempts=14 description_overrides=0
[21:38:03] login
[21:38:05] login done
[21:38:05] iteration 1/20
[21:38:05] film cr_film_id=16828 name='Sicilské přízraky (2017) CZ Dabing' candidates=1
[21:38:05]   candidate upload_id=5da745514b57a url=https://prehraj.to/sicilske-prizraky-fernandez-2017-cz-dabing/5da745514b57a
[21:38:06]   resolved in 1.1s → 480p (https://pf-storage5.premiumcdn.net/15070816/JP1TVxUz3IW1hlyHB8UnwUe4frvIzmIMGcAZ…)
[21:38:30]   downloaded 452.5 MB in 22.2s (20.4 MB/s)
[21:38:54]   upload done video_id=26024196 in 23.4s
[21:38:56] film cr_film_id=16828 OK in 50.8s
[21:38:56] iteration 2/20
[21:38:56] film cr_film_id=37248 name='Professor Marston and the Wonder Women (2017) CZ Dabing' candidates=5
[21:38:56]   candidate upload_id=5a8573c7d7d4e url=https://prehraj.to/professor-marston-and-the-wonder-women-cz-dab-2017-jad/5a8573c7d7d4e
[21:38:57]   resolved in 1.1s → 480p (https://pf-storage1.premiumcdn.net/3396772/Y2KhDkFKLCJmcxms4BFN1FedtNzt0Jh6WS1ah…)
[21:39:32]   downloaded 400.4 MB in 32.9s (12.2 MB/s)
[21:39:52]   upload done video_id=26024213 in 20.5s
[21:39:53] film cr_film_id=37248 OK in 57.6s
[21:39:53] iteration 3/20
[21:39:53] film cr_film_id=33400 name='Lila - Dívka z knihy (2017) CZ Dabing' candidates=1
[21:39:53]   candidate upload_id=5c7d4c3d8f846 url=https://prehraj.to/lila-divka-z-knihy-anim-2019-cz-dabing/5c7d4c3d8f846
[21:39:54]   resolved in 1.1s → 720p (https://pf-storage1.premiumcdn.net/12270247/y8DTrBIJrUabcE4i45IdOIDNt7juQVtvQCg1…)
[21:40:39]   downloaded 869.4 MB in 42.7s (20.4 MB/s)
[21:41:24]   upload done video_id=26024227 in 45.3s
[21:41:25] film cr_film_id=33400 OK in 92.0s
[21:41:25] iteration 4/20
[21:41:25] film cr_film_id=33052 name='Kingova pomsta (2017) CZ Dabing' candidates=3
[21:41:25]   candidate upload_id=66c347e42662d url=https://prehraj.to/kingova-pomsta-akcni-2016-cz-dab/66c347e42662d
[21:41:26]   resolved in 1.1s → 720p (https://pf-storage5.premiumcdn.net/91474670/lVgUj1CdATJrfKdCWMcr0CkeI5LsgVs4eTkd…)
[21:44:00]   downloaded 2,204.2 MB in 151.6s (14.5 MB/s)
[21:45:59]   upload done video_id=26024277 in 119.2s
[21:46:01] film cr_film_id=33052 OK in 275.4s
[21:46:01] iteration 5/20
[21:46:01] film cr_film_id=16610 name='Virtuální revoluce (2016) CZ Dabing' candidates=1
[21:46:01]   candidate upload_id=5eedab8676023 url=https://prehraj.to/virtualni-revoluce-sci-fi-2016-cz-dabing/5eedab8676023
[21:46:02]   resolved in 1.4s → 720p (https://pf-storage3.premiumcdn.net/16984440/Y3giOzUywS8OsxPs2Ri6yU8yclOHKXI5liq2…)
[21:47:08]   downloaded 1,420.5 MB in 63.5s (22.4 MB/s)
[21:48:18]   upload done video_id=26024310 in 70.7s
[21:48:21] film cr_film_id=16610 OK in 140.1s
[21:48:21] iteration 6/20
[21:48:21] film cr_film_id=20456 name='The Veil (2016) CZ Dabing' candidates=6
[21:48:21]   candidate upload_id=6059af65471bb url=https://prehraj.to/the-veil-horor-2016-cz-dabing/6059af65471bb
[21:48:22]   resolved in 1.1s → 480p (https://pf-storage2.premiumcdn.net/22774448/XYZsZEhPZTxATdlUeGtRVhVzh7lIQPFrzHyx…)
[21:48:48]   downloaded 513.4 MB in 23.7s (21.7 MB/s)
[21:49:33]   upload done video_id=26024338 in 45.7s
[21:49:34] film cr_film_id=20456 OK in 73.7s
[21:49:34] iteration 7/20
[21:49:34] film cr_film_id=7028 name='Proti všem (2016) CZ Dabing' candidates=3
[21:49:34]   candidate upload_id=5ab76513e177b url=https://prehraj.to/proti-vlastni-krvi-akcni-krimi-thriller-2016-cz-dabing/5ab76513e177b
[21:49:36]   resolved in 1.1s → 480p (https://pf-storage1.premiumcdn.net/3732668/JLVFYxiXjs5pHBWCkRtoniQyuz1FOqSpqhawS…)
[21:50:02]   downloaded 486.5 MB in 24.4s (19.9 MB/s)
[21:50:34]   upload done video_id=26024356 in 31.7s
[21:50:35] film cr_film_id=7028 OK in 60.4s
[21:50:35] iteration 8/20
[21:50:35] film cr_film_id=20278 name='Miliardové výkupné (2016) CZ Dabing' candidates=8
[21:50:35]   candidate upload_id=58b2ee3e56040 url=https://prehraj.to/miliardove-vykupne-2016-1080p-cz-dab/58b2ee3e56040
[21:50:36]   resolved in 1.4s → 720p (https://pf-storage1.premiumcdn.net/1756694/k7GtjJuExUgLHZDh5Dh4luamI5ZTQvF7ahWJh…)
[21:52:01]   downloaded 1,928.0 MB in 82.4s (23.4 MB/s)
[21:53:46]   upload done video_id=26024382 in 105.5s
[21:53:48] film cr_film_id=20278 OK in 192.8s
[21:53:48] iteration 9/20
[21:53:48] film cr_film_id=16024 name='Neklidná mysl (2015) CZ Dabing' candidates=1
[21:53:48]   candidate upload_id=5d48410824257 url=https://prehraj.to/neklidna-mysl-holmes-2015-cz-dabing/5d48410824257
[21:53:49]   resolved in 1.0s → 720p (https://pf-storage1.premiumcdn.net/14551836/5wQSx3UoLuR3FX5sNOSM1UvYtXpt5mSQZfz2…)
[21:55:36]   downloaded 1,702.7 MB in 105.5s (16.1 MB/s)
[21:56:57]   upload done video_id=26024432 in 80.8s
[21:56:58] film cr_film_id=16024 OK in 190.7s
[21:56:58] iteration 10/20
[21:56:58] film cr_film_id=16452 name='Bez možnosti úniku (2015) CZ Dabing' candidates=5
[21:56:58]   candidate upload_id=5e0cc71a8d9cd url=https://prehraj.to/containment-horor-2015-cz-dabing/5e0cc71a8d9cd
[21:57:00]   resolved in 1.5s → 720p (https://pf-storage1.premiumcdn.net/15571588/r5NiJGIyMtgnHWBinvS9rIdAcxaCvBs80h8M…)
[21:57:45]   downloaded 949.4 MB in 43.7s (21.7 MB/s)
[21:58:32]   upload done video_id=26024468 in 46.5s
[21:58:33] film cr_film_id=16452 OK in 94.8s
[21:58:33] iteration 11/20
[21:58:33] film cr_film_id=16088 name='Válka bez pravidel (2014) CZ Dabing' candidates=1
[21:58:33]   candidate upload_id=6051eadd09621 url=https://prehraj.to/valka-bez-pravidel-krimi-2014-cz-dabing/6051eadd09621
[21:58:34]   resolved in 1.2s → 480p (https://pf-storage4.premiumcdn.net/22697606/2knhNmTrYc5AtGaIm1F0ATm7Iebsgjh1oSbY…)
[21:58:55]   downloaded 456.0 MB in 19.0s (24.0 MB/s)
[21:59:26]   upload done video_id=26024485 in 30.7s
[21:59:27] film cr_film_id=16088 OK in 54.0s
[21:59:27] iteration 12/20
[21:59:27] film cr_film_id=37256 name='Vampírky 2 (2014) CZ Dabing' candidates=3
[21:59:27]   candidate upload_id=610bf981cf157 url=https://prehraj.to/vampirky-cz-dabing/610bf981cf157
[21:59:28]   resolved in 1.2s → 720p (https://pf-storage3.premiumcdn.net/24506783/5eXiWYFzWU3OFV6Iv5CwoF6KSPECrGi0gUzJ…)
[22:00:43]   downloaded 1,580.2 MB in 72.5s (21.8 MB/s)
[22:02:12]   upload done video_id=26024515 in 89.6s
[22:02:14] film cr_film_id=37256 OK in 166.5s
[22:02:14] iteration 13/20
[22:02:14] film cr_film_id=33302 name='Top Gear: Patagonský speciál (2014) CZ Dabing' candidates=2
[22:02:14]   candidate upload_id=335a5310efb2862c url=https://prehraj.to/top-gear-patagonsky-special-2014-cz-dabing-1080p-mkv/335a5310efb2862c
[22:02:15]   resolved in 1.1s → 1080p (https://pf-storage5.premiumcdn.net/164156117/bZjHpZUzvSlxfKPUbzSWlUEah3ehNduN4c2…)
[22:04:43]   downloaded 4,019.7 MB in 145.8s (27.6 MB/s)
[22:08:20]   upload done video_id=26024583 in 217.2s
[22:08:21] film cr_film_id=33302 OK in 367.5s
[22:08:21] iteration 14/20
[22:08:21] film cr_film_id=33804 name='The Roughnecks (2014) CZ Dabing' candidates=1
[22:08:21]   candidate upload_id=60de6c2b829ca url=https://prehraj.to/drsnacky-cz-dabing-2015-komedie/60de6c2b829ca
[22:08:22]   resolved in 1.2s → 480p (https://pf-storage3.premiumcdn.net/24120366/qwJfGJiJRIovu8vTmwCD9i8jFl1SjdTGetZX…)
[22:08:47]   downloaded 571.8 MB in 22.8s (25.1 MB/s)
[22:09:17]   upload done video_id=26024660 in 30.0s
[22:09:19] film cr_film_id=33804 OK in 57.6s
[22:09:19] iteration 15/20
[22:09:19] film cr_film_id=28522 name='Seal Team 8: Za nepřátelskou linií (2014) CZ Dabing' candidates=2
[22:09:19]   candidate upload_id=61c25e70c566b url=https://prehraj.to/seal-team-8-za-nepratelskou-linii-cz-dabing-akcni-valecny-2014/61c25e70c566b
[22:09:20]   resolved in 1.2s → 480p (https://pf-storage4.premiumcdn.net/27654327/DbZfL2cpBILMi7guV1H8XcOnHwWI3vtgbSGb…)
[22:10:06]   downloaded 884.1 MB in 44.2s (20.0 MB/s)
[22:10:48]   upload done video_id=26024680 in 42.1s
[22:10:49] film cr_film_id=28522 OK in 90.6s
[22:10:49] iteration 16/20
[22:10:49] film cr_film_id=16596 name='Scooby Doo! Frankenhrůza (2014) CZ Dabing' candidates=2
[22:10:49]   candidate upload_id=55dc66cc24db2 url=https://prehraj.to/scooby-doo-frankenhruza-cz-dabing-novinka-2015/55dc66cc24db2
[22:10:51]   resolved in 1.5s → 480p (https://pf-storage5.premiumcdn.net/224641/L0Asr6IOju63tmQTe2hGeIVZFl6TO8HkNcXlH6…)
[22:11:15]   downloaded 444.1 MB in 21.8s (20.4 MB/s)
[22:11:38]   upload done video_id=26024696 in 23.7s
[22:11:40] film cr_film_id=16596 OK in 50.3s
[22:11:40] iteration 17/20
[22:11:40] film cr_film_id=16432 name='My Little Pony: Equestria Girls II (2014) CZ Dabing' candidates=2
[22:11:40]   candidate upload_id=6053c92529a66 url=https://prehraj.to/my-little-pony-equestria-girls-ii-anim-2014-cz-dabing/6053c92529a66
[22:11:41]   resolved in 1.1s → 480p (https://pf-storage5.premiumcdn.net/22710128/XwRf6zILQf78ceYfaMFAoI69SA7uLEcOmhbD…)
[22:12:02]   downloaded 370.0 MB in 19.3s (19.2 MB/s)
[22:12:20]   upload done video_id=26024704 in 18.7s
[22:12:22] film cr_film_id=16432 OK in 41.9s
[22:12:22] iteration 18/20
[22:12:22] film cr_film_id=28322 name='Zlatý věk formule 1 (2013) CZ Dabing' candidates=3
[22:12:22]   candidate upload_id=5ce4267e5607b url=https://prehraj.to/zlaty-vek-formule-1-dokument-2013-cz-dabing/5ce4267e5607b
[22:12:23]   resolved in 1.2s → 480p (https://pf-storage5.premiumcdn.net/13533807/8Vjc21uLmc4dtj1U0XsYgu8VcwgIa7TGRIP8…)
[22:13:18]   downloaded 1,189.3 MB in 52.9s (22.5 MB/s)
[22:14:18]   upload done video_id=26024730 in 60.5s
[22:14:19] film cr_film_id=28322 OK in 117.6s
[22:14:19] iteration 19/20
[22:14:19] film cr_film_id=28084 name='Sametové ráno (2013) CZ Dabing' candidates=1
[22:14:19]   candidate upload_id=58481ee4664f3 url=https://prehraj.to/sametove-rano-some-velvet-morning-2013-cz-dabing/58481ee4664f3
[22:14:20]   resolved in 1.2s → 480p (https://pf-storage2.premiumcdn.net/1050315/6XOs6BTp6iE1i0LcO3tE0TVJHLvfxgCpjcE2u…)
[22:14:43]   downloaded 404.7 MB in 20.4s (19.8 MB/s)
[22:15:06]   upload done video_id=26024748 in 22.9s
[22:15:07] film cr_film_id=28084 OK in 47.6s
[22:15:07] iteration 20/20
[22:15:07] film cr_film_id=19974 name='Pokrevní pouto (2013) CZ Dabing' candidates=2
[22:15:07]   candidate upload_id=680fecf1e30ff url=https://prehraj.to/pokrevni-pouto-clive-owen-billy-crudup-mila-kunis-zoe-saldana-2013-krimi-drama-thriller-bdrip-1080p-cz-dabing/680fecf1e30ff
[22:15:08]   resolved in 0.8s → 720p (https://pf-storage5.premiumcdn.net/136491623/Az4T97IWxSg9sL4U95h15IdgcWVSr1SN9Co…)
[22:16:44]   downloaded 1,878.1 MB in 94.4s (19.9 MB/s)
[22:18:09]   upload done video_id=26024773 in 85.1s
[22:18:10] film cr_film_id=19974 OK in 183.4s
[22:18:10] batch-end ok=20 failed=0 dur=2405.3s avg/film=120.3s remaining=9735 eta_hours=325.3

===== run 2026-06-16T22:18:43Z shard=0/2 batch_size=20 (https://github.com/Olbrasoft/prehrajto-to-prehrajto/actions/runs/27651854761) =====
[22:18:45] batch-start shard=0/2 count=20 backlog=10210 uploads=475 failed_attempts=14 description_overrides=0
[22:18:45] login
[22:18:46] login done
[22:18:46] iteration 1/20
[22:18:46] film cr_film_id=28472 name='My Little Pony: Equestria Girls (2013) CZ Dabing' candidates=4
[22:18:46]   candidate upload_id=6050eeeece116 url=https://prehraj.to/my-little-pony-equestria-girls-anim-2013-cz-dabing/6050eeeece116
[22:18:47]   resolved in 1.0s → 480p (https://pf-storage5.premiumcdn.net/22691906/n9BubqsWvS3jsn7Ig2c8asdLFxdIOrT2PC8x…)
[22:19:04]   downloaded 475.4 MB in 14.7s (32.3 MB/s)
[22:19:28]   upload done video_id=26024798 in 24.3s
[22:19:29] film cr_film_id=28472 OK in 42.6s
[22:19:29] iteration 2/20
[22:19:29] film cr_film_id=32224 name='Dark Touch (2013) CZ Dabing' candidates=1
[22:19:29]   candidate upload_id=55ae333e2ec44 url=https://prehraj.to/dark-touch-2013-horor-cz-dabing-krufo/55ae333e2ec44
[22:19:30]   resolved in 1.0s → 480p (https://pf-storage2.premiumcdn.net/518871/dj3TdbS71t48IJyUQqIeQSNEcrDIyxhB4CzoTz…)
[22:19:44]   downloaded 306.6 MB in 12.7s (24.1 MB/s)
[22:20:02]   upload done video_id=26024811 in 18.2s
[22:20:03] film cr_film_id=32224 OK in 34.5s
[22:20:03] iteration 3/20
[22:20:03] film cr_film_id=32370 name='12 kol: Reloaded (2013) CZ Dabing' candidates=2
[22:20:03]   candidate upload_id=57af695893dc9 url=https://prehraj.to/12-kol-2-reloaded-2013-cz-dabing/57af695893dc9
[22:20:36]   resolved in 32.7s → 480p (https://pf-storage2.premiumcdn.net/412169/n1Lf6xsBvTrqTnkflZURBsAbH2dC93To8Iyqu1…)
[22:20:58]   downloaded 530.5 MB in 20.0s (26.5 MB/s)
[22:21:18]   upload done video_id=26024837 in 20.6s
[22:21:19] film cr_film_id=32370 OK in 75.9s
[22:21:19] iteration 4/20
[22:21:19] film cr_film_id=28122 name='Ten (2012) CZ Dabing' candidates=1
[22:21:19]   candidate upload_id=58472afd81374 url=https://prehraj.to/ten-nejvetsi-cz-dabing-100-dobra-kvalita-2012-by-pablos32/58472afd81374
[22:21:20]   resolved in 1.1s → 480p (https://pf-storage3.premiumcdn.net/1039315/LmMsGVF5Ef3LFVXU1eU78FJ7fpQuLxul8f9zc…)
[22:21:40]   downloaded 566.9 MB in 18.2s (31.1 MB/s)
[22:22:07]   upload done video_id=26024848 in 27.4s
[22:22:09] film cr_film_id=28122 OK in 49.3s
[22:22:09] iteration 5/20
[22:22:09] film cr_film_id=35400 name='Sněhurka (2012) CZ Dabing' candidates=2
[22:22:09]   candidate upload_id=37dbc605680d91e6 url=https://prehraj.to/snehurka-a-lovec-2012-cz-dabing/37dbc605680d91e6
[22:22:10]   resolved in 1.1s → 480p (https://pf-storage6.premiumcdn.net/171677741/rlOH4lcyQIpKtq3hzpiEqc4XfZ6s36TLlTx…)
[22:22:35]   downloaded 783.5 MB in 23.5s (33.3 MB/s)
[22:23:10]   upload done video_id=26024865 in 35.2s
[22:23:11] film cr_film_id=35400 OK in 62.4s
[22:23:11] iteration 6/20
[22:23:11] film cr_film_id=35652 name='Koala Johnny: Zrození hrdiny (2012) CZ Dabing' candidates=1
[22:23:11]   candidate upload_id=66d5d3bb32c76 url=https://prehraj.to/johnny-english-sa-vracia-2011-cz-dabing/66d5d3bb32c76
[22:23:12]   resolved in 1.0s → 480p (https://pf-storage4.premiumcdn.net/94070024/30Yiwpso9i06fV1fMRf4AsWac3AcgYI9ocKX…)
[22:23:33]   downloaded 523.3 MB in 19.7s (26.6 MB/s)
[22:23:59]   upload done video_id=26024887 in 25.9s
[22:24:00] film cr_film_id=35652 OK in 48.9s
[22:24:00] iteration 7/20
[22:24:00] film cr_film_id=28010 name='Ghost (2012) CZ Dabing' candidates=1
[22:24:00]   candidate upload_id=5c51d3facbed5 url=https://prehraj.to/ghost-rider-2-cage-2012-cz-dabing/5c51d3facbed5
[22:24:01]   resolved in 1.0s → 480p (https://pf-storage5.premiumcdn.net/11470972/Q3bSaBI24IlkfV7TMzTO9I4VsRPuNaslVTp5…)
[22:24:26]   downloaded 629.2 MB in 23.6s (26.7 MB/s)
[22:24:55]   upload done video_id=26024904 in 29.5s
[22:24:56] film cr_film_id=28010 OK in 56.4s
[22:24:56] iteration 8/20
[22:24:56] film cr_film_id=324 name='Avengers (2012) CZ Dabing' candidates=3
[22:24:56]   candidate upload_id=218d37c927478b63 url=https://prehraj.to/avengers-2012-cz-dabing-hd/218d37c927478b63
[22:24:57]   resolve FAILED: HTTP 502 wrapping permanent upstream error: https://prehraj.to/avengers-2012-cz-dabing-hd/218d37c927478b63 (permanent=True)
[22:24:57]   candidate upload_id=8f5d07db888f86ce url=https://prehraj.to/avengers-2012-1080p-cz-mp4/8f5d07db888f86ce
[22:25:03]   resolve FAILED: HTTP 502 wrapping permanent upstream error: https://prehraj.to/avengers-2012-1080p-cz-mp4/8f5d07db888f86ce (permanent=True)
[22:25:03]   candidate upload_id=081a63c1553cc3f6 url=https://prehraj.to/avangers-2012/081a63c1553cc3f6
[22:25:09]   resolved in 6.1s → 480p (https://pf-storage2.premiumcdn.net/171593030/36eiWBFWRh9RCVMIbeT3XF4Kt0lfQ4tdlcK…)
[22:25:33]   downloaded 752.4 MB in 22.7s (33.1 MB/s)
[22:26:06]   upload done video_id=26024923 in 32.6s
[22:26:07] film cr_film_id=324 OK in 70.5s
[22:26:07] iteration 9/20
[22:26:07] film cr_film_id=27300 name='Ztracen ve vesmíru (2011) CZ Dabing' candidates=13
[22:26:07]   candidate upload_id=60495b68dea40 url=https://prehraj.to/ztracen-ve-vesmiru-sci-fi-2011-cz-dabing/60495b68dea40
[22:26:08]   resolved in 1.0s → 480p (https://pf-storage2.premiumcdn.net/22617092/5VJuwViyZIBmcwaSDNFrji8dTy6hN3IvZumX…)
[22:26:23]   downloaded 359.1 MB in 13.9s (25.8 MB/s)
[22:26:39]   upload done video_id=26024946 in 16.5s
[22:26:40] film cr_film_id=27300 OK in 33.3s
[22:26:40] iteration 10/20
[22:26:40] film cr_film_id=27624 name='Titeuf (Le Film) (2011) CZ Dabing' candidates=1
[22:26:40]   candidate upload_id=58673e1daa67d url=https://prehraj.to/titeuf-cz-dabing-animovany-komedie-francie-2011-pres-multiload-cz/58673e1daa67d
[22:26:41]   resolved in 1.1s → 720p (https://pf-storage2.premiumcdn.net/1259975/BkbT2WUv8cnxFNPIDbF5kUA5uXAcDRtwxfdRh…)
[22:27:09]   downloaded 710.5 MB in 26.4s (26.9 MB/s)
[22:27:48]   upload done video_id=26024960 in 39.2s
[22:27:49] film cr_film_id=27624 OK in 69.3s
[22:27:49] iteration 11/20
[22:27:49] film cr_film_id=34816 name='Avalonská střední (2011) CZ Dabing' candidates=3
[22:27:49]   candidate upload_id=4df1066510eff7a2 url=https://prehraj.to/avalonska-stredni-cz-dabing-drama-rodinny-usa-2010-nejlepsi-filmy-mypage-cz/4df1066510eff7a2
[22:27:51]   resolved in 1.2s → 480p (https://pf-storage6.premiumcdn.net/169675591/kvPcO6iDrTbLS3puaVu9MiJXc9xTzwSDMsr…)
[22:28:09]   downloaded 529.1 MB in 16.7s (31.7 MB/s)
[22:28:30]   upload done video_id=26024978 in 21.4s
[22:28:31] film cr_film_id=34816 OK in 41.6s
[22:28:31] iteration 12/20
[22:28:31] film cr_film_id=15392 name='Yamada, samuraj z Ayothaye (2010) CZ Dabing' candidates=4
[22:28:31]   candidate upload_id=a4638e81a4127d5e url=https://prehraj.to/yamada-samuraj-z-ayothaye-akcni-historicky-2010-czdab-m-avi/a4638e81a4127d5e
[22:28:32]   resolved in 1.0s → 1080p (https://pf-storage1.premiumcdn.net/161647103/Y7NsKZcWYie6fwRULbFdDcBNirNIPbiPRhR…)
[22:30:12]   downloaded 3,093.6 MB in 98.3s (31.5 MB/s)
[22:32:00]   upload done video_id=26025018 in 108.3s
[22:32:01] film cr_film_id=15392 OK in 210.3s
[22:32:01] iteration 13/20
[22:32:01] film cr_film_id=18240 name='TACHO (2010) CZ Dabing' candidates=5
[22:32:01]   candidate upload_id=617c90d749e1c url=https://prehraj.to/tacho-2010-cz-dabing-dvdrip-rabrdabr/617c90d749e1c
[22:32:02]   resolved in 1.0s → 480p (https://pf-storage2.premiumcdn.net/25991635/RLvTxKue3caEc3pFkaUx0u52IE8sn6UwXIbJ…)
[22:32:23]   downloaded 625.4 MB in 19.3s (32.4 MB/s)
[22:32:49]   upload done video_id=26025062 in 26.0s
[22:32:50] film cr_film_id=18240 OK in 48.9s
[22:32:50] iteration 14/20
[22:32:50] film cr_film_id=27066 name='Syčák Hesher (2010) CZ Dabing' candidates=2
[22:32:50]   candidate upload_id=6455b1736e534 url=https://prehraj.to/sycak-hesher-2010-czdab/6455b1736e534
[22:32:51]   resolved in 1.0s → 720p (https://pf-storage4.premiumcdn.net/40249006/PygiJPIdbHwbS6mtjEhWOIj1HA1sjPcMdCp1…)
[22:33:33]   downloaded 1,067.4 MB in 40.6s (26.3 MB/s)
[22:34:16]   upload done video_id=26025084 in 42.1s
[22:34:17] film cr_film_id=27066 OK in 86.3s
[22:34:17] iteration 15/20
[22:34:17] film cr_film_id=27482 name='Ledová smrt (2010) CZ Dabing' candidates=2
[22:34:17]   candidate upload_id=5c7254ab0aa7d url=https://prehraj.to/ledova-smrt-brendan-2010-cz-dabing/5c7254ab0aa7d
[22:34:18]   resolved in 1.0s → 480p (https://pf-storage5.premiumcdn.net/12111676/GdJiBrT2MTwBtPdSzbIEZTabho6IvzFwds9K…)
[22:34:37]   downloaded 479.8 MB in 18.4s (26.1 MB/s)
[22:34:58]   upload done video_id=26025109 in 20.6s
[22:35:00] film cr_film_id=27482 OK in 43.0s
[22:35:00] iteration 16/20
[22:35:00] film cr_film_id=35744 name='Karla & Jonas (2010) CZ Dabing' candidates=1
[22:35:00]   candidate upload_id=5875f15bb49f6 url=https://prehraj.to/karla-a-jonas-dan-detsky-2010-cs-dabing-tvrip/5875f15bb49f6
[22:35:01]   resolved in 1.0s → 480p (https://pf-storage2.premiumcdn.net/1422517/ybJuNMhYqH02Hm0FZbSRmhrgu9DSZECpgToqS…)
[22:35:21]   downloaded 514.1 MB in 19.5s (26.4 MB/s)
[22:35:42]   upload done video_id=26025119 in 21.1s
[22:35:43] film cr_film_id=35744 OK in 43.9s
[22:35:43] iteration 17/20
[22:35:43] film cr_film_id=15088 name='IRIS: Spiknutí zla (2010) CZ Dabing' candidates=1
[22:35:43]   candidate upload_id=586927032f7a2 url=https://prehraj.to/iris-spiknuti-zla-cz-dabing-csfd-58-akcni/586927032f7a2
[22:35:44]   resolved in 1.0s → 480p (https://pf-storage1.premiumcdn.net/1266212/37gT5wfZ1TPwHZgH9yiYGf2pc7pCb1FMPt7Pu…)
[22:36:09]   downloaded 613.3 MB in 23.4s (26.2 MB/s)
[22:36:44]   upload done video_id=26025141 in 34.6s
[22:36:45] film cr_film_id=15088 OK in 61.2s
[22:36:45] iteration 18/20
[22:36:45] film cr_film_id=27056 name='Do morku kosti (2010) CZ Dabing' candidates=4
[22:36:45]   candidate upload_id=5874b9be9269c url=https://prehraj.to/do-morku-kosti-winter-s-bone-2010-cz-dab-kubicak/5874b9be9269c
[22:36:45]   resolved in 0.8s → 480p (https://pf-storage3.premiumcdn.net/1411377/930T8qs1Mh0WtPlS5XUKZsVPU4GTW5u9lSBnC…)
[22:37:11]   downloaded 597.3 MB in 24.2s (24.7 MB/s)
[22:37:36]   upload done video_id=26025166 in 25.3s
[22:37:37] film cr_film_id=27056 OK in 52.8s
[22:37:37] iteration 19/20
[22:37:37] film cr_film_id=27354 name='UFO: Vím co jsem viděl (2009) CZ Dabing' candidates=1
[22:37:37]   candidate upload_id=58529c78bebc9 url=https://prehraj.to/ufo-vim-co-jsem-videl-2009-cz-dabing/58529c78bebc9
[22:37:39]   resolved in 1.1s → 480p (https://pf-storage2.premiumcdn.net/1178283/RJ8iQ1TdqtkKSN6HPzTd2TrqhX2FydCPKUmdC…)
[22:37:59]   downloaded 486.2 MB in 18.9s (25.7 MB/s)
[22:38:23]   upload done video_id=26025181 in 24.0s
[22:38:24] film cr_film_id=27354 OK in 46.2s
[22:38:24] iteration 20/20
[22:38:24] film cr_film_id=30142 name='Slzy radosti (2009) CZ Dabing' candidates=2
[22:38:24]   candidate upload_id=5869bda366c99 url=https://prehraj.to/slzy-radosti-cz-dab-demi-moore-09/5869bda366c99
[22:38:25]   resolved in 0.9s → 480p (https://pf-storage2.premiumcdn.net/1269419/kjvsWEHDlFaqFOgFYvSz9HyGtwpt3YipauKOI…)
[22:38:40]   downloaded 362.4 MB in 14.7s (24.7 MB/s)
[22:38:56]   upload done video_id=26025196 in 15.1s
[22:38:57] film cr_film_id=30142 OK in 33.0s
[22:38:57] batch-end ok=20 failed=0 dur=1210.4s avg/film=60.5s remaining=9715 eta_hours=163.3

===== run 2026-06-16T22:41:33Z shard=0/2 batch_size=20 (https://github.com/Olbrasoft/prehrajto-to-prehrajto/actions/runs/27652903604) =====
[22:41:35] batch-start shard=0/2 count=20 backlog=10210 uploads=495 failed_attempts=16 description_overrides=0
[22:41:35] login
[22:41:36] login done
[22:41:36] iteration 1/20
[22:41:36] film cr_film_id=5940 name='Push (2009) CZ Dabing' candidates=3
[22:41:36]   candidate upload_id=5836bfe33f2d8 url=https://prehraj.to/push-2009-cesky-dabing-novinky-cz-avi-filmy-scifi-thriler-fantasy-avi-cz/5836bfe33f2d8
[22:41:37]   resolved in 1.1s → 480p (https://pf-storage2.premiumcdn.net/919605/dOrtpquNEu7VidwTzGFw1uBxcv5izNsaot1Wtp…)
[22:42:01]   downloaded 735.2 MB in 22.4s (32.8 MB/s)
[22:42:50]   upload done video_id=26025271 in 48.8s
[22:42:51] film cr_film_id=5940 OK in 74.6s
[22:42:51] iteration 2/20
[22:42:51] film cr_film_id=26862 name='Natalee Hollowayová (2009) CZ Dabing' candidates=1
[22:42:51]   candidate upload_id=5852bb3cb8034 url=https://prehraj.to/natalee-hollowayova-2009-cz-dab-nomad1205/5852bb3cb8034
[22:42:54]   resolved in 3.3s → 480p (https://pf-storage2.premiumcdn.net/1178803/zrzH2YhJESZ8uKVhMEuXJh3zFEOI8quV0fPnH…)
[22:43:12]   downloaded 418.9 MB in 16.7s (25.1 MB/s)
[22:43:32]   upload done video_id=26025297 in 19.6s
[22:43:33] film cr_film_id=26862 OK in 42.2s
[22:43:33] iteration 3/20
[22:43:33] film cr_film_id=28140 name='Made (2009) CZ Dabing' candidates=1
[22:43:33]   candidate upload_id=585a5fda95b44 url=https://prehraj.to/made-in-hungaria-hud-rom-komedie-madarsko-2009-cz-dab-720p/585a5fda95b44
[22:43:34]   resolved in 0.7s → 720p (https://pf-storage2.premiumcdn.net/1215970/xDKhykSmEI2WibxU3ji7ESnAikecOEuMXsqzf…)
[22:44:21]   downloaded 1,585.9 MB in 46.3s (34.3 MB/s)
[22:45:30]   upload done video_id=26025326 in 69.2s
[22:45:32] film cr_film_id=28140 OK in 118.5s
[22:45:32] iteration 4/20
[22:45:32] film cr_film_id=27138 name='Děsivá předpověď (2009) CZ Dabing' candidates=3
[22:45:32]   candidate upload_id=580f5830d1fd8 url=https://prehraj.to/desiva-predpoved-2009-cz-dab/580f5830d1fd8
[22:45:33]   resolved in 1.0s → 480p (https://pf-storage2.premiumcdn.net/750979/eKZfR9Tdys4YhqxS9XSo6Tm9HqmtNbUJOfbvtQ…)
[22:45:58]   downloaded 635.2 MB in 24.0s (26.5 MB/s)
[22:46:22]   upload done video_id=26025365 in 24.0s
[22:46:23] film cr_film_id=27138 OK in 51.1s
[22:46:23] iteration 5/20
[22:46:23] film cr_film_id=18036 name='Zánik civilizace (2008) CZ Dabing' candidates=4
[22:46:23]   candidate upload_id=5ce4256157706 url=https://prehraj.to/zanik-civilizace-dokument-2008-cz-dabing/5ce4256157706
[22:46:24]   resolved in 1.0s → 480p (https://pf-storage1.premiumcdn.net/13533735/p4ntWjSdmHbBiomi0dsAoSlQc9jcQJCOoT0k…)
[22:46:58]   downloaded 1,054.2 MB in 33.2s (31.8 MB/s)
[22:47:38]   upload done video_id=26025395 in 39.6s
[22:47:39] film cr_film_id=18036 OK in 76.1s
[22:47:39] iteration 6/20
[22:47:39] film cr_film_id=26432 name='V rytmu soulu (2008) CZ Dabing' candidates=3
[22:47:39]   candidate upload_id=57c496e108000 url=https://prehraj.to/v-rytmu-stepu-2007-cz-dabing/57c496e108000
[22:47:40]   resolved in 1.0s → 480p (https://pf-storage4.premiumcdn.net/12680/yrKfEpSzWT4GhPpU1JHLZSyRHVBu92iloFGgIb5…)
[22:48:03]   downloaded 563.7 MB in 21.5s (26.2 MB/s)
[22:48:34]   upload done video_id=26025414 in 31.6s
[22:48:35] film cr_film_id=26432 OK in 56.6s
[22:48:35] iteration 7/20
[22:48:35] film cr_film_id=14052 name='The Hive (2008) CZ Dabing' candidates=2
[22:48:35]   candidate upload_id=60694acf52a0b url=https://prehraj.to/pomsta-mravencu-horor-2008-cz-dabing/60694acf52a0b
[22:48:36]   resolved in 0.9s → 480p (https://pf-storage2.premiumcdn.net/22951362/4L1skrSyxh15s42tJVT5eSq1CmbT9mipBh7k…)
[22:48:53]   downloaded 512.0 MB in 15.9s (32.2 MB/s)
[22:49:14]   upload done video_id=26025438 in 20.9s
[22:49:15] film cr_film_id=14052 OK in 39.9s
[22:49:15] iteration 8/20
[22:49:15] film cr_film_id=14020 name='Séraphine (2008) CZ Dabing' candidates=3
[22:49:15]   candidate upload_id=637414738a624 url=https://prehraj.to/seraphine-2008-czdab/637414738a624
[22:49:17]   resolved in 2.4s → 720p (https://pf-storage3.premiumcdn.net/34661926/39jIv1H5AtxLUlKuWVcW0H2duQbFogSGAUM5…)
[22:50:03]   downloaded 1,220.3 MB in 43.7s (27.9 MB/s)
[22:50:54]   upload done video_id=26025459 in 51.3s
[22:50:55] film cr_film_id=14020 OK in 100.0s
[22:50:55] iteration 9/20
[22:50:55] film cr_film_id=32468 name='Neznámí vetřelci (2008) CZ Dabing' candidates=1
[22:50:55]   candidate upload_id=583838421ce2c url=https://prehraj.to/neznami-vetrelci-2008-scifi-horor-cz-dab-avlys-82/583838421ce2c
[22:50:56]   resolved in 0.8s → 480p (https://pf-storage2.premiumcdn.net/930026/9mBHJbTexupbf4jSmQcNpTAQu5jSqyuBphOoF1…)
[22:51:07]   downloaded 220.4 MB in 10.0s (22.0 MB/s)
[22:51:20]   upload done video_id=26025489 in 12.9s
[22:51:21] film cr_film_id=32468 OK in 25.9s
[22:51:21] iteration 10/20
[22:51:21] film cr_film_id=26180 name='Město duchů (2008) CZ Dabing' candidates=2
[22:51:21]   candidate upload_id=59c3fec563722 url=https://prehraj.to/mesto-prizraku-ghost-town-2009-webrip-cz-dabing/59c3fec563722
[22:51:22]   resolved in 1.0s → 480p (https://pf-storage5.premiumcdn.net/2670300/a9wh0kTpxtvacxXuoEsgVTvGtyMCAvSPEFDpS…)
[22:51:43]   downloaded 518.6 MB in 19.8s (26.2 MB/s)
[22:52:03]   upload done video_id=26025505 in 19.8s
[22:52:04] film cr_film_id=26180 OK in 42.8s
[22:52:04] iteration 11/20
[22:52:04] film cr_film_id=4088 name='Kronika rodu Spiderwicků (2008) CZ Dabing' candidates=3
[22:52:04]   candidate upload_id=67e9dbe742f73 url=https://prehraj.to/kronika-rodu-spiderwicku-freddie-highmore-andrew-mccarthy-izabella-miko-2008-dobrodruzny-rodinny-fantasy-bdrip-1080p-cz-dabing/67e9dbe742f73
[22:52:05]   resolved in 0.8s → 480p (https://pf-storage3.premiumcdn.net/133744820/a35fZlcvxIe4HaJurotR8cxZun8iojFJaCk…)
[22:52:36]   downloaded 1,022.3 MB in 30.6s (33.4 MB/s)
[22:53:24]   upload done video_id=26025528 in 47.6s
[22:53:25] film cr_film_id=4088 OK in 81.1s
[22:53:25] iteration 12/20
[22:53:25] film cr_film_id=33008 name='Kouzla pana Howarda (2008) CZ Dabing' candidates=1
[22:53:25]   candidate upload_id=58b85554d6746 url=https://prehraj.to/velky-buck-howard-2008-cz-dabing/58b85554d6746
[22:53:26]   resolved in 1.0s → 480p (https://pf-storage2.premiumcdn.net/1781067/k0PSz2IXriQAT4ouD4TOaI4PHrMTz8Fg4seJT…)
[22:53:45]   downloaded 444.9 MB in 17.7s (25.1 MB/s)
[22:54:07]   upload done video_id=26025557 in 22.2s
[22:54:08] film cr_film_id=33008 OK in 43.1s
[22:54:08] iteration 13/20
[22:54:08] film cr_film_id=30106 name='Ztraceni v Pekingu (2007) CZ Dabing' candidates=2
[22:54:08]   candidate upload_id=586d2a28d003c url=https://prehraj.to/ztraceni-v-pekingu-cin-drama-2007-cs-dabing-tvrip/586d2a28d003c
[22:54:09]   resolved in 1.0s → 480p (https://pf-storage3.premiumcdn.net/1314803/xwVcVxigWtANizZHAms70iXWF4OSnAI54CMaC…)
[22:54:37]   downloaded 730.0 MB in 26.8s (27.2 MB/s)
[22:55:07]   upload done video_id=26025576 in 30.5s
[22:55:08] film cr_film_id=30106 OK in 60.3s
[22:55:08] iteration 14/20
[22:55:08] film cr_film_id=26396 name='Vetřelec vs. Lovec (2007) CZ Dabing' candidates=3
[22:55:08]   candidate upload_id=5c4f623fcfeca url=https://prehraj.to/vetrelec-vs-predator-2-pasquale-2007-cz-dabing/5c4f623fcfeca
[22:55:09]   resolved in 0.8s → 480p (https://pf-storage3.premiumcdn.net/11419483/eVwSK8iz4Hy5IKViNeSojirYIOEFq0Heas6x…)
[22:55:32]   downloaded 704.2 MB in 22.1s (31.9 MB/s)
[22:56:07]   upload done video_id=26025591 in 34.6s
[22:56:08] film cr_film_id=26396 OK in 59.5s
[22:56:08] iteration 15/20
[22:56:08] film cr_film_id=26266 name='Stupnice strachu (2007) CZ Dabing' candidates=1
[22:56:08]   candidate upload_id=586a5a64c35ad url=https://prehraj.to/stupnice-strachu-point-of-entry-cz-dabing-2007/586a5a64c35ad
[22:56:08]   resolved in 0.7s → 480p (https://pf-storage2.premiumcdn.net/1272619/gEKc1OsVDhJRU7BhLvfX2sjgHp2U6acvKflAH…)
[22:56:28]   downloaded 450.7 MB in 17.9s (25.2 MB/s)
[22:56:46]   upload done video_id=26025614 in 18.0s
[22:56:47] film cr_film_id=26266 OK in 38.8s
[22:56:47] iteration 16/20
[22:56:47] film cr_film_id=34590 name='Simon řekl (2007) CZ Dabing' candidates=2
[22:56:47]   candidate upload_id=5846d76d0cb34 url=https://prehraj.to/simon-rika-2006-dvd-rip-cz-dabing/5846d76d0cb34
[22:56:48]   resolved in 1.0s → 480p (https://pf-storage2.premiumcdn.net/1032749/KdBtjbS7kHGPC2lUNjtvASKpTMAuAahdqH3ef…)
[22:57:13]   downloaded 639.0 MB in 24.2s (26.4 MB/s)
[22:57:39]   upload done video_id=26025625 in 26.3s
[22:57:40] film cr_film_id=34590 OK in 53.6s
[22:57:40] iteration 17/20
[22:57:40] film cr_film_id=25954 name='Past na kočky 2: Ďáblova kočka (2007) CZ Dabing' candidates=1
[22:57:40]   candidate upload_id=5ccda08806aca url=https://prehraj.to/past-na-kocky-2-dablova-kocka-anim-2007-cz-dabing/5ccda08806aca
[22:57:41]   resolved in 1.0s → 480p (https://pf-storage5.premiumcdn.net/13171869/YKBiq3U5DujJTvXfyPsw0UpEtvgIB0hpjCPn…)
[22:58:06]   downloaded 627.6 MB in 23.6s (26.6 MB/s)
[22:58:32]   upload done video_id=26025645 in 26.5s
[22:58:34] film cr_film_id=25954 OK in 53.3s
[22:58:34] iteration 18/20
[22:58:34] film cr_film_id=25974 name='Paranoid Park (2007) CZ Dabing' candidates=2
[22:58:34]   candidate upload_id=58443649a9c67 url=https://prehraj.to/paranoid-park-drama-francieusa-2007-cz-dab-720p/58443649a9c67
[22:58:34]   resolved in 0.8s → 720p (https://pf-storage2.premiumcdn.net/996620/2qlcZ3SEnUv6fq9Ub1uM5Sb2t31IqnU0VFAJcW…)
[22:59:12]   downloaded 1,223.1 MB in 36.5s (33.5 MB/s)
[23:00:01]   upload done video_id=26025671 in 48.8s
[23:00:02] film cr_film_id=25974 OK in 88.3s
[23:00:02] iteration 19/20
[23:00:02] film cr_film_id=33710 name='Odplata (2007) CZ Dabing' candidates=1
[23:00:02]   candidate upload_id=606f26b97529f url=https://prehraj.to/odplata-thriller-2006-cz-dabing/606f26b97529f
[23:00:06]   resolved in 3.9s → 480p (https://pf-storage2.premiumcdn.net/23020240/XwxSoxux3FrXswziKwhM4uGASmosP0c8bcAJ…)
[23:00:28]   downloaded 573.3 MB in 21.7s (26.4 MB/s)
[23:00:56]   upload done video_id=26025697 in 27.1s
[23:00:57] film cr_film_id=33710 OK in 54.8s
[23:00:57] iteration 20/20
[23:00:57] film cr_film_id=13518 name='Don Chichot (2007) CZ Dabing' candidates=1
[23:00:57]   candidate upload_id=5c515655ef0d9 url=https://prehraj.to/don-chichot-anim-2007-cz-dabing/5c515655ef0d9
[23:00:58]   resolved in 1.2s → 480p (https://pf-storage2.premiumcdn.net/11456884/z0Bha4URjhY6cw7iy5I1WUjrSvViJXtR3CBX…)
[23:01:31]   downloaded 865.5 MB in 32.0s (27.0 MB/s)
[23:02:13]   upload done video_id=26025720 in 42.5s
[23:02:14] film cr_film_id=13518 OK in 77.8s
[23:02:14] batch-end ok=20 failed=0 dur=1238.2s avg/film=61.9s remaining=9695 eta_hours=166.7

===== run 2026-06-16T23:02:47Z shard=0/2 batch_size=20 (https://github.com/Olbrasoft/prehrajto-to-prehrajto/actions/runs/27653871348) =====
[23:02:48] batch-start shard=0/2 count=20 backlog=10210 uploads=515 failed_attempts=16 description_overrides=0
[23:02:48] login
[23:02:49] login done
[23:02:49] iteration 1/20
[23:02:49] film cr_film_id=35276 name='Autism: The Musical (2007) CZ Dabing' candidates=1
[23:02:49]   candidate upload_id=5c524065dc3d6 url=https://prehraj.to/duna-3-hurt-2000-cz-dabing/5c524065dc3d6
[23:02:50]   resolved in 1.1s → 480p (https://pf-storage5.premiumcdn.net/11481028/v4biM0H97sEgI8qtkYFdaH6yuyqfoZckeiR9…)
[23:03:13]   downloaded 603.8 MB in 21.3s (28.3 MB/s)
[23:03:43]   upload done video_id=26025758 in 29.9s
[23:03:45] film cr_film_id=35276 OK in 55.4s
[23:03:45] iteration 2/20
[23:03:45] film cr_film_id=33394 name='Anděl spravedlnosti (2007) CZ Dabing' candidates=1
[23:03:45]   candidate upload_id=5c50529b52a4d url=https://prehraj.to/andel-spravedlnosti-sorbo-2007-cz-dabing/5c50529b52a4d
[23:03:46]   resolved in 0.9s → 480p (https://pf-storage1.premiumcdn.net/11435602/X28TZzFN0FonS9oIZEIbMF5KuNlCBPUXjhjP…)
[23:04:10]   downloaded 509.3 MB in 22.9s (22.2 MB/s)
[23:04:33]   upload done video_id=26025777 in 23.1s
[23:04:34] film cr_film_id=33394 OK in 49.8s
[23:04:34] iteration 3/20
[23:04:34] film cr_film_id=13836 name='Adolf Eichmann (2007) CZ Dabing' candidates=2
[23:04:34]   candidate upload_id=606b2a3eaf871 url=https://prehraj.to/adolf-eichmann-drama-2007-cz-dabing/606b2a3eaf871
[23:04:35]   resolved in 1.0s → 480p (https://pf-storage5.premiumcdn.net/22973202/6Qqh4Xf0jhLzIw0s1XIdefyXCaPUMXhbES60…)
[23:04:53]   downloaded 339.2 MB in 15.7s (21.6 MB/s)
[23:05:11]   upload done video_id=26025793 in 18.4s
[23:05:12] film cr_film_id=13836 OK in 37.8s
[23:05:12] iteration 4/20
[23:05:12] film cr_film_id=25572 name='Zamilovaní sousedé (2006) CZ Dabing' candidates=1
[23:05:12]   candidate upload_id=586d244ae7ca9 url=https://prehraj.to/zamilovani-sousede-usa-komedie-cs-komedie-2006-cs-dabing-tvrip/586d244ae7ca9
[23:05:13]   resolved in 0.8s → 480p (https://pf-storage2.premiumcdn.net/1314740/1o0s0qi8ECvqIg4iRxID9iOeU6AsglCLYh5Oh…)
[23:05:35]   downloaded 466.8 MB in 21.0s (22.2 MB/s)
[23:05:58]   upload done video_id=26025805 in 22.8s
[23:05:59] film cr_film_id=25572 OK in 47.2s
[23:05:59] iteration 5/20
[23:05:59] film cr_film_id=736 name='Volver (2006) CZ Dabing' candidates=4
[23:05:59]   candidate upload_id=5d1cd59e3a0ad url=https://prehraj.to/volver-cruz-2006-cz-dabing/5d1cd59e3a0ad
[23:06:00]   resolved in 1.1s → 480p (https://pf-storage1.premiumcdn.net/14313477/6rpcOku94IveFMpFovhpwuK3t5xUBbf3rfv2…)
[23:06:32]   downloaded 627.3 MB in 29.5s (21.3 MB/s)
[23:07:09]   upload done video_id=26025825 in 37.8s
[23:07:10] film cr_film_id=736 OK in 71.0s
[23:07:10] iteration 6/20
[23:07:10] film cr_film_id=25782 name='Veterán (2006) CZ Dabing' candidates=1
[23:07:10]   candidate upload_id=58517f3839317 url=https://prehraj.to/veteran-the-veteran-cz-dabing-2006-hq-dvdrip/58517f3839317
[23:07:13]   resolved in 2.7s → 480p (https://pf-storage2.premiumcdn.net/1174821/NKzhvmimzIkKTPNtBZiRQivzf1BT9psm2UeZH…)
[23:07:33]   downloaded 507.4 MB in 18.7s (27.1 MB/s)
[23:08:03]   upload done video_id=26025847 in 29.2s
[23:08:04] film cr_film_id=25782 OK in 53.2s
[23:08:04] iteration 7/20
[23:08:04] film cr_film_id=35740 name='Satan (2006) CZ Dabing' candidates=3
[23:08:04]   candidate upload_id=5a33ba2b0374f url=https://prehraj.to/satan-2006-cz-dabing/5a33ba2b0374f
[23:08:05]   resolved in 1.2s → 480p (https://pf-storage5.premiumcdn.net/3133012/qO4IE3sxZc3ys5ySyQFmqsywH4OSGPfAKtPmT…)
[23:08:25]   downloaded 512.3 MB in 18.7s (27.4 MB/s)
[23:08:49]   upload done video_id=26025859 in 24.6s
[23:08:51] film cr_film_id=35740 OK in 46.9s
[23:08:51] iteration 8/20
[23:08:51] film cr_film_id=4396 name="Let's Dance (2006) CZ Dabing" candidates=4
[23:08:51]   candidate upload_id=46c2eb11c8de0bd2 url=https://prehraj.to/let-s-dance-2006-cz-dab-1080p/46c2eb11c8de0bd2
[23:08:52]   resolved in 1.0s → 1080p (https://pf-storage4.premiumcdn.net/169687090/kNAcAqsKOSeLtQ0CPJszJsyaHjZFeEFLMcm…)
[23:10:19]   downloaded 2,688.0 MB in 85.8s (31.3 MB/s)
[23:12:18]   upload done video_id=26025898 in 119.2s
[23:12:19] film cr_film_id=4396 OK in 208.3s
[23:12:19] iteration 9/20
[23:12:19] film cr_film_id=25534 name='Lekce řízení (2006) CZ Dabing' candidates=2
[23:12:19]   candidate upload_id=5837dbc1ed33e url=https://prehraj.to/lekce-rizeni-brit-komedie-2006-cs-dabing-tvrip/5837dbc1ed33e
[23:12:20]   resolved in 1.0s → 480p (https://pf-storage2.premiumcdn.net/928202/Jq7tZVTG6h6GsRxhwGSOqTJpfYPtxEI5EtAnC9…)
[23:12:46]   downloaded 568.1 MB in 24.9s (22.8 MB/s)
[23:13:17]   upload done video_id=26025943 in 31.4s
[23:13:19] film cr_film_id=25534 OK in 59.6s
[23:13:19] iteration 10/20
[23:13:19] film cr_film_id=5592 name='Ledová smrt (2006) CZ Dabing' candidates=3
[23:13:19]   candidate upload_id=5ec57f869e3a4 url=https://prehraj.to/ledova-smrt-fritt-vilt-cold-prey-2006-aac-2-0-720x576-cz-dabing/5ec57f869e3a4
[23:13:19]   resolved in 0.9s → 480p (https://pf-storage5.premiumcdn.net/16605054/zKVt3WSE1Iy8H8jub8ir1SV3IzmhY3HJ3T6r…)
[23:13:42]   downloaded 470.5 MB in 21.3s (22.1 MB/s)
[23:14:03]   upload done video_id=26025967 in 21.2s
[23:14:04] film cr_film_id=5592 OK in 45.6s
[23:14:04] iteration 11/20
[23:14:04] film cr_film_id=25854 name='Fallen (2006) CZ Dabing' candidates=4
[23:14:04]   candidate upload_id=576d9435c052d url=https://prehraj.to/fallen-1-cast-2006-cz-dab-super-fantasy/576d9435c052d
[23:14:05]   resolved in 1.0s → 480p (https://pf-storage2.premiumcdn.net/209710/Nx4fd4Cm6I74I5XH4aCO5C3AimVU36czVFD7f1…)
[23:14:17]   downloaded 259.9 MB in 10.5s (24.8 MB/s)
[23:14:35]   upload done video_id=26025981 in 18.4s
[23:14:36] film cr_film_id=25854 OK in 32.3s
[23:14:36] iteration 12/20
[23:14:36] film cr_film_id=3830 name='16 bloků (2006) CZ Dabing' candidates=2
[23:14:36]   candidate upload_id=5c51a6a7f0301 url=https://prehraj.to/16-bloku-bruce-willis-2006-cz-dabing/5c51a6a7f0301
[23:14:37]   resolved in 0.8s → 1080p (https://pf-storage5.premiumcdn.net/11466322/qbghebU0vhd4S7OuVXCdoUGWIrKup0injCa1…)
[23:16:07]   downloaded 2,325.6 MB in 88.9s (26.2 MB/s)
[23:17:57]   upload done video_id=26026180 in 110.1s
[23:17:59] film cr_film_id=3830 OK in 202.2s
[23:17:59] iteration 13/20
[23:17:59] film cr_film_id=3156 name='Čtyři bratři (2005) CZ Dabing' candidates=1
[23:17:59]   candidate upload_id=b1ec3e306c8180ae url=https://prehraj.to/ctyri-bratri-2005-cz-dab-1080p/b1ec3e306c8180ae
[23:17:59]   resolve FAILED: HTTP 502 wrapping permanent upstream error: https://prehraj.to/ctyri-bratri-2005-cz-dab-1080p/b1ec3e306c8180ae (permanent=True)
[23:17:59] film cr_film_id=3156 all candidates exhausted
[23:17:59] iteration 14/20
[23:17:59] film cr_film_id=25090 name='Valiant (2005) CZ Dabing' candidates=4
[23:17:59]   candidate upload_id=583ae014d8fd7 url=https://prehraj.to/valiant-akcni-dobrodruzny-valecny-animovany-2005-cz-dab-film-do-mobilu-od-frenkyho/583ae014d8fd7
[23:18:05]   resolved in 6.1s → 480p (https://pf-storage2.premiumcdn.net/945550/1PXixmCEVTnLhA1cr5sj8CElUnPcNVHzqcLbFM…)
[23:18:15]   downloaded 195.0 MB in 8.6s (22.7 MB/s)
[23:18:27]   upload done video_id=26026278 in 12.2s
[23:18:28] film cr_film_id=25090 OK in 29.1s
[23:18:28] iteration 15/20
[23:18:28] film cr_film_id=9284 name='Tři (2005) CZ Dabing' candidates=3
[23:18:28]   candidate upload_id=0815d4f58d4a3696 url=https://prehraj.to/tri-2005-cz-dab-720p/0815d4f58d4a3696
[23:18:29]   resolved in 0.9s → 720p (https://pf-storage1.premiumcdn.net/165892286/l74tO3I0RtQDsrWi2qt1lI5RuNmhmwiV6co…)
[23:19:29]   downloaded 1,641.9 MB in 58.1s (28.3 MB/s)
[23:20:44]   upload done video_id=26026326 in 75.7s
[23:20:46] film cr_film_id=9284 OK in 137.1s
[23:20:46] iteration 16/20
[23:20:46] film cr_film_id=25560 name='Temná legenda 3 (2005) CZ Dabing' candidates=2
[23:20:46]   candidate upload_id=58474c9cee3d7 url=https://prehraj.to/temna-legenda-3-cz-dabing-horor-thriller-usa-2005/58474c9cee3d7
[23:20:47]   resolved in 1.1s → 480p (https://pf-storage2.premiumcdn.net/1040069/nmJIa4Tx0H4mibOFobsDnTGdSL6IV9svAC1vs…)
[23:21:01]   downloaded 352.1 MB in 13.5s (26.1 MB/s)
[23:21:23]   upload done video_id=26026367 in 22.0s
[23:21:24] film cr_film_id=25560 OK in 38.8s
[23:21:24] iteration 17/20
[23:21:24] film cr_film_id=25398 name='Supervulkán (2005) CZ Dabing' candidates=1
[23:21:24]   candidate upload_id=5c725da574ae0 url=https://prehraj.to/supervulkan-riley-2005-cz-dabing/5c725da574ae0
[23:21:25]   resolved in 0.9s → 480p (https://pf-storage1.premiumcdn.net/12112408/VWNhXASkqiqyUoPTrqFJPSRzF2Yh7ahgptqE…)
[23:21:58]   downloaded 725.7 MB in 31.4s (23.1 MB/s)
[23:22:33]   upload done video_id=26026401 in 35.1s
[23:22:34] film cr_film_id=25398 OK in 69.9s
[23:22:34] iteration 18/20
[23:22:34] film cr_film_id=25450 name='Sedm mečů (2005) CZ Dabing' candidates=2
[23:22:34]   candidate upload_id=5c50ffd1bbfc9 url=https://prehraj.to/sedm-mecu-yeung-2005-cz-dabing/5c50ffd1bbfc9
[23:22:36]   resolved in 1.9s → 480p (https://pf-storage3.premiumcdn.net/11447347/ogetY6Sdnh04TZ7IWJsvaS8DUPzUm0ULJT1v…)
[23:23:01]   downloaded 686.0 MB in 23.8s (28.8 MB/s)
[23:23:34]   upload done video_id=26026427 in 32.6s
[23:23:35] film cr_film_id=25450 OK in 60.6s
[23:23:35] iteration 19/20
[23:23:35] film cr_film_id=33668 name='Matrimonium (2005) CZ Dabing' candidates=1
[23:23:35]   candidate upload_id=60323d086e246 url=https://prehraj.to/koruna-02-07-matrimonium-drama-2017-cz-dabing/60323d086e246
[23:23:36]   resolved in 1.1s → 1080p (https://pf-storage3.premiumcdn.net/22355459/AdNf6QsE5Uqnto5UAli2AswGIN2HzBFAPFL6…)
[23:24:18]   downloaded 963.4 MB in 41.0s (23.5 MB/s)
[23:25:03]   upload done video_id=26026457 in 44.6s
[23:25:04] film cr_film_id=33668 OK in 89.0s
[23:25:04] iteration 20/20
[23:25:04] film cr_film_id=32486 name='Hokejová máma (2005) CZ Dabing' candidates=1
[23:25:04]   candidate upload_id=583da16c32aec url=https://prehraj.to/hokejova-mama-2004-drama-komedie-cz-dab-avlys-89/583da16c32aec
[23:25:05]   resolved in 1.2s → 480p (https://pf-storage5.premiumcdn.net/960871/gWVuqei7aTejSy6TgrFZlijKfnBh7xFKBu7nuq…)
[23:25:32]   downloaded 614.8 MB in 26.0s (23.6 MB/s)
[23:25:59]   upload done video_id=26026481 in 26.7s
[23:26:00] film cr_film_id=32486 OK in 56.3s
[23:26:00] batch-end ok=19 failed=1 dur=1391.0s avg/film=73.2s remaining=9676 eta_hours=196.7

===== run 2026-06-16T23:33:18Z shard=0/2 batch_size=20 (https://github.com/Olbrasoft/prehrajto-to-prehrajto/actions/runs/27655153424) =====
[23:33:18] batch-start shard=0/2 count=20 backlog=10210 uploads=534 failed_attempts=17 description_overrides=0
[23:33:18] login
[23:33:35] login done
[23:33:35] iteration 1/20
[23:33:35] film cr_film_id=13456 name='Co je šeptem... (2005) CZ Dabing' candidates=1
[23:33:35]   candidate upload_id=57fe505e36080 url=https://prehraj.to/co-je-septem-2005-cz-dabing-rumor-has-it-720p-super-kvalita-jennifer-aniston-kevin-costner-komedie-romanticky-d3lc0/57fe505e36080
[23:33:38]   resolved in 2.6s → 480p (https://pf-storage2.premiumcdn.net/699089/DZvi9dTZ3i63U8aS5QuYBTPDhbWu15sQASYKFj…)
[23:34:10]   downloaded 588.7 MB in 30.2s (19.5 MB/s)
[23:34:40]   upload done video_id=26026771 in 30.1s
[23:34:41] film cr_film_id=13456 OK in 66.3s
[23:34:41] iteration 2/20
[23:34:41] film cr_film_id=32496 name='Zlatí spratci (2004) CZ Dabing' candidates=1
[23:34:41]   candidate upload_id=583f361575fdc url=https://prehraj.to/zlati-spratci-dvdrip-5-1-paris-hilton-2004-drama-cz-dabing/583f361575fdc
[23:34:43]   resolved in 1.1s → 480p (https://pf-storage2.premiumcdn.net/969646/Zqyf1rcJguAEc30sdLh5dckPtLaIXrca5Uz0fK…)
[23:35:16]   downloaded 593.7 MB in 31.8s (18.7 MB/s)
[23:35:47]   upload done video_id=26026801 in 30.9s
[23:35:50] film cr_film_id=32496 OK in 68.7s
[23:35:50] iteration 3/20
[23:35:50] film cr_film_id=5976 name='Starsky & Hutch (2004) CZ Dabing' candidates=10
[23:35:50]   candidate upload_id=58756b5028dd3 url=https://prehraj.to/starsky-a-hutch-2004-akcni-komedie-cz-dabing/58756b5028dd3
[23:35:51]   resolved in 1.3s → 480p (https://pf-storage2.premiumcdn.net/1421820/dKyTzDivMurzcnqsvrUmAiLbtmPuGlFw9u7Gc…)
[23:36:19]   downloaded 483.7 MB in 25.4s (19.0 MB/s)
[23:36:52]   upload done video_id=26026844 in 33.3s
[23:36:53] film cr_film_id=5976 OK in 63.4s
[23:36:53] iteration 4/20
[23:36:53] film cr_film_id=25152 name='Rottweiler (2004) CZ Dabing' candidates=1
[23:36:53]   candidate upload_id=58462b6b4c459 url=https://prehraj.to/rottweiler-cz-dabing-horor-sci-fi-2004/58462b6b4c459
[23:36:55]   resolved in 1.2s → 480p (https://pf-storage2.premiumcdn.net/1025548/Ap0ildF7dI68SNpSaQSn5F85fk9HGKHp2uJBC…)
[23:37:29]   downloaded 635.7 MB in 33.1s (19.2 MB/s)
[23:38:01]   upload done video_id=26026864 in 32.1s
[23:38:03] film cr_film_id=25152 OK in 69.3s
[23:38:03] iteration 5/20
[23:38:03] film cr_film_id=13432 name='Něco, co stvořil Bůh (2004) CZ Dabing' candidates=4
[23:38:03]   candidate upload_id=693c069771704e59 url=https://prehraj.to/something-the-lord-made-neco-co-stvoril-buh-2004-cz-dab-dual-cz-gb/693c069771704e59
[23:38:04]   resolved in 1.2s → 1080p (https://pf-storage5.premiumcdn.net/168179737/6gATyeS2VS1gT7LF1NuxBSdXhP1FoPT2Pha…)
[23:39:41]   downloaded 2,475.1 MB in 95.7s (25.9 MB/s)
[23:41:50]   upload done video_id=26026927 in 128.7s
[23:41:51] film cr_film_id=13432 OK in 228.5s
[23:41:51] iteration 6/20
[23:41:51] film cr_film_id=1034 name='Letec (2004) CZ Dabing' candidates=6
[23:41:51]   candidate upload_id=60734df29c19a url=https://prehraj.to/letec-drama-2004-cz-dabing/60734df29c19a
[23:41:53]   resolved in 1.2s → 480p (https://pf-storage1.premiumcdn.net/23073717/ykYSWKT1nF4ViMdC5DizKTADUkBuGzSK8UZb…)
[23:42:34]   downloaded 951.2 MB in 39.7s (24.0 MB/s)
[23:43:22]   upload done video_id=26027005 in 47.4s
[23:43:23] film cr_film_id=1034 OK in 91.6s
[23:43:23] iteration 7/20
[23:43:23] film cr_film_id=25218 name='G.O.R.A. - vesmírné manévry (2004) CZ Dabing' candidates=2
[23:43:23]   candidate upload_id=580dcfec4763a url=https://prehraj.to/g-o-r-a-vesmirne-manevry-2004-komedie-sci-fi-cz-dab-avlys-123min/580dcfec4763a
[23:43:24]   resolved in 1.3s → 480p (https://pf-storage2.premiumcdn.net/745132/ZY1HalCLoHkRI6ys0YcK6C4ztdBh1EcyqFRPHl…)
[23:44:05]   downloaded 781.6 MB in 38.9s (20.1 MB/s)
[23:44:45]   upload done video_id=26027047 in 39.6s
[23:44:46] film cr_film_id=25218 OK in 83.1s
[23:44:46] iteration 8/20
[23:44:46] film cr_film_id=33398 name='Fracture (2004) CZ Dabing' candidates=1
[23:44:46]   candidate upload_id=5c7258e449330 url=https://prehraj.to/prasklina-savant-2004-cz-dabing/5c7258e449330
[23:44:47]   resolved in 1.3s → 480p (https://pf-storage5.premiumcdn.net/12111988/OZKS1GiJWheJIMJIGMTobiXpTZMuKOFBkHjW…)
[23:45:11]   downloaded 491.5 MB in 21.3s (23.1 MB/s)
[23:45:38]   upload done video_id=26027080 in 27.8s
[23:45:40] film cr_film_id=33398 OK in 53.6s
[23:45:40] iteration 9/20
[23:45:40] film cr_film_id=25166 name='Torus (2003) CZ Dabing' candidates=3
[23:45:40]   candidate upload_id=66cf5fe01109e url=https://prehraj.to/torus-scifi-akcni-mysteriozni-sci-fi-thriller-2003-cz-dab/66cf5fe01109e
[23:45:41]   resolved in 1.2s → 480p (https://pf-storage1.premiumcdn.net/93160691/RGoue2in6SeKcNeCeqfnRizKfPnFnXf6ku3K…)
[23:46:10]   downloaded 519.1 MB in 27.2s (19.1 MB/s)
[23:46:49]   upload done video_id=26027113 in 39.3s
[23:46:50] film cr_film_id=25166 OK in 70.6s
[23:46:50] iteration 10/20
[23:46:50] film cr_film_id=37298 name='Mladý černý hřebec (2003) CZ Dabing' candidates=2
[23:46:50]   candidate upload_id=5b70ba09d0bc6 url=https://prehraj.to/mlady-cerny-hrebec-2003-cz-dabing/5b70ba09d0bc6
[23:46:51]   resolved in 0.9s → 480p (https://pf-storage1.premiumcdn.net/5287358/8pbTnDiORHGah61IZLtYZibQtQBFbgIqECkQc…)
[23:47:08]   downloaded 298.1 MB in 14.5s (20.6 MB/s)
[23:47:32]   upload done video_id=26027143 in 24.2s
[23:47:33] film cr_film_id=37298 OK in 42.8s
[23:47:33] iteration 11/20
[23:47:33] film cr_film_id=24934 name='Hlava státu (2003) CZ Dabing' candidates=2
[23:47:33]   candidate upload_id=66efd787d2214 url=https://prehraj.to/hlava-statu-cz-dabing-2003-komedie/66efd787d2214
[23:47:34]   resolved in 1.1s → 480p (https://pf-storage3.premiumcdn.net/97716626/DwLiarh7Au3Lh2pTp0Uj3h97swxuvJug3u2W…)
[23:48:06]   downloaded 720.3 MB in 30.5s (23.6 MB/s)
[23:48:56]   upload done video_id=26027172 in 49.1s
[23:48:57] film cr_film_id=24934 OK in 84.0s
[23:48:57] iteration 12/20
[23:48:57] film cr_film_id=35242 name='Samsara (2002) CZ Dabing' candidates=2
[23:48:57]   candidate upload_id=607996fc87bc2 url=https://prehraj.to/samsara-drama-2001-cz-dabing/607996fc87bc2
[23:48:59]   resolved in 2.2s → 480p (https://pf-storage2.premiumcdn.net/23142351/RvYh45T4ZuZDIoQf1GIOPTbdsBECvgHX3hYy…)
[23:49:42]   downloaded 995.1 MB in 40.5s (24.6 MB/s)
[23:50:36]   upload done video_id=26027217 in 54.6s
[23:50:38] film cr_film_id=35242 OK in 100.6s
[23:50:38] iteration 13/20
[23:50:38] film cr_film_id=33142 name='Narkotika (2002) CZ Dabing' candidates=1
[23:50:38]   candidate upload_id=5b74a0f24f5a6 url=https://prehraj.to/narkotika-2002-cz-dabing/5b74a0f24f5a6
[23:50:39]   resolved in 1.5s → 480p (https://pf-storage5.premiumcdn.net/5308024/QW7ipzSEQId2FNdtE7tNbSQ4hbPuwkCVnCWNU…)
[23:51:17]   downloaded 724.2 MB in 36.6s (19.8 MB/s)
[23:52:04]   upload done video_id=26027254 in 46.8s
[23:52:06] film cr_film_id=33142 OK in 88.0s
[23:52:06] iteration 14/20
[23:52:06] film cr_film_id=19466 name='Líbejte se, s kým je libo (2002) CZ Dabing' candidates=1
[23:52:06]   candidate upload_id=588a48e46e4ba url=https://prehraj.to/libejte-se-s-kym-je-libo-2002-cz-dab-gay-themed/588a48e46e4ba
[23:52:07]   resolved in 1.2s → 480p (https://pf-storage5.premiumcdn.net/1540338/LzwHxmfb7uVPc4gSvlU3ofbaFYrHlYt2pheQS…)
[23:52:45]   downloaded 723.5 MB in 36.3s (19.9 MB/s)
[23:53:25]   upload done video_id=26027288 in 40.3s
[23:53:26] film cr_film_id=19466 OK in 80.8s
[23:53:26] iteration 15/20
[23:53:26] film cr_film_id=13208 name='Lilja (2002) CZ Dabing' candidates=2
[23:53:26]   candidate upload_id=66f4a828a5483 url=https://prehraj.to/lilja-cz-dabing-krimi-drama-2002/66f4a828a5483
[23:53:28]   resolved in 1.2s → 480p (https://pf-storage3.premiumcdn.net/98385020/aGjcRdiqkTb7s5qI2vcl7iPxuJLInpHlBfV7…)
[23:53:54]   downloaded 572.0 MB in 24.4s (23.4 MB/s)
[23:54:47]   upload done video_id=26027310 in 53.6s
[23:54:49] film cr_film_id=13208 OK in 82.3s
[23:54:49] iteration 16/20
[23:54:49] film cr_film_id=13170 name='Kostka 2 (2002) CZ Dabing' candidates=6
[23:54:49]   candidate upload_id=22f7448de0513abc url=https://prehraj.to/kostka-2-hypercube-2002-en-cz-dabing-1080p-mkv/22f7448de0513abc
[23:54:50]   resolved in 0.9s → 1080p (https://pf-storage5.premiumcdn.net/164068925/db9F0NIR2T5BfWrFKPsmrIyrf2LtZ3i75iN…)
[23:57:15]   downloaded 3,754.9 MB in 143.1s (26.2 MB/s)
[00:00:35]   upload done video_id=26027360 in 200.2s
[00:00:36] film cr_film_id=13170 OK in 347.7s
[00:00:36] iteration 17/20
[00:00:36] film cr_film_id=13162 name='Americké psycho 2 (2002) CZ Dabing' candidates=2
[00:00:36]   candidate upload_id=55b6c5b5d5769 url=https://prehraj.to/americke-psycho-2-cz-dabing-horor-komedie-usa-2002-filmy-site88-net/55b6c5b5d5769
[00:00:38]   resolved in 1.3s → 480p (https://pf-storage2.premiumcdn.net/33525/dKouAQUmzhWXf4JsYoFwoUA5IKrSaotGAfNZT8y…)
[00:00:53]   downloaded 300.2 MB in 14.2s (21.1 MB/s)
[00:01:22]   upload done video_id=26027411 in 28.5s
[00:01:23] film cr_film_id=13162 OK in 47.1s
[00:01:23] iteration 18/20
[00:01:23] film cr_film_id=24602 name='Čtvrtý anděl (2001) CZ Dabing' candidates=1
[00:01:23]   candidate upload_id=582084c9a4209 url=https://prehraj.to/ctvrty-andel-cz-dabing-2001/582084c9a4209
[00:01:25]   resolved in 1.1s → 480p (https://pf-storage3.premiumcdn.net/810478/o67UkzHp1TY6sQyFkNi90H8Jtp3F48iYQFGlT0…)
[00:01:53]   downloaded 506.1 MB in 27.0s (18.7 MB/s)
[00:02:22]   upload done video_id=26027425 in 29.0s
[00:02:24] film cr_film_id=24602 OK in 60.3s
[00:02:24] iteration 19/20
[00:02:24] film cr_film_id=32334 name='Taurus (2001) CZ Dabing' candidates=1
[00:02:24]   candidate upload_id=5668de50d0d4e url=https://prehraj.to/taurus-konec-sveta-sci-fi-2000-cz-dabing-ldandasova/5668de50d0d4e
[00:02:25]   resolved in 0.9s → 480p (https://pf-storage2.premiumcdn.net/509416/kQMHRlcYDs7PIe4H3pfQzc2Ru10Sk9TnxszxhV…)
[00:02:45]   downloaded 431.2 MB in 18.8s (22.9 MB/s)
[00:03:15]   upload done video_id=26027446 in 29.9s
[00:03:16] film cr_film_id=32334 OK in 52.6s
[00:03:16] iteration 20/20
[00:03:16] film cr_film_id=13172 name='Shaolin fotbal (2001) CZ Dabing' candidates=7
[00:03:16]   candidate upload_id=6079980e8a82d url=https://prehraj.to/shaolin-fotbal-komedie-2001-cz-dabing/6079980e8a82d
[00:03:17]   resolved in 1.2s → 480p (https://pf-storage2.premiumcdn.net/23142375/VL2u87fqbho9sydtgESomfX9u58iPZipmsxG…)
[00:03:41]   downloaded 502.1 MB in 21.8s (23.0 MB/s)
[00:04:08]   upload done video_id=26027471 in 27.1s
[00:04:09] film cr_film_id=13172 OK in 53.0s
[00:04:09] batch-end ok=20 failed=0 dur=1834.2s avg/film=91.7s remaining=9656 eta_hours=246.0

===== run 2026-06-17T00:10:53Z shard=0/2 batch_size=20 (https://github.com/Olbrasoft/prehrajto-to-prehrajto/actions/runs/27656696797) =====
[00:10:53] batch-start shard=0/2 count=20 backlog=10210 uploads=554 failed_attempts=17 description_overrides=0
[00:10:53] login
[00:10:55] login done
[00:10:55] iteration 1/20
[00:10:55] film cr_film_id=12998 name='Na konci všech válek (2001) CZ Dabing' candidates=1
[00:10:55]   candidate upload_id=5c50cac812b48 url=https://prehraj.to/na-konci-vsech-valek-mc-menamin-2001-cz-dabing/5c50cac812b48
[00:10:56]   resolved in 1.0s → 480p (https://pf-storage5.premiumcdn.net/11443810/jJ4c0MTojIepfk6IWlswPTomFxRtKvULJCxo…)
[00:11:34]   downloaded 1,064.7 MB in 36.7s (29.0 MB/s)
[00:12:21]   upload done video_id=26027596 in 47.7s
[00:12:23] film cr_film_id=12998 OK in 87.9s
[00:12:23] iteration 2/20
[00:12:23] film cr_film_id=12740 name='Final Fantasy: Esence života (2001) CZ Dabing' candidates=2
[00:12:23]   candidate upload_id=5ccd9869571b5 url=https://prehraj.to/final-fantasy-esence-zivota-anim-2001-cz-dabing/5ccd9869571b5
[00:12:24]   resolved in 1.0s → 480p (https://pf-storage5.premiumcdn.net/13171296/vd2ibaI1zfz3sLQtEwH52IPqhBouWocawfQ1…)
[00:12:48]   downloaded 618.5 MB in 22.5s (27.5 MB/s)
[00:13:17]   upload done video_id=26027611 in 30.0s
[00:13:18] film cr_film_id=12740 OK in 55.9s
[00:13:18] iteration 3/20
[00:13:18] film cr_film_id=37252 name='Zlatá číše (2000) CZ Dabing' candidates=3
[00:13:18]   candidate upload_id=5be5fce27badc url=https://prehraj.to/zlata-cise-2000-cz-dabing/5be5fce27badc
[00:13:19]   resolved in 1.0s → 480p (https://pf-storage5.premiumcdn.net/8057171/8DATwXuMGSvPh7Ai8LCjquwGc0lSjmt96FJmF…)
[00:13:39]   downloaded 643.8 MB in 18.3s (35.2 MB/s)
[00:14:03]   upload done video_id=26027622 in 24.5s
[00:14:04] film cr_film_id=37252 OK in 46.0s
[00:14:04] iteration 4/20
[00:14:04] film cr_film_id=34836 name='Velké trable malého města (2000) CZ Dabing' candidates=1
[00:14:04]   candidate upload_id=5820684d3e627 url=https://prehraj.to/velke-trable-maleho-mesta-cz-dabing-csfd-65-komedie/5820684d3e627
[00:14:05]   resolved in 0.6s → 480p (https://pf-storage5.premiumcdn.net/810211/JBkcmasKdiZRiJWCwkCBjsLrSJpFOVUq1TWgUX…)
[00:14:28]   downloaded 573.6 MB in 21.3s (26.9 MB/s)
[00:15:01]   upload done video_id=26027638 in 33.2s
[00:15:02] film cr_film_id=34836 OK in 57.7s
[00:15:02] iteration 5/20
[00:15:02] film cr_film_id=12840 name='Ve stínu upíra (2000) CZ Dabing' candidates=4
[00:15:02]   candidate upload_id=8142886be77d34fc url=https://prehraj.to/ve-stinu-upira-2000-cz-dab-1080p/8142886be77d34fc
[00:15:03]   resolved in 1.1s → 720p (https://pf-storage6.premiumcdn.net/170785145/LJ4cwRf05c1pcLwUwbhjnfo8C7WF2QHWni1…)
[00:15:46]   downloaded 1,493.6 MB in 41.6s (35.9 MB/s)
[00:16:55]   upload done video_id=26027666 in 68.9s
[00:16:56] film cr_film_id=12840 OK in 114.1s
[00:16:56] iteration 6/20
[00:16:56] film cr_film_id=24386 name='Sleduje tě vrah (2000) CZ Dabing' candidates=1
[00:16:56]   candidate upload_id=5c5104001a0b6 url=https://prehraj.to/sleduje-te-vrah-spader-2000-cz-dabing/5c5104001a0b6
[00:16:57]   resolved in 1.0s → 480p (https://pf-storage1.premiumcdn.net/11447800/97VhvZFBVTjETd7SX9u5EF9WhA6Ck4IAws0y…)
[00:17:21]   downloaded 565.0 MB in 22.5s (25.1 MB/s)
[00:17:45]   upload done video_id=26027701 in 24.2s
[00:17:46] film cr_film_id=24386 OK in 50.0s
[00:17:46] iteration 7/20
[00:17:46] film cr_film_id=24444 name='Kid (2000) CZ Dabing' candidates=3
[00:17:46]   candidate upload_id=5f27c74845b63 url=https://prehraj.to/kid-bruce-willis-2000-cz-dabing-webrip/5f27c74845b63
[00:17:47]   resolved in 1.0s → 720p (https://pf-storage1.premiumcdn.net/17729079/dKxH9YuXliNlTM0c9bf7eulKCqKCZEU7JHmP…)
[00:18:28]   downloaded 1,131.7 MB in 39.8s (28.4 MB/s)
[00:19:21]   upload done video_id=26027721 in 52.7s
[00:19:22] film cr_film_id=24444 OK in 95.8s
[00:19:22] iteration 8/20
[00:19:22] film cr_film_id=24394 name='Kdyby zdi mohly mluvit 2 (2000) CZ Dabing' candidates=2
[00:19:22]   candidate upload_id=581fea624b84a url=https://prehraj.to/kdyby-zdi-mohly-mluvit-2-cz-dabing-drama-romanticky-usa-2000/581fea624b84a
[00:19:23]   resolved in 1.0s → 480p (https://pf-storage3.premiumcdn.net/808836/e50uWRUYOszXfbVtLVC6ZU9YuBLTxXSK8TyoTG…)
[00:19:43]   downloaded 511.5 MB in 19.0s (26.9 MB/s)
[00:20:04]   upload done video_id=26027740 in 20.2s
[00:20:05] film cr_film_id=24394 OK in 42.4s
[00:20:05] iteration 9/20
[00:20:05] film cr_film_id=24434 name='Hromy a blesky (2000) CZ Dabing' candidates=2
[00:20:05]   candidate upload_id=580ff162b92a7 url=https://prehraj.to/hromy-a-blesky-cz-dabing-komedie-sportovni-usa-2000-nejlepsi-filmy-mypage-cz/580ff162b92a7
[00:20:08]   resolved in 3.1s → 480p (https://pf-storage1.premiumcdn.net/753589/gWpfolhQacDxcnpHYNFvQh4zIAJsz3t7GfAESw…)
[00:20:34]   downloaded 621.9 MB in 24.9s (25.0 MB/s)
[00:20:56]   upload done video_id=26027753 in 22.0s
[00:20:57] film cr_film_id=24434 OK in 52.0s
[00:20:57] iteration 10/20
[00:20:57] film cr_film_id=24320 name='Horká krev (2000) CZ Dabing' candidates=1
[00:20:57]   candidate upload_id=6902eaca750f3 url=https://prehraj.to/horka-krev-cz-dabing-komedie-thriller-australie-nemecko-2000/6902eaca750f3
[00:20:57]   resolved in 0.8s → 480p (https://pf-storage3.premiumcdn.net/154400103/kV8HNruK6iqWtlQS8ghPjuOXC6mHOKfNzsk…)
[00:21:06]   downloaded 213.9 MB in 7.7s (27.8 MB/s)
[00:21:22]   upload done video_id=26027762 in 16.2s
[00:21:23] film cr_film_id=24320 OK in 26.8s
[00:21:23] iteration 11/20
[00:21:23] film cr_film_id=24166 name='Hodiny smrti (2000) CZ Dabing' candidates=2
[00:21:23]   candidate upload_id=57f5e668d8a8d url=https://prehraj.to/hodiny-smrti-cz-dabing-thriller-krimi-usa-2000/57f5e668d8a8d
[00:21:24]   resolved in 0.9s → 480p (https://pf-storage2.premiumcdn.net/672603/EZaFVPue8UX0cEOh4JuWVuXLirYtlnUdMs6MtB…)
[00:21:43]   downloaded 462.9 MB in 17.6s (26.3 MB/s)
[00:22:01]   upload done video_id=26027772 in 17.7s
[00:22:02] film cr_film_id=24166 OK in 38.7s
[00:22:02] iteration 12/20
[00:22:02] film cr_film_id=24364 name='Hlasy andělů (2000) CZ Dabing' candidates=1
[00:22:02]   candidate upload_id=586cf18789365 url=https://prehraj.to/hlasy-andelu-2000-cz-dabing-ac3-drama-rodiny/586cf18789365
[00:22:03]   resolved in 0.8s → 480p (https://pf-storage5.premiumcdn.net/1308103/yr3I5yszrtEztprfW4FL8skKcnzi7LcKRuPAS…)
[00:22:24]   downloaded 536.8 MB in 19.8s (27.1 MB/s)
[00:22:54]   upload done video_id=26027788 in 30.4s
[00:22:55] film cr_film_id=24364 OK in 53.4s
[00:22:55] iteration 13/20
[00:22:55] film cr_film_id=12882 name='Beethoven 3 (2000) CZ Dabing' candidates=5
[00:22:55]   candidate upload_id=607ab566761f3 url=https://prehraj.to/beethoven-3-komedie-2000-cz-dabing/607ab566761f3
[00:22:56]   resolved in 0.8s → 480p (https://pf-storage5.premiumcdn.net/23150517/QDoFlRSGpUR5s0rhO3COgSDJhmQIpzfekulK…)
[00:23:16]   downloaded 641.5 MB in 18.5s (34.7 MB/s)
[00:23:40]   upload done video_id=26027799 in 24.4s
[00:23:41] film cr_film_id=12882 OK in 45.6s
[00:23:41] iteration 14/20
[00:23:41] film cr_film_id=23886 name='Snídaně šampionů (1999) CZ Dabing' candidates=1
[00:23:41]   candidate upload_id=5c4ceb49c685c url=https://prehraj.to/snidane-sampionu-bruce-willis-1999-cz-dabing/5c4ceb49c685c
[00:23:42]   resolved in 0.6s → 480p (https://pf-storage2.premiumcdn.net/11371753/k2vFx3UVRTgYuxEfjqIMdUGgFdxFpdTnNIBR…)
[00:24:12]   downloaded 810.1 MB in 28.8s (28.1 MB/s)
[00:24:49]   upload done video_id=26027815 in 37.4s
[00:24:50] film cr_film_id=23886 OK in 69.2s
[00:24:50] iteration 15/20
[00:24:50] film cr_film_id=12516 name='Ruka zabiják (1999) CZ Dabing' candidates=3
[00:24:50]   candidate upload_id=559f4afc28958 url=https://prehraj.to/ruka-zabijak-cz-dabing-komedie-horor-usa-1999/559f4afc28958
[00:24:51]   resolved in 1.0s → 480p (https://pf-storage2.premiumcdn.net/501728/7B1FwOUL3FvQCb9S2rFgMUBeuYbCozHnJcKnhL…)
[00:25:04]   downloaded 284.8 MB in 11.4s (25.0 MB/s)
[00:25:15]   upload done video_id=26027834 in 11.6s
[00:25:16] film cr_film_id=12516 OK in 25.9s
[00:25:16] iteration 16/20
[00:25:16] film cr_film_id=23914 name='RKO 281 (1999) CZ Dabing' candidates=1
[00:25:16]   candidate upload_id=58b43121eccdc url=https://prehraj.to/rko-281-aneb-obcan-kane-liev-schreiber-james-cromwell-melanie-griffith-1999-cz-dab/58b43121eccdc
[00:25:17]   resolved in 1.0s → 480p (https://pf-storage5.premiumcdn.net/1761632/rR7SVwhqJio5uRksvwIqVh2qUXmIDkIoRiYbC…)
[00:25:36]   downloaded 468.6 MB in 17.5s (26.8 MB/s)
[00:25:56]   upload done video_id=26027846 in 20.2s
[00:25:57] film cr_film_id=23914 OK in 40.9s
[00:25:57] iteration 17/20
[00:25:57] film cr_film_id=24272 name='Nejmladší kmotr (1999) CZ Dabing' candidates=1
[00:25:57]   candidate upload_id=589376f356db5 url=https://prehraj.to/bonanno-zivot-mafiana-cz-dabing-krimidrama-1999/589376f356db5
[00:25:58]   resolved in 1.0s → 480p (https://pf-storage1.premiumcdn.net/1603613/GqncvpIZ7cBefMbHl0sAKI9zFNJhR6uEaFO3i…)
[00:26:42]   downloaded 1,255.5 MB in 42.9s (29.3 MB/s)
[00:27:35]   upload done video_id=26027860 in 52.6s
[00:27:36] film cr_film_id=24272 OK in 98.8s
[00:27:36] iteration 18/20
[00:27:36] film cr_film_id=23894 name='Prachy k likvidaci (1998) CZ Dabing' candidates=2
[00:27:36]   candidate upload_id=6393ad79c1353 url=https://prehraj.to/zbal-prachy-a-vypadni-cz-dabing-1998/6393ad79c1353
[00:27:37]   resolved in 0.8s → 480p (https://pf-storage4.premiumcdn.net/35257195/qgRsM3Ib3TOVI9nuBRIo6I9quEMFlxUE4sbE…)
[00:28:04]   downloaded 643.3 MB in 25.8s (24.9 MB/s)
[00:28:27]   upload done video_id=26027880 in 23.0s
[00:28:28] film cr_film_id=23894 OK in 51.6s
[00:28:28] iteration 19/20
[00:28:28] film cr_film_id=32980 name="Krippendorf's Tribe (1998) CZ Dabing" candidates=1
[00:28:28]   candidate upload_id=58b3978738195 url=https://prehraj.to/krippendorfuv-kmen-komedie-1998-cz-dabing-ldandasova/58b3978738195
[00:28:28]   resolved in 0.8s → 480p (https://pf-storage1.premiumcdn.net/1759610/Lebu64cYNSlntv5Hl8fJXcOVf53Ce9TpnUGQU…)
[00:28:47]   downloaded 573.7 MB in 17.8s (32.2 MB/s)
[00:29:10]   upload done video_id=26027889 in 22.3s
[00:29:11] film cr_film_id=32980 OK in 42.9s
[00:29:11] iteration 20/20
[00:29:11] film cr_film_id=35468 name='Krev andělů (1998) CZ Dabing' candidates=1
[00:29:11]   candidate upload_id=586c48b5de0e3 url=https://prehraj.to/krev-andelu-usa-drama-1998-cs-dabing/586c48b5de0e3
[00:29:12]   resolved in 1.0s → 480p (https://pf-storage2.premiumcdn.net/1300725/myVSn2fgwu65TbLUjGh6VfowC87HKrF8ecmzI…)
[00:29:32]   downloaded 503.9 MB in 18.9s (26.7 MB/s)
[00:29:51]   upload done video_id=26027901 in 19.0s
[00:29:51] film cr_film_id=35468 OK in 40.9s
[00:29:51] batch-end ok=20 failed=0 dur=1136.8s avg/film=56.8s remaining=9636 eta_hours=152.0

===== run 2026-06-17T00:43:39Z shard=0/2 batch_size=20 (https://github.com/Olbrasoft/prehrajto-to-prehrajto/actions/runs/27657931230) =====
[00:43:40] batch-start shard=0/2 count=20 backlog=10210 uploads=574 failed_attempts=17 description_overrides=0
[00:43:40] login
[00:43:42] login done
[00:43:42] iteration 1/20
[00:43:42] film cr_film_id=12376 name='Herkules a Xena Bitva o Olymp (1998) CZ Dabing' candidates=1
[00:43:42]   candidate upload_id=585a5a805d2a1 url=https://prehraj.to/herkules-a-xena-bitva-o-olymp-1998-cz-dabing/585a5a805d2a1
[00:43:43]   resolved in 1.1s → 480p (https://pf-storage1.premiumcdn.net/1215616/JgJtL1iMPcdNFPQhZdIKoiqQUVdt20Corfkoh…)
[00:44:10]   downloaded 512.4 MB in 25.0s (20.5 MB/s)
[00:44:38]   upload done video_id=26028093 in 28.1s
[00:44:39] film cr_film_id=12376 OK in 57.2s
[00:44:39] iteration 2/20
[00:44:39] film cr_film_id=24006 name='Casper a Wendy (1998) CZ Dabing' candidates=1
[00:44:39]   candidate upload_id=607da9387eb5f url=https://prehraj.to/casper-a-wendy-fantasy-1998-cz-dabing/607da9387eb5f
[00:44:40]   resolved in 1.1s → 480p (https://pf-storage4.premiumcdn.net/23186790/G9JfJbc6aT8eh4RhyNF2WcmLUlQSX7IYDtLY…)
[00:45:19]   downloaded 794.8 MB in 36.9s (21.5 MB/s)
[00:46:07]   upload done video_id=26028109 in 48.1s
[00:46:08] film cr_film_id=24006 OK in 89.2s
[00:46:08] iteration 3/20
[00:46:08] film cr_film_id=2056 name='Sedm let v Tibetu (1997) CZ Dabing' candidates=5
[00:46:08]   candidate upload_id=418b49a0c68792d7 url=https://prehraj.to/sedm-let-v-tibetu-1997-cz-dab-1080p/418b49a0c68792d7
[00:46:09]   resolved in 1.1s → 720p (https://pf-storage3.premiumcdn.net/168696919/qw9iEBTbdt1xiqRs49TErTAdsk3SyLfrnfN…)
[00:47:37]   downloaded 2,472.1 MB in 86.6s (28.5 MB/s)
[00:49:47]   upload done video_id=26028146 in 130.2s
[00:49:49] film cr_film_id=2056 OK in 220.5s
[00:49:49] iteration 4/20
[00:49:49] film cr_film_id=32684 name='Revanš (1997) CZ Dabing' candidates=1
[00:49:49]   candidate upload_id=58697a6bdde5c url=https://prehraj.to/revans-1996-cz-dabing/58697a6bdde5c
[00:49:50]   resolved in 1.1s → 480p (https://pf-storage2.premiumcdn.net/1268755/xkmh6NTwNtOKTJoSgZS15T96FmKI4pSpdHwWh…)
[00:50:26]   downloaded 693.8 MB in 34.1s (20.3 MB/s)
[00:51:09]   upload done video_id=26028211 in 43.1s
[00:51:10] film cr_film_id=32684 OK in 81.5s
[00:51:10] iteration 5/20
[00:51:10] film cr_film_id=23854 name='Relic (1997) CZ Dabing' candidates=2
[00:51:10]   candidate upload_id=599cf27180ab1 url=https://prehraj.to/relic-1997-cz-dabing/599cf27180ab1
[00:51:11]   resolved in 1.2s → 480p (https://pf-storage2.premiumcdn.net/2572853/5mDt5AS0gtBpiXqUVpH0mSG5ImETLecv9ULms…)
[00:51:35]   downloaded 435.4 MB in 22.4s (19.4 MB/s)
[00:52:04]   upload done video_id=26028231 in 28.5s
[00:52:06] film cr_film_id=23854 OK in 56.3s
[00:52:06] iteration 6/20
[00:52:06] film cr_film_id=32144 name='Gangster (1997) CZ Dabing' candidates=2
[00:52:06]   candidate upload_id=607ff062c6c00 url=https://prehraj.to/gangster-drama-1997-cz-dabing/607ff062c6c00
[00:52:07]   resolved in 0.9s → 480p (https://pf-storage2.premiumcdn.net/23210493/YE1ceRTvBFO4TJ5sYnhgxToEf4ms9DFwvInA…)
[00:52:41]   downloaded 851.4 MB in 32.3s (26.4 MB/s)
[00:53:33]   upload done video_id=26028250 in 52.4s
[00:53:35] film cr_film_id=32144 OK in 88.3s
[00:53:35] iteration 7/20
[00:53:35] film cr_film_id=23808 name='Funny Games (1997) CZ Dabing' candidates=3
[00:53:35]   candidate upload_id=51cac9cb6032216e url=https://prehraj.to/funny-games-1997-cz-dab-1080p/51cac9cb6032216e
[00:53:36]   resolved in 1.1s → 1080p (https://pf-storage1.premiumcdn.net/168373939/0XGTnlfPzHRKS7VFGgtgPfq1teLcx5iJBt4…)
[00:54:37]   downloaded 1,630.6 MB in 60.1s (27.1 MB/s)
[00:56:03]   upload done video_id=26028273 in 85.4s
[00:56:04] film cr_film_id=23808 OK in 149.4s
[00:56:04] iteration 8/20
[00:56:04] film cr_film_id=23774 name='Žabákova dobrodružství (1996) CZ Dabing' candidates=2
[00:56:04]   candidate upload_id=587c9be84a5aa url=https://prehraj.to/zabakova-dobrodruzstvi-cz-dabing-dobrodruzny-fantasy-velka-britanie-1996-pres-multiload-cz/587c9be84a5aa
[00:56:05]   resolved in 1.1s → 480p (https://pf-storage2.premiumcdn.net/1454725/EwBim5UyVhOQU3rFlzS9oUpyuEvudvFmPceVI…)
[00:56:30]   downloaded 573.0 MB in 22.8s (25.1 MB/s)
[00:57:00]   upload done video_id=26028303 in 30.0s
[00:57:01] film cr_film_id=23774 OK in 56.9s
[00:57:01] iteration 9/20
[00:57:01] film cr_film_id=12332 name='Vabank (1996) CZ Dabing' candidates=1
[00:57:01]   candidate upload_id=57cb2e9f7a483 url=https://prehraj.to/vabank-1996-cz-dabing/57cb2e9f7a483
[00:57:02]   resolved in 1.1s → 480p (https://pf-storage4.premiumcdn.net/14294/g3jHbaixjhjes5ACvjUk7igGC9eu4at4wIvGU7n…)
[00:57:31]   downloaded 687.4 MB in 26.9s (25.6 MB/s)
[00:58:10]   upload done video_id=26028316 in 39.2s
[00:58:11] film cr_film_id=12332 OK in 70.3s
[00:58:11] iteration 10/20
[00:58:11] film cr_film_id=32586 name='Shootfighter 2: Msta (1996) CZ Dabing' candidates=1
[00:58:11]   candidate upload_id=5855a141af056 url=https://prehraj.to/shootfighter-2-msta-1995-cz-dabing/5855a141af056
[00:58:12]   resolved in 1.1s → 480p (https://pf-storage5.premiumcdn.net/1188981/45vFeRU2OUZGc90TQ6txNUAdsyXCovF5vfAwC…)
[00:58:40]   downloaded 667.0 MB in 26.2s (25.5 MB/s)
[00:59:25]   upload done video_id=26028334 in 44.8s
[00:59:26] film cr_film_id=32586 OK in 74.7s
[00:59:26] iteration 11/20
[00:59:26] film cr_film_id=23746 name='Rasputin (1996) CZ Dabing' candidates=2
[00:59:26]   candidate upload_id=72036d5343fa307b url=https://prehraj.to/rasputin-1996-cz-dab-1080p/72036d5343fa307b
[00:59:27]   resolved in 1.2s → 1080p (https://pf-storage5.premiumcdn.net/167686046/85GIApieAcZ1tE2uevfmKiJ9Ij3h2rhl8sD…)
[01:01:10]   downloaded 2,742.3 MB in 100.7s (27.2 MB/s)
[01:03:48]   upload done video_id=26028532 in 158.4s
[01:03:49] film cr_film_id=23746 OK in 263.5s
[01:03:49] iteration 12/20
[01:03:49] film cr_film_id=35326 name='One Tough Bastard (1996) CZ Dabing' candidates=1
[01:03:49]   candidate upload_id=57b661616cba5 url=https://prehraj.to/grazl-1996-cz-dabing/57b661616cba5
[01:03:51]   resolved in 1.1s → 480p (https://pf-storage2.premiumcdn.net/649656/55jt6Kf50Fv6cYLfzMHJlfBosoPIZpigruRyHL…)
[01:04:14]   downloaded 407.4 MB in 21.0s (19.4 MB/s)
[01:04:34]   upload done video_id=26028919 in 20.7s
[01:04:35] film cr_film_id=35326 OK in 45.9s
[01:04:35] iteration 13/20
[01:04:35] film cr_film_id=36648 name='Krvavý sport 3 (1996) CZ Dabing' candidates=1
[01:04:35]   candidate upload_id=5c9f69375f16f url=https://prehraj.to/krvavy-sport-3-bernhardt-1996-cz-dabing/5c9f69375f16f
[01:04:37]   resolved in 1.1s → 480p (https://pf-storage5.premiumcdn.net/12699229/yQPiJOTm5FrEI3wUAJhQ2T5ZCRLHvGIl1iJ9…)
[01:05:12]   downloaded 863.3 MB in 33.2s (26.0 MB/s)
[01:06:02]   upload done video_id=26028931 in 50.3s
[01:06:03] film cr_film_id=36648 OK in 87.7s
[01:06:03] iteration 14/20
[01:06:03] film cr_film_id=32750 name='Dlouhá jízda (1996) CZ Dabing' candidates=1
[01:06:03]   candidate upload_id=586cd9d03328a url=https://prehraj.to/dlouha-jizda-get-on-the-bus-1996-cz-dab-nomad1205/586cd9d03328a
[01:06:04]   resolved in 1.1s → 480p (https://pf-storage1.premiumcdn.net/1307877/b4yiV1I2QIKeso1TxMtGaIL8tMzu9xTrxCB4c…)
[01:06:44]   downloaded 793.4 MB in 37.5s (21.2 MB/s)
[01:07:24]   upload done video_id=26028947 in 40.5s
[01:07:25] film cr_film_id=32750 OK in 82.2s
[01:07:25] iteration 15/20
[01:07:25] film cr_film_id=35288 name='XTRO 3: Hlídejte si oblohu (1995) CZ Dabing' candidates=2
[01:07:25]   candidate upload_id=55b4af6b7856d url=https://prehraj.to/xtro-3-scifi-horor-1995-xvid-cz-dab/55b4af6b7856d
[01:07:26]   resolved in 1.1s → 480p (https://pf-storage3.premiumcdn.net/25741/BAGiP5sLWi1ziMoUnLcVPsgKh7Gi7rtj5hXoH9M…)
[01:07:54]   downloaded 742.0 MB in 26.2s (28.3 MB/s)
[01:08:37]   upload done video_id=26028954 in 43.1s
[01:08:38] film cr_film_id=35288 OK in 73.1s
[01:08:38] iteration 16/20
[01:08:38] film cr_film_id=32372 name='Přežít může jen jeden (1995) CZ Dabing' candidates=1
[01:08:38]   candidate upload_id=57c626c832e8c url=https://prehraj.to/zurivost-1996-cz-dabing/57c626c832e8c
[01:08:40]   resolved in 1.1s → 480p (https://pf-storage2.premiumcdn.net/13168/5Z2Tg7H3RSLMtbmc97upzHEqCbatpdCx1fKEUdD…)
[01:09:08]   downloaded 509.8 MB in 26.2s (19.5 MB/s)
[01:09:41]   upload done video_id=26028967 in 33.8s
[01:09:42] film cr_film_id=32372 OK in 64.0s
[01:09:42] iteration 17/20
[01:09:42] film cr_film_id=23628 name='Operace slon (1995) CZ Dabing' candidates=2
[01:09:42]   candidate upload_id=583ffb3883373 url=https://prehraj.to/operace-slon-operation-dumbo-drop-dvdrip-cz-dabing-1995/583ffb3883373
[01:09:44]   resolved in 1.2s → 480p (https://pf-storage3.premiumcdn.net/971800/WZXTxwCybSjJtAqSLYhkxClLFNzUOnhb3HaPcq…)
[01:10:13]   downloaded 606.6 MB in 27.8s (21.8 MB/s)
[01:10:48]   upload done video_id=26028974 in 34.3s
[01:10:49] film cr_film_id=23628 OK in 66.3s
[01:10:49] iteration 18/20
[01:10:49] film cr_film_id=23600 name='Krutá spravedlnost (1995) CZ Dabing' candidates=1
[01:10:49]   candidate upload_id=57c62268bb52f url=https://prehraj.to/kruta-spravedlnost-1995-cz-dabing/57c62268bb52f
[01:10:50]   resolved in 1.4s → 480p (https://pf-storage2.premiumcdn.net/13147/55aTevU0gTqNfWGTlvHY2UvjHL5hjztlncWLcjl…)
[01:11:22]   downloaded 617.8 MB in 29.8s (20.7 MB/s)
[01:12:00]   upload done video_id=26028983 in 38.1s
[01:12:01] film cr_film_id=23600 OK in 72.3s
[01:12:01] iteration 19/20
[01:12:01] film cr_film_id=37246 name='Cyborg 3: Záchrana rasy (1995) CZ Dabing' candidates=6
[01:12:01]   candidate upload_id=673f97735d61c url=https://prehraj.to/cyborg-3-zachrana-rasy-akcni-sci-fi-thriller-1994-cz-dab/673f97735d61c
[01:12:02]   resolved in 1.1s → 480p (https://pf-storage4.premiumcdn.net/109814234/dZKSzAU3aIN3TKZU97tdAUYXSDaszxt6mHa…)
[01:12:25]   downloaded 441.5 MB in 21.5s (20.5 MB/s)
[01:12:48]   upload done video_id=26028988 in 22.8s
[01:12:49] film cr_film_id=37246 OK in 48.3s
[01:12:49] iteration 20/20
[01:12:49] film cr_film_id=34834 name='Zbožňuju trable (1994) CZ Dabing' candidates=3
[01:12:49]   candidate upload_id=f3142c84e77f5a48 url=https://prehraj.to/zboznuju-trable-1994-cz-dab-1080p/f3142c84e77f5a48
[01:12:51]   resolved in 1.2s → 720p (https://pf-storage6.premiumcdn.net/171553289/pagipqUYLSWluawugmt0MUAehb0Ck1ueBS8…)
[01:13:50]   downloaded 1,596.6 MB in 57.6s (27.7 MB/s)
[01:15:06]   upload done video_id=26029000 in 75.8s
[01:15:07] film cr_film_id=34834 OK in 137.6s
[01:15:07] batch-end ok=20 failed=0 dur=1885.2s avg/film=94.3s remaining=9616 eta_hours=251.9

===== run 2026-06-17T01:15:37Z shard=0/2 batch_size=20 (https://github.com/Olbrasoft/prehrajto-to-prehrajto/actions/runs/27659113761) =====
[01:15:37] batch-start shard=0/2 count=20 backlog=10210 uploads=594 failed_attempts=17 description_overrides=0
[01:15:37] login
[01:15:39] login done
[01:15:39] iteration 1/20
[01:15:39] film cr_film_id=12186 name='Vládci loutek (1994) CZ Dabing' candidates=1
[01:15:39]   candidate upload_id=6086810fd5b9d url=https://prehraj.to/vladci-loutek-sci-fi-1994-cz-dabing/6086810fd5b9d
[01:15:40]   resolved in 1.1s → 480p (https://pf-storage2.premiumcdn.net/23263119/zobiWwuJ7SOKuwxF16CObuJPFzpCjgsqzTyW…)
[01:16:06]   downloaded 558.8 MB in 24.4s (22.9 MB/s)
[01:16:37]   upload done video_id=26029017 in 31.5s
[01:16:39] film cr_film_id=12186 OK in 60.0s
[01:16:39] iteration 2/20
[01:16:39] film cr_film_id=23560 name='Unaveni sluncem (1994) CZ Dabing' candidates=5
[01:16:39]   candidate upload_id=6d519e36019ef07a url=https://prehraj.to/unaveni-sluncem-1994-cz-dab-720p/6d519e36019ef07a
[01:16:39]   resolved in 0.8s → 720p (https://pf-storage1.premiumcdn.net/167080667/nBasMXfKEi5dSp2H0RIDEfe4cr0t8eIqyT3…)
[01:18:29]   downloaded 2,757.3 MB in 107.8s (25.6 MB/s)
[01:20:26]   upload done video_id=26029050 in 117.0s
[01:20:27] film cr_film_id=23560 OK in 228.5s
[01:20:27] iteration 3/20
[01:20:27] film cr_film_id=23462 name='Téměř mrtví (1994) CZ Dabing' candidates=1
[01:20:27]   candidate upload_id=586c757f9d5dd url=https://prehraj.to/temer-mrtvi-almost-dead-cz-dabing-1994-hq-dvdrip/586c757f9d5dd
[01:20:28]   resolved in 1.1s → 480p (https://pf-storage1.premiumcdn.net/1302020/kJNuOMHa7iL2UkjTevsZ2HyOUByiLDtG3IJ6S…)
[01:20:47]   downloaded 403.2 MB in 17.8s (22.6 MB/s)
[01:21:06]   upload done video_id=26029485 in 18.0s
[01:21:07] film cr_film_id=23462 OK in 39.5s
[01:21:07] iteration 4/20
[01:21:07] film cr_film_id=23482 name='Totální okno (1994) CZ Dabing' candidates=1
[01:21:07]   candidate upload_id=5871517fe9c90 url=https://prehraj.to/totalni-okno-komedie-usa-1994-cz-dab-720p/5871517fe9c90
[01:21:08]   resolved in 1.1s → 720p (https://pf-storage2.premiumcdn.net/1368232/rQXsMLubGI4Pteys14Ud8uqNFvRC13CV4felC…)
[01:21:53]   downloaded 1,059.9 MB in 43.8s (24.2 MB/s)
[01:22:36]   upload done video_id=26029780 in 43.2s
[01:22:37] film cr_film_id=23482 OK in 90.7s
[01:22:37] iteration 5/20
[01:22:37] film cr_film_id=12196 name='Timecop (1994) CZ Dabing' candidates=6
[01:22:37]   candidate upload_id=5c4f59a2e817d url=https://prehraj.to/timecop-van-damme-1994-cz-dabing/5c4f59a2e817d
[01:22:39]   resolved in 1.1s → 480p (https://pf-storage2.premiumcdn.net/11419081/vN5H5kUlpF0ltWAHZ4hB2U3lsOVHB7hYXSOL…)
[01:23:01]   downloaded 490.3 MB in 21.7s (22.6 MB/s)
[01:23:22]   upload done video_id=26030085 in 20.8s
[01:23:23] film cr_film_id=12196 OK in 46.0s
[01:23:23] iteration 6/20
[01:23:23] film cr_film_id=37218 name='Malý indián ve městě (1994) CZ Dabing' candidates=1
[01:23:23]   candidate upload_id=b936b0ac6ca75714 url=https://prehraj.to/maly-indian-ve-meste-thierry-lhermitte-patrick-timsit-miou-miou-1994-komedie-rodinny-dobrodruzny-bdrip-1080p-cz-dabing/b936b0ac6ca75714
[01:23:24]   resolved in 0.9s → 1080p (https://pf-storage5.premiumcdn.net/168270820/oyXinVIPWskJs5ECyafE5IZRHOxi05FObhZ…)
[01:25:11]   downloaded 2,650.5 MB in 105.4s (25.1 MB/s)
[01:27:25]   upload done video_id=26030124 in 133.8s
[01:27:26] film cr_film_id=37218 OK in 242.8s
[01:27:26] iteration 7/20
[01:27:26] film cr_film_id=12194 name='Labutí princezna (1994) CZ Dabing' candidates=2
[01:27:26]   candidate upload_id=5c515f6eb1755 url=https://prehraj.to/labuti-princezna-1-anim-1994-cz-dabing/5c515f6eb1755
[01:27:27]   resolved in 1.1s → 480p (https://pf-storage5.premiumcdn.net/11457790/1a0S3qfLrSDKioVTXjux0fM0COeujyF3aCQx…)
[01:27:47]   downloaded 531.3 MB in 18.5s (28.7 MB/s)
[01:28:34]   upload done video_id=26030202 in 47.4s
[01:28:36] film cr_film_id=12194 OK in 69.4s
[01:28:36] iteration 8/20
[01:28:36] film cr_film_id=23502 name='Ghoulies IV (1994) CZ Dabing' candidates=1
[01:28:36]   candidate upload_id=58597702b8277 url=https://prehraj.to/ghoulies-4-cz-dabing-komedie-horor-usa-1994/58597702b8277
[01:28:37]   resolved in 1.1s → 480p (https://pf-storage4.premiumcdn.net/1213969/PnqIwRHawF4Vtg0HLBhkPH0XtV8FvrcwWu6zS…)
[01:29:00]   downloaded 643.8 MB in 21.8s (29.5 MB/s)
[01:29:39]   upload done video_id=26030222 in 39.3s
[01:29:40] film cr_film_id=23502 OK in 64.6s
[01:29:40] iteration 9/20
[01:29:40] film cr_film_id=23436 name='Touha po zlatě (1993) CZ Dabing' candidates=1
[01:29:40]   candidate upload_id=58697147bc680 url=https://prehraj.to/touha-po-zlate-cz-dab-upload-film7-dvdrip-novinky-1993/58697147bc680
[01:29:41]   resolved in 0.9s → 480p (https://pf-storage1.premiumcdn.net/1268700/lpWf5aSj3HwNsazcGpTpDS7rtzvu2BCrvFOoF…)
[01:30:04]   downloaded 601.7 MB in 22.2s (27.1 MB/s)
[01:30:30]   upload done video_id=26030233 in 26.0s
[01:30:31] film cr_film_id=23436 OK in 51.3s
[01:30:31] iteration 10/20
[01:30:31] film cr_film_id=23406 name='Necronomicon (1993) CZ Dabing' candidates=2
[01:30:31]   candidate upload_id=60878f2c69422 url=https://prehraj.to/necronomicon-horor-1993-cz-dabing/60878f2c69422
[01:30:33]   resolved in 1.4s → 480p (https://pf-storage5.premiumcdn.net/23275752/JlpFNlhb0C3Bhp7iV9H6qhzrCq7SV7hPaUyo…)
[01:30:57]   downloaded 531.5 MB in 23.1s (23.0 MB/s)
[01:31:26]   upload done video_id=26030247 in 29.1s
[01:31:28] film cr_film_id=23406 OK in 56.1s
[01:31:28] iteration 11/20
[01:31:28] film cr_film_id=23444 name='Elitní boj: Být nejlepší (1993) CZ Dabing' candidates=1
[01:31:28]   candidate upload_id=588493e741557 url=https://prehraj.to/elitni-boj-1993-vhs-rip-cz-dabing/588493e741557
[01:31:28]   resolved in 0.9s → 480p (https://pf-storage5.premiumcdn.net/1509019/Gajsv1Sj4tEPtZjHg3i9pSLVi1NiZ5CPvsdZt…)
[01:32:05]   downloaded 798.4 MB in 35.4s (22.6 MB/s)
[01:32:42]   upload done video_id=26030262 in 36.6s
[01:32:43] film cr_film_id=23444 OK in 75.2s
[01:32:43] iteration 12/20
[01:32:43] film cr_film_id=23352 name='Batman a fantom (1993) CZ Dabing' candidates=2
[01:32:43]   candidate upload_id=6681a42d11d80 url=https://prehraj.to/batman-a-fantom-1993-batman-mask-of-the-phantasm-czdub/6681a42d11d80
[01:32:44]   resolved in 1.1s → 720p (https://pf-storage3.premiumcdn.net/81575165/LpbhK5TaJivNuAOcJesN8T6XsD4i7AsQYFLN…)
[01:33:25]   downloaded 1,185.2 MB in 39.5s (30.0 MB/s)
[01:34:42]   upload done video_id=26030284 in 76.7s
[01:34:43] film cr_film_id=23352 OK in 120.0s
[01:34:43] iteration 13/20
[01:34:43] film cr_film_id=23342 name='Americký ninja 5 (1993) CZ Dabing' candidates=3
[01:34:43]   candidate upload_id=5c5150b17d380 url=https://prehraj.to/americky-ninja-5-dudikoff-1993-cz-dabing/5c5150b17d380
[01:34:44]   resolved in 1.1s → 480p (https://pf-storage5.premiumcdn.net/11456146/q23i8VF8EC25trah8XTOeFN7i6gHAMcE6iD8…)
[01:35:18]   downloaded 744.4 MB in 32.2s (23.1 MB/s)
[01:35:59]   upload done video_id=26030313 in 40.8s
[01:36:00] film cr_film_id=23342 OK in 77.1s
[01:36:00] iteration 14/20
[01:36:00] film cr_film_id=23346 name='Trojitý kříž (1992) CZ Dabing' candidates=2
[01:36:00]   candidate upload_id=584148aa87175 url=https://prehraj.to/trojity-kriz-1992-cz-dabing/584148aa87175
[01:36:01]   resolved in 1.0s → 480p (https://pf-storage4.premiumcdn.net/980026/1jqUgMFM7ib6uevUqAilpFjmudwsrYs96i7NTq…)
[01:36:27]   downloaded 561.1 MB in 24.6s (22.8 MB/s)
[01:37:02]   upload done video_id=26030331 in 35.1s
[01:37:03] film cr_film_id=23346 OK in 63.4s
[01:37:03] iteration 15/20
[01:37:03] film cr_film_id=21142 name='Tanec v srdci (1992) CZ Dabing' candidates=1
[01:37:03]   candidate upload_id=584148600cbdb url=https://prehraj.to/tanec-v-srdci-1992-cz-dabing/584148600cbdb
[01:37:04]   resolved in 1.1s → 480p (https://pf-storage2.premiumcdn.net/980016/D0BsQ6FqpsAMF3bf9EHyZFLDCK8uertVbHv9CY…)
[01:37:26]   downloaded 615.3 MB in 21.0s (29.3 MB/s)
[01:37:53]   upload done video_id=26030353 in 27.0s
[01:37:55] film cr_film_id=21142 OK in 51.4s
[01:37:55] iteration 16/20
[01:37:55] film cr_film_id=23294 name='Tah jezdcem (1992) CZ Dabing' candidates=6
[01:37:55]   candidate upload_id=60883c5582025 url=https://prehraj.to/tah-jezdcem-thriller-1992-cz-dabing/60883c5582025
[01:37:56]   resolved in 1.1s → 480p (https://pf-storage2.premiumcdn.net/23279415/ZXpuo9hyETX4spbClbijxhl8s6lIyQCqnUNj…)
[01:38:17]   downloaded 442.7 MB in 20.1s (22.0 MB/s)
[01:38:36]   upload done video_id=26030371 in 19.3s
[01:38:37] film cr_film_id=23294 OK in 42.7s
[01:38:37] iteration 17/20
[01:38:37] film cr_film_id=102 name='Gauneři (1992) CZ Dabing' candidates=5
[01:38:37]   candidate upload_id=68d7b5596ccae url=https://prehraj.to/gauneri-reservoir-dogs-1992-en-cz-dabing-uhdrdv/68d7b5596ccae
[01:38:38]   resolved in 1.0s → 1080p (https://pf-storage4.premiumcdn.net/148680204/ZmVfyVS4AUPMHbNFV4CqrSB2sv8f98I3wcm…)
[01:39:52]   downloaded 2,240.9 MB in 72.6s (30.9 MB/s)
[01:41:25]   upload done video_id=26030401 in 93.4s
[01:41:27] film cr_film_id=102 OK in 169.3s
[01:41:27] iteration 18/20
[01:41:27] film cr_film_id=23176 name='Černé roucho (1991) CZ Dabing' candidates=3
[01:41:27]   candidate upload_id=577c1470a1346 url=https://prehraj.to/black-cat-1991-cz-dab-nomad1205/577c1470a1346
[01:41:28]   resolved in 1.1s → 480p (https://pf-storage4.premiumcdn.net/241088/nPBtJkirBUJ7cD7SB1iZgidYU1gCO7SBzFZYUO…)
[01:41:51]   downloaded 584.1 MB in 21.3s (27.4 MB/s)
[01:42:20]   upload done video_id=26030432 in 29.8s
[01:42:21] film cr_film_id=23176 OK in 54.9s
[01:42:21] iteration 19/20
[01:42:21] film cr_film_id=23198 name='Únik (1991) CZ Dabing' candidates=1
[01:42:21]   candidate upload_id=58952cc283cce url=https://prehraj.to/unik-1991-vhs-rip-cz-dabing/58952cc283cce
[01:42:23]   resolved in 2.0s → 480p (https://pf-storage5.premiumcdn.net/1615237/e9pFrBsBJIJvfQBC1mTemsDRfMaha7uqkHkAh…)
[01:42:42]   downloaded 376.5 MB in 17.3s (21.8 MB/s)
[01:43:00]   upload done video_id=26030436 in 18.2s
[01:43:01] film cr_film_id=23198 OK in 40.1s
[01:43:01] iteration 20/20
[01:43:01] film cr_film_id=8436 name='Slunce, seno, erotika (1991) CZ Dabing' candidates=23
[01:43:01]   candidate upload_id=14392559601e9dd8 url=https://prehraj.to/slunce-seno-erotika-1991-cz-dabing-1080p-hevc/14392559601e9dd8
[01:43:02]   resolve FAILED: HTTP 502 wrapping permanent upstream error: https://prehraj.to/slunce-seno-erotika-1991-cz-dabing-1080p-hevc/14392559601e9dd8 (permanent=True)
[01:43:02]   candidate upload_id=6001f6d7f2d25 url=https://prehraj.to/slunce-seno-a-erotika-cz-film-1991/6001f6d7f2d25
[01:43:08]   resolved in 6.3s → 480p (https://pf-storage5.premiumcdn.net/21507933/pg8cD5SEJhWaUykhajI7gSRBTL6To0haMT0k…)
[01:43:38]   downloaded 842.9 MB in 28.1s (30.0 MB/s)
[01:44:13]   upload done video_id=26030449 in 35.5s
[01:44:15] film cr_film_id=8436 OK in 73.0s
[01:44:15] batch-end ok=20 failed=0 dur=1715.8s avg/film=85.8s remaining=9596 eta_hours=228.7

===== run 2026-06-17T01:44:39Z shard=0/2 batch_size=20 (https://github.com/Olbrasoft/prehrajto-to-prehrajto/actions/runs/27660158242) =====
[01:44:39] batch-start shard=0/2 count=20 backlog=10210 uploads=614 failed_attempts=18 description_overrides=0
[01:44:39] login
[01:44:41] login done
[01:44:41] iteration 1/20
[01:44:41] film cr_film_id=9496 name='Freddyho smrt – Poslední noční můra (1991) CZ Dabing' candidates=1
[01:44:41]   candidate upload_id=604ee823971a0 url=https://prehraj.to/nocni-mura-v-elm-street-6-1991-cz-dabing-horor-avi-by-05m05/604ee823971a0
[01:44:42]   resolved in 1.4s → 720p (https://pf-storage1.premiumcdn.net/22672310/ab1SWMhwWi1bSwmUOJc28h2zUaYi4NIMzcyV…)
[01:46:12]   downloaded 1,658.5 MB in 88.0s (18.8 MB/s)
[01:47:43]   upload done video_id=26030483 in 90.9s
[01:47:45] film cr_film_id=9496 OK in 184.0s
[01:47:45] iteration 2/20
[01:47:45] film cr_film_id=11950 name='Chladný jako led (1991) CZ Dabing' candidates=13
[01:47:45]   candidate upload_id=57c61fe30ec80 url=https://prehraj.to/chladny-jako-led-1991-cz-dabing/57c61fe30ec80
[01:47:46]   resolved in 1.2s → 480p (https://pf-storage2.premiumcdn.net/13128/6KoTGNIe1i8VUKdIo1tKlIP0S0JhxNFd4SMLSgP…)
[01:48:10]   downloaded 459.1 MB in 22.2s (20.7 MB/s)
[01:48:38]   upload done video_id=26030519 in 27.4s
[01:48:39] film cr_film_id=11950 OK in 54.2s
[01:48:39] iteration 3/20
[01:48:39] film cr_film_id=19404 name='Průrva (1990) CZ Dabing' candidates=3
[01:48:39]   candidate upload_id=590b2fe047734 url=https://prehraj.to/prurva-cz-dabing-1990-horor-sci-fi/590b2fe047734
[01:48:41]   resolved in 1.4s → 480p (https://pf-storage2.premiumcdn.net/2135053/Z8pIvwsPRC7diGJuezSQysqYcp8h65t04iAaU…)
[01:49:03]   downloaded 426.3 MB in 20.6s (20.7 MB/s)
[01:49:28]   upload done video_id=26030534 in 25.5s
[01:49:30] film cr_film_id=19404 OK in 50.6s
[01:49:30] iteration 4/20
[01:49:30] film cr_film_id=11872 name='Nevěsta Re-Animatora (1990) CZ Dabing' candidates=2
[01:49:30]   candidate upload_id=55b695e296652 url=https://prehraj.to/nevesta-re-animatora-2-cz-dabing-komedie-horor-usa-1989/55b695e296652
[01:49:31]   resolved in 1.2s → 480p (https://pf-storage3.premiumcdn.net/32722/8RehmDc8xSJqH2VCeDfLWcmgUZ1TPlf6bs8kCrR…)
[01:50:08]   downloaded 599.7 MB in 35.1s (17.1 MB/s)
[01:50:50]   upload done video_id=26030548 in 41.5s
[01:50:51] film cr_film_id=11872 OK in 81.3s
[01:50:51] iteration 5/20
[01:50:51] film cr_film_id=21096 name="China O'Brien 2 (1990) CZ Dabing" candidates=1
[01:50:51]   candidate upload_id=58414ba8be20f url=https://prehraj.to/china-o-brien-2-1989-cz-dabing/58414ba8be20f
[01:50:52]   resolved in 1.3s → 480p (https://pf-storage2.premiumcdn.net/980091/aRJSMKFj7Cz7UgyFq1tQnF4AhGBSkJSaMHKqCz…)
[01:51:35]   downloaded 718.3 MB in 40.3s (17.8 MB/s)
[01:52:17]   upload done video_id=26030568 in 42.7s
[01:52:19] film cr_film_id=21096 OK in 87.8s
[01:52:19] iteration 6/20
[01:52:19] film cr_film_id=23026 name='Zmrazení (1989) CZ Dabing' candidates=1
[01:52:19]   candidate upload_id=608bcc35a5fdb url=https://prehraj.to/zmrazeni-horor-1989-cz-dabing/608bcc35a5fdb
[01:52:20]   resolved in 1.2s → 720p (https://pf-storage3.premiumcdn.net/23323173/5VvIL2iglc5luazC90TlRiQqt32TwvHVoTOM…)
[01:53:01]   downloaded 696.9 MB in 39.3s (17.7 MB/s)
[01:53:41]   upload done video_id=26030592 in 40.1s
[01:53:43] film cr_film_id=23026 OK in 84.0s
[01:53:43] iteration 7/20
[01:53:43] film cr_film_id=23090 name='Warlock (1989) CZ Dabing' candidates=3
[01:53:43]   candidate upload_id=608bca2034b85 url=https://prehraj.to/warlock-akcni-1989-cz-dabing/608bca2034b85
[01:53:44]   resolved in 1.4s → 480p (https://pf-storage1.premiumcdn.net/23321277/22gFwJfjghnBu57HAdIA6fqMtbahNDCm3URV…)
[01:54:33]   downloaded 866.8 MB in 46.7s (18.6 MB/s)
[01:55:31]   upload done video_id=26030619 in 57.8s
[01:55:32] film cr_film_id=23090 OK in 109.6s
[01:55:32] iteration 8/20
[01:55:32] film cr_film_id=23136 name='Ninja Academy (1989) CZ Dabing' candidates=1
[01:55:32]   candidate upload_id=586922cae4534 url=https://prehraj.to/ninja-academy-komedie-1989-cz-dabing/586922cae4534
[01:55:33]   resolved in 1.0s → 480p (https://pf-storage2.premiumcdn.net/1266153/0JNIgjSlQHzntOXHzXhzgS9gsnqt5zIE9SL1H…)
[01:56:08]   downloaded 587.6 MB in 32.9s (17.9 MB/s)
[01:56:42]   upload done video_id=26030647 in 34.0s
[01:56:44] film cr_film_id=23136 OK in 71.3s
[01:56:44] iteration 9/20
[01:56:44] film cr_film_id=23024 name='Narozen 4. července (1989) CZ Dabing' candidates=4
[01:56:44]   candidate upload_id=5c51e63bb43cc url=https://prehraj.to/narozen-4-cervence-cruise-1989-cz-dabing/5c51e63bb43cc
[01:56:45]   resolved in 1.2s → 480p (https://pf-storage1.premiumcdn.net/11472646/Pw5SMyHmDUbvTB8TRgfjoHlgCPMi3xCjpUP6…)
[01:57:38]   downloaded 920.1 MB in 50.9s (18.1 MB/s)
[01:58:33]   upload done video_id=26030677 in 55.7s
[01:58:35] film cr_film_id=23024 OK in 111.3s
[01:58:35] iteration 10/20
[01:58:35] film cr_film_id=23092 name='Kdo je Harry Crumb? (1989) CZ Dabing' candidates=1
[01:58:35]   candidate upload_id=608ae8090c9d4 url=https://prehraj.to/kdo-je-harry-crumb-komedie-1989-cz-dabing/608ae8090c9d4
[01:58:36]   resolved in 1.2s → 480p (https://pf-storage4.premiumcdn.net/23311725/epAFrVIOPflYsqQhNXFZ7I9EhxNUrjF7pFVz…)
[01:59:11]   downloaded 552.1 MB in 32.3s (17.1 MB/s)
[01:59:43]   upload done video_id=26030702 in 32.7s
[01:59:45] film cr_film_id=23092 OK in 69.9s
[01:59:45] iteration 11/20
[01:59:45] film cr_film_id=11794 name='Willow (1988) CZ Dabing' candidates=6
[01:59:45]   candidate upload_id=608d7106c9fdd url=https://prehraj.to/willow-fantasy-1988-cz-dabing/608d7106c9fdd
[01:59:46]   resolved in 1.4s → 720p (https://pf-storage1.premiumcdn.net/23337789/K4OsW6fNEfVQUxdTEMuAlfWgcwvikVhvocY4…)
[02:01:47]   downloaded 2,806.2 MB in 118.1s (23.8 MB/s)
[02:04:29]   upload done video_id=26030748 in 162.4s
[02:04:30] film cr_film_id=11794 OK in 285.6s
[02:04:30] iteration 12/20
[02:04:30] film cr_film_id=22992 name='Mystic Pizza (1988) CZ Dabing' candidates=4
[02:04:31]   candidate upload_id=608d6273edf0f url=https://prehraj.to/mystic-pizza-komedie-1988-cz-dabing/608d6273edf0f
[02:04:32]   resolved in 1.2s → 480p (https://pf-storage1.premiumcdn.net/23336940/6ZlsGLIRkFlWu1xfG4hpqILzFNlhz7cGmh1V…)
[02:04:58]   downloaded 517.9 MB in 24.6s (21.1 MB/s)
[02:05:34]   upload done video_id=26030792 in 36.2s
[02:05:36] film cr_film_id=22992 OK in 65.1s
[02:05:36] iteration 13/20
[02:05:36] film cr_film_id=11758 name='Klauni zabijáci (1988) CZ Dabing' candidates=4
[02:05:36]   candidate upload_id=5ff72ef3252bf url=https://prehraj.to/klauni-zabijaci-1988-cz-dabing/5ff72ef3252bf
[02:05:37]   resolved in 1.2s → 480p (https://pf-storage1.premiumcdn.net/21310062/k8liLjF9PtbqIp2IvGcx7F6ATxofqAH9eur3…)
[02:06:10]   downloaded 684.7 MB in 31.4s (21.8 MB/s)
[02:06:53]   upload done video_id=26030813 in 43.0s
[02:06:55] film cr_film_id=11758 OK in 78.9s
[02:06:55] iteration 14/20
[02:06:55] film cr_film_id=22946 name='Fantom Amsterdamu (1988) CZ Dabing' candidates=3
[02:06:55]   candidate upload_id=608c7e4ce2bd8 url=https://prehraj.to/fantom-amsterdamu-akcni-1988-cz-dabing/608c7e4ce2bd8
[02:06:56]   resolved in 1.2s → 480p (https://pf-storage4.premiumcdn.net/23330433/Gx8t48F2jF8gi1pfRNTkyFGDfQeU3Wuk9HGq…)
[02:07:30]   downloaded 559.1 MB in 32.5s (17.2 MB/s)
[02:08:03]   upload done video_id=26030833 in 32.6s
[02:08:05] film cr_film_id=22946 OK in 70.1s
[02:08:05] iteration 15/20
[02:08:05] film cr_film_id=23032 name='Deathstalker III – Nájezdníci z pekla (1988) CZ Dabing' candidates=1
[02:08:05]   candidate upload_id=608c7bc08cb3c url=https://prehraj.to/deathstalker-3-akcni-1988-cz-dabing/608c7bc08cb3c
[02:08:06]   resolved in 1.3s → 480p (https://pf-storage2.premiumcdn.net/23330343/Vp6Fb9c9nUaksqxiLkuwGcM0f6bigjIMNuBm…)
[02:08:37]   downloaded 486.8 MB in 28.7s (17.0 MB/s)
[02:09:06]   upload done video_id=26030851 in 29.2s
[02:09:08] film cr_film_id=23032 OK in 63.1s
[02:09:08] iteration 16/20
[02:09:08] film cr_film_id=11698 name='Čelisti IV: Pomsta (1987) CZ Dabing' candidates=9
[02:09:08]   candidate upload_id=5cf01c8f3bb5a url=https://prehraj.to/celisti-4-pomsta-gary-1987-cz-dabing/5cf01c8f3bb5a
[02:09:09]   resolved in 1.2s → 480p (https://pf-storage5.premiumcdn.net/13709400/b0vSPrHZOTvyhgMHx9Uq5HpmtdJtVxivqCOM…)
[02:09:36]   downloaded 418.9 MB in 25.3s (16.6 MB/s)
[02:10:05]   upload done video_id=26030867 in 29.4s
[02:10:07] film cr_film_id=11698 OK in 58.9s
[02:10:07] iteration 17/20
[02:10:07] film cr_film_id=11778 name='Věznice (1987) CZ Dabing' candidates=1
[02:10:07]   candidate upload_id=58415d4a4763b url=https://prehraj.to/veznice-1988-cz-dabing/58415d4a4763b
[02:10:08]   resolved in 1.2s → 480p (https://pf-storage2.premiumcdn.net/980362/lGPFR7Sl6UeJfbqu9lsvVSnQuO7ULVH26ipLuJ…)
[02:10:35]   downloaded 534.8 MB in 25.9s (20.6 MB/s)
[02:11:07]   upload done video_id=26030880 in 31.7s
[02:11:08] film cr_film_id=11778 OK in 61.9s
[02:11:08] iteration 18/20
[02:11:08] film cr_film_id=22916 name='Věrný pes Čiko (1987) CZ Dabing' candidates=2
[02:11:08]   candidate upload_id=584160498d442 url=https://prehraj.to/verny-pes-ciko-1987-cz-dabing/584160498d442
[02:11:10]   resolved in 1.5s → 480p (https://pf-storage2.premiumcdn.net/980418/3PQtX5s7kCX4FbYFw0SE9sM4TN4t5qCJLIKgUP…)
[02:11:51]   downloaded 682.9 MB in 39.3s (17.4 MB/s)
[02:12:32]   upload done video_id=26030899 in 41.0s
[02:12:34] film cr_film_id=22916 OK in 85.5s
[02:12:34] iteration 19/20
[02:12:34] film cr_film_id=34944 name='Kvílení vlkodlaků 3 (1987) CZ Dabing' candidates=2
[02:12:34]   candidate upload_id=689e1e6b7c92a url=https://prehraj.to/kvileni-vlkodlaku-2-1985-dvd-rip-cz-dabing/689e1e6b7c92a
[02:12:35]   resolved in 1.5s → 480p (https://pf-storage3.premiumcdn.net/143629946/agYuoKTvytqYcwYHrRfjATEwsvwCbMI84u1…)
[02:13:02]   downloaded 520.1 MB in 24.1s (21.6 MB/s)
[02:13:32]   upload done video_id=26030920 in 29.8s
[02:13:33] film cr_film_id=34944 OK in 58.9s
[02:13:33] iteration 20/20
[02:13:33] film cr_film_id=32618 name='Ghoulies II (1987) CZ Dabing' candidates=1
[02:13:33]   candidate upload_id=58597702b9361 url=https://prehraj.to/ghoulies-2-cz-dabing-horor-komedie-usa-1988/58597702b9361
[02:13:34]   resolved in 1.2s → 480p (https://pf-storage2.premiumcdn.net/1213968/LOrFg4UabTezsj8IkBHEYUykFbvCQ0FpRFJWs…)
[02:14:08]   downloaded 546.6 MB in 31.7s (17.2 MB/s)
[02:14:40]   upload done video_id=26030940 in 32.5s
[02:14:42] film cr_film_id=32618 OK in 68.9s
[02:14:42] batch-end ok=20 failed=0 dur=1800.7s avg/film=90.0s remaining=9576 eta_hours=239.4

===== run 2026-06-17T02:19:55Z shard=0/2 batch_size=20 (https://github.com/Olbrasoft/prehrajto-to-prehrajto/actions/runs/27661427155) =====
[02:19:56] batch-start shard=0/2 count=20 backlog=10210 uploads=634 failed_attempts=18 description_overrides=0
[02:19:56] login
[02:19:58] login done
[02:19:58] iteration 1/20
[02:19:58] film cr_film_id=11780 name='Dobrodruh (1987) CZ Dabing' candidates=2
[02:19:58]   candidate upload_id=608ec06fd0eb8 url=https://prehraj.to/dobrodruh-akcni-1987-cz-dabing/608ec06fd0eb8
[02:19:59]   resolved in 1.1s → 1080p (https://pf-storage1.premiumcdn.net/23361078/PZVu1jF4rfrLfOmcM3s2vFWmIeatnLUd6IRa…)
[02:21:17]   downloaded 2,329.3 MB in 76.3s (30.5 MB/s)
[02:22:55]   upload done video_id=26031052 in 98.1s
[02:22:56] film cr_film_id=11780 OK in 178.3s
[02:22:56] iteration 2/20
[02:22:56] film cr_film_id=11672 name='Barbaři (1987) CZ Dabing' candidates=8
[02:22:56]   candidate upload_id=58415f95188cb url=https://prehraj.to/barbari-1987-cz-dabing-radiosuba/58415f95188cb
[02:22:57]   resolved in 1.1s → 480p (https://pf-storage4.premiumcdn.net/980400/nQgiVjcAMf8yUZQfm3twOcjoIk5FgOS0DTOdhb…)
[02:23:30]   downloaded 895.5 MB in 31.3s (28.6 MB/s)
[02:24:12]   upload done video_id=26031094 in 41.8s
[02:24:13] film cr_film_id=11672 OK in 76.9s
[02:24:13] iteration 3/20
[02:24:13] film cr_film_id=22902 name='Baby Boom (1987) CZ Dabing' candidates=11
[02:24:13]   candidate upload_id=608ebaa3ba37b url=https://prehraj.to/baby-boom-komedie-1987-cz-dabing/608ebaa3ba37b
[02:24:14]   resolved in 0.9s → 480p (https://pf-storage1.premiumcdn.net/23360871/Ogbu1YsLauWlCQkHB1soXsOeTD2I3khyaTAY…)
[02:24:35]   downloaded 680.2 MB in 19.9s (34.2 MB/s)
[02:25:04]   upload done video_id=26031127 in 28.6s
[02:25:05] film cr_film_id=22902 OK in 52.0s
[02:25:05] iteration 4/20
[02:25:05] film cr_film_id=22894 name='Tři amigos (1986) CZ Dabing' candidates=1
[02:25:05]   candidate upload_id=584163eabc660 url=https://prehraj.to/tri-amigos-1986-cz-dabing/584163eabc660
[02:25:06]   resolved in 0.8s → 480p (https://pf-storage2.premiumcdn.net/980536/4WYu8NU1aiKPtG1tkpi5nUerFGmcXmip6F5zhN…)
[02:25:40]   downloaded 931.8 MB in 32.8s (28.4 MB/s)
[02:26:13]   upload done video_id=26031142 in 33.2s
[02:26:14] film cr_film_id=22894 OK in 69.4s
[02:26:14] iteration 5/20
[02:26:14] film cr_film_id=19396 name='Síla pomsty (1986) CZ Dabing' candidates=2
[02:26:14]   candidate upload_id=58416363c558b url=https://prehraj.to/sila-pomsty-1986-cz-dabing/58416363c558b
[02:26:16]   resolved in 2.3s → 480p (https://pf-storage2.premiumcdn.net/980520/mj4ugZHL6uKkivZs74fykH30IrqsBxu8ktMJcm…)
[02:26:35]   downloaded 441.1 MB in 16.8s (26.3 MB/s)
[02:26:53]   upload done video_id=26031162 in 18.4s
[02:26:54] film cr_film_id=19396 OK in 39.8s
[02:26:54] iteration 6/20
[02:26:54] film cr_film_id=22886 name='Samaritan: The Mitch Snyder Story (1986) CZ Dabing' candidates=1
[02:26:54]   candidate upload_id=5888b10245e8e url=https://prehraj.to/samaritan-pribeh-mitche-snydera-usa-drama-1986-cs-dabing-tvrip/5888b10245e8e
[02:26:55]   resolved in 1.0s → 480p (https://pf-storage2.premiumcdn.net/1535153/rzriqVTLMixlt4eHadsOlTp6fOoCm2IbnU0jc…)
[02:27:20]   downloaded 637.8 MB in 23.9s (26.7 MB/s)
[02:27:44]   upload done video_id=26031182 in 24.4s
[02:27:46] film cr_film_id=22886 OK in 52.2s
[02:27:46] iteration 7/20
[02:27:46] film cr_film_id=32582 name='Radioaktivní sny (1986) CZ Dabing' candidates=1
[02:27:46]   candidate upload_id=58554996d5e13 url=https://prehraj.to/radioaktivni-sny-john-stockwell-michael-dudikoff-1985-cz-dab/58554996d5e13
[02:27:47]   resolved in 0.9s → 480p (https://pf-storage5.premiumcdn.net/1188294/qp7cdPh49ulYuYOhvbtO0hMPiBNFD5SKoiW6i…)
[02:28:03]   downloaded 361.5 MB in 14.6s (24.8 MB/s)
[02:28:24]   upload done video_id=26031195 in 21.4s
[02:28:25] film cr_film_id=32582 OK in 39.2s
[02:28:25] iteration 8/20
[02:28:25] film cr_film_id=34842 name='Mstitel s píšťalou (1986) CZ Dabing' candidates=1
[02:28:25]   candidate upload_id=ac6b3a5c348179ab url=https://prehraj.to/mstitel-s-pistalou-gwon-ri-chang-son-hui-kenpaciro-sacuma-1986-akcni-fantasy-dobrodruzny-bdrip-1080p-cz-dabing/ac6b3a5c348179ab
[02:28:26]   resolved in 1.0s → 720p (https://pf-storage3.premiumcdn.net/166645301/p2AHRVfkQcmbt2VIEPi10fG0uK2IlBTz5Ub…)
[02:29:08]   downloaded 1,426.7 MB in 40.1s (35.6 MB/s)
[02:29:55]   upload done video_id=26031216 in 47.1s
[02:29:56] film cr_film_id=34842 OK in 90.5s
[02:29:56] iteration 9/20
[02:29:56] film cr_film_id=11640 name='Lovec lidí (1986) CZ Dabing' candidates=2
[02:29:56]   candidate upload_id=6090288747d77 url=https://prehraj.to/lovec-lidi-drama-1986-cz-dabing/6090288747d77
[02:29:57]   resolved in 1.0s → 480p (https://pf-storage1.premiumcdn.net/23370039/gQoIbBu3Rc5oSNDF8Lh08uX0uJ0soOhRMtaZ…)
[02:30:13]   downloaded 523.7 MB in 15.5s (33.8 MB/s)
[02:30:40]   upload done video_id=26031228 in 26.9s
[02:30:41] film cr_film_id=11640 OK in 45.4s
[02:30:41] iteration 10/20
[02:30:41] film cr_film_id=22890 name='Dostavník (1986) CZ Dabing' candidates=1
[02:30:41]   candidate upload_id=6090210c89610 url=https://prehraj.to/dostavnik-western-1986-cz-dabing/6090210c89610
[02:30:42]   resolved in 1.0s → 480p (https://pf-storage1.premiumcdn.net/23369799/XaYs2lFJNc86taeCo3SaoF2eirkCNkUnmIKp…)
[02:31:05]   downloaded 605.3 MB in 22.2s (27.3 MB/s)
[02:31:34]   upload done video_id=26031243 in 28.9s
[02:31:35] film cr_film_id=22890 OK in 54.1s
[02:31:35] iteration 11/20
[02:31:35] film cr_film_id=11566 name='Výcvik 36. komnaty (1985) CZ Dabing' candidates=5
[02:31:35]   candidate upload_id=60926fb247ed0 url=https://prehraj.to/vycvik-36-komnaty-akcni-1985-cz-dabing/60926fb247ed0
[02:31:36]   resolved in 1.0s → 480p (https://pf-storage2.premiumcdn.net/23391294/d30fGmunqszdSbyT3Khlpu3Pf6gCzjU4yH82…)
[02:31:57]   downloaded 683.0 MB in 19.7s (34.7 MB/s)
[02:32:28]   upload done video_id=26031262 in 31.4s
[02:32:30] film cr_film_id=11566 OK in 54.1s
[02:32:30] iteration 12/20
[02:32:30] film cr_film_id=22784 name='Tucet špinavců: Druhá mise (1985) CZ Dabing' candidates=2
[02:32:30]   candidate upload_id=5846cadb61389 url=https://prehraj.to/tucet-spinavcu-2-druha-mise-cz-dabing-1985/5846cadb61389
[02:32:31]   resolved in 1.0s → 480p (https://pf-storage3.premiumcdn.net/1032477/1EPIRXU2mUB9FK9UAyTlVUq1TBvsZJSX1CajS…)
[02:32:49]   downloaded 590.9 MB in 17.7s (33.4 MB/s)
[02:33:25]   upload done video_id=26031278 in 35.7s
[02:33:26] film cr_film_id=22784 OK in 56.7s
[02:33:26] iteration 13/20
[02:33:26] film cr_film_id=11590 name='Red Sonja (1985) CZ Dabing' candidates=3
[02:33:26]   candidate upload_id=5c5342adc8701 url=https://prehraj.to/ruda-sonja-schwarzenegger-1985-cz-dabing/5c5342adc8701
[02:33:27]   resolved in 1.0s → 720p (https://pf-storage5.premiumcdn.net/11509162/n68uAEHEdtpdIXgTwMTvVHK3URLTXnTkZuRV…)
[02:34:17]   downloaded 1,824.6 MB in 48.9s (37.3 MB/s)
[02:35:36]   upload done video_id=26031303 in 78.4s
[02:35:37] film cr_film_id=11590 OK in 130.8s
[02:35:37] iteration 14/20
[02:35:37] film cr_film_id=32566 name='Jedna nebo dvě ženy (1985) CZ Dabing' candidates=1
[02:35:37]   candidate upload_id=58532d5fbb07d url=https://prehraj.to/jedna-nebo-dve-zeny-fr-komedie-1985-cs-dabing-tvrip/58532d5fbb07d
[02:35:39]   resolved in 1.6s → 480p (https://pf-storage2.premiumcdn.net/1181306/xLYFzVuD4I5ehZqcqpTWkuKGuo4IN6i28sY5f…)
[02:35:58]   downloaded 642.2 MB in 18.6s (34.5 MB/s)
[02:36:22]   upload done video_id=26031335 in 23.4s
[02:36:23] film cr_film_id=32566 OK in 45.9s
[02:36:23] iteration 15/20
[02:36:23] film cr_film_id=22738 name='Zamilovat se (1984) CZ Dabing' candidates=1
[02:36:23]   candidate upload_id=60931e7b777d3 url=https://prehraj.to/zamilovat-se-drama-1984-cz-dabing/60931e7b777d3
[02:36:24]   resolved in 1.0s → 480p (https://pf-storage1.premiumcdn.net/23396910/oN9sxKh1vSQpf52HAdSz2hvGir5S1eTediQd…)
[02:36:43]   downloaded 622.2 MB in 18.0s (34.6 MB/s)
[02:37:23]   upload done video_id=26031349 in 39.9s
[02:37:24] film cr_film_id=22738 OK in 60.9s
[02:37:24] iteration 16/20
[02:37:24] film cr_film_id=11550 name='Starman (1984) CZ Dabing' candidates=3
[02:37:24]   candidate upload_id=60931b113c9dd url=https://prehraj.to/starman-1984-romanticky-1984-cz-dabing/60931b113c9dd
[02:37:25]   resolved in 0.9s → 480p (https://pf-storage1.premiumcdn.net/23396817/zl2i3bSAecjzf4mIAYtzoSy3I0bc3yUp7HgG…)
[02:37:44]   downloaded 468.8 MB in 17.9s (26.2 MB/s)
[02:38:10]   upload done video_id=26031362 in 25.9s
[02:38:11] film cr_film_id=11550 OK in 46.8s
[02:38:11] iteration 17/20
[02:38:11] film cr_film_id=22696 name='Krysy: Noc hrůzy (1984) CZ Dabing' candidates=2
[02:38:11]   candidate upload_id=609310836ac76 url=https://prehraj.to/krysy-noc-hruzy-horor-1984-cz-dabing/609310836ac76
[02:38:12]   resolved in 1.0s → 480p (https://pf-storage2.premiumcdn.net/23396484/45aIzBiYOsBqc3YFeYhd4ixecrphw2Sa2tnJ…)
[02:38:30]   downloaded 603.6 MB in 17.6s (34.3 MB/s)
[02:38:55]   upload done video_id=26031377 in 24.8s
[02:38:57] film cr_film_id=22696 OK in 46.3s
[02:38:57] iteration 18/20
[02:38:57] film cr_film_id=11536 name='Filadelfský Experiment (1984) CZ Dabing' candidates=2
[02:38:57]   candidate upload_id=60930ceb00e13 url=https://prehraj.to/filadelfsky-experiment-sci-fi-1984-cz-dabing/60930ceb00e13
[02:38:58]   resolved in 0.7s → 480p (https://pf-storage3.premiumcdn.net/23396367/E6afd5iNRi1xfdzhbYFO8i6oI4NhP4u4mt1A…)
[02:39:17]   downloaded 630.1 MB in 18.4s (34.2 MB/s)
[02:39:41]   upload done video_id=26031397 in 24.3s
[02:39:42] film cr_film_id=11536 OK in 45.3s
[02:39:42] iteration 19/20
[02:39:42] film cr_film_id=22710 name='Superman 3 (1983) CZ Dabing' candidates=6
[02:39:42]   candidate upload_id=5c4f48b2462c2 url=https://prehraj.to/superman-3-reeve-1983-cz-dabing/5c4f48b2462c2
[02:39:43]   resolved in 1.0s → 480p (https://pf-storage1.premiumcdn.net/11417623/1M0IbQhkdS9MCzribASyBhoacQ5sRYI0js19…)
[02:40:03]   downloaded 642.6 MB in 18.8s (34.2 MB/s)
[02:40:37]   upload done video_id=26031412 in 34.2s
[02:40:38] film cr_film_id=22710 OK in 56.1s
[02:40:38] iteration 20/20
[02:40:38] film cr_film_id=11476 name='Planeta Krull (1983) CZ Dabing' candidates=2
[02:40:38]   candidate upload_id=5fcf91df0870a url=https://prehraj.to/planeta-krull-720p-x264-ac3-cz-dab-1983/5fcf91df0870a
[02:40:40]   resolved in 1.1s → 480p (https://pf-storage5.premiumcdn.net/20652507/pvAsGXSBOF8PU3QcMpuDxSg2cpNI0ztk4uZ7…)
[02:41:31]   downloaded 1,481.8 MB in 50.1s (29.6 MB/s)
[02:42:29]   upload done video_id=26031449 in 57.9s
[02:42:30] film cr_film_id=11476 OK in 111.3s
[02:42:30] batch-end ok=20 failed=0 dur=1352.2s avg/film=67.6s remaining=9556 eta_hours=179.4

===== run 2026-06-17T02:50:15Z shard=0/2 batch_size=20 (https://github.com/Olbrasoft/prehrajto-to-prehrajto/actions/runs/27662459644) =====
[02:50:16] batch-start shard=0/2 count=20 backlog=10210 uploads=654 failed_attempts=18 description_overrides=0
[02:50:16] login
[02:50:18] login done
[02:50:18] iteration 1/20
[02:50:18] film cr_film_id=22692 name='Phar Lap: Národní hrdina (1983) CZ Dabing' candidates=1
[02:50:18]   candidate upload_id=60944326b31f4 url=https://prehraj.to/phar-lap-drama-1983-cz-dabing/60944326b31f4
[02:50:19]   resolved in 1.3s → 480p (https://pf-storage2.premiumcdn.net/23405340/N8nIW5cmgilGS9Atb1ialcyku7WTY0UDdcZA…)
[02:50:53]   downloaded 654.1 MB in 31.9s (20.5 MB/s)
[02:51:27]   upload done video_id=26031647 in 34.3s
[02:51:28] film cr_film_id=22692 OK in 70.6s
[02:51:28] iteration 2/20
[02:51:28] film cr_film_id=22680 name='Pevnost (1983) CZ Dabing' candidates=2
[02:51:28]   candidate upload_id=609442caac834 url=https://prehraj.to/pevnost-horor-1983-cz-dabing/609442caac834
[02:51:29]   resolved in 1.0s → 480p (https://pf-storage1.premiumcdn.net/23405334/R0lIGgiGBURwuo0sLQtwViXjHogTmVIeAuPX…)
[02:51:55]   downloaded 493.7 MB in 23.7s (20.8 MB/s)
[02:52:32]   upload done video_id=26031667 in 37.1s
[02:52:33] film cr_film_id=22680 OK in 65.1s
[02:52:33] iteration 3/20
[02:52:33] film cr_film_id=11460 name='Otec & otec (1983) CZ Dabing' candidates=3
[02:52:33]   candidate upload_id=89b259987899ebed url=https://prehraj.to/otec-a-otec-1983-czdab/89b259987899ebed
[02:52:38]   resolved in 4.1s → 480p (https://pf-storage4.premiumcdn.net/159850712/D0BUzaiL1tj1ukXUArh9ki2gSL4tr1TyvF3…)
[02:53:04]   downloaded 669.9 MB in 24.5s (27.3 MB/s)
[02:53:44]   upload done video_id=26031689 in 40.4s
[02:53:45] film cr_film_id=11460 OK in 71.8s
[02:53:45] iteration 4/20
[02:53:45] film cr_film_id=21080 name='Ninjova pomsta (1983) CZ Dabing' candidates=2
[02:53:45]   candidate upload_id=5ca499d925598 url=https://prehraj.to/ninjova-pomsta-kosugi-1983-cz-dabing/5ca499d925598
[02:53:46]   resolved in 1.0s → 480p (https://pf-storage4.premiumcdn.net/12764818/mvYcx4TLpc5ZSZ8igJsjgTXlTNKcYZF5AuL6…)
[02:54:19]   downloaded 673.1 MB in 31.1s (21.6 MB/s)
[02:54:57]   upload done video_id=26031714 in 37.5s
[02:54:58] film cr_film_id=21080 OK in 72.6s
[02:54:58] iteration 5/20
[02:54:58] film cr_film_id=11458 name='Christine (1983) CZ Dabing' candidates=4
[02:54:58]   candidate upload_id=60943d6f1118d url=https://prehraj.to/christine-thriller-1983-cz-dabing/60943d6f1118d
[02:54:59]   resolved in 1.1s → 480p (https://pf-storage4.premiumcdn.net/23405121/kyZi9EudEFXjhamTDOcAQuOYUwGCXzFkAiOd…)
[02:55:21]   downloaded 499.1 MB in 20.4s (24.5 MB/s)
[02:55:47]   upload done video_id=26031743 in 26.0s
[02:55:48] film cr_film_id=11458 OK in 50.5s
[02:55:48] iteration 6/20
[02:55:48] film cr_film_id=25318 name='Velká japonská válka (1982) CZ Dabing' candidates=1
[02:55:48]   candidate upload_id=586e169729eb3 url=https://prehraj.to/velka-japonska-valka-part1-1982-valec-drama-cz-dab-dvdmir-101/586e169729eb3
[02:55:50]   resolved in 1.1s → 480p (https://pf-storage5.premiumcdn.net/1330848/KvDtk9HAjimOfDaF61fp0HDZC6aU9qI5jCvRs…)
[02:56:22]   downloaded 626.6 MB in 30.1s (20.8 MB/s)
[02:57:04]   upload done video_id=26031754 in 42.7s
[02:57:05] film cr_film_id=25318 OK in 77.1s
[02:57:05] iteration 7/20
[02:57:05] film cr_film_id=22678 name='Událost ve čtverci 36-80 (1982) CZ Dabing' candidates=1
[02:57:05]   candidate upload_id=5853369f3acca url=https://prehraj.to/udalost-ve-ctverci-36-80-cz-dabing-1982-hq-dvdrip/5853369f3acca
[02:57:07]   resolved in 1.1s → 480p (https://pf-storage3.premiumcdn.net/1181360/7AvTnvuMoFrqhPJHGVHM2u74t0gilgH8bS1kC…)
[02:57:24]   downloaded 387.3 MB in 15.6s (24.8 MB/s)
[02:57:46]   upload done video_id=26031775 in 21.9s
[02:57:47] film cr_film_id=22678 OK in 41.7s
[02:57:47] iteration 8/20
[02:57:47] film cr_film_id=22618 name='Temný krystal (1982) CZ Dabing' candidates=4
[02:57:47]   candidate upload_id=5ccda662f280c url=https://prehraj.to/temny-krystal-anim-1982-cz-dabing/5ccda662f280c
[02:57:48]   resolved in 1.1s → 480p (https://pf-storage5.premiumcdn.net/13172070/4NKtJnTxdcPXfnBUZYIWwTLAHjAFE0F4yCqQ…)
[02:58:20]   downloaded 618.5 MB in 29.9s (20.7 MB/s)
[02:58:58]   upload done video_id=26031794 in 38.1s
[02:58:59] film cr_film_id=22618 OK in 71.9s
[02:58:59] iteration 9/20
[02:58:59] film cr_film_id=21088 name='Prachy v prachu (1982) CZ Dabing' candidates=1
[02:58:59]   candidate upload_id=60958490b5f2f url=https://prehraj.to/prachy-v-prachu-komedie-1982-cz-dabing/60958490b5f2f
[02:59:00]   resolved in 1.1s → 480p (https://pf-storage1.premiumcdn.net/23421165/M1PsabSBxIq4InasAJc2VSvyh4acQksgQHvy…)
[02:59:32]   downloaded 790.9 MB in 29.8s (26.5 MB/s)
[03:00:11]   upload done video_id=26031816 in 39.1s
[03:00:12] film cr_film_id=21088 OK in 73.2s
[03:00:12] iteration 10/20
[03:00:12] film cr_film_id=22632 name='Polib mě na rozloučenou (1982) CZ Dabing' candidates=1
[03:00:12]   candidate upload_id=58695efb4b68a url=https://prehraj.to/polib-me-na-rozloucenou-rom-komedie-usa-1982-cz-dab-720p/58695efb4b68a
[03:00:13]   resolved in 1.1s → 720p (https://pf-storage1.premiumcdn.net/1266516/yw1FkpU9eunvI7jcoVtQ3U0df9ohnAIEgU8vt…)
[03:01:16]   downloaded 1,325.4 MB in 60.1s (22.1 MB/s)
[03:02:36]   upload done video_id=26031847 in 80.2s
[03:02:37] film cr_film_id=22632 OK in 144.6s
[03:02:37] iteration 11/20
[03:02:37] film cr_film_id=22616 name='Creepshow (1982) CZ Dabing' candidates=5
[03:02:37]   candidate upload_id=60954d2e2bfb9 url=https://prehraj.to/creepshow-komedie-1982-cz-dabing/60954d2e2bfb9
[03:02:38]   resolved in 1.1s → 480p (https://pf-storage5.premiumcdn.net/23419605/DmdhaDFLYhAvFx3f1wImxFY7iy8IzmHklc0K…)
[03:02:58]   downloaded 456.8 MB in 18.0s (25.4 MB/s)
[03:03:24]   upload done video_id=26031875 in 26.1s
[03:03:25] film cr_film_id=22616 OK in 48.1s
[03:03:25] iteration 12/20
[03:03:25] film cr_film_id=11424 name='Bomber (1982) CZ Dabing' candidates=2
[03:03:25]   candidate upload_id=60954c9269de5 url=https://prehraj.to/bomber-komedie-1982-cz-dabing/60954c9269de5
[03:03:26]   resolved in 1.2s → 480p (https://pf-storage5.premiumcdn.net/23419581/anOiVNFbgCakCLZuMohKBFJRT7VtVBuJXcxJ…)
[03:04:10]   downloaded 946.3 MB in 42.6s (22.2 MB/s)
[03:04:57]   upload done video_id=26031901 in 46.8s
[03:04:58] film cr_film_id=11424 OK in 93.3s
[03:04:58] iteration 13/20
[03:04:58] film cr_film_id=24106 name='Setina sekundy (1981) CZ Dabing' candidates=1
[03:04:58]   candidate upload_id=60965f4abd45a url=https://prehraj.to/setina-sekundy-sportovni-1981-cz-dabing/60965f4abd45a
[03:04:59]   resolved in 1.1s → 720p (https://pf-storage5.premiumcdn.net/23426436/r17Fe2CazFDWtMZSg8fYVCrZhjDtZEFwdup3…)
[03:06:08]   downloaded 1,473.6 MB in 66.8s (22.1 MB/s)
[03:07:38]   upload done video_id=26031940 in 89.5s
[03:07:39] film cr_film_id=24106 OK in 160.6s
[03:07:39] iteration 14/20
[03:07:39] film cr_film_id=3262 name='Scanners (1981) CZ Dabing' candidates=3
[03:07:39]   candidate upload_id=60965ef6390a8 url=https://prehraj.to/scanners-1-sci-fi-1981-cz-dabing/60965ef6390a8
[03:07:40]   resolved in 1.1s → 480p (https://pf-storage1.premiumcdn.net/23426427/eAOhaVs40SL0IWjhN6hYBsBrHe6HgKSkZCqm…)
[03:08:05]   downloaded 471.2 MB in 22.8s (20.7 MB/s)
[03:08:35]   upload done video_id=26031969 in 30.3s
[03:08:36] film cr_film_id=3262 OK in 57.3s
[03:08:36] iteration 15/20
[03:08:36] film cr_film_id=22604 name='Pravdivé zpovědi (1981) CZ Dabing' candidates=2
[03:08:36]   candidate upload_id=64fb4ed2d23b6 url=https://prehraj.to/pravdive-zpovedi-1981-1080p-cz-dab/64fb4ed2d23b6
[03:08:37]   resolved in 1.1s → 720p (https://pf-storage3.premiumcdn.net/44253209/zLYsz5h3LtjGT1jS53tVlhkaCJmHO0FV4u7n…)
[03:09:27]   downloaded 1,297.2 MB in 48.3s (26.9 MB/s)
[03:10:36]   upload done video_id=26031985 in 68.8s
[03:10:37] film cr_film_id=22604 OK in 121.1s
[03:10:37] iteration 16/20
[03:10:37] film cr_film_id=32294 name='Je to fajn (1981) CZ Dabing' candidates=2
[03:10:37]   candidate upload_id=55bf1e4f569e9 url=https://prehraj.to/je-to-fajn-dvd-rip-cz-dabing-1981/55bf1e4f569e9
[03:10:38]   resolved in 1.1s → 480p (https://pf-storage2.premiumcdn.net/67841/vraTm2FK0uBzf5ns6KCegFdysq3iYQCQ8TzVfk9…)
[03:11:04]   downloaded 618.4 MB in 24.0s (25.8 MB/s)
[03:11:35]   upload done video_id=26032000 in 30.2s
[03:11:36] film cr_film_id=32294 OK in 58.3s
[03:11:36] iteration 17/20
[03:11:36] film cr_film_id=11380 name='Galaxie teroru (1981) CZ Dabing' candidates=1
[03:11:36]   candidate upload_id=5851c93e96d11 url=https://prehraj.to/galaxie-teroru-cz-dabing-1981/5851c93e96d11
[03:11:37]   resolved in 1.1s → 480p (https://pf-storage2.premiumcdn.net/1175893/Lvqcn3ijxFPEuxYSd4HgRi0rsanIpyTLDU1Vh…)
[03:11:56]   downloaded 363.0 MB in 18.2s (19.9 MB/s)
[03:12:15]   upload done video_id=26032017 in 18.3s
[03:12:16] film cr_film_id=11380 OK in 40.2s
[03:12:16] iteration 18/20
[03:12:16] film cr_film_id=22526 name='Ukradli torzo Jupitera (1980) CZ Dabing' candidates=5
[03:12:16]   candidate upload_id=6097e8b3786eb url=https://prehraj.to/ukradli-torzo-jupitera-komedie-1980-cz-dabing/6097e8b3786eb
[03:12:17]   resolved in 1.1s → 480p (https://pf-storage1.premiumcdn.net/23443476/K98s8Dhx2iAlhvLu9vubehE4s1RtqlS5zc72…)
[03:12:46]   downloaded 705.9 MB in 27.6s (25.6 MB/s)
[03:13:20]   upload done video_id=26032033 in 34.2s
[03:13:23] film cr_film_id=22526 OK in 67.0s
[03:13:23] iteration 19/20
[03:13:23] film cr_film_id=11344 name='Kagemuša (1980) CZ Dabing' candidates=1
[03:13:23]   candidate upload_id=6097d71518461 url=https://prehraj.to/kagemusa-drama-1980-cz-dabing/6097d71518461
[03:13:24]   resolved in 0.9s → 480p (https://pf-storage1.premiumcdn.net/23442786/JbXfLMIeaFQptzls5du6XI4dTOdcvxCwPsEV…)
[03:14:21]   downloaded 1,175.1 MB in 56.2s (20.9 MB/s)
[03:15:19]   upload done video_id=26032059 in 57.2s
[03:15:20] film cr_film_id=11344 OK in 117.4s
[03:15:20] iteration 20/20
[03:15:20] film cr_film_id=24362 name='Gigant Shaolinu (1980) CZ Dabing' candidates=2
[03:15:20]   candidate upload_id=57b66053e7b1b url=https://prehraj.to/gigant-shaolinu-1980-cz-dabing/57b66053e7b1b
[03:15:21]   resolved in 1.1s → 480p (https://pf-storage4.premiumcdn.net/649655/lYRImWcDRHrlunQCWdiO9co1sjMfPATpjTLAse…)
[03:15:50]   downloaded 695.8 MB in 27.2s (25.6 MB/s)
[03:16:41]   upload done video_id=26032086 in 51.2s
[03:16:43] film cr_film_id=24362 OK in 82.5s
[03:16:43] batch-end ok=20 failed=0 dur=1584.8s avg/film=79.2s remaining=9536 eta_hours=209.8

===== run 2026-06-17T03:25:22Z shard=0/2 batch_size=20 (https://github.com/Olbrasoft/prehrajto-to-prehrajto/actions/runs/27663668381) =====
[03:25:24] batch-start shard=0/2 count=20 backlog=10210 uploads=674 failed_attempts=18 description_overrides=0
[03:25:24] login
[03:25:25] login done
[03:25:25] iteration 1/20
[03:25:25] film cr_film_id=11364 name='Cukr, med a feferonka (1980) CZ Dabing' candidates=1
[03:25:25]   candidate upload_id=6097d4e554a5d url=https://prehraj.to/cukr-med-a-feferonka-komedie-1980-cz-dabing/6097d4e554a5d
[03:25:26]   resolved in 1.2s → 480p (https://pf-storage5.premiumcdn.net/23442645/bwEue1seQhqWCGEivqFOYskjTGvcV3H8EULv…)
[03:26:07]   downloaded 872.2 MB in 38.8s (22.5 MB/s)
[03:26:58]   upload done video_id=26032223 in 50.5s
[03:26:59] film cr_film_id=11364 OK in 94.0s
[03:26:59] iteration 2/20
[03:26:59] film cr_film_id=22498 name='Bronco Billy (1980) CZ Dabing' candidates=3
[03:26:59]   candidate upload_id=6097d32e5060c url=https://prehraj.to/bronco-billy-western-1980-cz-dabing/6097d32e5060c
[03:27:00]   resolved in 1.1s → 480p (https://pf-storage4.premiumcdn.net/23441280/jD2hGRiMmSKZfvlskLSDaiG4U0rI5zfzQsby…)
[03:27:46]   downloaded 791.1 MB in 44.0s (18.0 MB/s)
[03:28:41]   upload done video_id=26032245 in 55.0s
[03:28:43] film cr_film_id=22498 OK in 103.4s
[03:28:43] iteration 3/20
[03:28:43] film cr_film_id=11382 name='Antropofág (1980) CZ Dabing' candidates=2
[03:28:43]   candidate upload_id=a4ab320c12647895 url=https://prehraj.to/antropofag-1980-cz-dab-1080p/a4ab320c12647895
[03:28:44]   resolved in 1.2s → 1080p (https://pf-storage5.premiumcdn.net/155552810/Bpdh5LTdBHZgujntBoTV9TKqIKbiGJhgYHA…)
[03:31:42]   downloaded 3,235.7 MB in 176.4s (18.3 MB/s)
[03:34:47]   upload done video_id=26032297 in 184.4s
[03:34:48] film cr_film_id=11382 OK in 365.6s
[03:34:48] iteration 4/20
[03:34:48] film cr_film_id=11302 name='Učitel Kung Fu (1979) CZ Dabing' candidates=2
[03:34:48]   candidate upload_id=60995da802e50 url=https://prehraj.to/ucitel-kung-fu-akcni-1979-cz-dabing/60995da802e50
[03:34:49]   resolved in 1.2s → 480p (https://pf-storage1.premiumcdn.net/23458923/GrRFvWc0LF36c0jtKxhNGcb1ImJIGlt3BTeV…)
[03:35:27]   downloaded 614.6 MB in 35.1s (17.5 MB/s)
[03:36:05]   upload done video_id=26032342 in 38.2s
[03:36:06] film cr_film_id=11302 OK in 78.0s
[03:36:06] iteration 5/20
[03:36:06] film cr_film_id=11310 name='Phantasm (1979) CZ Dabing' candidates=2
[03:36:06]   candidate upload_id=58443a4aed462 url=https://prehraj.to/phantasm-1-horor-1979-cz-dabing/58443a4aed462
[03:36:08]   resolved in 1.2s → 480p (https://pf-storage2.premiumcdn.net/996665/71BUY9u8YI7wCvlU1Mi5Lu9Oi2ZtoGcv0t9xSZ…)
[03:36:36]   downloaded 435.3 MB in 26.6s (16.4 MB/s)
[03:37:03]   upload done video_id=26032358 in 26.8s
[03:37:05] film cr_film_id=11310 OK in 58.4s
[03:37:05] iteration 6/20
[03:37:05] film cr_film_id=11280 name='Roj (1978) CZ Dabing' candidates=2
[03:37:05]   candidate upload_id=671ced6b493b6 url=https://prehraj.to/roj-1978-horor-thriller-katastroficky-akcni-czdab/671ced6b493b6
[03:37:06]   resolved in 1.5s → 480p (https://pf-storage5.premiumcdn.net/104051024/3kXTvOuGBh8aS6qh71cloualS2OCo9igNT0…)
[03:37:40]   downloaded 702.0 MB in 31.6s (22.2 MB/s)
[03:38:19]   upload done video_id=26032371 in 39.2s
[03:38:20] film cr_film_id=11280 OK in 75.6s
[03:38:20] iteration 7/20
[03:38:20] film cr_film_id=22436 name='Divoké husy (1978) CZ Dabing' candidates=2
[03:38:20]   candidate upload_id=5810101a9fefb url=https://prehraj.to/divoke-husy-cz-dabing-1978/5810101a9fefb
[03:38:21]   resolved in 1.2s → 480p (https://pf-storage2.premiumcdn.net/753785/978Hxrcv9szOIE0imBFxMcVgTGyFVYUX9fEMHl…)
[03:39:02]   downloaded 856.6 MB in 37.9s (22.6 MB/s)
[03:39:57]   upload done video_id=26032381 in 55.5s
[03:39:59] film cr_film_id=22436 OK in 98.3s
[03:39:59] iteration 8/20
[03:39:59] film cr_film_id=22396 name='Damien - Omen II (1978) CZ Dabing' candidates=4
[03:39:59]   candidate upload_id=653c0ed90b705 url=https://prehraj.to/damien-omen-ii-1978-cz-dab/653c0ed90b705
[03:40:00]   resolved in 1.1s → 480p (https://pf-storage4.premiumcdn.net/49790420/Q7xUykiPZIORiw5tPYibwiDxTD0sK9sNYcpa…)
[03:40:26]   downloaded 508.5 MB in 24.0s (21.2 MB/s)
[03:40:58]   upload done video_id=26032395 in 32.1s
[03:41:00] film cr_film_id=22396 OK in 61.8s
[03:41:00] iteration 9/20
[03:41:00] film cr_film_id=32844 name='Tintorera, žralok zabiják (1977) CZ Dabing' candidates=2
[03:41:00]   candidate upload_id=66b0886fc08e9 url=https://prehraj.to/tintorera-zralok-zabijak-1978-horor-thriller-romanticky-czdab/66b0886fc08e9
[03:41:02]   resolved in 1.2s → 480p (https://pf-storage2.premiumcdn.net/88910651/2JGtvQuPehZVHRAfkesxOuw6TdjFgEHW6tPy…)
[03:41:32]   downloaded 617.5 MB in 28.4s (21.7 MB/s)
[03:42:10]   upload done video_id=26032402 in 37.2s
[03:42:11] film cr_film_id=32844 OK in 70.6s
[03:42:11] iteration 10/20
[03:42:11] film cr_film_id=11222 name='Auto (1977) CZ Dabing' candidates=2
[03:42:11]   candidate upload_id=55b3c79705eda url=https://prehraj.to/auto-1977-horor-dvdrip-cz-dab-c-m-m/55b3c79705eda
[03:42:13]   resolved in 2.4s → 480p (https://pf-storage2.premiumcdn.net/20933/PpoFlvhqMIKluVrSJPt3Khp8HyZInYCKGtvpH9K…)
[03:42:44]   downloaded 493.5 MB in 28.4s (17.4 MB/s)
[03:43:15]   upload done video_id=26032415 in 30.8s
[03:43:16] film cr_film_id=11222 OK in 65.2s
[03:43:16] iteration 11/20
[03:43:16] film cr_film_id=22242 name='Tři tyroláci v Bangkoku (1976) CZ Dabing' candidates=1
[03:43:16]   candidate upload_id=5882d5639fc7e url=https://prehraj.to/tri-tyrolaci-v-bangkoku-1976-cz-dabing/5882d5639fc7e
[03:43:18]   resolved in 1.3s → 480p (https://pf-storage5.premiumcdn.net/1494386/x2jsLqcvVi04hnxS7Pu12cp2CbvC39SWvuo2u…)
[03:43:40]   downloaded 422.6 MB in 21.1s (20.0 MB/s)
[03:44:05]   upload done video_id=26032423 in 24.9s
[03:44:07] film cr_film_id=22242 OK in 50.5s
[03:44:07] iteration 12/20
[03:44:07] film cr_film_id=11208 name='Psanec Josey Wales (1976) CZ Dabing' candidates=7
[03:44:07]   candidate upload_id=609c6c7ae981d url=https://prehraj.to/psanec-josey-wales-western-1976-cz-dabing/609c6c7ae981d
[03:44:09]   resolved in 1.8s → 480p (https://pf-storage3.premiumcdn.net/23493528/eB5IG5C46to7t6RUw4iRXCDNH9EiVvikDhxe…)
[03:44:50]   downloaded 892.4 MB in 39.7s (22.5 MB/s)
[03:45:42]   upload done video_id=26032439 in 52.0s
[03:45:44] film cr_film_id=11208 OK in 96.9s
[03:45:44] iteration 13/20
[03:45:44] film cr_film_id=22322 name='Nedokončená novela (1976) CZ Dabing' candidates=2
[03:45:44]   candidate upload_id=5847e49211380 url=https://prehraj.to/nedokoncena-novela-cz-dabing-1976/5847e49211380
[03:45:45]   resolved in 1.2s → 480p (https://pf-storage2.premiumcdn.net/1048117/7Npub3I9ZhPyH6rhoQc4MIRxCOrt3Vhb4i4Ps…)
[03:46:23]   downloaded 627.0 MB in 36.3s (17.3 MB/s)
[03:47:13]   upload done video_id=26032452 in 50.1s
[03:47:15] film cr_film_id=22322 OK in 91.3s
[03:47:15] iteration 14/20
[03:47:15] film cr_film_id=23942 name='Romance za korunu (1975) CZ Dabing' candidates=2
[03:47:15]   candidate upload_id=a50c9bcf5a93b08d url=https://prehraj.to/romance-za-korunu-1975-czdab/a50c9bcf5a93b08d
[03:47:16]   resolved in 1.2s → 1080p (https://pf-storage4.premiumcdn.net/166301522/yalSn5fPBtAxfMXtZNI1ofaBHvjIqMuXzup…)
[03:48:36]   downloaded 1,437.4 MB in 77.7s (18.5 MB/s)
[03:50:06]   upload done video_id=26032470 in 89.7s
[03:50:07] film cr_film_id=23942 OK in 172.1s
[03:50:07] iteration 15/20
[03:50:07] film cr_film_id=22266 name='Patrola (1975) CZ Dabing' candidates=3
[03:50:07]   candidate upload_id=609d3c0a7e494 url=https://prehraj.to/patrola-western-1975-cz-dabing/609d3c0a7e494
[03:50:08]   resolved in 1.2s → 480p (https://pf-storage2.premiumcdn.net/23498616/koeskqFyAtaytvXSPyFOjF5kCvqh0yHEJhpB…)
[03:50:46]   downloaded 618.4 MB in 35.1s (17.6 MB/s)
[03:51:27]   upload done video_id=26032486 in 41.5s
[03:51:29] film cr_film_id=22266 OK in 81.6s
[03:51:29] iteration 16/20
[03:51:29] film cr_film_id=31974 name='Cesta do Sonory (1975) CZ Dabing' candidates=2
[03:51:29]   candidate upload_id=585bd33f9cd66 url=https://prehraj.to/cesta-do-sonory-cz-dabing-western-1975/585bd33f9cd66
[03:51:30]   resolved in 1.2s → 480p (https://pf-storage5.premiumcdn.net/1221316/1MrTwMh8dC6vHqKs8VSp5h6Ku81cWRTelurVI…)
[03:52:29]   downloaded 1,027.6 MB in 56.6s (18.2 MB/s)
[03:53:38]   upload done video_id=26032507 in 69.6s
[03:53:40] film cr_film_id=31974 OK in 131.0s
[03:53:40] iteration 17/20
[03:53:40] film cr_film_id=22234 name='700 mil v sedle (1975) CZ Dabing' candidates=3
[03:53:40]   candidate upload_id=609d323ce30a7 url=https://prehraj.to/700-mil-v-sedle-western-1975-cz-dabing/609d323ce30a7
[03:53:41]   resolved in 1.5s → 480p (https://pf-storage4.premiumcdn.net/23498178/kKPsGWFmKSW0TaZT4GFk9FAES9vSYMHXQCl1…)
[03:54:36]   downloaded 843.1 MB in 53.4s (15.8 MB/s)
[03:55:31]   upload done video_id=26032527 in 55.0s
[03:55:33] film cr_film_id=22234 OK in 113.1s
[03:55:33] iteration 18/20
[03:55:33] film cr_film_id=32446 name='Otec jednotek kamikaze (1974) CZ Dabing' candidates=1
[03:55:33]   candidate upload_id=581533b1f38d9 url=https://prehraj.to/otec-jednotek-kamikaze-1974-dvdrip-xvid-ac3-cz-dabing/581533b1f38d9
[03:55:34]   resolved in 1.2s → 480p (https://pf-storage5.premiumcdn.net/765568/jjNIypSnDsdOCa0TY9frpSDXig9FNGudph9ZSQ…)
[03:56:10]   downloaded 580.6 MB in 33.5s (17.3 MB/s)
[03:56:43]   upload done video_id=26032545 in 33.8s
[03:56:45] film cr_film_id=32446 OK in 72.2s
[03:56:45] iteration 19/20
[03:56:45] film cr_film_id=11158 name='Mladý Frankenstein (1974) CZ Dabing' candidates=3
[03:56:45]   candidate upload_id=609e037bd5af6 url=https://prehraj.to/mlady-frankenstein-komedie-1974-cz-dabing/609e037bd5af6
[03:56:47]   resolved in 1.7s → 480p (https://pf-storage4.premiumcdn.net/23503152/w5jfgruOdTjYFmeCo1SyQu70hMeIA6crQsJX…)
[03:57:20]   downloaded 679.0 MB in 31.4s (21.6 MB/s)
[03:58:05]   upload done video_id=26032560 in 45.2s
[03:58:07] film cr_film_id=11158 OK in 81.6s
[03:58:07] iteration 20/20
[03:58:07] film cr_film_id=22194 name='Foxy Brown (1974) CZ Dabing' candidates=1
[03:58:07]   candidate upload_id=584ffcab64d9f url=https://prehraj.to/foxy-brownova-1974-cz-dabing/584ffcab64d9f
[03:58:08]   resolved in 1.3s → 480p (https://pf-storage2.premiumcdn.net/1152737/O5NSRZHMNIwrfJzIYxTeDHgvTLkhW3sYLFKDc…)
[03:58:35]   downloaded 522.0 MB in 25.1s (20.8 MB/s)
[03:59:13]   upload done video_id=26032581 in 38.0s
[03:59:14] film cr_film_id=22194 OK in 67.8s
[03:59:14] batch-end ok=20 failed=0 dur=2029.2s avg/film=101.5s remaining=9516 eta_hours=268.3

===== run 2026-06-17T03:59:48Z shard=0/2 batch_size=20 (https://github.com/Olbrasoft/prehrajto-to-prehrajto/actions/runs/27664808510) =====
[03:59:49] batch-start shard=0/2 count=20 backlog=10210 uploads=694 failed_attempts=18 description_overrides=0
[03:59:49] login
[03:59:51] login done
[03:59:51] iteration 1/20
[03:59:51] film cr_film_id=22162 name='Robin Hood (1973) CZ Dabing' candidates=4
[03:59:51]   candidate upload_id=609fb6425e308 url=https://prehraj.to/robin-hood-anim-1973-cz-dabing/609fb6425e308
[03:59:52]   resolved in 1.0s → 480p (https://pf-storage5.premiumcdn.net/23521932/zY9t9bf52Femhb5CKoCj3fWYsr1FR4crAIjR…)
[04:00:19]   downloaded 712.6 MB in 25.6s (27.8 MB/s)
[04:00:49]   upload done video_id=26032603 in 29.8s
[04:00:50] film cr_film_id=22162 OK in 59.1s
[04:00:50] iteration 2/20
[04:00:50] film cr_film_id=22158 name='Pat Garrett a Billy Kid (1973) CZ Dabing' candidates=1
[04:00:50]   candidate upload_id=609fb3597c895 url=https://prehraj.to/pat-garrett-a-billy-kid-western-1973-cz-dabing/609fb3597c895
[04:00:51]   resolved in 1.3s → 480p (https://pf-storage1.premiumcdn.net/23521860/lPkiG4fKDhN0sbDC0ESKxfkaiZRsX3I2khB3…)
[04:01:14]   downloaded 594.8 MB in 21.0s (28.3 MB/s)
[04:01:39]   upload done video_id=26032613 in 25.0s
[04:01:40] film cr_film_id=22158 OK in 49.9s
[04:01:40] iteration 3/20
[04:01:40] film cr_film_id=22134 name='Cahill, U. S. marshal (1973) CZ Dabing' candidates=3
[04:01:40]   candidate upload_id=609fabe2d67ac url=https://prehraj.to/cahill-western-1973-cz-dabing/609fabe2d67ac
[04:01:41]   resolved in 1.0s → 480p (https://pf-storage1.premiumcdn.net/23521596/ZQouvNhazforI43f7QT38h90skKfr7iJLtGd…)
[04:02:04]   downloaded 599.7 MB in 22.0s (27.3 MB/s)
[04:02:36]   upload done video_id=26032624 in 32.1s
[04:02:37] film cr_film_id=22134 OK in 57.4s
[04:02:37] iteration 4/20
[04:02:37] film cr_film_id=35592 name='Zee a spol. (1972) CZ Dabing' candidates=1
[04:02:37]   candidate upload_id=5886d92a842d6 url=https://prehraj.to/zee-a-spol-1972-dvdrip-czdub-eng/5886d92a842d6
[04:02:38]   resolved in 0.9s → 480p (https://pf-storage2.premiumcdn.net/1529081/xJmsz7IeYTM5sb3H34UADIBACB6uXOf85UvwH…)
[04:03:02]   downloaded 604.9 MB in 18.4s (32.9 MB/s)
[04:03:33]   upload done video_id=26032638 in 30.6s
[04:03:34] film cr_film_id=35592 OK in 56.5s
[04:03:34] iteration 5/20
[04:03:34] film cr_film_id=22088 name='Vysvobození (1972) CZ Dabing' candidates=3
[04:03:34]   candidate upload_id=6770a4516d44c url=https://prehraj.to/vysvobozeni-jon-voight-burt-reynolds-ned-beatty-1972-dobrodruzny-thriller-drama-bdrip-1080p-cz-dabing-title/6770a4516d44c
[04:03:35]   resolved in 1.0s → 1080p (https://pf-storage4.premiumcdn.net/126775583/9KNf8jSg4tL2Iv6ieohvJS5RIWbfb5HW9Ul…)
[04:05:05]   downloaded 3,276.3 MB in 88.6s (37.0 MB/s)
[04:07:01]   upload done video_id=26032653 in 116.4s
[04:07:02] film cr_film_id=22088 OK in 208.7s
[04:07:02] iteration 6/20
[04:07:02] film cr_film_id=33742 name='Pocket Money (1972) CZ Dabing' candidates=1
[04:07:02]   candidate upload_id=60a12c8b64bb3 url=https://prehraj.to/kapesne-western-1972-cz-dabing/60a12c8b64bb3
[04:07:03]   resolved in 1.0s → 480p (https://pf-storage2.premiumcdn.net/23539452/DZaupjhLruOxhboT5ptDLhGjTA2HMOTBqIv8…)
[04:07:21]   downloaded 438.6 MB in 16.5s (26.6 MB/s)
[04:07:40]   upload done video_id=26032682 in 18.6s
[04:07:41] film cr_film_id=33742 OK in 38.2s
[04:07:41] iteration 7/20
[04:07:41] film cr_film_id=22034 name='Velký Jake (1971) CZ Dabing' candidates=3
[04:07:41]   candidate upload_id=60a1fc650583b url=https://prehraj.to/velky-jake-western-1971-cz-dabing/60a1fc650583b
[04:07:42]   resolved in 1.0s → 480p (https://pf-storage4.premiumcdn.net/23545494/15asgQFNoF7dubAfVmH3JF1RcNEuayTdwtv7…)
[04:08:05]   downloaded 594.6 MB in 21.8s (27.3 MB/s)
[04:08:27]   upload done video_id=26032691 in 21.8s
[04:08:28] film cr_film_id=22034 OK in 47.0s
[04:08:28] iteration 8/20
[04:08:28] film cr_film_id=22062 name='Návrat Sabaty (1971) CZ Dabing' candidates=3
[04:08:28]   candidate upload_id=682b5816e9b9c url=https://prehraj.to/western-mkv-cz-dab-navrat-sabaty-1971-cz-dab/682b5816e9b9c
[04:08:29]   resolved in 1.0s → 720p (https://pf-storage5.premiumcdn.net/138278903/8oVi9OT5dsx3fY0Tv0Ud4TV6hKzCQkU4Ptg…)
[04:09:19]   downloaded 1,460.1 MB in 49.4s (29.6 MB/s)
[04:10:15]   upload done video_id=26032706 in 55.7s
[04:10:16] film cr_film_id=22062 OK in 108.4s
[04:10:16] iteration 9/20
[04:10:16] film cr_film_id=35710 name='Doc (1971) CZ Dabing' candidates=1
[04:10:16]   candidate upload_id=60a1f10fa7de7 url=https://prehraj.to/doc-western-1971-cz-dabing/60a1f10fa7de7
[04:10:17]   resolved in 0.9s → 480p (https://pf-storage5.premiumcdn.net/23545245/pE7uv7F9nUL7sqZt3xSLnFAwH7AHmLIdwTb9…)
[04:10:31]   downloaded 409.8 MB in 12.5s (32.8 MB/s)
[04:10:54]   upload done video_id=26032729 in 23.4s
[04:10:55] film cr_film_id=35710 OK in 39.3s
[04:10:55] iteration 10/20
[04:10:55] film cr_film_id=22120 name='Dcery zla (1971) CZ Dabing' candidates=1
[04:10:55]   candidate upload_id=60a1f04129a5b url=https://prehraj.to/dcery-zla-horor-1971-cz-dabing/60a1f04129a5b
[04:10:56]   resolved in 0.8s → 720p (https://pf-storage5.premiumcdn.net/23545233/k8PFewuOMSdahrJtbXiewu1qTk8SdWUxLCJZ…)
[04:11:21]   downloaded 842.1 MB in 23.8s (35.4 MB/s)
[04:11:52]   upload done video_id=26032739 in 31.2s
[04:11:53] film cr_film_id=22120 OK in 57.7s
[04:11:53] iteration 11/20
[04:11:53] film cr_film_id=22014 name='Sledge (1970) CZ Dabing' candidates=2
[04:11:53]   candidate upload_id=60a20d0a285a6 url=https://prehraj.to/sledge-western-1970-cz-dabing/60a20d0a285a6
[04:11:54]   resolved in 0.8s → 480p (https://pf-storage1.premiumcdn.net/23545914/DXESAqueyibqTr4TmpFBDuewH9qFnXCjWHgE…)
[04:12:18]   downloaded 644.5 MB in 23.1s (27.9 MB/s)
[04:12:42]   upload done video_id=26032752 in 23.5s
[04:12:43] film cr_film_id=22014 OK in 49.7s
[04:12:43] iteration 12/20
[04:12:43] film cr_film_id=22016 name='Monte Walsh (1970) CZ Dabing' candidates=2
[04:12:43]   candidate upload_id=60a206a984b8a url=https://prehraj.to/monte-walsh-western-1970-cz-dabing/60a206a984b8a
[04:12:44]   resolved in 1.0s → 480p (https://pf-storage1.premiumcdn.net/23545725/qMqSo3hLdSqEsA5FnPidqh3BUk6TABIaztLP…)
[04:13:06]   downloaded 584.3 MB in 21.5s (27.2 MB/s)
[04:13:30]   upload done video_id=26032763 in 24.1s
[04:13:31] film cr_film_id=22016 OK in 48.6s
[04:13:31] iteration 13/20
[04:13:31] film cr_film_id=21980 name='Willie Boy (1969) CZ Dabing' candidates=1
[04:13:31]   candidate upload_id=60a3e45326b78 url=https://prehraj.to/willie-boy-western-1969-cz-dabing/60a3e45326b78
[04:13:32]   resolved in 1.0s → 1080p (https://pf-storage1.premiumcdn.net/23566602/nd0TBlsD3SzlhnBF91Fa9s8WHYlFbgS5EipY…)
[04:14:49]   downloaded 2,215.0 MB in 76.0s (29.1 MB/s)
[04:16:33]   upload done video_id=26032784 in 103.6s
[04:16:34] film cr_film_id=21980 OK in 182.7s
[04:16:34] iteration 14/20
[04:16:34] film cr_film_id=32734 name='The Silent Gun (1969) CZ Dabing' candidates=1
[04:16:34]   candidate upload_id=586bf3378c8ab url=https://prehraj.to/mlcici-strelec-1999-cz-dabing/586bf3378c8ab
[04:16:35]   resolved in 1.0s → 480p (https://pf-storage5.premiumcdn.net/1287157/rBkfD6I7bHWQs94Td6iXjIgpF6yuG1c3miKqT…)
[04:16:49]   downloaded 393.0 MB in 12.6s (31.2 MB/s)
[04:17:05]   upload done video_id=26032818 in 16.3s
[04:17:06] film cr_film_id=32734 OK in 32.0s
[04:17:06] iteration 15/20
[04:17:06] film cr_film_id=10994 name='Hibernatus (1969) CZ Dabing' candidates=5
[04:17:06]   candidate upload_id=60a3d9aaafe4f url=https://prehraj.to/hibernatus-komedie-1969-cz-dabing/60a3d9aaafe4f
[04:17:08]   resolved in 2.3s → 1080p (https://pf-storage3.premiumcdn.net/23566176/3nES3GCY1Tk7hgvCMxTX5CzAubOHpeS84cV6…)
[04:18:09]   downloaded 2,214.8 MB in 59.3s (37.3 MB/s)
[04:19:40]   upload done video_id=26032836 in 91.3s
[04:19:41] film cr_film_id=10994 OK in 155.0s
[04:19:41] iteration 16/20
[04:19:41] film cr_film_id=10988 name='Boot Hill (1969) CZ Dabing' candidates=8
[04:19:41]   candidate upload_id=60a3d69ab7449 url=https://prehraj.to/boot-hill-western-1969-cz-dabing/60a3d69ab7449
[04:19:42]   resolved in 1.0s → 720p (https://pf-storage3.premiumcdn.net/23566014/L9nfyLC7RTWwcG8IaOsGwC0NSLKckpTApUYo…)
[04:20:24]   downloaded 1,143.8 MB in 40.7s (28.1 MB/s)
[04:21:24]   upload done video_id=26032863 in 60.7s
[04:21:25] film cr_film_id=10988 OK in 104.4s
[04:21:25] iteration 17/20
[04:21:25] film cr_film_id=36662 name='Villa jede! (1968) CZ Dabing' candidates=1
[04:21:25]   candidate upload_id=585a6dc9a156e url=https://prehraj.to/villa-jede-cz-dab-charles-bronson-68/585a6dc9a156e
[04:21:26]   resolved in 1.1s → 480p (https://pf-storage1.premiumcdn.net/1216874/qNmIjzcr6UMeIwmhyPSzacmesAJuxOsEmijqf…)
[04:21:52]   downloaded 670.5 MB in 24.9s (26.9 MB/s)
[04:22:29]   upload done video_id=26032879 in 36.8s
[04:22:30] film cr_film_id=36662 OK in 64.9s
[04:22:30] iteration 18/20
[04:22:30] film cr_film_id=21922 name='Lovci skalpů (1968) CZ Dabing' candidates=3
[04:22:30]   candidate upload_id=5839865ac8942 url=https://prehraj.to/lovci-skalpu-cz-dabing-western-komedie-usa-1968-filmy-site88-net/5839865ac8942
[04:22:31]   resolved in 0.9s → 480p (https://pf-storage4.premiumcdn.net/938045/9KVTN6Fv4SPzcZgcpLUBWFJ4TVwhapu8JhmWTq…)
[04:22:50]   downloaded 604.0 MB in 17.3s (34.9 MB/s)
[04:23:13]   upload done video_id=26032888 in 23.0s
[04:23:14] film cr_film_id=21922 OK in 43.3s
[04:23:14] iteration 19/20
[04:23:14] film cr_film_id=21888 name='Bandolero! (1968) CZ Dabing' candidates=5
[04:23:14]   candidate upload_id=60a51ae9c251f url=https://prehraj.to/bandolero-western-1968-cz-dabing/60a51ae9c251f
[04:23:14]   resolved in 0.8s → 480p (https://pf-storage1.premiumcdn.net/23580789/yepIp4fnQSXPTVQtoKC5VfXBInpS4kHpLiEQ…)
[04:23:35]   downloaded 656.0 MB in 19.5s (33.6 MB/s)
[04:24:10]   upload done video_id=26032892 in 35.0s
[04:24:11] film cr_film_id=21888 OK in 57.4s
[04:24:11] iteration 20/20
[04:24:11] film cr_film_id=24514 name='Hra bez pravidel (1967) CZ Dabing' candidates=4
[04:24:11]   candidate upload_id=68e61730f3db3 url=https://prehraj.to/hra-bez-pravidel-1967-krimi-cz-dabing-spickova-kvalita-by-nexsus/68e61730f3db3
[04:24:12]   resolved in 1.1s → 1080p (https://pf-storage3.premiumcdn.net/150387144/em9iy7Tz1uOeTgGTopFO7TgBfQYCERiMacV…)
[04:25:22]   downloaded 2,584.0 MB in 68.9s (37.5 MB/s)
[04:27:20]   upload done video_id=26032913 in 117.8s
[04:27:21] film cr_film_id=24514 OK in 189.9s
[04:27:21] batch-end ok=20 failed=0 dur=1650.1s avg/film=82.5s remaining=9496 eta_hours=217.6

===== run 2026-06-17T04:37:17Z shard=0/2 batch_size=20 (https://github.com/Olbrasoft/prehrajto-to-prehrajto/actions/runs/27666104096) =====
[04:37:18] batch-start shard=0/2 count=20 backlog=10210 uploads=714 failed_attempts=18 description_overrides=0
[04:37:18] login
[04:37:20] login done
[04:37:20] iteration 1/20
[04:37:20] film cr_film_id=21860 name='Hells Angels on Wheels (1967) CZ Dabing' candidates=1
[04:37:20]   candidate upload_id=586ce28c8ba9f url=https://prehraj.to/hells-angels-on-wheels-1967-hd-cz-dabing/586ce28c8ba9f
[04:37:21]   resolved in 1.3s → 480p (https://pf-storage3.premiumcdn.net/1308068/jaesm4uY8tz2fPOIxXHrKuNdsyPToghRJCRyU…)
[04:38:00]   downloaded 740.6 MB in 37.7s (19.6 MB/s)
[04:38:38]   upload done video_id=26033124 in 37.4s
[04:38:39] film cr_film_id=21860 OK in 79.8s
[04:38:39] iteration 2/20
[04:38:39] film cr_film_id=21830 name='Sympatický dareba (1966) CZ Dabing' candidates=2
[04:38:39]   candidate upload_id=5c4dfb39c3fed url=https://prehraj.to/sympaticky-dareba-belmondo-1966-cz-dabing/5c4dfb39c3fed
[04:38:41]   resolved in 1.5s → 480p (https://pf-storage4.premiumcdn.net/11391868/313i7MIjEcRDUnBiL7hRyIvRhwpSyxS5qcvJ…)
[04:39:06]   downloaded 538.1 MB in 23.1s (23.3 MB/s)
[04:39:33]   upload done video_id=26033139 in 27.5s
[04:39:35] film cr_film_id=21830 OK in 55.7s
[04:39:35] iteration 3/20
[04:39:35] film cr_film_id=37250 name='My se nehněváme (1966) CZ Dabing' candidates=3
[04:39:35]   candidate upload_id=0bdd67bcf2e86e68 url=https://prehraj.to/my-se-nehnevame-1966-cz-dab-1080p/0bdd67bcf2e86e68
[04:39:36]   resolved in 1.5s → 1080p (https://pf-storage5.premiumcdn.net/168518236/JEziLNsgXUqdcWbiy5HQjsmvhBRCJqF4wip…)
[04:42:06]   downloaded 3,103.5 MB in 148.1s (21.0 MB/s)
[04:44:44]   upload done video_id=26033172 in 157.9s
[04:44:46] film cr_film_id=37250 OK in 310.8s
[04:44:46] iteration 4/20
[04:44:46] film cr_film_id=10896 name='Fantastická cesta (1966) CZ Dabing' candidates=3
[04:44:46]   candidate upload_id=60a78f0c74b6c url=https://prehraj.to/fantasticka-cesta-sci-fi-1966-cz-dabing/60a78f0c74b6c
[04:44:47]   resolved in 1.2s → 720p (https://pf-storage1.premiumcdn.net/23605749/QgGfPgcYqiXwsrYFLVCamcQWIpvHP0sVWsjl…)
[04:45:39]   downloaded 1,258.4 MB in 49.9s (25.2 MB/s)
[04:46:52]   upload done video_id=26033210 in 72.9s
[04:46:53] film cr_film_id=10896 OK in 127.5s
[04:46:53] iteration 5/20
[04:46:53] film cr_film_id=21814 name='Chartúm (1966) CZ Dabing' candidates=3
[04:46:53]   candidate upload_id=60a791c4e6db9 url=https://prehraj.to/chartum-drama-1966-cz-dabing/60a791c4e6db9
[04:46:54]   resolved in 1.2s → 480p (https://pf-storage5.premiumcdn.net/23605875/779fr6uODTzWIoWiXKhW3u2Gs37tgjiOdsP6…)
[04:47:21]   downloaded 605.2 MB in 25.0s (24.2 MB/s)
[04:47:56]   upload done video_id=26033233 in 34.4s
[04:47:57] film cr_film_id=21814 OK in 63.9s
[04:47:57] iteration 6/20
[04:47:57] film cr_film_id=32780 name='Balík dolarů (1966) CZ Dabing' candidates=2
[04:47:57]   candidate upload_id=5870148a30107 url=https://prehraj.to/balik-dolaru-it-western-1967-cs-dabing-tvrip/5870148a30107
[04:47:58]   resolved in 1.1s → 480p (https://pf-storage2.premiumcdn.net/1361540/vz0sOqiebcB8hd4IQAhYMiJaSYEf2QUMbFYBs…)
[04:48:31]   downloaded 575.6 MB in 30.4s (18.9 MB/s)
[04:49:00]   upload done video_id=26033263 in 29.2s
[04:49:01] film cr_film_id=32780 OK in 64.1s
[04:49:01] iteration 7/20
[04:49:01] film cr_film_id=10886 name='Pyramida boha slunce (1965) CZ Dabing' candidates=4
[04:49:01]   candidate upload_id=60a8c5db3f583 url=https://prehraj.to/pyramida-boha-slunce-western-1965-cz-dabing/60a8c5db3f583
[04:49:02]   resolved in 1.2s → 480p (https://pf-storage3.premiumcdn.net/23614803/RryfQeT4OFDxi5mHk3C5kTgZtZ8cLVflgizr…)
[04:50:00]   downloaded 1,149.0 MB in 55.9s (20.6 MB/s)
[04:50:57]   upload done video_id=26033299 in 57.3s
[04:50:59] film cr_film_id=10886 OK in 117.4s
[04:50:59] iteration 8/20
[04:50:59] film cr_film_id=29888 name='Cincinnati Kid (1965) CZ Dabing' candidates=1
[04:50:59]   candidate upload_id=60a8bb1c99a97 url=https://prehraj.to/cincinnati-kid-drama-1965-cz-dabing/60a8bb1c99a97
[04:51:00]   resolved in 1.2s → 480p (https://pf-storage1.premiumcdn.net/23614392/8dYcqBsklSZjiJlFMmiwGs2OCXvT0nuopFeA…)
[04:51:47]   downloaded 724.1 MB in 45.1s (16.1 MB/s)
[04:52:41]   upload done video_id=26033335 in 53.7s
[04:52:42] film cr_film_id=29888 OK in 103.5s
[04:52:42] iteration 9/20
[04:52:42] film cr_film_id=34510 name='Cesta spásy (1965) CZ Dabing' candidates=1
[04:52:42]   candidate upload_id=60a8ba9322253 url=https://prehraj.to/cesta-spasy-komedie-1965-cz-dabing/60a8ba9322253
[04:52:43]   resolved in 1.1s → 480p (https://pf-storage1.premiumcdn.net/23614377/z6NFv3Smbcw9fzKsQKTpbSQ4HqRUaotZ1uXy…)
[04:53:27]   downloaded 832.5 MB in 41.7s (20.0 MB/s)
[04:54:17]   upload done video_id=26033366 in 50.2s
[04:54:18] film cr_film_id=34510 OK in 96.2s
[04:54:18] iteration 10/20
[04:54:18] film cr_film_id=21720 name='Zlatokopové z Arkansasu (1964) CZ Dabing' candidates=2
[04:54:18]   candidate upload_id=60a9f05ce99fe url=https://prehraj.to/zlatokopove-z-arkansasu-western-1964-cz-dabing/60a9f05ce99fe
[04:54:20]   resolved in 1.2s → 480p (https://pf-storage1.premiumcdn.net/23624106/0DwS8ziDWTjqseDS83TyBiJ6IYoibzFx1T6J…)
[04:54:52]   downloaded 731.6 MB in 30.3s (24.1 MB/s)
[04:55:30]   upload done video_id=26033397 in 38.7s
[04:55:32] film cr_film_id=21720 OK in 73.2s
[04:55:32] iteration 11/20
[04:55:32] film cr_film_id=21688 name='Dementia 13 (1963) CZ Dabing' candidates=2
[04:55:32]   candidate upload_id=5891fc05f1f32 url=https://prehraj.to/dementia-13-cz-dabing-horor-thriller-usa-1963/5891fc05f1f32
[04:55:33]   resolved in 1.4s → 480p (https://pf-storage2.premiumcdn.net/1590857/jJ0t15hPpUG9CXRfYzFQJhloH3oFqgIwkiaxT…)
[04:56:05]   downloaded 578.7 MB in 29.6s (19.5 MB/s)
[04:56:44]   upload done video_id=26033427 in 39.4s
[04:56:46] film cr_film_id=21688 OK in 74.1s
[04:56:46] iteration 12/20
[04:56:46] film cr_film_id=21676 name='Historky hrůzy (1962) CZ Dabing' candidates=1
[04:56:46]   candidate upload_id=582086f8579f4 url=https://prehraj.to/historky-hruzy-1962-tv-rip-cz-dabing/582086f8579f4
[04:56:47]   resolved in 1.2s → 480p (https://pf-storage2.premiumcdn.net/810485/YqNHAJhX7ulAUaGtyvfyMhd0tXJszEHgZHjyCg…)
[04:57:18]   downloaded 550.6 MB in 29.2s (18.9 MB/s)
[04:57:46]   upload done video_id=26033455 in 28.6s
[04:57:47] film cr_film_id=21676 OK in 61.8s
[04:57:47] iteration 13/20
[04:57:48] film cr_film_id=21658 name='Geronimo (1962) CZ Dabing' candidates=4
[04:57:48]   candidate upload_id=60aac969c3aa8 url=https://prehraj.to/geronimo-western-1962-cz-dabing/60aac969c3aa8
[04:57:49]   resolved in 1.1s → 480p (https://pf-storage1.premiumcdn.net/23638455/Qlku6xTBJsVPU78hBlTodT8bcE3IkJiQ6FnG…)
[04:58:23]   downloaded 646.0 MB in 32.7s (19.8 MB/s)
[04:58:58]   upload done video_id=26033473 in 35.2s
[04:58:59] film cr_film_id=21658 OK in 71.7s
[04:58:59] iteration 14/20
[04:58:59] film cr_film_id=10814 name='Cartouche (1962) CZ Dabing' candidates=8
[04:58:59]   candidate upload_id=68c30686dbef5 url=https://prehraj.to/cartouche-1962-dobrodruzny-uhd-4k-2160p-cz-dabing-by-uploadix/68c30686dbef5
[04:59:01]   resolved in 1.3s → 1080p (https://pf-storage4.premiumcdn.net/146185248/ODdTY3Uv8SQws0Zi6Gsq6Ux4FeYivmsp4SR…)
[05:02:14]   downloaded 4,076.4 MB in 191.8s (21.3 MB/s)
[05:06:11]   upload done video_id=26033566 in 237.0s
[05:06:13] film cr_film_id=10814 OK in 433.5s
[05:06:13] iteration 15/20
[05:06:13] film cr_film_id=21638 name='Pařížské blues (1961) CZ Dabing' candidates=1
[05:06:13]   candidate upload_id=5891ad340a6f7 url=https://prehraj.to/parizske-blues-1961-cz-dabing-novy/5891ad340a6f7
[05:06:14]   resolved in 1.3s → 480p (https://pf-storage5.premiumcdn.net/1584897/2DvIqvs3zuE9SAvSwEHpMsBptvZt87h6QhqEf…)
[05:06:51]   downloaded 695.5 MB in 35.0s (19.9 MB/s)
[05:07:31]   upload done video_id=26033676 in 39.7s
[05:07:32] film cr_film_id=21638 OK in 79.3s
[05:07:32] iteration 16/20
[05:07:32] film cr_film_id=21616 name='Comancheros (1961) CZ Dabing' candidates=4
[05:07:32]   candidate upload_id=60aad36487806 url=https://prehraj.to/comancheros-western-1961-cz-dabing/60aad36487806
[05:07:33]   resolved in 1.2s → 480p (https://pf-storage1.premiumcdn.net/23638758/7M8SXQFO0uANF3aIXJh7PFPVswQt0dsVETol…)
[05:08:11]   downloaded 874.0 MB in 35.5s (24.6 MB/s)
[05:09:00]   upload done video_id=26033708 in 49.7s
[05:09:02] film cr_film_id=21616 OK in 89.7s
[05:09:02] iteration 17/20
[05:09:02] film cr_film_id=21548 name='Alias Jesse James (1959) CZ Dabing' candidates=2
[05:09:02]   candidate upload_id=587d7b7af1fdd url=https://prehraj.to/alias-jesse-james-west-komedie-1959-cz-dabing/587d7b7af1fdd
[05:09:04]   resolved in 2.2s → 720p (https://pf-storage3.premiumcdn.net/1458499/bdNFnauOQf0rtZLfVwC2ZuVLtkZfWzto8CYOC…)
[05:10:28]   downloaded 1,726.5 MB in 82.4s (21.0 MB/s)
[05:12:35]   upload done video_id=26033753 in 127.0s
[05:12:37] film cr_film_id=21548 OK in 215.0s
[05:12:37] iteration 18/20
[05:12:37] film cr_film_id=36678 name='Noc a zmatek (1958) CZ Dabing' candidates=1
[05:12:37]   candidate upload_id=60ad51c564e2a url=https://prehraj.to/noc-a-zmatek-thriller-1958-cz-dabing/60ad51c564e2a
[05:12:38]   resolved in 1.2s → 480p (https://pf-storage5.premiumcdn.net/23664147/jO2cMwTqvCj5fm9FdxtEmT3WiGlcOvsbQfya…)
[05:13:11]   downloaded 602.1 MB in 31.2s (19.3 MB/s)
[05:13:46]   upload done video_id=26033798 in 35.5s
[05:13:47] film cr_film_id=36678 OK in 70.7s
[05:13:47] iteration 19/20
[05:13:47] film cr_film_id=21478 name='Dej si pozor, La Toure! (1958) CZ Dabing' candidates=3
[05:13:47]   candidate upload_id=584ffd2787e90 url=https://prehraj.to/dej-si-pozor-la-toure-cz-dabing-jean-marais-1958/584ffd2787e90
[05:13:48]   resolved in 1.0s → 480p (https://pf-storage4.premiumcdn.net/1152751/nxKH3dfkrirvInlh7MtELf5ET7gUMaiyBFBOH…)
[05:14:14]   downloaded 584.7 MB in 24.4s (24.0 MB/s)
[05:14:45]   upload done video_id=26033819 in 31.1s
[05:14:47] film cr_film_id=21478 OK in 59.3s
[05:14:47] iteration 20/20
[05:14:47] film cr_film_id=33774 name='Revolt at Fort Laramie (1957) CZ Dabing' candidates=1
[05:14:47]   candidate upload_id=60af364303645 url=https://prehraj.to/veznice-ve-fort-laramie-western-1957-cz-dabing/60af364303645
[05:14:48]   resolved in 1.3s → 480p (https://pf-storage5.premiumcdn.net/23674404/gGEIevsw7SQef9Vi5lCZJspeUkdUqocX0I6L…)
[05:15:13]   downloaded 556.2 MB in 23.2s (24.0 MB/s)
[05:16:15]   upload done video_id=26033839 in 61.9s
[05:16:16] film cr_film_id=33774 OK in 89.4s
[05:16:16] batch-end ok=20 failed=0 dur=2336.6s avg/film=116.8s remaining=9476 eta_hours=307.4

===== run 2026-06-17T05:16:41Z shard=0/2 batch_size=20 (https://github.com/Olbrasoft/prehrajto-to-prehrajto/actions/runs/27667470871) =====
[05:16:42] batch-start shard=0/2 count=20 backlog=10210 uploads=734 failed_attempts=18 description_overrides=0
[05:16:42] login
[05:16:43] login done
[05:16:43] iteration 1/20
[05:16:43] film cr_film_id=33096 name='Decision at Sundown (1957) CZ Dabing' candidates=2
[05:16:43]   candidate upload_id=60af350ba4fde url=https://prehraj.to/sundown-mesto-pomsty-western-1957-cz-dabing/60af350ba4fde
[05:16:44]   resolved in 1.1s → 480p (https://pf-storage1.premiumcdn.net/23674374/YPRS9dc3AIK6iwbTlYtdrcbGt19FV5hbDU39…)
[05:17:06]   downloaded 538.5 MB in 19.8s (27.2 MB/s)
[05:17:27]   upload done video_id=26033877 in 21.3s
[05:17:28] film cr_film_id=33096 OK in 45.0s
[05:17:28] iteration 2/20
[05:17:28] film cr_film_id=31892 name='The Burning Hills (1956) CZ Dabing' candidates=2
[05:17:28]   candidate upload_id=55bbeded6a5df url=https://prehraj.to/zurivost-rozuzleni-usa-western-1957-cs-dabing-tvrip/55bbeded6a5df
[05:17:29]   resolved in 1.0s → 480p (https://pf-storage2.premiumcdn.net/61039/2LAIbWcL2I3GcJLU43cDBcObFqnTr3hgatb2TGB…)
[05:17:43]   downloaded 406.5 MB in 12.7s (32.0 MB/s)
[05:18:00]   upload done video_id=26033890 in 16.2s
[05:18:01] film cr_film_id=31892 OK in 32.3s
[05:18:01] iteration 3/20
[05:18:01] film cr_film_id=21434 name='Pan Roberts (1955) CZ Dabing' candidates=1
[05:18:01]   candidate upload_id=60b01562e62b8 url=https://prehraj.to/pan-roberts-komedie-1955-cz-dabing/60b01562e62b8
[05:18:02]   resolved in 1.3s → 480p (https://pf-storage5.premiumcdn.net/23680821/gVgfB7s74TVpUG3tkySEqsQvTb9SPkIp3iQy…)
[05:18:22]   downloaded 669.9 MB in 19.1s (35.1 MB/s)
[05:19:04]   upload done video_id=26033908 in 41.9s
[05:19:06] film cr_film_id=21434 OK in 65.0s
[05:19:06] iteration 4/20
[05:19:06] film cr_film_id=21416 name='Hodiny zoufalství (1955) CZ Dabing' candidates=2
[05:19:06]   candidate upload_id=60b008ef60f58 url=https://prehraj.to/hodiny-zoufalstvi-drama-1955-cz-dabing/60b008ef60f58
[05:19:07]   resolved in 0.9s → 480p (https://pf-storage1.premiumcdn.net/23680449/JzGfOgF6VS49CO4SDwuw7F9Ziq8caltNgc6g…)
[05:19:31]   downloaded 627.7 MB in 23.3s (26.9 MB/s)
[05:19:54]   upload done video_id=26033930 in 22.7s
[05:19:55] film cr_film_id=21416 OK in 49.3s
[05:19:55] iteration 5/20
[05:19:55] film cr_film_id=21422 name='Daleké obzory (1955) CZ Dabing' candidates=1
[05:19:55]   candidate upload_id=60b004d0a7795 url=https://prehraj.to/daleke-obzory-western-1955-cz-dabing/60b004d0a7795
[05:19:56]   resolved in 0.9s → 480p (https://pf-storage1.premiumcdn.net/23680356/J7ES40C6RIQpfEphrks2oCp7TVJsQWS6zhdv…)
[05:20:34]   downloaded 1,069.7 MB in 37.2s (28.8 MB/s)
[05:21:09]   upload done video_id=26033954 in 35.4s
[05:21:11] film cr_film_id=21422 OK in 75.7s
[05:21:11] iteration 6/20
[05:21:11] film cr_film_id=21342 name='Dobrodružství Robinsona Crusoe (1954) CZ Dabing' candidates=3
[05:21:11]   candidate upload_id=60b02598476cb url=https://prehraj.to/robinson-crusoe-dobrodruzny-1954-cz-dabing/60b02598476cb
[05:21:11]   resolved in 0.8s → 480p (https://pf-storage5.premiumcdn.net/23681226/zvMiKesL3iZnta0hYZcO2saGh18UNvFmOSzG…)
[05:21:26]   downloaded 434.4 MB in 13.5s (32.2 MB/s)
[05:21:43]   upload done video_id=26033976 in 16.4s
[05:21:44] film cr_film_id=21342 OK in 33.2s
[05:21:44] iteration 7/20
[05:21:44] film cr_film_id=21376 name='Stalag 17 (1953) CZ Dabing' candidates=2
[05:21:44]   candidate upload_id=b659857b9464af20 url=https://prehraj.to/stalag-17-1953-cz-dab-480p/b659857b9464af20
[05:21:44]   resolved in 0.7s → 480p (https://pf-storage5.premiumcdn.net/167015471/R92t8OfXmTx5I7Yuj6i3xfmlH3QcajCaRuA…)
[05:22:16]   downloaded 1,124.3 MB in 30.9s (36.4 MB/s)
[05:23:05]   upload done video_id=26033996 in 49.2s
[05:23:06] film cr_film_id=21376 OK in 82.8s
[05:23:06] iteration 8/20
[05:23:06] film cr_film_id=714 name='Pyšná princezna (1952) CZ Dabing' candidates=2
[05:23:06]   candidate upload_id=6e53f271f1ba3aef url=https://prehraj.to/pysna-princezna-1952-cz-dabing-fik/6e53f271f1ba3aef
[05:23:07]   resolve FAILED: HTTP 502 wrapping permanent upstream error: https://prehraj.to/pysna-princezna-1952-cz-dabing-fik/6e53f271f1ba3aef (permanent=True)
[05:23:07]   candidate upload_id=f84afb73b09e6775 url=https://prehraj.to/pysna-princezna-1952-cz-dabing-behe/f84afb73b09e6775
[05:23:13]   resolve FAILED: HTTP 502 wrapping permanent upstream error: https://prehraj.to/pysna-princezna-1952-cz-dabing-behe/f84afb73b09e6775 (permanent=True)
[05:23:13] film cr_film_id=714 all candidates exhausted
[05:23:13] iteration 9/20
[05:23:13] film cr_film_id=35530 name="Tarzan's Peril (1951) CZ Dabing" candidates=1
[05:23:13]   candidate upload_id=58741ae5742f8 url=https://prehraj.to/tarzan-v-nebezpeci-1951-cz-dabing/58741ae5742f8
[05:23:19]   resolved in 6.0s → 480p (https://pf-storage5.premiumcdn.net/1403924/bq5TXdHMeSzjuB4UMbhZNHlXuKEs8pC4xhKkC…)
[05:23:48]   downloaded 782.6 MB in 28.0s (28.0 MB/s)
[05:24:28]   upload done video_id=26034032 in 40.0s
[05:24:29] film cr_film_id=35530 OK in 76.4s
[05:24:29] iteration 10/20
[05:24:29] film cr_film_id=21328 name="Winchester '73 (1950) CZ Dabing" candidates=1
[05:24:29]   candidate upload_id=60b390f1df9cd url=https://prehraj.to/winchester-73-western-1950-cz-dabing/60b390f1df9cd
[05:24:30]   resolved in 0.8s → 480p (https://pf-storage1.premiumcdn.net/23706762/yvmc4Vhq6SAXh9RfaliyVh6xc9XcyLCQPTl8…)
[05:24:46]   downloaded 492.1 MB in 14.6s (33.7 MB/s)
[05:25:07]   upload done video_id=26034063 in 20.7s
[05:25:08] film cr_film_id=21328 OK in 38.3s
[05:25:08] iteration 11/20
[05:25:08] film cr_film_id=21306 name='Muž z Colorada (1948) CZ Dabing' candidates=1
[05:25:08]   candidate upload_id=60b4a4ee15986 url=https://prehraj.to/muz-z-colorada-western-1948-cz-dabing/60b4a4ee15986
[05:25:11]   resolved in 3.1s → 480p (https://pf-storage5.premiumcdn.net/23712111/JX1hKpFRYSKViNpfDlcW3FemS1GtZNHy5hXJ…)
[05:25:16]   downloaded 60.0 MB in 4.0s (15.0 MB/s)
[05:25:23]   upload done video_id=26034075 in 7.1s
[05:25:24] film cr_film_id=21306 OK in 16.3s
[05:25:24] iteration 12/20
[05:25:24] film cr_film_id=21238 name='Western Union (1941) CZ Dabing' candidates=2
[05:25:24]   candidate upload_id=66f5dc8a82b88 url=https://prehraj.to/western-union-western-historicky-1941-cz-dab/66f5dc8a82b88
[05:25:25]   resolved in 0.9s → 1080p (https://pf-storage1.premiumcdn.net/98550155/pEdSQzC1MFkAUJKF5xc8MCy4UgquM5hvzhq7…)
[05:26:23]   downloaded 2,133.5 MB in 57.0s (37.4 MB/s)
[05:28:06]   upload done video_id=26034105 in 102.8s
[05:28:08] film cr_film_id=21238 OK in 163.7s
[05:28:08] iteration 13/20
[05:28:08] film cr_film_id=21218 name='Ninočka (1939) CZ Dabing' candidates=2
[05:28:08]   candidate upload_id=60b8bebb68bc9 url=https://prehraj.to/ninocka-komedie-1939-cz-dabing/60b8bebb68bc9
[05:28:08]   resolved in 0.8s → 480p (https://pf-storage3.premiumcdn.net/23741538/D5Lt8AhAQCo5uDwUgaFeMhEzFgxU0EURrHnj…)
[05:28:35]   downloaded 724.0 MB in 25.8s (28.1 MB/s)
[05:29:04]   upload done video_id=26034152 in 28.5s
[05:29:05] film cr_film_id=21218 OK in 57.1s
[05:29:05] iteration 14/20
[05:29:05] film cr_film_id=35046 name='Na Svatém Kopečku (1934) CZ Dabing' candidates=1
[05:29:05]   candidate upload_id=58493a369e93c url=https://prehraj.to/na-svatem-kopecku-cz-dab-ladislav-pesek-34/58493a369e93c
[05:29:06]   resolved in 1.0s → 480p (https://pf-storage3.premiumcdn.net/1065891/kQKfROuP0S4ZUzBsGbsD5ub8cmMIozT07igBC…)
[05:29:26]   downloaded 513.3 MB in 19.4s (26.5 MB/s)
[05:30:00]   upload done video_id=26034162 in 33.5s
[05:30:01] film cr_film_id=35046 OK in 56.1s
[05:30:01] iteration 15/20
[05:30:01] film cr_film_id=36602 name='Kachní polévka (1933) CZ Dabing' candidates=1
[05:30:01]   candidate upload_id=60bb8779f2a78 url=https://prehraj.to/kachni-polevka-komedie-1933-cz-dabing/60bb8779f2a78
[05:30:01]   resolved in 0.7s → 480p (https://pf-storage3.premiumcdn.net/23771880/M3lc7JIvEimJtMNt5OugYINEUwDuJXhY2Hwd…)
[05:30:22]   downloaded 529.0 MB in 19.7s (26.9 MB/s)
[05:30:51]   upload done video_id=26034174 in 28.5s
[05:30:52] film cr_film_id=36602 OK in 51.0s
[05:30:52] iteration 16/20
[05:30:52] film cr_film_id=20406 name='Zeta (2026) CZ Titulky' candidates=2
[05:30:52]   candidate upload_id=f0a6c6478dbb5957 url=https://prehraj.to/zeta-web-dl-es-5-1-en-5-1-titulky-cz-es-en-2026-1080p-mkv/f0a6c6478dbb5957
[05:30:53]   resolved in 1.1s → 720p (https://pf-storage3.premiumcdn.net/167453630/VBLfGDS4ksQDs8jtVqCAnSxmc1OHvyuywc0…)
[05:32:10]   downloaded 2,270.5 MB in 76.1s (29.8 MB/s)
[05:33:37]   upload done video_id=26034198 in 87.1s
[05:33:38] film cr_film_id=20406 OK in 166.5s
[05:33:38] iteration 17/20
[05:33:38] film cr_film_id=16778 name='Wardriver (2026) CZ Titulky' candidates=4
[05:33:38]   candidate upload_id=44e2d20886481f77 url=https://prehraj.to/wardriver-2026-cz-titulky-1080p-mkv/44e2d20886481f77
[05:33:39]   resolved in 1.0s → 720p (https://pf-storage5.premiumcdn.net/168342475/716IG6HPmc9oCLzSvAf8vHRgfJ9TZ8uKvcz…)
[05:34:11]   downloaded 1,113.3 MB in 31.1s (35.8 MB/s)
[05:34:50]   upload done video_id=26034220 in 39.0s
[05:34:51] film cr_film_id=16778 OK in 73.1s
[05:34:51] iteration 18/20
[05:34:51] film cr_film_id=36992 name='Twisted (2026) CZ Titulky' candidates=1
[05:34:51]   candidate upload_id=da9f4546256d2eec url=https://prehraj.to/twisted-2026-cz-titulky/da9f4546256d2eec
[05:34:52]   resolve FAILED: HTTP 502 wrapping permanent upstream error: https://prehraj.to/twisted-2026-cz-titulky/da9f4546256d2eec (permanent=True)
[05:34:52] film cr_film_id=36992 all candidates exhausted
[05:34:52] iteration 19/20
[05:34:52] film cr_film_id=10094 name='The Strangers: Chapter 3 (2026) CZ Titulky' candidates=11
[05:34:52]   candidate upload_id=c6a2b19880a065c3 url=https://prehraj.to/the-strangers-chapter-3-2026-1080p-mkv/c6a2b19880a065c3
[05:34:58]   resolved in 5.9s → 720p (https://pf-storage3.premiumcdn.net/166952117/MepfY6umbF4JHy0T6PUz0uZmu7qI1QFMQsE…)
[05:35:32]   downloaded 1,158.8 MB in 33.0s (35.1 MB/s)
[05:36:23]   upload done video_id=26034231 in 51.0s
[05:36:24] film cr_film_id=10094 OK in 92.0s
[05:36:24] iteration 20/20
[05:36:24] film cr_film_id=16506 name='The Mortuary Assistant (2026) CZ Titulky' candidates=6
[05:36:24]   candidate upload_id=2352ebb6606f19c0 url=https://prehraj.to/the-mortuary-assistant-2026-1080p-webrip-x264-aac5-1-yts-bz-mp4/2352ebb6606f19c0
[05:36:25]   resolved in 0.9s → 720p (https://pf-storage5.premiumcdn.net/167852068/Dm6SqaFdrTKOcNZIrNH1rFy4h2oSVjcB3sN…)
[05:36:54]   downloaded 1,024.7 MB in 28.3s (36.2 MB/s)
[05:37:31]   upload done video_id=26034252 in 36.8s
[05:37:32] film cr_film_id=16506 OK in 68.0s
[05:37:32] batch-end ok=18 failed=2 dur=1248.7s avg/film=69.4s remaining=9458 eta_hours=182.3

===== run 2026-06-17T06:10:14Z shard=0/2 batch_size=20 (https://github.com/Olbrasoft/prehrajto-to-prehrajto/actions/runs/27669493070) =====
[06:10:14] batch-start shard=0/2 count=20 backlog=10210 uploads=752 failed_attempts=21 description_overrides=0
[06:10:14] login
[06:10:16] login done
[06:10:16] iteration 1/20
[06:10:16] film cr_film_id=28836 name='The Moment (2026) CZ Titulky' candidates=1
[06:10:16]   candidate upload_id=df3a6689932dfe7f url=https://prehraj.to/the-moment-2026-cz-titulky/df3a6689932dfe7f
[06:10:17]   resolved in 0.9s → 1080p (https://pf-storage3.premiumcdn.net/166691762/kROuEbSJetbKHzXH19iVJSjvtaxtl7IEVcR…)
[06:11:57]   downloaded 3,003.8 MB in 98.9s (30.4 MB/s)
[06:13:51]   upload done video_id=26034549 in 114.0s
[06:13:52] film cr_film_id=28836 OK in 216.6s
[06:13:52] iteration 2/20
[06:13:52] film cr_film_id=28368 name='The Cure (2026) CZ Titulky' candidates=4
[06:13:52]   candidate upload_id=09125a73cae01974 url=https://prehraj.to/the-cure-2026-1080p-cz-titulky-mp4/09125a73cae01974
[06:13:53]   resolved in 1.0s → 720p (https://pf-storage4.premiumcdn.net/167471228/5ZPFOks7ETG1CpxTWGhBJsYGFDGtPnTm2iP…)
[06:14:25]   downloaded 1,091.4 MB in 30.6s (35.7 MB/s)
[06:15:04]   upload done video_id=26034565 in 38.4s
[06:15:05] film cr_film_id=28368 OK in 72.8s
[06:15:05] iteration 3/20
[06:15:05] film cr_film_id=2470 name='SOS (2026) CZ Titulky' candidates=5
[06:15:05]   candidate upload_id=0c5aa2bb1f3ab2aa url=https://prehraj.to/send-help-2026-1080p/0c5aa2bb1f3ab2aa
[06:15:06]   resolve FAILED: HTTP 502 wrapping permanent upstream error: https://prehraj.to/send-help-2026-1080p/0c5aa2bb1f3ab2aa (permanent=True)
[06:15:06]   candidate upload_id=f948990350b6e1a3 url=https://prehraj.to/sos-2026-1080p/f948990350b6e1a3
[06:15:11]   resolve FAILED: HTTP 502 wrapping permanent upstream error: https://prehraj.to/sos-2026-1080p/f948990350b6e1a3 (permanent=True)
[06:15:11]   candidate upload_id=6e4e726e659229fd url=https://prehraj.to/s-o-s-2026-hd-cz-titulky/6e4e726e659229fd
[06:15:17]   resolved in 5.8s → 720p (https://pf-storage4.premiumcdn.net/168997051/vVKi7XcjzIJWugVcvmU4EcEKT0Kt8GiVvHA…)
[06:16:22]   downloaded 2,375.1 MB in 63.3s (37.5 MB/s)
[06:18:07]   upload done video_id=26034575 in 104.5s
[06:18:08] film cr_film_id=2470 OK in 182.6s
[06:18:08] iteration 4/20
[06:18:08] film cr_film_id=15292 name='Psycho Killer (2026) CZ Titulky' candidates=6
[06:18:08]   candidate upload_id=405db425d2cb65da url=https://prehraj.to/psycho-killer-2026-cz-titulky-2160p-mkv/405db425d2cb65da
[06:18:09]   resolved in 1.0s → 1080p (https://pf-storage5.premiumcdn.net/168521053/DdXcKOTQXi3GTq2uaLiK3T6JSKXS9OCxZU0…)
[06:18:46]   downloaded 1,300.6 MB in 36.2s (35.9 MB/s)
[06:19:30]   upload done video_id=26034591 in 43.8s
[06:19:31] film cr_film_id=15292 OK in 83.3s
[06:19:31] iteration 5/20
[06:19:31] film cr_film_id=37294 name='Normal (2026) CZ Titulky' candidates=4
[06:19:31]   candidate upload_id=cef79c2d5d6e2873 url=https://prehraj.to/normal-2025-cz-tit-mkv/cef79c2d5d6e2873
[06:19:32]   resolve FAILED: HTTP 502 wrapping permanent upstream error: https://prehraj.to/normal-2025-cz-tit-mkv/cef79c2d5d6e2873 (permanent=True)
[06:19:32]   candidate upload_id=8b7c056eb3500cd3 url=https://prehraj.to/wie-man-normal-web-dl-cz-de-2025-1080p/8b7c056eb3500cd3
[06:19:37]   resolved in 5.7s → 1080p (https://pf-storage5.premiumcdn.net/167732815/N8LtjviGAh7lUbyfydFOnik4cA8FlXIdoh6…)
[06:20:48]   downloaded 2,025.1 MB in 69.5s (29.1 MB/s)
[06:22:00]   upload done video_id=26034610 in 72.2s
[06:22:01] film cr_film_id=37294 OK in 150.4s
[06:22:01] iteration 6/20
[06:22:01] film cr_film_id=17014 name='Mrknutím oka (2026) CZ Titulky' candidates=10
[06:22:01]   candidate upload_id=7546ffbb8c1326f4 url=https://prehraj.to/mrknutim-oka-2026-sci-fi-drama-usa-cztit-1080p-mkv-mp4/7546ffbb8c1326f4
[06:22:02]   resolved in 1.0s → 1080p (https://pf-storage3.premiumcdn.net/168017401/MBDf16TBbck4cQ7C1xHpwTwLsxpCEqS27sZ…)
[06:23:04]   downloaded 2,272.3 MB in 61.0s (37.3 MB/s)
[06:24:48]   upload done video_id=26034629 in 104.1s
[06:24:50] film cr_film_id=17014 OK in 168.2s
[06:24:50] iteration 7/20
[06:24:50] film cr_film_id=5298 name='Mike a Nick a Nick a Alice (2026) CZ Titulky' candidates=2
[06:24:50]   candidate upload_id=94979db3d3a51c54 url=https://prehraj.to/mike-a-nick-a-nick-a-alice-2026-akcni-komedie-usa-cztit-1080p/94979db3d3a51c54
[06:24:50]   resolve FAILED: HTTP 502 wrapping permanent upstream error: https://prehraj.to/mike-a-nick-a-nick-a-alice-2026-akcni-komedie-usa-cztit-1080p/94979db3d3a51c54 (permanent=True)
[06:24:50]   candidate upload_id=b57a3f82935cba5c url=https://prehraj.to/mike-a-nick-a-nick-a-alice-2026-akcni-komedie-usa-cztit-1080p/b57a3f82935cba5c
[06:24:56]   resolve FAILED: HTTP 502 wrapping permanent upstream error: https://prehraj.to/mike-a-nick-a-nick-a-alice-2026-akcni-komedie-usa-cztit-1080p/b57a3f82935cba5c (permanent=True)
[06:24:56] film cr_film_id=5298 all candidates exhausted
[06:24:56] iteration 8/20
[06:24:56] film cr_film_id=37216 name='El Susurro (2026) CZ Titulky' candidates=2
[06:24:56]   candidate upload_id=4ae9295334eba7bd url=https://prehraj.to/el-susurro-2025-1080p-webrip-x264-aac5-1-yts-bz-mp4/4ae9295334eba7bd
[06:25:01]   resolved in 5.8s → 720p (https://pf-storage6.premiumcdn.net/171040517/v3qc5yfmzF3PfnBt4aflYfkvCqKSJDcoxsp…)
[06:25:43]   downloaded 1,401.3 MB in 40.5s (34.6 MB/s)
[06:26:48]   upload done video_id=26034648 in 64.6s
[06:26:49] film cr_film_id=37216 OK in 113.0s
[06:26:49] iteration 9/20
[06:26:49] film cr_film_id=16406 name='Dva neznámí z parku (2026) CZ Titulky' candidates=1
[06:26:49]   candidate upload_id=11d0e200cafce44b url=https://prehraj.to/dva-neznami-z-parku-2026-cz-titulky-1080p/11d0e200cafce44b
[06:26:49]   resolved in 0.9s → 1080p (https://pf-storage3.premiumcdn.net/167401070/a8Gij5SEmTpGFPnTv3HWMSqNInlsmptWpSO…)
[06:27:55]   downloaded 2,382.9 MB in 64.6s (36.9 MB/s)
[06:29:15]   upload done video_id=26034672 in 79.8s
[06:29:16] film cr_film_id=16406 OK in 147.5s
[06:29:16] iteration 10/20
[06:29:16] film cr_film_id=37290 name='Dhurandhar: The Revenge (2026) CZ Titulky' candidates=2
[06:29:16]   candidate upload_id=b3e7754719e42d25 url=https://prehraj.to/dhurandhar-the-revenge-2026-cztitai-kinorip-mkv/b3e7754719e42d25
[06:29:17]   resolved in 0.9s → 720p (https://pf-storage6.premiumcdn.net/171219524/1E0fGbTRDt5WcYMToVUmOT2YCm1ul4I8Xi8…)
[06:30:53]   downloaded 3,436.7 MB in 94.6s (36.3 MB/s)
[06:33:58]   upload done video_id=26034694 in 185.3s
[06:33:59] film cr_film_id=37290 OK in 283.2s
[06:33:59] iteration 11/20
[06:33:59] film cr_film_id=37024 name='Detox od plastů (2026) CZ Titulky' candidates=1
[06:33:59]   candidate upload_id=642ef12af21ab48d url=https://prehraj.to/detox-od-plastu-cz-titulky/642ef12af21ab48d
[06:34:01]   resolved in 1.7s → 720p (https://pf-storage5.premiumcdn.net/168907315/lX4cvASQ7IxWUeRc3LH6VSAnFQYHrzcxOiN…)
[06:34:40]   downloaded 1,327.3 MB in 37.9s (35.0 MB/s)
[06:35:26]   upload done video_id=26034726 in 45.8s
[06:35:27] film cr_film_id=37024 OK in 88.0s
[06:35:27] iteration 12/20
[06:35:27] film cr_film_id=16600 name='Capture (2026) CZ Titulky' candidates=4
[06:35:27]   candidate upload_id=4fc4eb4a88527ad6 url=https://prehraj.to/capture-2026-1080p-webrip-x264-aac5-1-yts-bz-mp4/4fc4eb4a88527ad6
[06:35:28]   resolved in 1.0s → 720p (https://pf-storage5.premiumcdn.net/168552055/PMzs5GcnMu3Gcd2TmeI06cr3u90sQmC0Zsb…)
[06:35:58]   downloaded 1,033.1 MB in 28.3s (36.5 MB/s)
[06:37:02]   upload done video_id=26034741 in 64.4s
[06:37:03] film cr_film_id=16600 OK in 95.9s
[06:37:03] iteration 13/20
[06:37:03] film cr_film_id=31786 name='Bone Keeper (2026) CZ Titulky' candidates=10
[06:37:03]   candidate upload_id=3e7dd8afd078b75d url=https://prehraj.to/bone-keeper-2026-hd-translate-cz-tit-mp4/3e7dd8afd078b75d
[06:37:04]   resolved in 1.0s → 720p (https://pf-storage6.premiumcdn.net/169598863/zAnF7vf6qT7kTPrsoNtq6fVBtDrUj4SJocz…)
[06:37:46]   downloaded 1,502.9 MB in 40.9s (36.7 MB/s)
[06:38:58]   upload done video_id=26034756 in 72.3s
[06:39:00] film cr_film_id=31786 OK in 116.3s
[06:39:00] iteration 14/20
[06:39:00] film cr_film_id=36966 name='Ballistic (2026) CZ Titulky' candidates=5
[06:39:00]   candidate upload_id=28fb03b5a3c676e3 url=https://prehraj.to/ballistic-2026-cztit-1080p/28fb03b5a3c676e3
[06:39:01]   resolved in 1.1s → 720p (https://pf-storage6.premiumcdn.net/169581367/e6WuMPfAWckDUjZSwYFXbf6OtOPHdyimli5…)
[06:39:32]   downloaded 1,050.3 MB in 30.3s (34.7 MB/s)
[06:40:11]   upload done video_id=26034776 in 39.5s
[06:40:13] film cr_film_id=36966 OK in 73.0s
[06:40:13] iteration 15/20
[06:40:13] film cr_film_id=35724 name='Zatracení (2025) CZ Titulky' candidates=1
[06:40:13]   candidate upload_id=6798d2c6eed3d url=https://prehraj.to/the-damned-2024-cz-titulky-1080p/6798d2c6eed3d
[06:40:13]   resolved in 0.8s → 1080p (https://pf-storage5.premiumcdn.net/128405369/kGMiEQFxpSNOckWSmRcr6FEjsPKsAkiGMHw…)
[06:40:58]   downloaded 1,587.9 MB in 43.3s (36.7 MB/s)
[06:41:59]   upload done video_id=26034788 in 61.2s
[06:42:00] film cr_film_id=35724 OK in 107.4s
[06:42:00] iteration 16/20
[06:42:00] film cr_film_id=15680 name='What We Hide (2025) CZ Titulky' candidates=1
[06:42:00]   candidate upload_id=f941c79f1e30ee3d url=https://prehraj.to/what-we-hide-2025-cz-titulky/f941c79f1e30ee3d
[06:42:01]   resolved in 0.8s → 720p (https://pf-storage3.premiumcdn.net/160800911/GVjSdEcngFwKHbyuB2c3WcvbtRyug9IJeF0…)
[06:42:37]   downloaded 1,208.0 MB in 34.9s (34.6 MB/s)
[06:43:33]   upload done video_id=26034806 in 56.3s
[06:43:34] film cr_film_id=15680 OK in 94.2s
[06:43:34] iteration 17/20
[06:43:34] film cr_film_id=28402 name='War 2 (2025) CZ Titulky' candidates=1
[06:43:34]   candidate upload_id=14faedd5e638f281 url=https://prehraj.to/war-2-2025-cz-titulky-1080p-mkv/14faedd5e638f281
[06:43:35]   resolved in 1.0s → 1080p (https://pf-storage1.premiumcdn.net/155343650/MqGirlIVafyEsEofjwh5OI9yhj3HewU57Tm…)
[06:45:36]   downloaded 4,461.5 MB in 119.2s (37.4 MB/s)
[06:48:53]   upload done video_id=26034838 in 197.5s
[06:48:54] film cr_film_id=28402 OK in 320.2s
[06:48:54] iteration 18/20
[06:48:54] film cr_film_id=31424 name='Violent Ends (2025) CZ Titulky' candidates=2
[06:48:54]   candidate upload_id=93c185b5dee66b2c url=https://prehraj.to/violent-ends-2025-hd-cz-tit-mp4/93c185b5dee66b2c
[06:48:55]   resolved in 1.0s → 720p (https://pf-storage1.premiumcdn.net/155733293/ZY2tw0sAkIwjh31UGZH32s0QHJrUdZI4Gty…)
[06:50:05]   downloaded 1,932.1 MB in 68.4s (28.2 MB/s)
[06:51:29]   upload done video_id=26034888 in 84.3s
[06:51:31] film cr_film_id=31424 OK in 156.2s
[06:51:31] iteration 19/20
[06:51:31] film cr_film_id=16344 name='Vinci 2 (2025) CZ Titulky' candidates=6
[06:51:31]   candidate upload_id=676f306367d973ef url=https://prehraj.to/vinci-2-2025-cztit-1080p/676f306367d973ef
[06:51:32]   resolved in 1.2s → 1080p (https://pf-storage1.premiumcdn.net/162168926/RJdHd8crGueyfNJSKLs6Vc7DhXDSJpca1fn…)
[06:52:29]   downloaded 2,067.5 MB in 56.2s (36.8 MB/s)
[06:54:07]   upload done video_id=26034910 in 97.6s
[06:54:08] film cr_film_id=16344 OK in 157.6s
[06:54:08] iteration 20/20
[06:54:08] film cr_film_id=28622 name='Vieja loca (2025) CZ Titulky' candidates=1
[06:54:08]   candidate upload_id=2908be2b7121f3cb url=https://prehraj.to/crazy-old-lady-2025-1080p-horor-cz-titulky-mp4/2908be2b7121f3cb
[06:54:09]   resolved in 1.0s → 720p (https://pf-storage3.premiumcdn.net/166167197/NnzuaYS2xSkOfGKiAkty5S7zsgKT6es6bsE…)
[06:54:54]   downloaded 1,190.8 MB in 43.0s (27.7 MB/s)
[06:55:44]   upload done video_id=26034941 in 50.6s
[06:55:45] film cr_film_id=28622 OK in 97.0s
[06:55:45] batch-end ok=19 failed=1 dur=2729.5s avg/film=143.7s remaining=9439 eta_hours=376.8

===== run 2026-06-17T06:56:14Z shard=0/2 batch_size=20 (https://github.com/Olbrasoft/prehrajto-to-prehrajto/actions/runs/27671438768) =====
[06:56:15] batch-start shard=0/2 count=20 backlog=10210 uploads=771 failed_attempts=26 description_overrides=0
[06:56:15] login
[06:56:17] login done
[06:56:17] iteration 1/20
[06:56:17] film cr_film_id=28862 name='Undertone (2025) CZ Titulky' candidates=12
[06:56:17]   candidate upload_id=0a1c5e76b4e23fe2 url=https://prehraj.to/undertone-2026-1080p-cz-titulky-novinka-horor-mp4/0a1c5e76b4e23fe2
[06:56:17]   resolve FAILED: HTTP 502 wrapping permanent upstream error: https://prehraj.to/undertone-2026-1080p-cz-titulky-novinka-horor-mp4/0a1c5e76b4e23fe2 (permanent=True)
[06:56:17]   candidate upload_id=c673d225198c8513 url=https://prehraj.to/undertone-2026-1080p-cz-titulky-novinka-horor-mp4/c673d225198c8513
[06:56:23]   resolve FAILED: HTTP 502 wrapping permanent upstream error: https://prehraj.to/undertone-2026-1080p-cz-titulky-novinka-horor-mp4/c673d225198c8513 (permanent=True)
[06:56:23]   candidate upload_id=7ccf2f6f62ad6a18 url=https://prehraj.to/undertone-2026-1080p-cz-titulky-novinka-horor/7ccf2f6f62ad6a18
[06:56:28]   resolve FAILED: HTTP 502 wrapping permanent upstream error: https://prehraj.to/undertone-2026-1080p-cz-titulky-novinka-horor/7ccf2f6f62ad6a18 (permanent=True)
[06:56:28]   candidate upload_id=7c1bc9f9763d4048 url=https://prehraj.to/undertone-mp4-mp4-2026-cz-titulky/7c1bc9f9763d4048
[06:56:34]   resolve FAILED: HTTP 502 wrapping permanent upstream error: https://prehraj.to/undertone-mp4-mp4-2026-cz-titulky/7c1bc9f9763d4048 (permanent=True)
[06:56:34]   candidate upload_id=ab1c613f61aea7c1 url=https://prehraj.to/undertone-2026-cz-titulky-mp4/ab1c613f61aea7c1
[06:56:44]   resolve FAILED: HTTP 502 wrapping permanent upstream error: https://prehraj.to/undertone-2026-cz-titulky-mp4/ab1c613f61aea7c1 (permanent=True)
[06:56:44]   candidate upload_id=da93ddfdea5fa62e url=https://prehraj.to/undertone-2026-cz-titulky-mp4/da93ddfdea5fa62e
[06:56:49]   resolve FAILED: HTTP 502 wrapping permanent upstream error: https://prehraj.to/undertone-2026-cz-titulky-mp4/da93ddfdea5fa62e (permanent=True)
[06:56:49]   candidate upload_id=dfd051b64f89f6da url=https://prehraj.to/undertone-2026-1080p-amzn-web-dl-ddp5-1-h-264-kyogo-mkv/dfd051b64f89f6da
[06:56:55]   resolve FAILED: HTTP 502 wrapping permanent upstream error: https://prehraj.to/undertone-2026-1080p-amzn-web-dl-ddp5-1-h-264-kyogo-mkv/dfd051b64f89f6da (permanent=True)
[06:56:55]   candidate upload_id=0b5073b2aae6ebcb url=https://prehraj.to/undertone-2026-cz-titulky/0b5073b2aae6ebcb
[06:57:00]   resolve FAILED: HTTP 502 wrapping permanent upstream error: https://prehraj.to/undertone-2026-cz-titulky/0b5073b2aae6ebcb (permanent=True)
[06:57:00]   candidate upload_id=9aead90ad5fb2005 url=https://prehraj.to/undertone-2026-1080p-amzn-web-dl-ddp5-1-h-264-titulky-cz-mkv/9aead90ad5fb2005
[06:57:06]   resolve FAILED: HTTP 502 wrapping permanent upstream error: https://prehraj.to/undertone-2026-1080p-amzn-web-dl-ddp5-1-h-264-titulky-cz-mkv/9aead90ad5fb2005 (permanent=True)
[06:57:06]   candidate upload_id=dcdfbaf1e2ed776f url=https://prehraj.to/undertone-2026-1080p-amzn-web-dl-ddp5-1-h-264-titulky-cz-mkv/dcdfbaf1e2ed776f
[06:57:11]   resolve FAILED: HTTP 502 wrapping permanent upstream error: https://prehraj.to/undertone-2026-1080p-amzn-web-dl-ddp5-1-h-264-titulky-cz-mkv/dcdfbaf1e2ed776f (permanent=True)
[06:57:11]   candidate upload_id=cc8266fcf6c68dc9 url=https://prehraj.to/undertone-2026-1080p-amzn-web-dl-ddp5-1-h-264-titulky-cz-mkv/cc8266fcf6c68dc9
[06:57:17]   resolve FAILED: HTTP 502 wrapping permanent upstream error: https://prehraj.to/undertone-2026-1080p-amzn-web-dl-ddp5-1-h-264-titulky-cz-mkv/cc8266fcf6c68dc9 (permanent=True)
[06:57:17]   candidate upload_id=c4eb519af8d2ec74 url=https://prehraj.to/gq1ouvw5kzxj0b25lidiwmjy/c4eb519af8d2ec74
[06:57:23]   resolve FAILED: HTTP 502 wrapping permanent upstream error: https://prehraj.to/gq1ouvw5kzxj0b25lidiwmjy/c4eb519af8d2ec74 (permanent=True)
[06:57:23] film cr_film_id=28862 all candidates exhausted
[06:57:23] iteration 2/20
[06:57:23] film cr_film_id=9296 name='Turbulence (2025) CZ Titulky' candidates=2
[06:57:23]   candidate upload_id=cf938be31ba0b8f5 url=https://prehraj.to/turbulence-2025-1080p-web-dl-ddp5-1-h-264-cz-tit-mkv/cf938be31ba0b8f5
[06:57:29]   resolved in 6.0s → 720p (https://pf-storage5.premiumcdn.net/160340402/AWkIN7coLtPoT05SEKFBpcVgs6jhqrsY7hR…)
[06:58:47]   downloaded 1,974.2 MB in 76.8s (25.7 MB/s)
[07:01:01]   upload done video_id=26034971 in 133.7s
[07:01:03] film cr_film_id=9296 OK in 219.9s
[07:01:03] iteration 3/20
[07:01:03] film cr_film_id=20362 name='Together (2025) CZ Titulky' candidates=3
[07:01:03]   candidate upload_id=68e81a1288191 url=https://prehraj.to/together-2025-1080p-cz-titulky-webrip/68e81a1288191
[07:01:04]   resolved in 1.3s → 720p (https://pf-storage4.premiumcdn.net/150658200/JK7H6zTVrh6oUe2Hz0sAOTpKiqXcdkIOphY…)
[07:01:55]   downloaded 1,269.3 MB in 49.7s (25.5 MB/s)
[07:03:01]   upload done video_id=26034996 in 65.2s
[07:03:02] film cr_film_id=20362 OK in 119.5s
[07:03:02] iteration 4/20
[07:03:02] film cr_film_id=16398 name='Tichá noc, krvavá noc (2025) CZ Titulky' candidates=5
[07:03:02]   candidate upload_id=719b641fa113b28a url=https://prehraj.to/silent-night-deadly-night-2025-1080p-cz-titulky-mp4/719b641fa113b28a
[07:03:03]   resolve FAILED: HTTP 502 wrapping permanent upstream error: https://prehraj.to/silent-night-deadly-night-2025-1080p-cz-titulky-mp4/719b641fa113b28a (permanent=True)
[07:03:03]   candidate upload_id=4cdc4f6848110e2a url=https://prehraj.to/silent-night-deadly-night-2025-cz-sk-titulky-topkvalita-mp4/4cdc4f6848110e2a
[07:03:09]   resolve FAILED: HTTP 502 wrapping permanent upstream error: https://prehraj.to/silent-night-deadly-night-2025-cz-sk-titulky-topkvalita-mp4/4cdc4f6848110e2a (permanent=True)
[07:03:09]   candidate upload_id=aaf681f5c03cdec4 url=https://prehraj.to/silent-night-deadly-night-2025-cz-sk-titulky-topkvalita-mkv-mp4/aaf681f5c03cdec4
[07:03:14]   resolve FAILED: HTTP 502 wrapping permanent upstream error: https://prehraj.to/silent-night-deadly-night-2025-cz-sk-titulky-topkvalita-mkv-mp4/aaf681f5c03cdec4 (permanent=True)
[07:03:14]   candidate upload_id=91694cb5134ba890 url=https://prehraj.to/silent-night-deadly-night-2025-titulky-cz-sk-mp4/91694cb5134ba890
[07:03:20]   resolve FAILED: HTTP 502 wrapping permanent upstream error: https://prehraj.to/silent-night-deadly-night-2025-titulky-cz-sk-mp4/91694cb5134ba890 (permanent=True)
[07:03:20]   candidate upload_id=0a232080495d7b54 url=https://prehraj.to/silent-night-deadly-night-2025-titulky-cz-sk-mkv-mp4/0a232080495d7b54
[07:03:26]   resolve FAILED: HTTP 502 wrapping permanent upstream error: https://prehraj.to/silent-night-deadly-night-2025-titulky-cz-sk-mkv-mp4/0a232080495d7b54 (permanent=True)
[07:03:26] film cr_film_id=16398 all candidates exhausted
[07:03:26] iteration 5/20
[07:03:26] film cr_film_id=15874 name='The Wrecker (2025) CZ Titulky' candidates=4
[07:03:26]   candidate upload_id=4b51cef5ab5783bf url=https://prehraj.to/the-wrecker-2025-cztit-v-obraze-1080p/4b51cef5ab5783bf
[07:03:32]   resolved in 6.0s → 1080p (https://pf-storage5.premiumcdn.net/164234801/MxEuMeigbTx3fmXsNBuYkiqksojuePTgyf2…)
[07:04:55]   downloaded 1,685.2 MB in 81.2s (20.8 MB/s)
[07:06:39]   upload done video_id=26035014 in 104.5s
[07:06:41] film cr_film_id=15874 OK in 195.2s
[07:06:41] iteration 6/20
[07:06:41] film cr_film_id=16276 name='The Wedding Banquet (2025) CZ Titulky' candidates=8
[07:06:41]   candidate upload_id=687bffe477d00 url=https://prehraj.to/the-wedding-banquet-2025-cz-titulky/687bffe477d00
[07:06:42]   resolved in 1.4s → 1080p (https://pf-storage5.premiumcdn.net/141810077/70OH7qFlJHaAHVzsLehoeFBkHNLIWXcv8UE…)
[07:08:13]   downloaded 1,838.9 MB in 88.5s (20.8 MB/s)
[07:09:45]   upload done video_id=26035044 in 92.0s
[07:09:47] film cr_film_id=16276 OK in 185.8s
[07:09:47] iteration 7/20
[07:09:47] film cr_film_id=16342 name='The Surrender (2025) CZ Titulky' candidates=1
[07:09:47]   candidate upload_id=685de0baa071c url=https://prehraj.to/the-surrender-2025-cz-titulky/685de0baa071c
[07:09:49]   resolved in 2.0s → 720p (https://pf-storage5.premiumcdn.net/140773223/ZjOHOocleTeEFoLSPMcvWcpLfkpIVRhnqCb…)
[07:10:36]   downloaded 905.8 MB in 45.3s (20.0 MB/s)
[07:11:22]   upload done video_id=26035067 in 46.1s
[07:11:24] film cr_film_id=16342 OK in 97.1s
[07:11:24] iteration 8/20
[07:11:24] film cr_film_id=16318 name='The Plague (2025) CZ Titulky' candidates=1
[07:11:24]   candidate upload_id=5b6fb829b0f247b1 url=https://prehraj.to/the-plague-2025-cz-titulky/5b6fb829b0f247b1
[07:11:25]   resolved in 1.2s → 720p (https://pf-storage4.premiumcdn.net/167316191/Y6rFP8s9EhedHBjUJNuWgsz5TopCgeCP9Tk…)
[07:13:04]   downloaded 2,011.6 MB in 97.4s (20.7 MB/s)
[07:14:51]   upload done video_id=26035090 in 106.2s
[07:14:52] film cr_film_id=16318 OK in 208.5s
[07:14:52] iteration 9/20
[07:14:52] film cr_film_id=9302 name='The Other (2025) CZ Titulky' candidates=6
[07:14:52]   candidate upload_id=68ab34375c7a4 url=https://prehraj.to/the-other-2025-1080p-cz-tit/68ab34375c7a4
[07:14:54]   resolved in 1.3s → 720p (https://pf-storage1.premiumcdn.net/144429318/30RFVJhrZF63SBDsqRUDGh2ocN3TnAcVkfY…)
[07:15:55]   downloaded 1,225.3 MB in 59.7s (20.5 MB/s)
[07:16:56]   upload done video_id=26035123 in 60.4s
[07:16:57] film cr_film_id=9302 OK in 125.2s
[07:16:57] iteration 10/20
[07:16:57] film cr_film_id=17180 name='The Occupant (2025) CZ Titulky' candidates=3
[07:16:57]   candidate upload_id=689a26d10fb30 url=https://prehraj.to/the-occupant-2025-cz-titulky-1080p/689a26d10fb30
[07:17:00]   resolved in 2.1s → 720p (https://pf-storage3.premiumcdn.net/143465690/XMPt7aFWjH83hNVSGOhL4FrnHWPiXPiwmUa…)
[07:18:09]   downloaded 1,746.9 MB in 68.0s (25.7 MB/s)
[07:19:51]   upload done video_id=26035151 in 101.5s
[07:19:55] film cr_film_id=17180 OK in 177.3s
[07:19:55] iteration 11/20
[07:19:55] film cr_film_id=36958 name='The Monster Beneath Us (2025) CZ Titulky' candidates=3
[07:19:55]   candidate upload_id=67b9189ca0581 url=https://prehraj.to/the-monster-beneath-us-cz-titulky/67b9189ca0581
[07:19:56]   resolved in 1.1s → 720p (https://pf-storage5.premiumcdn.net/130378331/O3ztO6TXrUkDfG1UblSWlTpnI2GsOGCP1SR…)
[07:20:40]   downloaded 870.3 MB in 42.8s (20.3 MB/s)
[07:21:38]   upload done video_id=26035183 in 57.2s
[07:21:39] film cr_film_id=36958 OK in 104.3s
[07:21:39] iteration 12/20
[07:21:39] film cr_film_id=16248 name='The Choral (2025) CZ Titulky' candidates=10
[07:21:39]   candidate upload_id=b019376553e5234c url=https://prehraj.to/the-choral-2025-cz-titulky-1080p-mkv/b019376553e5234c
[07:21:40]   resolved in 1.2s → 720p (https://pf-storage1.premiumcdn.net/162859130/PjmioAuqMTrPHn8IJ6UkBuWvtB5CnXCbJCV…)
[07:22:47]   downloaded 1,337.4 MB in 64.7s (20.7 MB/s)
[07:23:55]   upload done video_id=26035213 in 67.7s
[07:23:56] film cr_film_id=16248 OK in 137.2s
[07:23:56] iteration 13/20
[07:23:56] film cr_film_id=16084 name='The Bayou (2025) CZ Titulky' candidates=9
[07:23:56]   candidate upload_id=687d24d0ebb38 url=https://prehraj.to/asylum-mkv-the-bayou-2025-720p-webrip-yts-mx-cz-tit/687d24d0ebb38
[07:23:58]   resolved in 1.3s → 480p (https://pf-storage3.premiumcdn.net/141860840/zaZu1KcQmUMku7Xi8GHoycYxtPACkdieEHD…)
[07:24:34]   downloaded 839.4 MB in 34.1s (24.6 MB/s)
[07:25:44]   upload done video_id=26035237 in 70.0s
[07:25:46] film cr_film_id=16084 OK in 109.3s
[07:25:46] iteration 14/20
[07:25:46] film cr_film_id=31500 name='The Baltimorons (2025) CZ Titulky' candidates=1
[07:25:46]   candidate upload_id=68e94687ce40f url=https://prehraj.to/the-baltimorons-2025-hd-cz-tit-mp4/68e94687ce40f
[07:25:47]   resolved in 1.2s → 720p (https://pf-storage4.premiumcdn.net/150773571/WZoIa4T4nte8twJu1JUX2TpoCq4UMWC4osm…)
[07:27:01]   downloaded 1,845.2 MB in 72.1s (25.6 MB/s)
[07:28:41]   upload done video_id=26035271 in 99.7s
[07:28:42] film cr_film_id=31500 OK in 176.5s
[07:28:42] iteration 15/20
[07:28:42] film cr_film_id=16486 name='TOHLE JSOU KHUMALOVI (2025) CZ Titulky' candidates=5
[07:28:42]   candidate upload_id=681ab5022d58f url=https://prehraj.to/tohle-jsou-khumalovi-2025-cz-titulky-1080p/681ab5022d58f
[07:28:43]   resolved in 1.3s → 720p (https://pf-storage3.premiumcdn.net/137397767/5K3HD2UPGfWxiowSnPTG5U8NT63FQgi5Vcp…)
[07:30:02]   downloaded 1,607.8 MB in 77.1s (20.9 MB/s)
[07:31:27]   upload done video_id=26035309 in 84.8s
[07:31:29] film cr_film_id=16486 OK in 166.8s
[07:31:29] iteration 16/20
[07:31:29] film cr_film_id=36982 name='Svatba bez konce (2025) CZ Titulky' candidates=1
[07:31:29]   candidate upload_id=68445a140b4d3 url=https://prehraj.to/svatba-bez-konce-2025-cz-titulky/68445a140b4d3
[07:31:30]   resolved in 1.1s → 720p (https://pf-storage5.premiumcdn.net/139398257/nyEcvpHyeSRGi3KiBVHJRHeos0lC6lSjDFL…)
[07:32:44]   downloaded 1,464.0 MB in 72.6s (20.2 MB/s)
[07:34:04]   upload done video_id=26035342 in 80.1s
[07:34:06] film cr_film_id=36982 OK in 156.9s
[07:34:06] iteration 17/20
[07:34:06] film cr_film_id=31784 name='Stezka života (2025) CZ Titulky' candidates=6
[07:34:06]   candidate upload_id=68b960e995864 url=https://prehraj.to/stezka-zivota-2024-cz-titulky-1080p/68b960e995864
[07:34:07]   resolved in 1.2s → 720p (https://pf-storage4.premiumcdn.net/145401939/D3KiMZUZ7ikJudBtlaT45Ul1sVQc9dT86UV…)
[07:35:25]   downloaded 1,949.7 MB in 76.8s (25.4 MB/s)
[07:37:12]   upload done video_id=26035374 in 106.6s
[07:37:14] film cr_film_id=31784 OK in 187.8s
[07:37:14] iteration 18/20
[07:37:14] film cr_film_id=16464 name='Stalker (2025) CZ Titulky' candidates=5
[07:37:14]   candidate upload_id=6790fff3ac106 url=https://prehraj.to/stalker-shadow-of-the-zone-2024-cz-titulky-1080p-mp4/6790fff3ac106
[07:37:15]   resolved in 1.2s → 1080p (https://pf-storage5.premiumcdn.net/127974530/DwxiMZH35TdVSPdFB1HeMHvrCXYFQbI8MUX…)
[07:38:30]   downloaded 1,482.7 MB in 73.1s (20.3 MB/s)
[07:39:59]   upload done video_id=26035402 in 88.9s
[07:40:00] film cr_film_id=16464 OK in 166.8s
[07:40:00] iteration 19/20
[07:40:00] film cr_film_id=4434 name='Splitsville (2025) CZ Titulky' candidates=3
[07:40:00]   candidate upload_id=fb5e08321c376356 url=https://prehraj.to/splitsville-2025-1080p-cz-titulky-mkv/fb5e08321c376356
[07:40:02]   resolved in 1.3s → 720p (https://pf-storage4.premiumcdn.net/165034718/xPwil0fVWTXGtg7fN0iBmf5BClGh1OSy6F4…)
[07:40:48]   downloaded 1,115.0 MB in 44.3s (25.2 MB/s)
[07:41:42]   upload done video_id=26035421 in 53.9s
[07:41:44] film cr_film_id=4434 OK in 103.4s
[07:41:44] iteration 20/20
[07:41:44] film cr_film_id=37018 name='Safe House (2025) CZ Titulky' candidates=8
[07:41:44]   candidate upload_id=1989125e165ba758 url=https://prehraj.to/safe-house-2025-cz-titulky-2160p/1989125e165ba758
[07:41:45]   resolved in 1.3s → 1080p (https://pf-storage3.premiumcdn.net/165996368/v8ZtnNuvWSnQfQlCq7sljueACM9t19FYdC4…)
[07:44:07]   downloaded 3,673.4 MB in 140.2s (26.2 MB/s)
[07:46:59]   upload done video_id=26035458 in 172.0s
[07:47:00] film cr_film_id=37018 OK in 316.8s
[07:47:00] batch-end ok=18 failed=2 dur=3044.0s avg/film=169.1s remaining=9421 eta_hours=442.5

===== run 2026-06-17T07:48:18Z shard=0/2 batch_size=20 (https://github.com/Olbrasoft/prehrajto-to-prehrajto/actions/runs/27673930335) =====
[07:48:19] batch-start shard=0/2 count=20 backlog=10210 uploads=789 failed_attempts=43 description_overrides=0
[07:48:19] login
[07:48:21] login done
[07:48:21] iteration 1/20
[07:48:21] film cr_film_id=28764 name='Rumpelstiltskin (2025) CZ Titulky' candidates=1
[07:48:21]   candidate upload_id=dcd6619715a0f013 url=https://prehraj.to/rumpelstiltskin-2025-cztitulky/dcd6619715a0f013
[07:48:23]   resolved in 1.2s → 720p (https://pf-storage1.premiumcdn.net/162589199/Jnoia7IdDsMriG7SX4UVLIKGHNdCWDuQwsD…)
[07:48:57]   downloaded 581.8 MB in 32.5s (17.9 MB/s)
[07:49:33]   upload done video_id=26035489 in 36.2s
[07:49:35] film cr_film_id=28764 OK in 73.7s
[07:49:35] iteration 2/20
[07:49:35] film cr_film_id=7138 name='Pramen mládí (2025) CZ Titulky' candidates=3
[07:49:35]   candidate upload_id=68c241d68622d url=https://prehraj.to/pramen-mladi-2025-cz-titulky/68c241d68622d
[07:49:36]   resolved in 1.4s → 720p (https://pf-storage5.premiumcdn.net/146091138/xqyczrTnkSkgfo5Hw9t1aTrNSeEu4kiDxt1…)
[07:51:27]   downloaded 2,489.5 MB in 108.0s (23.1 MB/s)
[07:53:49]   upload done video_id=26035514 in 142.3s
[07:53:52] film cr_film_id=7138 OK in 256.6s
[07:53:52] iteration 3/20
[07:53:52] film cr_film_id=15970 name='Poslední Viking (2025) CZ Titulky' candidates=7
[07:53:52]   candidate upload_id=c46768e1efeba8cf url=https://prehraj.to/posledni-viking-2025-cz-titulky-mkv/c46768e1efeba8cf
[07:53:53]   resolved in 1.3s → 1080p (https://pf-storage4.premiumcdn.net/166275065/noGS1kfV8s4LIeoSrLUkYfdPCzmIkjhpYsW…)
[07:55:30]   downloaded 2,197.7 MB in 95.4s (23.0 MB/s)
[07:57:38]   upload done video_id=26035567 in 127.8s
[07:57:40] film cr_film_id=15970 OK in 228.3s
[07:57:40] iteration 4/20
[07:57:40] film cr_film_id=10326 name='Popeye the Slayer Man (2025) CZ Titulky' candidates=1
[07:57:40]   candidate upload_id=67f27c13e3774 url=https://prehraj.to/popeye-the-slayer-man-2025-cz-titulky/67f27c13e3774
[07:57:41]   resolved in 1.0s → 720p (https://pf-storage3.premiumcdn.net/134323127/774hWOH0dhwqtaDTLgf7QH0dIy9sb5i8kH1…)
[07:58:25]   downloaded 953.1 MB in 42.0s (22.7 MB/s)
[07:59:27]   upload done video_id=26035601 in 62.9s
[07:59:29] film cr_film_id=10326 OK in 109.1s
[07:59:29] iteration 5/20
[07:59:29] film cr_film_id=28666 name='Pillion (2025) CZ Titulky' candidates=6
[07:59:29]   candidate upload_id=e6720180bd97864f url=https://prehraj.to/pillion-2025-1080p-cz-titulky/e6720180bd97864f
[07:59:30]   resolved in 1.2s → 720p (https://pf-storage4.premiumcdn.net/165178679/P46iD1S4eu0ZfxLtR5uagS1zixnHXpCLZhJ…)
[08:00:16]   downloaded 931.9 MB in 44.2s (21.1 MB/s)
[08:01:10]   upload done video_id=26035624 in 53.2s
[08:01:11] film cr_film_id=28666 OK in 102.3s
[08:01:11] iteration 6/20
[08:01:11] film cr_film_id=31448 name='Nová vlna (2025) CZ Titulky' candidates=4
[08:01:11]   candidate upload_id=03ca909cfb061bda url=https://prehraj.to/nouvelle-vague-2025-fr-dabing-cz-titulky-2160p-hevc-mkv-mp4/03ca909cfb061bda
[08:01:13]   resolved in 1.4s → 1080p (https://pf-storage6.premiumcdn.net/169183984/lY4TjVHqWURpFAYUwdc3BHlgC7ESz4UKduD…)
[08:05:21]   downloaded 4,610.6 MB in 246.7s (18.7 MB/s)
[08:09:35]   upload done video_id=26035682 in 253.5s
[08:09:36] film cr_film_id=31448 OK in 505.0s
[08:09:36] iteration 7/20
[08:09:36] film cr_film_id=28800 name='Ne Zha 2 (2025) CZ Titulky' candidates=6
[08:09:36]   candidate upload_id=689cab1dbd1c3 url=https://prehraj.to/ne-zha-2-2025-cz-titulky-v-obraze-aac-5-1-1080p-hevc/689cab1dbd1c3
[08:09:38]   resolved in 1.2s → 720p (https://pf-storage3.premiumcdn.net/143559866/NApujlF0Pu6LiaPUNJu7GF3oILoCavsE7U3…)
[08:12:15]   downloaded 3,655.2 MB in 155.3s (23.5 MB/s)
[08:15:37]   upload done video_id=26035799 in 202.7s
[08:15:39] film cr_film_id=28800 OK in 362.9s
[08:15:39] iteration 8/20
[08:15:39] film cr_film_id=2472 name='Ministranti (2025) CZ Titulky' candidates=1
[08:15:39]   candidate upload_id=db25575d7370e281 url=https://prehraj.to/ministranci-2025-cztitulky/db25575d7370e281
[08:15:40]   resolved in 1.2s → 720p (https://pf-storage4.premiumcdn.net/167231495/D0Dsy0SP9UK8Fy0H41SL2S46hPxHqeIbKUe…)
[08:17:02]   downloaded 1,627.0 MB in 79.9s (20.4 MB/s)
[08:18:31]   upload done video_id=26035861 in 89.1s
[08:18:33] film cr_film_id=2472 OK in 173.8s
[08:18:33] iteration 9/20
[08:18:33] film cr_film_id=28798 name='Milost (2025) CZ Titulky' candidates=3
[08:18:33]   candidate upload_id=1d1e14e23b95f24c url=https://prehraj.to/milost-la-grazia-grace-2025-ita-cz-tit-mkv/1d1e14e23b95f24c
[08:18:34]   resolved in 1.2s → 480p (https://pf-storage6.premiumcdn.net/170659919/QZyF2Ou27uD3tg4u3eSY9uxYt0dhZqsXyhz…)
[08:19:10]   downloaded 753.5 MB in 34.1s (22.1 MB/s)
[08:20:06]   upload done video_id=26035891 in 55.8s
[08:20:08] film cr_film_id=28798 OK in 94.7s
[08:20:08] iteration 10/20
[08:20:08] film cr_film_id=36980 name='Merrily We Roll Along (2025) CZ Titulky' candidates=1
[08:20:08]   candidate upload_id=07ffd9ecfdf6a0af url=https://prehraj.to/merrily-we-roll-along-2025-1080p-webrip-x264-cz-tit-mkv/07ffd9ecfdf6a0af
[08:20:10]   resolved in 2.1s → 1080p (https://pf-storage5.premiumcdn.net/163726184/RqvFADcZYF1oFDYhe2fRdcKeU2lF6pIkxuZ…)
[08:24:11]   downloaded 3,962.1 MB in 239.1s (16.6 MB/s)
[08:28:29]   upload done video_id=26035958 in 257.9s
[08:28:30] film cr_film_id=36980 OK in 502.5s
[08:28:30] iteration 11/20
[08:28:30] film cr_film_id=16148 name='Marching Powder (2025) CZ Titulky' candidates=5
[08:28:30]   candidate upload_id=680a44cf1ae0f url=https://prehraj.to/marching-powder-2025-hd-cz-tit-mp4/680a44cf1ae0f
[08:28:31]   resolved in 1.2s → 720p (https://pf-storage3.premiumcdn.net/136087172/ObRs2KceLuWgfdjtEOHJPc6JIklhBxswWCL…)
[08:29:30]   downloaded 1,059.7 MB in 56.7s (18.7 MB/s)
[08:31:12]   upload done video_id=26036011 in 101.4s
[08:31:13] film cr_film_id=16148 OK in 163.0s
[08:31:13] iteration 12/20
[08:31:13] film cr_film_id=31512 name='Man Finds Tape (2025) CZ Titulky' candidates=7
[08:31:13]   candidate upload_id=5bae3281d817e8f1 url=https://prehraj.to/man-finds-tape-2025-cz-titulky/5bae3281d817e8f1
[08:31:15]   resolved in 1.8s → 1080p (https://pf-storage5.premiumcdn.net/164703764/7YRIDLSgjHP3uNri4eSeaSgNhpzhRBI3OIb…)
[08:34:06]   downloaded 2,166.5 MB in 169.2s (12.8 MB/s)
[08:36:31]   upload done video_id=26036061 in 144.6s
[08:36:33] film cr_film_id=31512 OK in 319.4s
[08:36:33] iteration 13/20
[08:36:33] film cr_film_id=31642 name='Love Me Tender (2025) CZ Titulky' candidates=5
[08:36:33]   candidate upload_id=11864fa77f2d089d url=https://prehraj.to/love-me-tender-2025-cz-titulky-1080p-mkv/11864fa77f2d089d
[08:36:34]   resolved in 1.2s → 720p (https://pf-storage6.premiumcdn.net/170083069/brNFL5HLBFZKiBbtZAINKHkpcPWflRtyMi7…)
[08:38:01]   downloaded 1,451.1 MB in 84.8s (17.1 MB/s)
[08:39:21]   upload done video_id=26036109 in 80.7s
[08:39:23] film cr_film_id=31642 OK in 170.4s
[08:39:23] iteration 14/20
[08:39:23] film cr_film_id=37020 name='Lone Samurai (2025) CZ Titulky' candidates=1
[08:39:23]   candidate upload_id=562bd32d34b2f8dc url=https://prehraj.to/lone-samurai-2025-1080p-ddp5-1-h-264-cz-tit-mkv/562bd32d34b2f8dc
[08:39:24]   resolved in 1.2s → 720p (https://pf-storage1.premiumcdn.net/160340240/rvPTPeF2MFNzf3RtNqTGpFAEi6ycMEtvJiq…)
[08:41:31]   downloaded 2,054.4 MB in 124.5s (16.5 MB/s)
[08:43:20]   upload done video_id=26036150 in 109.9s
[08:43:22] film cr_film_id=37020 OK in 239.0s
[08:43:22] iteration 15/20
[08:43:22] film cr_film_id=16064 name='Killing Faith (2025) CZ Titulky' candidates=2
[08:43:22]   candidate upload_id=68ee4c372ec11 url=https://prehraj.to/killing-faith-2025-1080p-web-dl-ddp5-1-h-264-cz-tit/68ee4c372ec11
[08:43:24]   resolved in 1.9s → 720p (https://pf-storage4.premiumcdn.net/151567983/zpNulwH6QS3YHmwhWkcBgHGmfo7Ck3h2jcJ…)
[08:44:32]   downloaded 1,011.3 MB in 66.6s (15.2 MB/s)
[08:45:31]   upload done video_id=26036182 in 58.5s
[08:45:33] film cr_film_id=16064 OK in 130.6s
[08:45:33] iteration 16/20
[08:45:33] film cr_film_id=6150 name='Jaat (2025) CZ Titulky' candidates=13
[08:45:33]   candidate upload_id=6864765d22ad5 url=https://prehraj.to/jaat-2025-cz-titulky-1080p-mp4/6864765d22ad5
[08:45:34]   resolved in 1.4s → 720p (https://pf-storage4.premiumcdn.net/141077753/LrLsOGfEJU0kcersPlfb9fzouAXCPRIzVhp…)
[08:48:46]   downloaded 3,471.1 MB in 189.8s (18.3 MB/s)
[08:52:12]   upload done video_id=26036219 in 206.3s
[08:52:14] film cr_film_id=6150 OK in 400.9s
[08:52:14] iteration 17/20
[08:52:14] film cr_film_id=15934 name='In Cold Light (2025) CZ Titulky' candidates=9
[08:52:14]   candidate upload_id=d065950282c34bd7 url=https://prehraj.to/in-cold-light-2025-cztit-v-obraze-1080p/d065950282c34bd7
[08:52:15]   resolved in 1.5s → 720p (https://pf-storage4.premiumcdn.net/166552526/bbAHpWTgBSeGfKMT8YSjyT4BCQ1crMtPMt3…)
[08:54:06]   downloaded 1,964.2 MB in 109.1s (18.0 MB/s)
[08:56:09]   upload done video_id=26036276 in 123.0s
[08:56:11] film cr_film_id=15934 OK in 237.1s
[08:56:11] iteration 18/20
[08:56:11] film cr_film_id=35458 name='Icefall (2025) CZ Titulky' candidates=1
[08:56:11]   candidate upload_id=2769e4b77ff3dd99 url=https://prehraj.to/6mcjpwrs8c-token-qqvjhrcbabpcyaei-mp4/2769e4b77ff3dd99
[08:56:12]   resolved in 1.3s → 720p (https://pf-storage3.premiumcdn.net/155244063/XPgtY2SdAh2MsPdHKaFLgSQbH1ahaLClWCJ…)
[08:57:46]   downloaded 1,589.9 MB in 92.0s (17.3 MB/s)
[08:59:13]   upload done video_id=26036323 in 87.3s
[08:59:15] film cr_film_id=35458 OK in 184.0s
[08:59:15] iteration 19/20
[08:59:15] film cr_film_id=6760 name='Hunting Season (2025) CZ Titulky' candidates=2
[08:59:15]   candidate upload_id=c5c5382ea8ada364 url=https://prehraj.to/hunting-season-2025-1080p-mkv/c5c5382ea8ada364
[08:59:16]   resolved in 1.3s → 720p (https://pf-storage3.premiumcdn.net/159007571/V2RIXjsk7uN4TxzijeTXmsr7uXat09i17u8…)
[09:00:38]   downloaded 1,646.8 MB in 80.1s (20.6 MB/s)
[09:02:31]   upload done video_id=26036349 in 113.4s
[09:02:33] film cr_film_id=6760 OK in 198.2s
[09:02:33] iteration 20/20
[09:02:33] film cr_film_id=28790 name='Hra na smrt (2025) CZ Titulky' candidates=1
[09:02:33]   candidate upload_id=68dedaf65d042 url=https://prehraj.to/play-dead-2025-cz-tit/68dedaf65d042
[09:02:34]   resolved in 1.2s → 720p (https://pf-storage4.premiumcdn.net/149502912/KdxhJ1uXzt6rcyPSe8iBxuaESJlinATZ0CA…)
[09:03:18]   downloaded 644.5 MB in 42.1s (15.3 MB/s)
[09:04:05]   upload done video_id=26036367 in 46.6s
[09:04:07] film cr_film_id=28790 OK in 93.8s
[09:04:07] batch-end ok=20 failed=0 dur=4545.2s avg/film=227.3s remaining=9401 eta_hours=593.6

===== run 2026-06-17T09:04:53Z shard=0/2 batch_size=20 (https://github.com/Olbrasoft/prehrajto-to-prehrajto/actions/runs/27678001750) =====
[09:04:54] batch-start shard=0/2 count=20 backlog=10210 uploads=809 failed_attempts=43 description_overrides=0
[09:04:54] login
[09:04:55] login done
[09:04:55] iteration 1/20
[09:04:55] film cr_film_id=16454 name='Horror in the High Desert 4: Majesty (2025) CZ Titulky' candidates=12
[09:04:55]   candidate upload_id=a229b7c6c699353c url=https://prehraj.to/horror-in-the-high-desert-4-majesty-2025-1080p-webrip-x264-aac-yts-lt-mp4/a229b7c6c699353c
[09:04:57]   resolved in 1.4s → 1080p (https://pf-storage5.premiumcdn.net/167813248/VBecQjS9JhwkUjmt9OsNRSV5cVyT4BiKyt8…)
[09:06:00]   downloaded 1,626.1 MB in 61.6s (26.4 MB/s)
[09:07:33]   upload done video_id=26036400 in 93.2s
[09:07:36] film cr_film_id=16454 OK in 160.8s
[09:07:36] iteration 2/20
[09:07:36] film cr_film_id=16092 name='Home Sweet Home: Rebirth (2025) CZ Titulky' candidates=17
[09:07:36]   candidate upload_id=67fd16c1a5295 url=https://prehraj.to/home-sweet-home-rebirth-hd-2025-cz-tit-mp4/67fd16c1a5295
[09:07:37]   resolved in 1.2s → 720p (https://pf-storage3.premiumcdn.net/135049856/WPgf2OcZgfVQFKWcJ3In9czNTZkFdKuV7Hk…)
[09:08:40]   downloaded 1,630.6 MB in 60.5s (27.0 MB/s)
[09:09:56]   upload done video_id=26036431 in 75.8s
[09:09:57] film cr_film_id=16092 OK in 140.8s
[09:09:57] iteration 3/20
[09:09:57] film cr_film_id=6146 name='Hallow Road (2025) CZ Titulky' candidates=1
[09:09:57]   candidate upload_id=68a465b25b56e url=https://prehraj.to/hallow-road-2025-cztit-v-obraze-1080p/68a465b25b56e
[09:09:58]   resolved in 1.2s → 720p (https://pf-storage4.premiumcdn.net/143979594/EGPuEgT7NtEyhVZSqNiXxT0Eu7qSZ9urXFN…)
[09:10:31]   downloaded 859.5 MB in 31.0s (27.7 MB/s)
[09:11:15]   upload done video_id=26036466 in 43.9s
[09:11:16] film cr_film_id=6146 OK in 79.0s
[09:11:16] iteration 4/20
[09:11:16] film cr_film_id=15808 name='Gunslingers (2025) CZ Titulky' candidates=21
[09:11:16]   candidate upload_id=683e116bbcb07 url=https://prehraj.to/gunslingers-2025-cztit-1080p/683e116bbcb07
[09:11:17]   resolved in 0.9s → 720p (https://pf-storage4.premiumcdn.net/139090634/0GPsYBhgEcbDI3rHVMCaMh2DSNPFjWSnrI8…)
[09:12:43]   downloaded 1,905.3 MB in 83.8s (22.7 MB/s)
[09:14:14]   upload done video_id=26036506 in 92.0s
[09:14:16] film cr_film_id=15808 OK in 180.0s
[09:14:16] iteration 5/20
[09:14:16] film cr_film_id=35758 name='Gaua (2025) CZ Titulky' candidates=1
[09:14:16]   candidate upload_id=da22e20ac3b9c1fc url=https://prehraj.to/noche-gaua-cz-tit-2025-1080p-esp-sktit/da22e20ac3b9c1fc
[09:14:17]   resolved in 1.1s → 720p (https://pf-storage3.premiumcdn.net/164530082/k4biA3IRxTm6fqZtwkHWlIXDFadCEXi1QtR…)
[09:15:05]   downloaded 1,280.0 MB in 46.2s (27.7 MB/s)
[09:16:10]   upload done video_id=26036538 in 65.1s
[09:16:12] film cr_film_id=35758 OK in 115.9s
[09:16:12] iteration 6/20
[09:16:12] film cr_film_id=16246 name='Forgive Us All (2025) CZ Titulky' candidates=10
[09:16:12]   candidate upload_id=688f2c749df33 url=https://prehraj.to/forgive-us-all-2025-1080p-cz-titulky/688f2c749df33
[09:16:13]   resolved in 1.1s → 720p (https://pf-storage4.premiumcdn.net/142845122/B27im1s3mUr1T24UkGH85sqmfGrIQ7udwFk…)
[09:17:19]   downloaded 1,428.4 MB in 64.0s (22.3 MB/s)
[09:18:34]   upload done video_id=26036570 in 75.6s
[09:18:36] film cr_film_id=16246 OK in 143.6s
[09:18:36] iteration 7/20
[09:18:36] film cr_film_id=28380 name='First Moon (2025) CZ Titulky' candidates=2
[09:18:36]   candidate upload_id=68f93deba8042 url=https://prehraj.to/first-moon-2025-cz-titulky/68f93deba8042
[09:18:37]   resolved in 1.1s → 720p (https://pf-storage3.premiumcdn.net/152945250/NXYTGaf5ntRBtreIBrfyDfMXFgxuEyhkEid…)
[09:19:10]   downloaded 804.9 MB in 31.0s (26.0 MB/s)
[09:20:05]   upload done video_id=26036598 in 54.8s
[09:20:06] film cr_film_id=28380 OK in 90.4s
[09:20:06] iteration 8/20
[09:20:06] film cr_film_id=3584 name='Eddington (2025) CZ Titulky' candidates=1
[09:20:06]   candidate upload_id=68c1c65909a20 url=https://prehraj.to/eddington-2025-cztitulky/68c1c65909a20
[09:20:07]   resolved in 1.1s → 720p (https://pf-storage4.premiumcdn.net/146035629/POgf19Howu28cOLuxWcj9Hr9CajfK6FkpC8…)
[09:21:06]   downloaded 1,565.9 MB in 57.5s (27.2 MB/s)
[09:22:16]   upload done video_id=26036639 in 69.3s
[09:22:17] film cr_film_id=3584 OK in 131.1s
[09:22:17] iteration 9/20
[09:22:17] film cr_film_id=5478 name='Echo Valley (2025) CZ Titulky' candidates=3
[09:22:17]   candidate upload_id=7eba42b52a6a3285 url=https://prehraj.to/echo-valley-2025-cz-tit-1080p/7eba42b52a6a3285
[09:22:18]   resolved in 0.9s → 720p (https://pf-storage6.premiumcdn.net/169162903/J0GT1wiBaFZlcznSV5CbYi1ktNESmjTAofZ…)
[09:23:18]   downloaded 1,565.2 MB in 58.2s (26.9 MB/s)
[09:24:56]   upload done video_id=26036679 in 97.9s
[09:24:57] film cr_film_id=5478 OK in 160.2s
[09:24:57] iteration 10/20
[09:24:57] film cr_film_id=18764 name='Dva prokurátoři (2025) CZ Titulky' candidates=3
[09:24:57]   candidate upload_id=4898c041f2124396 url=https://prehraj.to/dva-prokuratori-2025-cztitulky-mp4/4898c041f2124396
[09:24:58]   resolved in 1.1s → 1080p (https://pf-storage4.premiumcdn.net/167669792/vQEtDNiAnUpnSQ4CVzC5ViNmCKJt3lCNLtj…)
[09:25:49]   downloaded 1,191.2 MB in 48.7s (24.5 MB/s)
[09:26:46]   upload done video_id=26036720 in 57.3s
[09:26:47] film cr_film_id=18764 OK in 110.1s
[09:26:47] iteration 11/20
[09:26:47] film cr_film_id=17574 name='Die My Love (2025) CZ Titulky' candidates=3
[09:26:47]   candidate upload_id=774ef0c6570542d2 url=https://prehraj.to/die-my-love-2025-cz-titulky/774ef0c6570542d2
[09:26:49]   resolved in 1.3s → 1080p (https://pf-storage3.premiumcdn.net/161116781/MAJc2afrBU3QfGDuD1SeQf6qcl0sm2F30u1…)
[09:28:21]   downloaded 2,565.7 MB in 90.3s (28.4 MB/s)
[09:30:20]   upload done video_id=26036800 in 119.1s
[09:30:21] film cr_film_id=17574 OK in 213.8s
[09:30:21] iteration 12/20
[09:30:21] film cr_film_id=37000 name='Diddy: The Making of a Bad Boy (2025) CZ Titulky' candidates=2
[09:30:21]   candidate upload_id=67aa14d407056 url=https://prehraj.to/diddy-the-making-of-a-bad-boy-2025-cz-tit/67aa14d407056
[09:30:22]   resolved in 0.9s → 1080p (https://pf-storage5.premiumcdn.net/129529367/XdYsrpHoLczeIPaibMc04HA1hXOfXGFMkCz…)
[09:31:50]   downloaded 1,853.6 MB in 85.6s (21.7 MB/s)
[09:33:29]   upload done video_id=26036928 in 99.1s
[09:33:30] film cr_film_id=37000 OK in 188.9s
[09:33:30] iteration 13/20
[09:33:30] film cr_film_id=28698 name='Demon Slayer: Kimetsu no Yaiba-Infinity Castle (2025) CZ Titulky' candidates=10
[09:33:30]   candidate upload_id=18d37bbfd05fc2db url=https://prehraj.to/demon-slayer-kimetsu-no-yaiba-infinity-castle-2025-cz-titulky-1080p/18d37bbfd05fc2db
[09:33:31]   resolved in 1.4s → 720p (https://pf-storage1.premiumcdn.net/157630832/mdzf6lT6mS3wTJqUdeUJLTw9iAqiJnHE9Uy…)
[09:35:29]   downloaded 3,174.5 MB in 115.8s (27.4 MB/s)
[09:37:52]   upload done video_id=26037020 in 142.3s
[09:37:53] film cr_film_id=28698 OK in 263.0s
[09:37:53] iteration 14/20
[09:37:53] film cr_film_id=7124 name='Deathstalker (2025) CZ Titulky' candidates=5
[09:37:53]   candidate upload_id=9962b4e02fff99be url=https://prehraj.to/deathstalker-2025-akcni-fantasy-usa-kanada-cztit-1080p/9962b4e02fff99be
[09:37:54]   resolved in 1.4s → 720p (https://pf-storage5.premiumcdn.net/161564030/j8WFD4sOGuqWIRXhAoU4As6jh7PUgeflbtB…)
[09:38:57]   downloaded 1,642.3 MB in 60.9s (27.0 MB/s)
[09:40:19]   upload done video_id=26037064 in 81.9s
[09:40:20] film cr_film_id=7124 OK in 147.4s
[09:40:20] iteration 15/20
[09:40:20] film cr_film_id=15714 name='Das Verschwinden des Josef Mengele (2025) CZ Titulky' candidates=1
[09:40:20]   candidate upload_id=1d6bed5d4174634f url=https://prehraj.to/zmizeni-josefa-mengeleho-das-verschwinden-des-josef-mengele-2025-cz-tit-mkv/1d6bed5d4174634f
[09:40:22]   resolved in 1.1s → 720p (https://pf-storage6.premiumcdn.net/169983202/k7Aib2HaRFxdtPqF2MiJzHXwum3S7jirMup…)
[09:41:49]   downloaded 2,230.8 MB in 85.5s (26.1 MB/s)
[09:43:32]   upload done video_id=26037079 in 102.4s
[09:43:33] film cr_film_id=15714 OK in 192.5s
[09:43:33] iteration 16/20
[09:43:33] film cr_film_id=16300 name='Dark Nuns (2025) CZ Titulky' candidates=2
[09:43:33]   candidate upload_id=67d0605f06df0 url=https://prehraj.to/dark-nuns-2025-cz-titulky-1080p/67d0605f06df0
[09:43:34]   resolved in 1.0s → 1080p (https://pf-storage3.premiumcdn.net/131911916/8OwsLpfJESgNtm5i0aS87fWquY5HMvC01TD…)
[09:45:21]   downloaded 2,533.0 MB in 105.4s (24.0 MB/s)
[09:47:26]   upload done video_id=26037115 in 125.5s
[09:47:28] film cr_film_id=16300 OK in 235.3s
[09:47:28] iteration 17/20
[09:47:28] film cr_film_id=28358 name='Code 3 (2025) CZ Titulky' candidates=1
[09:47:28]   candidate upload_id=68ef3188252ee url=https://prehraj.to/code-3-2025-cz-titulky-1080p/68ef3188252ee
[09:47:29]   resolved in 1.2s → 720p (https://pf-storage4.premiumcdn.net/151661637/JxDFXmfvBSRKuQ4C5MUmJfX2U4GCZMS8EFp…)
[09:48:31]   downloaded 1,660.5 MB in 60.1s (27.6 MB/s)
[09:49:51]   upload done video_id=26037153 in 80.0s
[09:49:53] film cr_film_id=28358 OK in 144.5s
[09:49:53] iteration 18/20
[09:49:53] film cr_film_id=28558 name='Chainsaw Man - The Movie: Reze Arc (2025) CZ Titulky' candidates=2
[09:49:53]   candidate upload_id=b0ccb18fbfffb577 url=https://prehraj.to/chainsaw-man-the-movie-reze-arc-2025-cztitulky/b0ccb18fbfffb577
[09:49:55]   resolved in 2.2s → 720p (https://pf-storage1.premiumcdn.net/157210208/LQ6spahLjsGKCpqukNferhpXcOgtQLT5oTX…)
[09:51:14]   downloaded 1,683.9 MB in 77.4s (21.8 MB/s)
[09:52:28]   upload done video_id=26037187 in 74.0s
[09:52:30] film cr_film_id=28558 OK in 156.9s
[09:52:30] iteration 19/20
[09:52:30] film cr_film_id=37006 name='Bono: Stories of Surrender (2025) CZ Titulky' candidates=2
[09:52:30]   candidate upload_id=683c3d8f5e9ab url=https://prehraj.to/bono-stories-of-surrender-2025-cz-titulky-1080p/683c3d8f5e9ab
[09:52:31]   resolved in 1.1s → 720p (https://pf-storage4.premiumcdn.net/139004912/z2BtR3szxcjvf8puDgfnZsz3He8CB1Cgju1…)
[09:53:28]   downloaded 1,218.7 MB in 56.0s (21.8 MB/s)
[09:54:30]   upload done video_id=26037207 in 61.8s
[09:54:32] film cr_film_id=37006 OK in 122.0s
[09:54:32] iteration 20/20
[09:54:32] film cr_film_id=16546 name='Bodycam (2025) CZ Titulky' candidates=10
[09:54:32]   candidate upload_id=e3a8f33e852dd136 url=https://prehraj.to/bodycam-2025-cz-tit-mkv/e3a8f33e852dd136
[09:54:33]   resolved in 1.3s → 1080p (https://pf-storage5.premiumcdn.net/168530815/vAGTOAcQLuE1UL7HNAT6LcZvfAofQZFr0fb…)
[09:57:24]   downloaded 3,748.7 MB in 168.7s (22.2 MB/s)
[10:00:28]   upload done video_id=26037233 in 184.7s
[10:00:30] film cr_film_id=16546 OK in 358.2s
[10:00:30] batch-end ok=20 failed=0 dur=3334.5s avg/film=166.7s remaining=9381 eta_hours=434.4

===== run 2026-06-17T10:04:57Z shard=0/2 batch_size=20 (https://github.com/Olbrasoft/prehrajto-to-prehrajto/actions/runs/27681278272) =====
[10:04:58] batch-start shard=0/2 count=20 backlog=10210 uploads=829 failed_attempts=43 description_overrides=0
[10:04:58] login
[10:05:01] login done
[10:05:01] iteration 1/20
[10:05:01] film cr_film_id=16262 name='Blücher (2025) CZ Titulky' candidates=1
[10:05:01]   candidate upload_id=4186cb03f7eabb65 url=https://prehraj.to/blucher-the-battle-of-oslo-2025-cztit-1080p/4186cb03f7eabb65
[10:05:02]   resolved in 1.0s → 720p (https://pf-storage3.premiumcdn.net/162491660/6jVHVAiaBSwns5eCKdcwkiDAFeESanSZYTe…)
[10:05:54]   downloaded 1,364.5 MB in 50.5s (27.0 MB/s)
[10:06:49]   upload done video_id=26037282 in 55.1s
[10:06:50] film cr_film_id=16262 OK in 109.5s
[10:06:50] iteration 2/20
[10:06:50] film cr_film_id=15734 name='Bloat (2025) CZ Titulky' candidates=7
[10:06:50]   candidate upload_id=67cdb5ec95aa1 url=https://prehraj.to/bloat-2025-hd-cz-tit-mp4/67cdb5ec95aa1
[10:06:51]   resolved in 1.3s → 1080p (https://pf-storage5.premiumcdn.net/131734595/3E1uv5Um1IwBtp4i8YIWLUwXIKRIRqS7mFJ…)
[10:07:59]   downloaded 1,872.1 MB in 66.2s (28.3 MB/s)
[10:09:12]   upload done video_id=26037291 in 73.2s
[10:09:14] film cr_film_id=15734 OK in 143.5s
[10:09:14] iteration 3/20
[10:09:14] film cr_film_id=37002 name='Attack 13 (2025) CZ Titulky' candidates=1
[10:09:14]   candidate upload_id=bd7aa8b43042ea49 url=https://prehraj.to/13-days-13-nights-2025-cz-titulky-4k-mkv/bd7aa8b43042ea49
[10:09:15]   resolved in 1.0s → 1080p (https://pf-storage3.premiumcdn.net/164377328/RdgsQ3TP5fAxTYJTQbib2Tlatx0tlofdJcm…)
[10:10:29]   downloaded 2,666.0 MB in 73.1s (36.5 MB/s)
[10:12:08]   upload done video_id=26037306 in 98.7s
[10:12:09] film cr_film_id=37002 OK in 175.8s
[10:12:09] iteration 4/20
[10:12:09] film cr_film_id=16488 name='Assassin (2025) CZ Titulky' candidates=5
[10:12:09]   candidate upload_id=5870059d962c5 url=https://prehraj.to/assassin-s-creed-en-dab-cz-tit-cam-kvalita-mp4/5870059d962c5
[10:12:11]   resolved in 1.1s → 480p (https://pf-storage3.premiumcdn.net/1360324/0ONc51Hk5U6bsgKHjvIa6H34fZzhmxsO7CeNT…)
[10:12:32]   downloaded 510.2 MB in 19.5s (26.2 MB/s)
[10:12:52]   upload done video_id=26037322 in 20.4s
[10:12:53] film cr_film_id=16488 OK in 43.8s
[10:12:53] iteration 5/20
[10:12:53] film cr_film_id=28652 name='Altered (2025) CZ Titulky' candidates=2
[10:12:53]   candidate upload_id=6edcac6c84e558c8 url=https://prehraj.to/altered-2025-cz-titulky-1080p-mkv/6edcac6c84e558c8
[10:12:54]   resolved in 1.0s → 720p (https://pf-storage1.premiumcdn.net/162716294/EROHWBcAGtm9falUVoCaDc3LTBVuP8C41sY…)
[10:13:38]   downloaded 1,437.6 MB in 41.9s (34.3 MB/s)
[10:14:29]   upload done video_id=26037330 in 51.0s
[10:14:30] film cr_film_id=28652 OK in 96.9s
[10:14:30] iteration 6/20
[10:14:30] film cr_film_id=31536 name='Afterlight (2025) CZ Titulky' candidates=1
[10:14:30]   candidate upload_id=ef991503933c552e url=https://prehraj.to/afterlight-2025-cz-titulky/ef991503933c552e
[10:14:31]   resolved in 1.0s → 1080p (https://pf-storage5.premiumcdn.net/168186682/DQetGQSD9ilQsgKSM4fg1SVwTZ8HwEFNgf1…)
[10:15:24]   downloaded 1,446.6 MB in 51.2s (28.3 MB/s)
[10:16:23]   upload done video_id=26037342 in 58.9s
[10:16:24] film cr_film_id=31536 OK in 113.8s
[10:16:24] iteration 7/20
[10:16:24] film cr_film_id=28788 name='10DANCE (2025) CZ Titulky' candidates=2
[10:16:24]   candidate upload_id=51aa3d771f2f5a46 url=https://prehraj.to/10dance-2025-cztitulky/51aa3d771f2f5a46
[10:16:25]   resolved in 1.1s → 1080p (https://pf-storage3.premiumcdn.net/160661294/8VafN8F6Rug2s49SWbhn2F61T1wSGAfyxt5…)
[10:17:38]   downloaded 2,043.6 MB in 71.4s (28.6 MB/s)
[10:19:02]   upload done video_id=26037349 in 84.0s
[10:19:03] film cr_film_id=28788 OK in 159.1s
[10:19:03] iteration 8/20
[10:19:03] film cr_film_id=16354 name='100 Nights of Hero (2025) CZ Titulky' candidates=8
[10:19:03]   candidate upload_id=7e1ea563f5f1f8c0 url=https://prehraj.to/100-nights-of-hero-2025-hd-cz-tit-mkv-mp4/7e1ea563f5f1f8c0
[10:19:04]   resolved in 0.9s → 720p (https://pf-storage4.premiumcdn.net/165448793/NaQtybI7yU5Gsj3uqVcRLIR7iMLcX4UoKcE…)
[10:19:33]   downloaded 944.9 MB in 27.3s (34.6 MB/s)
[10:20:08]   upload done video_id=26037387 in 35.3s
[10:20:10] film cr_film_id=16354 OK in 66.6s
[10:20:10] iteration 9/20
[10:20:10] film cr_film_id=35688 name='惊天大营救 (2024) CZ Titulky' candidates=2
[10:20:10]   candidate upload_id=6781aa2382e57 url=https://prehraj.to/striking-rescue-jingtian-da-yingjiu-2024-cz-titulky/6781aa2382e57
[10:20:11]   resolved in 1.0s → 720p (https://pf-storage5.premiumcdn.net/127465178/mZks20SrXUDqcEZhzZtNvSgJUveUemFpJuk…)
[10:21:50]   downloaded 2,620.7 MB in 98.2s (26.7 MB/s)
[10:23:35]   upload done video_id=26037424 in 104.8s
[10:23:36] film cr_film_id=35688 OK in 206.8s
[10:23:36] iteration 10/20
[10:23:36] film cr_film_id=2190 name='కల్కి 2898-ఎ.డి (2024) CZ Titulky' candidates=3
[10:23:36]   candidate upload_id=66c7939237f59 url=https://prehraj.to/kalki-2898-ad-hindi-2024-cz-titulky-vlozeny-transl/66c7939237f59
[10:23:37]   resolved in 1.0s → 720p (https://pf-storage3.premiumcdn.net/92077124/1oyU7LSj7sg9t9wc6QtzRS06SaQtp7ikVs7J…)
[10:24:43]   downloaded 2,345.5 MB in 64.1s (36.6 MB/s)
[10:26:07]   upload done video_id=26037476 in 83.8s
[10:26:08] film cr_film_id=2190 OK in 151.6s
[10:26:08] iteration 11/20
[10:26:08] film cr_film_id=10396 name='Žraločí hrozba (2024) CZ Titulky' candidates=5
[10:26:08]   candidate upload_id=67e220d88f9f0 url=https://prehraj.to/p-f-azylum-cz-tit-shark-warning-2024-720p-webrip-x264-aac-yts-mx-tit-mp4/67e220d88f9f0
[10:26:09]   resolved in 1.0s → 480p (https://pf-storage3.premiumcdn.net/133209839/dvgHn5T5yUZmcd1c5Xt5qTRZHLvCO8u7XTo…)
[10:26:51]   downloaded 1,113.0 MB in 40.5s (27.5 MB/s)
[10:27:38]   upload done video_id=26037497 in 47.1s
[10:27:39] film cr_film_id=10396 OK in 91.6s
[10:27:39] iteration 12/20
[10:27:39] film cr_film_id=10192 name='Únos 93 (2024) CZ Titulky' candidates=9
[10:27:39]   candidate upload_id=6722e07a04f29 url=https://prehraj.to/unos-93-2024-cztitulky/6722e07a04f29
[10:27:40]   resolved in 1.0s → 1080p (https://pf-storage5.premiumcdn.net/104890838/5npfxJT98hx8uGRFexUWqTdXFmGHMJSnvfB…)
[10:28:57]   downloaded 1,817.3 MB in 75.2s (24.2 MB/s)
[10:30:09]   upload done video_id=26037525 in 71.4s
[10:30:10] film cr_film_id=10192 OK in 150.6s
[10:30:10] iteration 13/20
[10:30:10] film cr_film_id=16118 name='We Bury the Dead (2024) CZ Titulky' candidates=2
[10:30:10]   candidate upload_id=7da1dc9e2016632b url=https://prehraj.to/we-bury-the-dead-2024-1080p-cz-titulky/7da1dc9e2016632b
[10:30:11]   resolved in 1.2s → 720p (https://pf-storage3.premiumcdn.net/164651183/oQKTpPfJ8s4NIj0SyMFeMf9riQ2sxVhMWsQ…)
[10:31:21]   downloaded 1,307.6 MB in 68.6s (19.1 MB/s)
[10:32:09]   upload done video_id=26037564 in 48.0s
[10:32:11] film cr_film_id=16118 OK in 120.5s
[10:32:11] iteration 14/20
[10:32:11] film cr_film_id=7144 name='Vilém Tell (2024) CZ Titulky' candidates=7
[10:32:11]   candidate upload_id=687a6bc6c6507 url=https://prehraj.to/william-tell-2024-cz-titulky-1080p/687a6bc6c6507
[10:32:12]   resolved in 1.0s → 720p (https://pf-storage4.premiumcdn.net/141774521/XwAHVGFJps6Kt9KsngUYxFqDSEVfNKirzC5…)
[10:34:04]   downloaded 3,277.7 MB in 110.6s (29.6 MB/s)
[10:36:08]   upload done video_id=26037600 in 123.8s
[10:36:09] film cr_film_id=7144 OK in 238.2s
[10:36:09] iteration 15/20
[10:36:09] film cr_film_id=3616 name='Vezmi mě na Měsíc (2024) CZ Titulky' candidates=3
[10:36:09]   candidate upload_id=68f9e020674cc url=https://prehraj.to/vezmi-me-na-mesic-2024-cz-titulky-1080p/68f9e020674cc
[10:36:10]   resolved in 1.0s → 720p (https://pf-storage4.premiumcdn.net/152997396/R7PhldTgRIDLsdatJMuXnTnZHjmiQ1cp4HW…)
[10:37:17]   downloaded 2,355.1 MB in 65.5s (36.0 MB/s)
[10:39:04]   upload done video_id=26037634 in 107.0s
[10:39:05] film cr_film_id=3616 OK in 176.2s
[10:39:05] iteration 16/20
[10:39:05] film cr_film_id=9176 name='V bezvědomí (2024) CZ Titulky' candidates=2
[10:39:05]   candidate upload_id=65d097f1e2213 url=https://prehraj.to/lights-out-2024-cz-titulky-1080p-fullhd/65d097f1e2213
[10:39:06]   resolved in 1.0s → 720p (https://pf-storage3.premiumcdn.net/73583234/b2aIwDHv0FYAUy7TwvCReHrbfO5hB4udyTRK…)
[10:40:18]   downloaded 1,644.2 MB in 70.5s (23.3 MB/s)
[10:41:16]   upload done video_id=26037658 in 57.8s
[10:41:17] film cr_film_id=9176 OK in 132.0s
[10:41:17] iteration 17/20
[10:41:17] film cr_film_id=35720 name='Tygři (2024) CZ Titulky' candidates=1
[10:41:17]   candidate upload_id=662ec21fce41c url=https://prehraj.to/tiger-2024-cztitulky/662ec21fce41c
[10:41:18]   resolved in 1.0s → 1080p (https://pf-storage1.premiumcdn.net/76700738/plrIGPhlVcD5Tq9spDtyAhyQHXMSDYt4zcEJ…)
[10:43:58]   downloaded 4,534.8 MB in 158.4s (28.6 MB/s)
[10:46:32]   upload done video_id=26037690 in 153.4s
[10:46:33] film cr_film_id=35720 OK in 315.9s
[10:46:33] iteration 18/20
[10:46:33] film cr_film_id=2516 name='Twilight of the Warriors: Walled In (2024) CZ Titulky' candidates=1
[10:46:33]   candidate upload_id=671a775acfec8 url=https://prehraj.to/jiu-long-cheng-zhai-wei-cheng-2024-cz-titulky-1080p/671a775acfec8
[10:46:34]   resolved in 1.0s → 720p (https://pf-storage4.premiumcdn.net/103706216/lZ8tPGcy4Hp3IDahAxFYgc2OTqyflnCo4FY…)
[10:47:38]   downloaded 2,203.5 MB in 62.7s (35.1 MB/s)
[10:48:56]   upload done video_id=26037722 in 77.8s
[10:48:57] film cr_film_id=2516 OK in 144.3s
[10:48:57] iteration 19/20
[10:48:57] film cr_film_id=26996 name='Turno nocturno (2024) CZ Titulky' candidates=1
[10:48:57]   candidate upload_id=687ac630374f3 url=https://prehraj.to/turno-nocturno-2024-cz-titulky/687ac630374f3
[10:48:58]   resolved in 1.0s → 480p (https://pf-storage4.premiumcdn.net/141784097/pgdFbzf4ZcngcMmcQrTO7feYCx1Uy4C1BIX…)
[10:49:22]   downloaded 597.5 MB in 22.0s (27.2 MB/s)
[10:49:44]   upload done video_id=26037728 in 22.4s
[10:49:45] film cr_film_id=26996 OK in 48.0s
[10:49:45] iteration 20/20
[10:49:45] film cr_film_id=13916 name='The Windigo (2024) CZ Titulky' candidates=5
[10:49:45]   candidate upload_id=67dc4380f235c url=https://prehraj.to/the-windigo-2024-cz-titulky-1080p-mp4/67dc4380f235c
[10:49:46]   resolved in 1.2s → 1080p (https://pf-storage3.premiumcdn.net/132841868/xpVIxghOei8xUaVs9OUERhdVTNnumLCyoCj…)
[10:50:59]   downloaded 2,044.8 MB in 71.4s (28.6 MB/s)
[10:52:13]   upload done video_id=26037739 in 73.4s
[10:52:14] film cr_film_id=13916 OK in 148.9s
[10:52:14] batch-end ok=20 failed=0 dur=2833.4s avg/film=141.7s remaining=9361 eta_hours=368.5

===== run 2026-06-17T11:02:22Z shard=0/2 batch_size=20 (https://github.com/Olbrasoft/prehrajto-to-prehrajto/actions/runs/27684272629) =====
[11:02:23] batch-start shard=0/2 count=20 backlog=10210 uploads=849 failed_attempts=43 description_overrides=0
[11:02:23] login
[11:02:25] login done
[11:02:25] iteration 1/20
[11:02:25] film cr_film_id=31318 name='The Wasp (2024) CZ Titulky' candidates=5
[11:02:25]   candidate upload_id=66fcc073a3e52 url=https://prehraj.to/the-wasp-2024-cz-titulky/66fcc073a3e52
[11:02:26]   resolved in 1.0s → 480p (https://pf-storage4.premiumcdn.net/99529346/mn4fwquxOFgzHdKtY1cLnu79sogin4Ib9HKk…)
[11:02:54]   downloaded 582.1 MB in 25.9s (22.5 MB/s)
[11:03:19]   upload done video_id=26037876 in 25.5s
[11:03:21] film cr_film_id=31318 OK in 55.8s
[11:03:21] iteration 2/20
[11:03:21] film cr_film_id=31418 name='The Shamrock Spitfire (2024) CZ Titulky' candidates=9
[11:03:21]   candidate upload_id=6661d3ab5728e url=https://prehraj.to/the-shamrock-spitfire-2024-cz-titulky-1080p-mp4/6661d3ab5728e
[11:03:22]   resolved in 1.0s → 720p (https://pf-storage1.premiumcdn.net/78084194/yw8HxgSOxfqZU7yTQjfOGSJAce3HyvtkViQL…)
[11:04:13]   downloaded 1,242.6 MB in 49.9s (24.9 MB/s)
[11:05:18]   upload done video_id=26037888 in 65.4s
[11:05:20] film cr_film_id=31418 OK in 119.3s
[11:05:20] iteration 3/20
[11:05:20] film cr_film_id=31366 name='The Ruse (2024) CZ Titulky' candidates=5
[11:05:20]   candidate upload_id=df4b1904b2a05d7d url=https://prehraj.to/the-ruse-2024-1080p-cz-titulky/df4b1904b2a05d7d
[11:05:21]   resolved in 1.1s → 720p (https://pf-storage3.premiumcdn.net/161917253/Rmvu9RfdXU0WIyoiLGSOwfyvcKwsljFGWtv…)
[11:06:14]   downloaded 1,210.7 MB in 51.0s (23.7 MB/s)
[11:07:05]   upload done video_id=26037907 in 51.1s
[11:07:06] film cr_film_id=31366 OK in 106.2s
[11:07:06] iteration 4/20
[11:07:06] film cr_film_id=34198 name='The Return (2024) CZ Titulky' candidates=1
[11:07:06]   candidate upload_id=67809f72c0242 url=https://prehraj.to/the-return-2024-1080p-cz-sub/67809f72c0242
[11:07:07]   resolved in 1.0s → 720p (https://pf-storage1.premiumcdn.net/127444502/NkoSRETmotRdcWzSrdsQWTXmuVMUbkuxXIe…)
[11:07:55]   downloaded 1,362.1 MB in 46.0s (29.6 MB/s)
[11:08:52]   upload done video_id=26037927 in 57.2s
[11:08:53] film cr_film_id=34198 OK in 107.1s
[11:08:53] iteration 5/20
[11:08:53] film cr_film_id=28528 name='The Prosecutor (2024) CZ Titulky' candidates=3
[11:08:53]   candidate upload_id=67ed72dded684 url=https://prehraj.to/the-prosecutor-2024-cz-titulky-1080p/67ed72dded684
[11:08:54]   resolved in 1.1s → 720p (https://pf-storage3.premiumcdn.net/133998023/q4RigNs3zcA2s7gudoHKZsgjiPoimvh51Iw…)
[11:10:06]   downloaded 2,124.1 MB in 69.8s (30.4 MB/s)
[11:11:44]   upload done video_id=26037946 in 98.2s
[11:11:45] film cr_film_id=28528 OK in 171.9s
[11:11:45] iteration 6/20
[11:11:45] film cr_film_id=15602 name='The Painted (2024) CZ Titulky' candidates=1
[11:11:45]   candidate upload_id=677ad4531be47 url=https://prehraj.to/the-painted-2024-cz-titulky-1080p/677ad4531be47
[11:11:46]   resolved in 1.1s → 720p (https://pf-storage1.premiumcdn.net/127327097/8DVTzNIWKHwdF10tW7u9aIN6CJeIoBh9lcp…)
[11:12:27]   downloaded 1,139.4 MB in 38.8s (29.4 MB/s)
[11:13:16]   upload done video_id=26037985 in 49.2s
[11:13:17] film cr_film_id=15602 OK in 92.3s
[11:13:17] iteration 7/20
[11:13:17] film cr_film_id=36986 name='The Lockdown (2024) CZ Titulky' candidates=1
[11:13:17]   candidate upload_id=77973e5a8396d19b url=https://prehraj.to/the-lockdown-2024-cz-titulky/77973e5a8396d19b
[11:13:18]   resolve FAILED: HTTP 502 wrapping permanent upstream error: https://prehraj.to/the-lockdown-2024-cz-titulky/77973e5a8396d19b (permanent=True)
[11:13:18] film cr_film_id=36986 all candidates exhausted
[11:13:18] iteration 8/20
[11:13:18] film cr_film_id=27600 name='The Last Kumite (2024) CZ Titulky' candidates=1
[11:13:18]   candidate upload_id=665f301c575c8 url=https://prehraj.to/the-last-kumite-2024-cztitulky/665f301c575c8
[11:13:24]   resolved in 5.8s → 1080p (https://pf-storage1.premiumcdn.net/78039581/OxMHVlSEgFZbhJ9fWlcJ9SlLiYaFnqiDbflp…)
[11:15:39]   downloaded 3,146.0 MB in 134.0s (23.5 MB/s)
[11:17:53]   upload done video_id=26038015 in 133.7s
[11:17:55] film cr_film_id=27600 OK in 276.4s
[11:17:55] iteration 9/20
[11:17:55] film cr_film_id=17640 name='The Last Front (2024) CZ Titulky' candidates=5
[11:17:55]   candidate upload_id=49f99b2a88498313 url=https://prehraj.to/the-last-front-2024-1080p-bluray-x264-cz-tit-mkv/49f99b2a88498313
[11:17:56]   resolved in 1.0s → 720p (https://pf-storage3.premiumcdn.net/161525231/WW9IGgc2Jc4GFXASq9S9VcJGSLqsPohD9fB…)
[11:19:02]   downloaded 1,567.7 MB in 65.1s (24.1 MB/s)
[11:20:08]   upload done video_id=26038037 in 65.7s
[11:20:09] film cr_film_id=17640 OK in 134.7s
[11:20:09] iteration 10/20
[11:20:09] film cr_film_id=17554 name='The Inheritance (2024) CZ Titulky' candidates=11
[11:20:09]   candidate upload_id=66d893ebd6bef url=https://prehraj.to/the-inheritance-2024-1080p-cz-tit/66d893ebd6bef
[11:20:10]   resolved in 1.1s → 720p (https://pf-storage3.premiumcdn.net/94447055/4A0UDYCzNS3XC8qF3whLdCp2Twxs1ET6lUrN…)
[11:20:50]   downloaded 905.6 MB in 38.1s (23.8 MB/s)
[11:21:36]   upload done video_id=26038058 in 45.7s
[11:21:37] film cr_film_id=17554 OK in 88.0s
[11:21:37] iteration 11/20
[11:21:37] film cr_film_id=16204 name='The Holiday Club (2024) CZ Titulky' candidates=3
[11:21:37]   candidate upload_id=f8e35e535607fda9 url=https://prehraj.to/the-holiday-club-2024-cz-titulky-1080p-mkv/f8e35e535607fda9
[11:21:38]   resolved in 0.8s → 1080p (https://pf-storage5.premiumcdn.net/155880677/0b1hp7URvu2KFlmH5vS7jU3oT1xHPmi1gCA…)
[11:22:34]   downloaded 1,637.4 MB in 54.2s (30.2 MB/s)
[11:23:59]   upload done video_id=26038073 in 85.1s
[11:24:01] film cr_film_id=16204 OK in 143.4s
[11:24:01] iteration 12/20
[11:24:01] film cr_film_id=31150 name='The Great Lillian Hall (2024) CZ Titulky' candidates=1
[11:24:01]   candidate upload_id=676df7f6c33bd url=https://prehraj.to/the-great-lillian-hall-2024-cz-titulky-1080p/676df7f6c33bd
[11:24:02]   resolved in 1.0s → 720p (https://pf-storage1.premiumcdn.net/126721778/qB7idYhZvi4NUnKFoatPkhlPCvMSR8izdCM…)
[11:25:08]   downloaded 1,582.3 MB in 64.3s (24.6 MB/s)
[11:26:25]   upload done video_id=26038096 in 77.7s
[11:26:27] film cr_film_id=31150 OK in 146.0s
[11:26:27] iteration 13/20
[11:26:27] film cr_film_id=36968 name='Taken from Rio Bravo (2024) CZ Titulky' candidates=3
[11:26:27]   candidate upload_id=a256c10828cc814d url=https://prehraj.to/taken-from-rio-bravo-2024-720p-bluray-yts-mx-cz-tit/a256c10828cc814d
[11:26:28]   resolved in 1.0s → 480p (https://pf-storage4.premiumcdn.net/155729228/JNeHXvhB5tZ4imns1vixbhXquxwC0nsyRS7…)
[11:27:02]   downloaded 762.0 MB in 32.2s (23.7 MB/s)
[11:27:39]   upload done video_id=26038123 in 36.9s
[11:27:40] film cr_film_id=36968 OK in 73.2s
[11:27:40] iteration 14/20
[11:27:40] film cr_film_id=3226 name='Suncoast (2024) CZ Titulky' candidates=1
[11:27:40]   candidate upload_id=680b5a9aa2482 url=https://prehraj.to/suncoast-2024-cz-tit-1080p/680b5a9aa2482
[11:27:41]   resolved in 1.1s → 720p (https://pf-storage5.premiumcdn.net/136165310/1p7IXbu2LuwySRAF9ridYuoqFGJCqaT0BFR…)
[11:28:25]   downloaded 1,249.6 MB in 42.4s (29.5 MB/s)
[11:29:18]   upload done video_id=26038142 in 53.0s
[11:29:19] film cr_film_id=3226 OK in 99.1s
[11:29:19] iteration 15/20
[11:29:19] film cr_film_id=14688 name='Succubus (2024) CZ Titulky' candidates=2
[11:29:19]   candidate upload_id=85a62cc64dd956b9 url=https://prehraj.to/succubus-2024-cz-tit-avi/85a62cc64dd956b9
[11:29:20]   resolved in 1.0s → 720p (https://pf-storage4.premiumcdn.net/163085108/a7aTMPS9whONSv1sdQFKPSJ2caksLpT9EFe…)
[11:30:01]   downloaded 1,165.3 MB in 39.5s (29.5 MB/s)
[11:30:50]   upload done video_id=26038160 in 48.8s
[11:30:52] film cr_film_id=14688 OK in 92.5s
[11:30:52] iteration 16/20
[11:30:52] film cr_film_id=16352 name='Sorop (2024) CZ Titulky' candidates=4
[11:30:52]   candidate upload_id=684b135c9492e url=https://prehraj.to/sorop-2024-cz-titulky/684b135c9492e
[11:30:53]   resolved in 1.0s → 720p (https://pf-storage1.premiumcdn.net/139767872/pW0T23HqYupEf42i8VuVJHgliZwTkdsYOcM…)
[11:31:41]   downloaded 1,138.6 MB in 47.3s (24.1 MB/s)
[11:32:31]   upload done video_id=26038172 in 50.1s
[11:32:32] film cr_film_id=16352 OK in 100.8s
[11:32:32] iteration 17/20
[11:32:32] film cr_film_id=15902 name='Siksa Kubur (2024) CZ Titulky' candidates=2
[11:32:32]   candidate upload_id=66fd45d08998b url=https://prehraj.to/siksa-kubur-2024-cz-titulky-1080p/66fd45d08998b
[11:32:34]   resolved in 1.1s → 1080p (https://pf-storage4.premiumcdn.net/99603899/2xAhAzfzpHY0U9dUlbi69fLefOVTegu0RseN…)
[11:33:58]   downloaded 2,038.9 MB in 82.2s (24.8 MB/s)
[11:35:23]   upload done video_id=26038189 in 85.6s
[11:35:25] film cr_film_id=15902 OK in 172.3s
[11:35:25] iteration 18/20
[11:35:25] film cr_film_id=34202 name='Sebastian (2024) CZ Titulky' candidates=1
[11:35:25]   candidate upload_id=679bb9c5e30ac url=https://prehraj.to/sebastian-2024-hd-cz-tit/679bb9c5e30ac
[11:35:26]   resolved in 1.1s → 1080p (https://pf-storage3.premiumcdn.net/128575106/Z3pcBrIoAi9lCNJFPeIO8Ioauk4c3ASqEuG…)
[11:36:43]   downloaded 1,767.7 MB in 74.7s (23.7 MB/s)
[11:37:55]   upload done video_id=26038216 in 72.1s
[11:37:56] film cr_film_id=34202 OK in 151.2s
[11:37:56] iteration 19/20
[11:37:56] film cr_film_id=28392 name='Saint-Exupéry (2024) CZ Titulky' candidates=1
[11:37:56]   candidate upload_id=cac1432802eb61ee url=https://prehraj.to/saint-exupery-saint-ex-2024-1080p-cz-titulky/cac1432802eb61ee
[11:37:57]   resolved in 1.0s → 720p (https://pf-storage1.premiumcdn.net/161917091/JpdTw0sk0u39sNAc0NS3nsn7t9Qh75TJAhN…)
[11:38:50]   downloaded 1,524.7 MB in 51.2s (29.8 MB/s)
[11:39:54]   upload done video_id=26038225 in 64.5s
[11:39:55] film cr_film_id=28392 OK in 119.6s
[11:39:55] iteration 20/20
[11:39:55] film cr_film_id=14150 name='Rust (2024) CZ Titulky' candidates=1
[11:39:55]   candidate upload_id=ddd56d9681ba280d url=https://prehraj.to/rust-2024-cztitulky/ddd56d9681ba280d
[11:39:56]   resolved in 1.0s → 720p (https://pf-storage1.premiumcdn.net/163119050/bbMIKBsb6Ud1f81tpJTobs07tOgu7guvwtY…)
[11:40:53]   downloaded 1,341.3 MB in 54.8s (24.5 MB/s)
[11:41:54]   upload done video_id=26038250 in 61.4s
[11:41:56] film cr_film_id=14150 OK in 120.3s
[11:41:56] batch-end ok=19 failed=1 dur=2371.0s avg/film=124.8s remaining=9342 eta_hours=323.9

===== run 2026-06-17T11:51:49Z shard=0/2 batch_size=20 (https://github.com/Olbrasoft/prehrajto-to-prehrajto/actions/runs/27686881940) =====
[11:51:53] batch-start shard=0/2 count=20 backlog=10210 uploads=868 failed_attempts=44 description_overrides=0
[11:51:53] login
[11:51:54] login done
[11:51:54] iteration 1/20
[11:51:54] film cr_film_id=10030 name='Rippy (2024) CZ Titulky' candidates=10
[11:51:54]   candidate upload_id=672e642b69bcb url=https://prehraj.to/rippy-2024-1080p-cz-sub/672e642b69bcb
[11:51:56]   resolved in 1.4s → 720p (https://pf-storage5.premiumcdn.net/105534818/9Rxsl5fD1T4muAbTaVcKefNWtjMi91U9Vu4…)
[11:52:56]   downloaded 1,117.0 MB in 58.1s (19.2 MB/s)
[11:54:11]   upload done video_id=26038380 in 75.4s
[11:54:13] film cr_film_id=10030 OK in 138.6s
[11:54:13] iteration 2/20
[11:54:13] film cr_film_id=10244 name='Possessions (2024) CZ Titulky' candidates=3
[11:54:13]   candidate upload_id=64434520161cb url=https://prehraj.to/possession-2022-cztitulky/64434520161cb
[11:54:14]   resolved in 1.4s → 720p (https://pf-storage3.premiumcdn.net/39672340/qBVfWYcdQiYnu3ECrbTM4c2VS8Gfeoi89UZE…)
[11:55:09]   downloaded 1,233.6 MB in 52.3s (23.6 MB/s)
[11:56:23]   upload done video_id=26038398 in 74.1s
[11:56:25] film cr_film_id=10244 OK in 131.8s
[11:56:25] iteration 3/20
[11:56:25] film cr_film_id=15950 name='Partyzánka (2024) CZ Titulky' candidates=1
[11:56:25]   candidate upload_id=6901a148ead81 url=https://prehraj.to/partyzanka-2024-cz-titulky-hd-1080p/6901a148ead81
[11:56:26]   resolved in 1.4s → 1080p (https://pf-storage5.premiumcdn.net/154200780/4OBiLouK3fkmtdofM4feku2GSYrCrNC6qij…)
[11:58:13]   downloaded 2,069.7 MB in 105.4s (19.6 MB/s)
[12:00:09]   upload done video_id=26038426 in 115.7s
[12:00:11] film cr_film_id=15950 OK in 226.1s
[12:00:11] iteration 4/20
[12:00:11] film cr_film_id=36876 name='Parallel (2024) CZ Titulky' candidates=5
[12:00:11]   candidate upload_id=678796f86bb87 url=https://prehraj.to/parallel-2024-cz-titulky-1080p/678796f86bb87
[12:00:13]   resolved in 2.0s → 720p (https://pf-storage3.premiumcdn.net/127600286/DjEslLfl9cGvC5wCA7Fp0fP4i4ouEDIQncG…)
[12:01:07]   downloaded 924.7 MB in 52.2s (17.7 MB/s)
[12:02:05]   upload done video_id=26038448 in 57.3s
[12:02:06] film cr_film_id=36876 OK in 115.3s
[12:02:06] iteration 5/20
[12:02:06] film cr_film_id=16076 name='Orang Ikan (2024) CZ Titulky' candidates=7
[12:02:06]   candidate upload_id=6904e46504350 url=https://prehraj.to/orang-ikan-2024-web-cz-tit/6904e46504350
[12:02:08]   resolved in 1.5s → 720p (https://pf-storage4.premiumcdn.net/154669764/J52fXxTWLtj0FegfvPixmTXKfQzcvjiWDsL…)
[12:03:12]   downloaded 1,228.6 MB in 61.6s (19.9 MB/s)
[12:04:21]   upload done video_id=26038474 in 69.8s
[12:04:23] film cr_film_id=16076 OK in 136.9s
[12:04:23] iteration 6/20
[12:04:23] film cr_film_id=2820 name='Opičí muž (2024) CZ Titulky' candidates=1
[12:04:23]   candidate upload_id=662a977f1f6b6 url=https://prehraj.to/monkey-man-2024-cz-titulky/662a977f1f6b6
[12:04:24]   resolved in 1.1s → 720p (https://pf-storage5.premiumcdn.net/76573307/pEofNKhmwio8cwxU9vUdzhpDix2uw0HXRiVY…)
[12:05:53]   downloaded 2,128.7 MB in 87.1s (24.4 MB/s)
[12:08:17]   upload done video_id=26038496 in 143.7s
[12:08:18] film cr_film_id=2820 OK in 235.3s
[12:08:18] iteration 7/20
[12:08:18] film cr_film_id=31442 name='Operation Undead (2024) CZ Titulky' candidates=7
[12:08:18]   candidate upload_id=684093fc8b537 url=https://prehraj.to/operation-undead-2024-720p-bluray-yts-mx-cz-tit/684093fc8b537
[12:08:20]   resolved in 1.5s → 480p (https://pf-storage4.premiumcdn.net/139229444/oaWsD3TYqIBmHE1UPDTbvTolIK5in0Fp6fo…)
[12:10:25]   downloaded 987.4 MB in 123.4s (8.0 MB/s)
[12:11:21]   upload done video_id=26038532 in 55.8s
[12:11:23] film cr_film_id=31442 OK in 184.6s
[12:11:23] iteration 8/20
[12:11:23] film cr_film_id=8136 name='One More Shot (2024) CZ Titulky' candidates=1
[12:11:23]   candidate upload_id=65a1e5c979b7c url=https://prehraj.to/one-more-shot-2024-cztitulky/65a1e5c979b7c
[12:11:24]   resolved in 1.2s → 720p (https://pf-storage5.premiumcdn.net/72286529/W2gs5KS3bfKVFDZc7OClMSbDcLgt7jsPXsJe…)
[12:12:38]   downloaded 1,698.1 MB in 71.7s (23.7 MB/s)
[12:14:14]   upload done video_id=26038617 in 96.1s
[12:14:16] film cr_film_id=8136 OK in 172.7s
[12:14:16] iteration 9/20
[12:14:16] film cr_film_id=35252 name='Nosso Lar 2: Os Mensageiros (2024) CZ Titulky' candidates=2
[12:14:16]   candidate upload_id=68816e74d5752 url=https://prehraj.to/nas-domov-2-poslove-2024-hd-cz-titulky-v-obraze/68816e74d5752
[12:14:17]   resolved in 1.2s → 1080p (https://pf-storage5.premiumcdn.net/142073558/NqKsXOFv7hJVcMRTk3i49F76fQKi4OU8eCV…)
[12:17:01]   downloaded 2,030.0 MB in 162.0s (12.5 MB/s)
[12:18:51]   upload done video_id=26038763 in 110.1s
[12:18:53] film cr_film_id=35252 OK in 277.1s
[12:18:53] iteration 10/20
[12:18:53] film cr_film_id=16046 name='No Voltees (2024) CZ Titulky' candidates=5
[12:18:53]   candidate upload_id=671e5db61d9d1 url=https://prehraj.to/no-voltees-2024-cz-titulky/671e5db61d9d1
[12:18:54]   resolved in 1.3s → 720p (https://pf-storage3.premiumcdn.net/104249558/WJQcRys9Oh3QsNQiKLTj0sX2cDzfVdU6kFL…)
[12:19:48]   downloaded 986.2 MB in 52.0s (19.0 MB/s)
[12:20:46]   upload done video_id=26038793 in 58.1s
[12:20:48] film cr_film_id=16046 OK in 115.1s
[12:20:48] iteration 11/20
[12:20:48] film cr_film_id=7490 name='Nesmírný (2024) CZ Titulky' candidates=2
[12:20:48]   candidate upload_id=66b7ce68be506 url=https://prehraj.to/nesmirny-boundless-2024-cz-titulky-1080p/66b7ce68be506
[12:20:49]   resolved in 1.3s → 1080p (https://pf-storage3.premiumcdn.net/89937860/LgAIa1UeluwrcrMS2YImMUADieWt38H8XfRd…)
[12:22:24]   downloaded 2,258.1 MB in 93.5s (24.2 MB/s)
[12:24:41]   upload done video_id=26038818 in 136.2s
[12:24:42] film cr_film_id=7490 OK in 234.6s
[12:24:42] iteration 12/20
[12:24:42] film cr_film_id=37180 name='Nedělej vlny (2024) CZ Titulky' candidates=1
[12:24:42]   candidate upload_id=02f3fc50e8d50491 url=https://prehraj.to/nedelej-vlny-2024-cz-titulky/02f3fc50e8d50491
[12:24:43]   resolve FAILED: HTTP 502 wrapping permanent upstream error: https://prehraj.to/nedelej-vlny-2024-cz-titulky/02f3fc50e8d50491 (permanent=True)
[12:24:43] film cr_film_id=37180 all candidates exhausted
[12:24:43] iteration 13/20
[12:24:43] film cr_film_id=36934 name='My Dead Friend Zoe (2024) CZ Titulky' candidates=1
[12:24:43]   candidate upload_id=68deab4e58ed5 url=https://prehraj.to/my-dead-friend-zoe-2024-cz-titulky/68deab4e58ed5
[12:24:49]   resolved in 6.2s → 720p (https://pf-storage4.premiumcdn.net/149488890/13yurRsx0H8mi64I5oSjRs6WIXDTEOhwbFX…)
[12:26:08]   downloaded 1,468.3 MB in 76.5s (19.2 MB/s)
[12:27:38]   upload done video_id=26038846 in 89.7s
[12:27:39] film cr_film_id=36934 OK in 176.1s
[12:27:39] iteration 14/20
[12:27:39] film cr_film_id=18848 name='Monster Summer (2024) CZ Titulky' candidates=2
[12:27:39]   candidate upload_id=6785766f84496 url=https://prehraj.to/monster-summer-2024-cztitulky/6785766f84496
[12:27:41]   resolved in 1.5s → 720p (https://pf-storage1.premiumcdn.net/127562042/6n0cMmHBnFGbC06TpxSeaHYnUpVcJkF1gia…)
[12:29:20]   downloaded 1,620.2 MB in 97.5s (16.6 MB/s)
[12:30:46]   upload done video_id=26038876 in 85.7s
[12:30:51] film cr_film_id=18848 OK in 191.4s
[12:30:51] iteration 15/20
[12:30:51] film cr_film_id=9456 name='Megalopolis (2024) CZ Titulky' candidates=5
[12:30:51]   candidate upload_id=676bde8ec31ea url=https://prehraj.to/megalopolis-2024-cztit-bydejv/676bde8ec31ea
[12:30:52]   resolved in 1.2s → 720p (https://pf-storage1.premiumcdn.net/126658895/79NSmViDYINBFp8tVoCL9i7xFQZC3rcy6sa…)
[12:33:29]   downloaded 2,117.7 MB in 155.0s (13.7 MB/s)
[12:35:19]   upload done video_id=26038913 in 109.8s
[12:35:20] film cr_film_id=9456 OK in 269.8s
[12:35:20] iteration 16/20
[12:35:20] film cr_film_id=14446 name='Man and Witch: The Dance of a Thousand Steps (2024) CZ Titulky' candidates=2
[12:35:20]   candidate upload_id=673f655340a97 url=https://prehraj.to/man-and-witch-the-dance-of-a-thousand-steps-2024-cz-titulky-1080p/673f655340a97
[12:35:22]   resolved in 1.1s → 720p (https://pf-storage5.premiumcdn.net/109733216/ZbqSdkfzJH4YT6zh4MfEnfvEhn3ta3HqLc2…)
[12:37:18]   downloaded 1,550.8 MB in 114.2s (13.6 MB/s)
[12:38:45]   upload done video_id=26038935 in 87.2s
[12:38:47] film cr_film_id=14446 OK in 206.5s
[12:38:47] iteration 17/20
[12:38:47] film cr_film_id=31428 name='M*A*S*H: The Comedy That Changed Television (2024) CZ Titulky' candidates=1
[12:38:47]   candidate upload_id=6609f281eff98 url=https://prehraj.to/mash-the-comedy-that-changed-television-2024-cztitulky/6609f281eff98
[12:38:48]   resolved in 1.4s → 1080p (https://pf-storage4.premiumcdn.net/75531656/4W4c1jhaXf9luj0sGnfx1hKVSjRIp2CZ2fb6…)
[12:40:59]   downloaded 2,204.8 MB in 128.3s (17.2 MB/s)
[12:43:07]   upload done video_id=26038964 in 128.0s
[12:43:09] film cr_film_id=31428 OK in 261.5s
[12:43:09] iteration 18/20
[12:43:09] film cr_film_id=5360 name='Lowlifes (2024) CZ Titulky' candidates=2
[12:43:09]   candidate upload_id=6634369222f45 url=https://prehraj.to/lowlifes-2024-cztitulky/6634369222f45
[12:43:10]   resolved in 1.5s → 720p (https://pf-storage5.premiumcdn.net/76824023/767fZ8CX9I7rhWrfPaCEeCXQiBYhlkH4pIZe…)
[12:43:48]   downloaded 708.1 MB in 35.9s (19.7 MB/s)
[12:44:36]   upload done video_id=26038981 in 47.5s
[12:44:37] film cr_film_id=5360 OK in 88.6s
[12:44:37] iteration 19/20
[12:44:37] film cr_film_id=16944 name='Long Gone Heroes (2024) CZ Titulky' candidates=9
[12:44:37]   candidate upload_id=67277d19360e2 url=https://prehraj.to/long-gone-heroes-2024-cz-titulky-1080p/67277d19360e2
[12:44:38]   resolved in 0.9s → 720p (https://pf-storage1.premiumcdn.net/105416105/pZ7iXAu6aTEZTVbs9gHvjuK3hGPiYvi6asP…)
[12:46:07]   downloaded 2,064.3 MB in 86.6s (23.8 MB/s)
[12:48:06]   upload done video_id=26038994 in 119.4s
[12:48:08] film cr_film_id=16944 OK in 210.6s
[12:48:08] iteration 20/20
[12:48:08] film cr_film_id=36936 name='Little Bites (2024) CZ Titulky' candidates=2
[12:48:08]   candidate upload_id=67036b546bce8 url=https://prehraj.to/little-bites-2024-cz-titulky-1080p/67036b546bce8
[12:48:09]   resolved in 1.2s → 1080p (https://pf-storage3.premiumcdn.net/100496918/M6zf3RsPBSvQSGZckvIqXsabu5dh6vF1kta…)
[12:50:09]   downloaded 1,938.4 MB in 118.4s (16.4 MB/s)
[12:51:57]   upload done video_id=26039116 in 107.4s
[12:51:58] film cr_film_id=36936 OK in 230.8s
[12:51:58] batch-end ok=19 failed=1 dur=3604.1s avg/film=189.7s remaining=9323 eta_hours=491.3

===== run 2026-06-17T12:52:39Z shard=0/2 batch_size=20 (https://github.com/Olbrasoft/prehrajto-to-prehrajto/actions/runs/27690303448) =====
[12:52:40] batch-start shard=0/2 count=20 backlog=10210 uploads=887 failed_attempts=45 description_overrides=0
[12:52:40] login
[12:52:42] login done
[12:52:42] iteration 1/20
[12:52:42] film cr_film_id=6774 name="Le Mangeur d'âmes (2024) CZ Titulky" candidates=2
[12:52:42]   candidate upload_id=6749f39d3c407 url=https://prehraj.to/le-mangeur-d-ames-2024-cz-tit/6749f39d3c407
[12:52:43]   resolved in 1.0s → 720p (https://pf-storage3.premiumcdn.net/113960969/1E9FnyU3LhDqHmbt7QHo4U7pFZqSAntgDha…)
[12:53:25]   downloaded 1,478.3 MB in 41.2s (35.9 MB/s)
[12:55:18]   upload done video_id=26039213 in 112.2s
[12:55:19] film cr_film_id=6774 OK in 157.2s
[12:55:19] iteration 2/20
[12:55:19] film cr_film_id=31458 name='Lake George (2024) CZ Titulky' candidates=8
[12:55:19]   candidate upload_id=67a2d6d979a6e url=https://prehraj.to/lake-george-2024-1080p-web-dl-hevc-x265-5-1-cz-titulky-mp4/67a2d6d979a6e
[12:55:20]   resolved in 1.0s → 720p (https://pf-storage3.premiumcdn.net/128971430/44VT5mUemtZVH3zc5mfbAU17CKYfPJTExsG…)
[12:56:03]   downloaded 1,479.6 MB in 41.6s (35.6 MB/s)
[12:57:08]   upload done video_id=26039292 in 65.1s
[12:57:09] film cr_film_id=31458 OK in 110.5s
[12:57:09] iteration 3/20
[12:57:09] film cr_film_id=20374 name='Krvavá stovka (2024) CZ Titulky' candidates=1
[12:57:09]   candidate upload_id=679688b708a47 url=https://prehraj.to/krvava-stovka-2024-cz-tit/679688b708a47
[12:57:10]   resolved in 1.0s → 720p (https://pf-storage3.premiumcdn.net/128285270/0qecEyi7VIo7h1kf9vI3XiBeCnWFZ5tJKHb…)
[12:57:41]   downloaded 992.6 MB in 29.2s (34.0 MB/s)
[12:59:02]   upload done video_id=26039345 in 80.7s
[12:59:03] film cr_film_id=20374 OK in 113.5s
[12:59:03] iteration 4/20
[12:59:03] film cr_film_id=1564 name='Konec svĕta (2024) CZ Titulky' candidates=4
[12:59:03]   candidate upload_id=669e5e325e385 url=https://prehraj.to/az-na-konec-sveta-2023-cz-titulky-1080p-mp4/669e5e325e385
[12:59:04]   resolved in 1.1s → 720p (https://pf-storage4.premiumcdn.net/86322920/lgRUKzug4hq5TvlCQ0f9Ru8yspWU9Wu1wUXZ…)
[13:00:04]   downloaded 2,102.6 MB in 58.4s (36.0 MB/s)
[13:01:57]   upload done video_id=26039423 in 113.3s
[13:01:59] film cr_film_id=1564 OK in 175.7s
[13:01:59] iteration 5/20
[13:01:59] film cr_film_id=16240 name='Killer Body Count (2024) CZ Titulky' candidates=7
[13:01:59]   candidate upload_id=211faf67a7c8bed7 url=https://prehraj.to/killer-body-count-2024-cz-titulky-720p-mp4/211faf67a7c8bed7
[13:02:00]   resolved in 1.2s → 720p (https://pf-storage4.premiumcdn.net/166988402/mnaTEkIzjcl1HJ6fALfDnI1yU3LSYPS9XHo…)
[13:02:45]   downloaded 1,216.7 MB in 43.6s (27.9 MB/s)
[13:03:47]   upload done video_id=26039515 in 62.6s
[13:03:49] film cr_film_id=16240 OK in 110.2s
[13:03:49] iteration 6/20
[13:03:49] film cr_film_id=31370 name='In Vitro (2024) CZ Titulky' candidates=3
[13:03:49]   candidate upload_id=d15a5ef28ca205a0 url=https://prehraj.to/in-vitro-2024-cz-titulky/d15a5ef28ca205a0
[13:03:50]   resolved in 1.0s → 720p (https://pf-storage3.premiumcdn.net/160778057/5XMuPrf5zc27IXvIrOIk9fbxHyKIqJCDBfr…)
[13:04:22]   downloaded 1,079.8 MB in 31.1s (34.7 MB/s)
[13:05:19]   upload done video_id=26039571 in 56.5s
[13:05:20] film cr_film_id=31370 OK in 91.2s
[13:05:20] iteration 7/20
[13:05:20] film cr_film_id=4906 name='Here (2024) CZ Titulky' candidates=15
[13:05:20]   candidate upload_id=679a322dae6e6 url=https://prehraj.to/here-2024-cz-titulky-1080p/679a322dae6e6
[13:05:21]   resolved in 0.7s → 1080p (https://pf-storage1.premiumcdn.net/128482739/MQeIBjfWxhA8fGNFokiQrf8oHy0TXNsa0sa…)
[13:06:27]   downloaded 2,188.9 MB in 65.0s (33.7 MB/s)
[13:08:02]   upload done video_id=26039807 in 95.0s
[13:08:03] film cr_film_id=4906 OK in 163.4s
[13:08:03] iteration 8/20
[13:08:03] film cr_film_id=16296 name='Handsome Guys (2024) CZ Titulky' candidates=1
[13:08:03]   candidate upload_id=67e587b721769 url=https://prehraj.to/handsome-guys-2024-cz-titulky-1080p/67e587b721769
[13:08:05]   resolved in 1.0s → 1080p (https://pf-storage3.premiumcdn.net/133454780/pXmsbei6ocmjHyVSb3cENimyCJVCo4s4du4…)
[13:09:29]   downloaded 2,925.9 MB in 82.6s (35.4 MB/s)
[13:11:44]   upload done video_id=26040097 in 135.9s
[13:11:46] film cr_film_id=16296 OK in 222.5s
[13:11:46] iteration 9/20
[13:11:46] film cr_film_id=6160 name='Hagen - Im Tal der Nibelungen (2024) CZ Titulky' candidates=1
[13:11:46]   candidate upload_id=67c738a2ce1dc url=https://prehraj.to/hagen-im-tal-der-nibelungen-2024-cztit-v-obraze-1080p/67c738a2ce1dc
[13:11:47]   resolved in 1.0s → 720p (https://pf-storage5.premiumcdn.net/131324342/GB2IE0izecmOT4EuZvUOAiQpUW4C96SJ6u3…)
[13:13:16]   downloaded 2,458.8 MB in 87.2s (28.2 MB/s)
[13:16:27]   upload done video_id=26040197 in 191.0s
[13:16:28] film cr_film_id=6160 OK in 282.2s
[13:16:28] iteration 10/20
[13:16:28] film cr_film_id=34338 name='Girl Haunts Boy (2024) CZ Titulky' candidates=4
[13:16:28]   candidate upload_id=cfc6462fa5374854 url=https://prehraj.to/girl-haunts-boy-fantasy-romanticky-usa-2024-59-eng-cz-titulky/cfc6462fa5374854
[13:16:29]   resolved in 0.9s → 720p (https://pf-storage6.premiumcdn.net/171459884/6jNSoYUgRiVNs3Et46UzKUMkfP2cwDIwpHq…)
[13:17:05]   downloaded 944.9 MB in 33.8s (28.0 MB/s)
[13:17:41]   upload done video_id=26040308 in 36.5s
[13:17:42] film cr_film_id=34338 OK in 74.1s
[13:17:42] iteration 11/20
[13:17:42] film cr_film_id=16186 name='Eye for an Eye 2 (2024) CZ Titulky' candidates=2
[13:17:42]   candidate upload_id=67e28171966bd url=https://prehraj.to/eye-for-an-eye-2-2024-cz-titulky-1080p/67e28171966bd
[13:17:43]   resolved in 1.0s → 720p (https://pf-storage3.premiumcdn.net/133233230/KVQivnTg5IWMueWiaXS3gT3MFNWUd2CD3t2…)
[13:18:36]   downloaded 1,802.0 MB in 51.2s (35.2 MB/s)
[13:20:27]   upload done video_id=26040357 in 110.7s
[13:20:28] film cr_film_id=16186 OK in 165.7s
[13:20:28] iteration 12/20
[13:20:28] film cr_film_id=18354 name='Emmanuelle (2024) CZ Titulky' candidates=6
[13:20:28]   candidate upload_id=6819198ca09e8 url=https://prehraj.to/emmanuelle-2024-cz-tit-1080p-webrip-x264-aac5-1/6819198ca09e8
[13:20:29]   resolved in 0.9s → 720p (https://pf-storage5.premiumcdn.net/137260241/VYvIEgunRHZOc9KhnOUWJuqkhN5c67TZRhG…)
[13:21:11]   downloaded 1,416.5 MB in 40.7s (34.8 MB/s)
[13:22:10]   upload done video_id=26040436 in 58.4s
[13:22:11] film cr_film_id=18354 OK in 102.9s
[13:22:11] iteration 13/20
[13:22:11] film cr_film_id=9320 name='Duch temnoty (2024) CZ Titulky' candidates=1
[13:22:11]   candidate upload_id=6687a6e0dad66 url=https://prehraj.to/ur-morkret-2024-cz-titulky-1080p/6687a6e0dad66
[13:22:12]   resolved in 1.0s → 1080p (https://pf-storage3.premiumcdn.net/82467827/DoOI0YUodtn7u9ohV5Fj1U53IVXuKqiB7f1r…)
[13:23:09]   downloaded 1,876.2 MB in 55.4s (33.9 MB/s)
[13:24:38]   upload done video_id=26040486 in 88.8s
[13:24:39] film cr_film_id=9320 OK in 147.9s
[13:24:39] iteration 14/20
[13:24:39] film cr_film_id=15754 name='Drive Back (2024) CZ Titulky' candidates=7
[13:24:39]   candidate upload_id=90b50bf5a9d07bf3 url=https://prehraj.to/drive-back-2024-720p-cz-tit-mkv/90b50bf5a9d07bf3
[13:24:40]   resolved in 1.1s → 480p (https://pf-storage3.premiumcdn.net/167407490/Y07HYbfgjHWluawuxgcWAfPwComSbmFw4IW…)
[13:25:03]   downloaded 582.9 MB in 22.1s (26.4 MB/s)
[13:25:29]   upload done video_id=26040534 in 26.0s
[13:25:31] film cr_film_id=15754 OK in 52.1s
[13:25:31] iteration 15/20
[13:25:31] film cr_film_id=15976 name='Dream Eater (2024) CZ Titulky' candidates=8
[13:25:31]   candidate upload_id=10219ceb26bfc2d2 url=https://prehraj.to/dream-eater-2025-1080p-cz-tit-mp4/10219ceb26bfc2d2
[13:25:32]   resolved in 1.0s → 1080p (https://pf-storage1.premiumcdn.net/167222543/vlQcv8FVduYZSy9Ho0sLEFR6fEJfwjT4aSy…)
[13:26:35]   downloaded 1,763.6 MB in 62.3s (28.3 MB/s)
[13:28:14]   upload done video_id=26040594 in 99.0s
[13:28:16] film cr_film_id=15976 OK in 165.0s
[13:28:16] iteration 16/20
[13:28:16] film cr_film_id=14952 name='Dominique (2024) CZ Titulky' candidates=9
[13:28:16]   candidate upload_id=675edd78b792d url=https://prehraj.to/dominique-2024-1080p-webrip-x265-10bit-aac5-1-cz-tit/675edd78b792d
[13:28:17]   resolved in 1.0s → 720p (https://pf-storage1.premiumcdn.net/123217454/kgJflMTZYfOvTwNHreUMrT2btwnFnMirehy…)
[13:29:36]   downloaded 2,238.9 MB in 78.1s (28.7 MB/s)
[13:31:23]   upload done video_id=26040693 in 106.4s
[13:31:24] film cr_film_id=14952 OK in 188.5s
[13:31:24] iteration 17/20
[13:31:24] film cr_film_id=15988 name='Do Patti (2024) CZ Titulky' candidates=4
[13:31:24]   candidate upload_id=672286df5ee47 url=https://prehraj.to/do-patti-2024-cz-titulky/672286df5ee47
[13:31:25]   resolved in 1.0s → 1080p (https://pf-storage1.premiumcdn.net/104842427/802cW8FnMcdZfvQuD6flJF9ycb8tnLf5pT7…)
[13:32:34]   downloaded 1,858.2 MB in 66.6s (27.9 MB/s)
[13:33:49]   upload done video_id=26040761 in 75.1s
[13:33:50] film cr_film_id=15988 OK in 145.6s
[13:33:50] iteration 18/20
[13:33:50] film cr_film_id=16860 name='DarkGame (2024) CZ Titulky' candidates=10
[13:33:50]   candidate upload_id=670a62b911210 url=https://prehraj.to/darkgame-2024-cztitulky-1080p/670a62b911210
[13:33:51]   resolved in 1.0s → 720p (https://pf-storage3.premiumcdn.net/101483663/9YMuRZSJwFVehZ2TbWUgwSGmi8DUY8UvoIZ…)
[13:34:37]   downloaded 1,257.3 MB in 44.8s (28.1 MB/s)
[13:35:50]   upload done video_id=26040811 in 73.0s
[13:35:52] film cr_film_id=16860 OK in 121.8s
[13:35:52] iteration 19/20
[13:35:52] film cr_film_id=20398 name='Conjuring the Cult (2024) CZ Titulky' candidates=3
[13:35:52]   candidate upload_id=67acc2b051158 url=https://prehraj.to/conjuring-the-cult-2024-cz-titulky/67acc2b051158
[13:35:53]   resolved in 0.9s → 720p (https://pf-storage5.premiumcdn.net/129651323/65qcEpigaILZS0DSrahBbig4URwI3qcvRUd…)
[13:36:27]   downloaded 903.6 MB in 33.0s (27.4 MB/s)
[13:37:07]   upload done video_id=26040871 in 40.2s
[13:37:09] film cr_film_id=20398 OK in 77.2s
[13:37:09] iteration 20/20
[13:37:09] film cr_film_id=10286 name='Clear Cut (2024) CZ Titulky' candidates=8
[13:37:09]   candidate upload_id=6796683abce7c url=https://prehraj.to/clear-cut-2024-cz-titulky-1080p-mp4/6796683abce7c
[13:37:10]   resolved in 1.2s → 720p (https://pf-storage5.premiumcdn.net/128279840/jAzfqNT15H02iZYIAOHn9TRYFJaFbJf3NUO…)
[13:38:32]   downloaded 2,317.5 MB in 79.9s (29.0 MB/s)
[13:40:35]   upload done video_id=26040951 in 123.1s
[13:40:36] film cr_film_id=10286 OK in 207.1s
[13:40:36] batch-end ok=20 failed=0 dur=2874.3s avg/film=143.7s remaining=9303 eta_hours=371.3

===== run 2026-06-17T13:41:15Z shard=0/2 batch_size=20 (https://github.com/Olbrasoft/prehrajto-to-prehrajto/actions/runs/27693280930) =====
[13:41:15] batch-start shard=0/2 count=20 backlog=10210 uploads=907 failed_attempts=45 description_overrides=0
[13:41:15] login
[13:41:17] login done
[13:41:17] iteration 1/20
[13:41:17] film cr_film_id=15890 name='Bone Lake (2024) CZ Titulky' candidates=1
[13:41:17]   candidate upload_id=a7cab5edd4ed07f2 url=https://prehraj.to/bone-lake-2024-1080p-webrip-x264-aac5-1-yts-mx-mp4/a7cab5edd4ed07f2
[13:41:18]   resolved in 1.0s → 720p (https://pf-storage5.premiumcdn.net/155446748/EEbI1nH86C6Eua5fq1t8mHR1tO8TXNC9mI5…)
[13:42:12]   downloaded 1,620.4 MB in 52.9s (30.6 MB/s)
[13:43:21]   upload done video_id=26041080 in 68.5s
[13:43:22] film cr_film_id=15890 OK in 125.4s
[13:43:22] iteration 2/20
[13:43:22] film cr_film_id=18642 name='Bardejov (2024) CZ Titulky' candidates=1
[13:43:22]   candidate upload_id=6614352055f4b url=https://prehraj.to/bardejov-2024-cztitulky/6614352055f4b
[13:43:23]   resolved in 1.0s → 720p (https://pf-storage5.premiumcdn.net/75892913/bPDtVXibkFXwfvqCN1t1biBEC57FpYUDkC32…)
[13:44:26]   downloaded 1,504.9 MB in 60.9s (24.7 MB/s)
[13:45:43]   upload done video_id=26041143 in 77.2s
[13:45:44] film cr_film_id=18642 OK in 142.1s
[13:45:44] iteration 3/20
[13:45:44] film cr_film_id=34188 name='Ballistic (2024) CZ Titulky' candidates=3
[13:45:44]   candidate upload_id=59aba64a86e242ae url=https://prehraj.to/ballistic-1080p-amzn-webrip-x265-6ch-supacvnt-mkv/59aba64a86e242ae
[13:45:45]   resolve FAILED: HTTP 502 wrapping permanent upstream error: https://prehraj.to/ballistic-1080p-amzn-webrip-x265-6ch-supacvnt-mkv/59aba64a86e242ae (permanent=True)
[13:45:45]   candidate upload_id=cbcdad591e86fa6d url=https://prehraj.to/ballistic-2025-1080p-cz-tit-mkv/cbcdad591e86fa6d
[13:45:51]   resolved in 5.8s → 720p (https://pf-storage6.premiumcdn.net/169626193/MxgTGpsG4hDEH2GF8MuQas27H95h6GTOrIZ…)
[13:46:37]   downloaded 1,058.6 MB in 44.6s (23.7 MB/s)
[13:47:35]   upload done video_id=26041217 in 57.5s
[13:47:39] film cr_film_id=34188 OK in 114.5s
[13:47:39] iteration 4/20
[13:47:39] film cr_film_id=10246 name='Bag of Lies (2024) CZ Titulky' candidates=7
[13:47:39]   candidate upload_id=66240af6323c4 url=https://prehraj.to/bag-of-lies-2024-cz-titulky-v-obraze/66240af6323c4
[13:47:40]   resolved in 1.0s → 720p (https://pf-storage5.premiumcdn.net/76337558/PwrSnyizECqnhVWH6zhONiPJteZCBqF8MsDz…)
[13:48:24]   downloaded 993.2 MB in 42.0s (23.6 MB/s)
[13:49:07]   upload done video_id=26041282 in 43.2s
[13:49:08] film cr_film_id=10246 OK in 89.6s
[13:49:08] iteration 5/20
[13:49:08] film cr_film_id=6782 name='Babygirl (2024) CZ Titulky' candidates=11
[13:49:08]   candidate upload_id=68f942bcddf7f url=https://prehraj.to/babygirl-cz-titulky-2024-1080p/68f942bcddf7f
[13:49:10]   resolved in 1.6s → 720p (https://pf-storage3.premiumcdn.net/152946063/Bpws2JI2nId8TRAc2asryIGWuZwi3vFywfg…)
[13:50:03]   downloaded 1,569.4 MB in 51.6s (30.4 MB/s)
[13:51:23]   upload done video_id=26041342 in 79.6s
[13:51:24] film cr_film_id=6782 OK in 136.0s
[13:51:24] iteration 6/20
[13:51:24] film cr_film_id=31306 name='Babes (2024) CZ Titulky' candidates=5
[13:51:24]   candidate upload_id=67ca1ea6134a6 url=https://prehraj.to/babes-2024-cz-titulky-1080p/67ca1ea6134a6
[13:51:26]   resolved in 1.0s → 720p (https://pf-storage1.premiumcdn.net/131502056/kDVIXESxrc6LUDPFlVH6kS0xHdzuk5c0qTv…)
[13:52:06]   downloaded 1,132.3 MB in 38.9s (29.1 MB/s)
[13:53:00]   upload done video_id=26041410 in 54.2s
[13:53:01] film cr_film_id=31306 OK in 97.0s
[13:53:01] iteration 7/20
[13:53:01] film cr_film_id=9034 name='Aftermath (2024) CZ Titulky' candidates=8
[13:53:01]   candidate upload_id=65f85a52a096d url=https://prehraj.to/aftermath-2024-cz-titulky-1080p-fullhd/65f85a52a096d
[13:53:03]   resolved in 1.2s → 720p (https://pf-storage3.premiumcdn.net/74906063/bOofagTAQUgEHYzTA6IB3TeQSkNhJRSxAhlv…)
[13:53:39]   downloaded 828.3 MB in 34.8s (23.8 MB/s)
[13:54:23]   upload done video_id=26041468 in 43.8s
[13:54:24] film cr_film_id=9034 OK in 82.8s
[13:54:24] iteration 8/20
[13:54:24] film cr_film_id=20128 name='2073 (2024) CZ Titulky' candidates=4
[13:54:24]   candidate upload_id=f0eef2a36fca2056 url=https://prehraj.to/2073-2024-cztit-v-obraze-1080p/f0eef2a36fca2056
[13:54:25]   resolved in 1.1s → 720p (https://pf-storage6.premiumcdn.net/171258455/3jzh5AfjnHlETOXHL1UEMfZ6IwzH2ySw8sp…)
[13:55:14]   downloaded 1,379.3 MB in 46.5s (29.7 MB/s)
[13:56:33]   upload done video_id=26041517 in 79.0s
[13:56:35] film cr_film_id=20128 OK in 130.3s
[13:56:35] iteration 9/20
[13:56:35] film cr_film_id=16036 name='(Pri)sons (2024) CZ Titulky' candidates=4
[13:56:35]   candidate upload_id=67c724010c08c url=https://prehraj.to/pri-sons-carnage-2024-cz-tit/67c724010c08c
[13:56:36]   resolved in 1.1s → 480p (https://pf-storage5.premiumcdn.net/131317586/7o4ig9TKrI24So7uxNSZrTLoipKS0yu3mIW…)
[13:56:55]   downloaded 368.5 MB in 17.2s (21.4 MB/s)
[13:57:18]   upload done video_id=26041580 in 23.5s
[13:57:19] film cr_film_id=16036 OK in 44.9s
[13:57:19] iteration 10/20
[13:57:19] film cr_film_id=34064 name='Zas a znova (2023) CZ Titulky' candidates=1
[13:57:19]   candidate upload_id=64472b0dc097a url=https://prehraj.to/zas-a-znova-2023-cztitulky/64472b0dc097a
[13:57:21]   resolved in 1.0s → 1080p (https://pf-storage1.premiumcdn.net/39795844/zLyty8FexCA0FlesQOi5WF4PC6NuMeUq4fJZ…)
[13:58:40]   downloaded 1,931.5 MB in 77.9s (24.8 MB/s)
[14:00:07]   upload done video_id=26041638 in 86.9s
[14:00:08] film cr_film_id=34064 OK in 168.9s
[14:00:08] iteration 11/20
[14:00:08] film cr_film_id=6816 name="You'll Never Find Me (2023) CZ Titulky" candidates=6
[14:00:08]   candidate upload_id=66000e8ea5ecb url=https://prehraj.to/you-ll-never-find-me-2023-cz-titulky-1080p/66000e8ea5ecb
[14:00:10]   resolved in 1.1s → 720p (https://pf-storage4.premiumcdn.net/75099740/4EZS3zTDahlZHXlc07CdLT65FV0hd2hKDUdO…)
[14:00:43]   downloaded 791.6 MB in 32.4s (24.4 MB/s)
[14:01:17]   upload done video_id=26041704 in 33.5s
[14:01:18] film cr_film_id=6816 OK in 70.1s
[14:01:18] iteration 12/20
[14:01:18] film cr_film_id=8170 name='Warhorse One (2023) CZ Titulky' candidates=1
[14:01:18]   candidate upload_id=64acc30f5ca0a url=https://prehraj.to/warhorse-one-2023-1080p-cz-sub/64acc30f5ca0a
[14:01:20]   resolved in 1.1s → 720p (https://pf-storage1.premiumcdn.net/42341432/mLvTXwCoLskZt5gcoah31CvGuY9fq5c9nTBm…)
[14:03:34]   downloaded 4,136.1 MB in 132.6s (31.2 MB/s)
[14:07:03]   upload done video_id=26041796 in 209.6s
[14:07:05] film cr_film_id=8170 OK in 346.5s
[14:07:05] iteration 13/20
[14:07:05] film cr_film_id=28154 name='Wait with Me (2023) CZ Titulky' candidates=2
[14:07:05]   candidate upload_id=644c9c082640c url=https://prehraj.to/wait-with-me-2023-cztitulky/644c9c082640c
[14:07:06]   resolved in 1.0s → 720p (https://pf-storage1.premiumcdn.net/39973015/av9iO2Cx3T4gtJafvafOECDQT5gUmyI2bIJx…)
[14:07:51]   downloaded 1,301.8 MB in 43.7s (29.8 MB/s)
[14:09:01]   upload done video_id=26041927 in 69.5s
[14:09:03] film cr_film_id=28154 OK in 117.6s
[14:09:03] iteration 14/20
[14:09:03] film cr_film_id=10544 name='Vřískot 6 (2023) CZ Titulky' candidates=5
[14:09:03]   candidate upload_id=f5e70e07a3635975 url=https://prehraj.to/vriskot-6-scream-vi-2023-1080p-cz-tit-horor-thriller-mp4/f5e70e07a3635975
[14:09:04]   resolved in 1.1s → 720p (https://pf-storage3.premiumcdn.net/166294814/xAwIBru5AUvnHBWSegi4OuKWhW5Fo5tXZsp…)
[14:10:18]   downloaded 1,683.8 MB in 72.2s (23.3 MB/s)
[14:11:36]   upload done video_id=26042004 in 78.6s
[14:11:38] film cr_film_id=10544 OK in 155.1s
[14:11:38] iteration 15/20
[14:11:38] film cr_film_id=14682 name='Vzorný student (2023) CZ Titulky' candidates=1
[14:11:38]   candidate upload_id=5ab5a24c6d1d95f0 url=https://prehraj.to/honor-society-2022-cz-titulky-1080p/5ab5a24c6d1d95f0
[14:11:39]   resolved in 1.1s → 720p (https://pf-storage4.premiumcdn.net/168888295/6x8uAziAnf0dIBWS9xSNxiR6FR7IJdTx2Sz…)
[14:12:22]   downloaded 1,257.1 MB in 41.8s (30.1 MB/s)
[14:13:16]   upload done video_id=26042068 in 54.3s
[14:13:18] film cr_film_id=14682 OK in 100.0s
[14:13:18] iteration 16/20
[14:13:18] film cr_film_id=14910 name='Vyzov (2023) CZ Titulky' candidates=1
[14:13:18]   candidate upload_id=64f67df4c3106 url=https://prehraj.to/the-challenge-2023-cztitulky/64f67df4c3106
[14:13:19]   resolved in 1.0s → 720p (https://pf-storage3.premiumcdn.net/44010737/bJguAgCRJtXviRrfQaI1rCJoiYRtwycORcB1…)
[14:14:46]   downloaded 2,145.8 MB in 86.2s (24.9 MB/s)
[14:16:21]   upload done video_id=26042148 in 94.5s
[14:16:23] film cr_film_id=14910 OK in 185.0s
[14:16:23] iteration 17/20
[14:16:23] film cr_film_id=28046 name='Visions (2023) CZ Titulky' candidates=1
[14:16:23]   candidate upload_id=661557a8af37b url=https://prehraj.to/visions-2023-cz-titulky-1080p-fullhd/661557a8af37b
[14:16:24]   resolved in 1.5s → 720p (https://pf-storage5.premiumcdn.net/75920123/RNRtrOIGrUY3c1RiO9idxIgjiOZFYAcamHzl…)
[14:17:36]   downloaded 1,704.4 MB in 70.1s (24.3 MB/s)
[14:18:51]   upload done video_id=26042238 in 75.5s
[14:18:53] film cr_film_id=28046 OK in 150.5s
[14:18:53] iteration 18/20
[14:18:53] film cr_film_id=35002 name='Vaincre ou mourir (2023) CZ Titulky' candidates=1
[14:18:53]   candidate upload_id=64ce014d66caf url=https://prehraj.to/vaincre-ou-mourir-2023-cztitulky/64ce014d66caf
[14:18:54]   resolved in 1.1s → 720p (https://pf-storage4.premiumcdn.net/43075466/q1RCVMTLzt2mF4lCjRFWjTr2UqzH45f7mc4w…)
[14:20:01]   downloaded 1,927.3 MB in 65.2s (29.6 MB/s)
[14:21:22]   upload done video_id=26042332 in 81.0s
[14:21:23] film cr_film_id=35002 OK in 150.3s
[14:21:23] iteration 19/20
[14:21:23] film cr_film_id=35778 name='Umění jíst a milovat (2023) CZ Titulky' candidates=2
[14:21:23]   candidate upload_id=39bd1e2ea7f809e0 url=https://prehraj.to/umeni-jist-a-milovat-2023-cz-titulky-1080p/39bd1e2ea7f809e0
[14:21:25]   resolve FAILED: HTTP 502 wrapping permanent upstream error: https://prehraj.to/umeni-jist-a-milovat-2023-cz-titulky-1080p/39bd1e2ea7f809e0 (permanent=True)
[14:21:25]   candidate upload_id=c8a108e125703171 url=https://prehraj.to/umeni-jist-a-milovat-2023/c8a108e125703171
[14:21:30]   resolve FAILED: HTTP 502 wrapping permanent upstream error: https://prehraj.to/umeni-jist-a-milovat-2023/c8a108e125703171 (permanent=True)
[14:21:30] film cr_film_id=35778 all candidates exhausted
[14:21:30] iteration 20/20
[14:21:30] film cr_film_id=7216 name='U tebe nebo u mě? (2023) CZ Titulky' candidates=2
[14:21:30]   candidate upload_id=63facccc0f5bc url=https://prehraj.to/your-place-or-mine-2023-cztitulky/63facccc0f5bc
[14:21:37]   resolved in 6.2s → 720p (https://pf-storage4.premiumcdn.net/37809643/dNRF3WIn0U8JiVmHvNhQvIw4Sm7irefLZUNE…)
[14:22:42]   downloaded 1,562.4 MB in 63.8s (24.5 MB/s)
[14:24:00]   upload done video_id=26042430 in 77.7s
[14:24:02] film cr_film_id=7216 OK in 151.2s
[14:24:02] batch-end ok=19 failed=1 dur=2564.7s avg/film=135.0s remaining=9284 eta_hours=348.1

===== run 2026-06-17T14:39:03Z shard=0/2 batch_size=20 (https://github.com/Olbrasoft/prehrajto-to-prehrajto/actions/runs/27697061481) =====
[14:39:04] batch-start shard=0/2 count=20 backlog=10210 uploads=926 failed_attempts=48 description_overrides=0
[14:39:04] login
[14:39:05] login done
[14:39:05] iteration 1/20
[14:39:05] film cr_film_id=31390 name='To End All War: Oppenheimer & the Atomic Bomb (2023) CZ Titulky' candidates=1
[14:39:05]   candidate upload_id=2396e867189d6fb7 url=https://prehraj.to/to-end-all-war-oppenheimer-the-atomic-bomb-2023-en-cz-tit-mp4/2396e867189d6fb7
[14:39:06]   resolve FAILED: HTTP 502 wrapping permanent upstream error: https://prehraj.to/to-end-all-war-oppenheimer-the-atomic-bomb-2023-en-cz-tit-mp4/2396e867189d6fb7 (permanent=True)
[14:39:06] film cr_film_id=31390 all candidates exhausted
[14:39:06] iteration 2/20
[14:39:06] film cr_film_id=34140 name='Thriller 40 (2023) CZ Titulky' candidates=1
[14:39:06]   candidate upload_id=6602805d852d4 url=https://prehraj.to/thriller-40-let-2023-cz-titulky/6602805d852d4
[14:39:12]   resolved in 6.0s → 720p (https://pf-storage5.premiumcdn.net/75174125/bGvTA3fPRSKbtX1hYqcQEfNdi4Xs8mhE3FK8…)
[14:39:54]   downloaded 1,205.1 MB in 40.4s (29.8 MB/s)
[14:41:00]   upload done video_id=26043061 in 66.2s
[14:41:02] film cr_film_id=34140 OK in 115.6s
[14:41:02] iteration 3/20
[14:41:02] film cr_film_id=15886 name='The Well (2023) CZ Titulky' candidates=2
[14:41:02]   candidate upload_id=670820a8085cc url=https://prehraj.to/the-well-2024-cz-titulky-1080p/670820a8085cc
[14:41:03]   resolved in 1.1s → 720p (https://pf-storage3.premiumcdn.net/101168009/GNaHXliRyseJSAEsw6cNbi28hopI8zc3gCG…)
[14:41:47]   downloaded 1,131.4 MB in 42.3s (26.7 MB/s)
[14:42:41]   upload done video_id=26043104 in 54.5s
[14:42:43] film cr_film_id=15886 OK in 101.1s
[14:42:43] iteration 4/20
[14:42:43] film cr_film_id=8682 name='The Puppetman (2023) CZ Titulky' candidates=12
[14:42:43]   candidate upload_id=689f850411686 url=https://prehraj.to/the-puppetman-2023-cz-tit/689f850411686
[14:42:44]   resolved in 1.0s → 480p (https://pf-storage4.premiumcdn.net/143688081/KdPcvRFL5cRlHZkfrPtpWFzWs1NcelCdkSM…)
[14:42:54]   downloaded 150.6 MB in 8.9s (16.9 MB/s)
[14:43:04]   upload done video_id=26043137 in 9.8s
[14:43:05] film cr_film_id=8682 OK in 22.7s
[14:43:05] iteration 5/20
[14:43:05] film cr_film_id=4506 name='The Passenger (2023) CZ Titulky' candidates=1
[14:43:05]   candidate upload_id=64dab2b847fbc url=https://prehraj.to/the-passenger-2023-cztitulky/64dab2b847fbc
[14:43:06]   resolved in 1.1s → 720p (https://pf-storage1.premiumcdn.net/43428545/lq4I0eimGTEBToECxgt9jigRtk0TEvsp3CEP…)
[14:43:49]   downloaded 970.2 MB in 40.7s (23.8 MB/s)
[14:44:41]   upload done video_id=26043159 in 51.5s
[14:44:42] film cr_film_id=4506 OK in 97.0s
[14:44:42] iteration 6/20
[14:44:42] film cr_film_id=4428 name='The Paragon (2023) CZ Titulky' candidates=5
[14:44:42]   candidate upload_id=72e738129d2746a5 url=https://prehraj.to/the-paragon-2023-cztit-1080p-mkv/72e738129d2746a5
[14:44:43]   resolved in 1.1s → 720p (https://pf-storage5.premiumcdn.net/155049507/5RYIJ4SBPF2qTaofAaTzXSXBuPpTv7FBqu5…)
[14:45:30]   downloaded 1,311.6 MB in 45.1s (29.1 MB/s)
[14:46:34]   upload done video_id=26043200 in 64.1s
[14:46:36] film cr_film_id=4428 OK in 113.6s
[14:46:36] iteration 7/20
[14:46:36] film cr_film_id=7538 name='The Old Way (2023) CZ Titulky' candidates=3
[14:46:36]   candidate upload_id=63c4777c72fe2 url=https://prehraj.to/the-old-way-2023-cztit-1080p/63c4777c72fe2
[14:46:37]   resolved in 1.1s → 720p (https://pf-storage3.premiumcdn.net/36359239/3gETbof15h5ZCvbuOVhypfGrt7mS96hObHVa…)
[14:47:30]   downloaded 1,502.8 MB in 51.7s (29.1 MB/s)
[14:48:35]   upload done video_id=26043248 in 65.1s
[14:48:37] film cr_film_id=7538 OK in 121.0s
[14:48:37] iteration 8/20
[14:48:37] film cr_film_id=10202 name='The Ghost Within (2023) CZ Titulky' candidates=9
[14:48:37]   candidate upload_id=6893e54d3fa2a url=https://prehraj.to/the-ghost-within-2023-1080p-bluray-cz-tit/6893e54d3fa2a
[14:48:38]   resolved in 1.3s → 480p (https://pf-storage3.premiumcdn.net/143121428/oo4sZoH2oHnwSY0HNzsK0HPkuOPC1ZumGUw…)
[14:48:49]   downloaded 161.9 MB in 9.3s (17.4 MB/s)
[14:48:59]   upload done video_id=26043281 in 9.6s
[14:49:00] film cr_film_id=10202 OK in 23.3s
[14:49:00] iteration 9/20
[14:49:00] film cr_film_id=36944 name='The Engineer (2023) CZ Titulky' candidates=2
[14:49:00]   candidate upload_id=652a42369e60b url=https://prehraj.to/the-engineer-2023-cz-titulky/652a42369e60b
[14:49:01]   resolved in 0.8s → 720p (https://pf-storage3.premiumcdn.net/48254777/o4YU7AFJpsMaUlYiqkT29FVyhAzT3wU4kHQV…)
[14:49:56]   downloaded 1,285.6 MB in 53.6s (24.0 MB/s)
[14:50:51]   upload done video_id=26043316 in 55.0s
[14:50:52] film cr_film_id=36944 OK in 112.0s
[14:50:52] iteration 10/20
[14:50:52] film cr_film_id=32174 name='The Devil Conspiracy (2023) CZ Titulky' candidates=2
[14:50:52]   candidate upload_id=6424d8bb484e6 url=https://prehraj.to/the-devil-conspiracy-2022-cz-titulky-1080p/6424d8bb484e6
[14:50:53]   resolved in 1.1s → 720p (https://pf-storage3.premiumcdn.net/38832379/AG0sgnC9YFjoc82TX7f4KCzqFamsnEf9oSdx…)
[14:51:41]   downloaded 1,366.1 MB in 46.3s (29.5 MB/s)
[14:52:46]   upload done video_id=26043360 in 64.9s
[14:52:47] film cr_film_id=32174 OK in 115.1s
[14:52:47] iteration 11/20
[14:52:47] film cr_film_id=6168 name='The Critic (2023) CZ Titulky' candidates=5
[14:52:47]   candidate upload_id=67cb1f2611d38 url=https://prehraj.to/the-critic-2024-cz-titulky-1080p/67cb1f2611d38
[14:52:48]   resolved in 1.1s → 720p (https://pf-storage5.premiumcdn.net/131577680/vr2uxpHA3cKOfPRiEBIYbHvgsj9sZzTW4in…)
[14:53:42]   downloaded 1,220.4 MB in 51.7s (23.6 MB/s)
[14:54:48]   upload done video_id=26043410 in 66.3s
[14:54:50] film cr_film_id=6168 OK in 122.3s
[14:54:50] iteration 12/20
[14:54:50] film cr_film_id=10206 name='The Best Man (2023) CZ Titulky' candidates=6
[14:54:50]   candidate upload_id=64b4d0e5ea055 url=https://prehraj.to/the-best-man-2023-cztit-v-obraze-1080p/64b4d0e5ea055
[14:54:51]   resolved in 1.2s → 720p (https://pf-storage4.premiumcdn.net/42507554/xjwinbU42T8NI9NhpkF1YUNntK6COZHr2il4…)
[14:55:43]   downloaded 1,577.2 MB in 50.8s (31.0 MB/s)
[14:56:48]   upload done video_id=26043460 in 64.5s
[14:56:49] film cr_film_id=10206 OK in 119.5s
[14:56:49] iteration 13/20
[14:56:49] film cr_film_id=9756 name='Telekinez (2023) CZ Titulky' candidates=5
[14:56:49]   candidate upload_id=657f8e948e584 url=https://prehraj.to/telekinez-2023-cztitulky/657f8e948e584
[14:56:50]   resolved in 1.0s → 720p (https://pf-storage1.premiumcdn.net/71177459/6RVcJyHgatephE6UYzSp1HpYuQ9cvDFJkFzA…)
[14:57:44]   downloaded 1,262.2 MB in 52.6s (24.0 MB/s)
[14:58:36]   upload done video_id=26043509 in 51.4s
[14:58:37] film cr_film_id=9756 OK in 108.1s
[14:58:37] iteration 14/20
[14:58:37] film cr_film_id=7548 name='Teen Wolf: The Movie (2023) CZ Titulky' candidates=15
[14:58:37]   candidate upload_id=63d3dd2d67fb8 url=https://prehraj.to/teen-wolf-the-movie-2023-1080p-cz-titulky/63d3dd2d67fb8
[14:58:38]   resolved in 1.1s → 1080p (https://pf-storage1.premiumcdn.net/36788293/6bEHgvuOZIA6uOvczlhRDuDESLAi2KsQlUk3…)
[15:02:01]   downloaded 4,722.6 MB in 200.9s (23.5 MB/s)
[15:05:29]   upload done video_id=26043613 in 208.6s
[15:05:31] film cr_film_id=7548 OK in 413.8s
[15:05:31] iteration 15/20
[15:05:31] film cr_film_id=5832 name='Superposition (2023) CZ Titulky' candidates=5
[15:05:31]   candidate upload_id=64a11177d50a7 url=https://prehraj.to/superposition-2023-cz-sub-1080p-mp4/64a11177d50a7
[15:05:32]   resolved in 1.1s → 720p (https://pf-storage3.premiumcdn.net/42137951/EqKIpZFgNh0mUwbCP5F9LFdXcxBHgLIRlSaL…)
[15:06:20]   downloaded 1,110.1 MB in 45.9s (24.2 MB/s)
[15:07:10]   upload done video_id=26043722 in 50.4s
[15:07:12] film cr_film_id=5832 OK in 100.8s
[15:07:12] iteration 16/20
[15:07:12] film cr_film_id=10162 name='Sound of Silence (2023) CZ Titulky' candidates=7
[15:07:12]   candidate upload_id=64b2410cbe829 url=https://prehraj.to/sound-of-silence-2023-cz-sub-1080p/64b2410cbe829
[15:07:13]   resolved in 1.0s → 720p (https://pf-storage1.premiumcdn.net/42449807/PN1S5OCJoUVMHdks7btD8CpkTY3hZJFwWFBP…)
[15:07:44]   downloaded 823.2 MB in 29.4s (28.0 MB/s)
[15:08:45]   upload done video_id=26043756 in 61.6s
[15:08:46] film cr_film_id=10162 OK in 94.6s
[15:08:46] iteration 17/20
[15:08:46] film cr_film_id=9172 name='Soul Mates (2023) CZ Titulky' candidates=5
[15:08:46]   candidate upload_id=6856412b5e8b1 url=https://prehraj.to/horror-mkv-soul-mates-2023-720p-webrip-x264-aac-yts-mx-cz-tit-mp4/6856412b5e8b1
[15:08:47]   resolved in 0.8s → 480p (https://pf-storage5.premiumcdn.net/140382716/RaqhxJFeRi6gtVeHrxTpgFwZh7WuAPsnwCl…)
[15:09:09]   downloaded 457.5 MB in 20.4s (22.4 MB/s)
[15:09:34]   upload done video_id=26043789 in 24.2s
[15:09:35] film cr_film_id=9172 OK in 48.8s
[15:09:35] iteration 18/20
[15:09:35] film cr_film_id=35684 name='Snow Falls (2023) CZ Titulky' candidates=1
[15:09:35]   candidate upload_id=6494bbed993aa url=https://prehraj.to/s-now-falls-horor-2023-cztitulky/6494bbed993aa
[15:09:36]   resolved in 1.1s → 1080p (https://pf-storage4.premiumcdn.net/41865199/BypHpbfO5hXnF85Fqntx9fpOTp8hwjieVuxA…)
[15:10:21]   downloaded 1,043.0 MB in 42.6s (24.5 MB/s)
[15:11:07]   upload done video_id=26043818 in 46.1s
[15:11:08] film cr_film_id=35684 OK in 92.8s
[15:11:08] iteration 19/20
[15:11:08] film cr_film_id=9038 name='Shrapnel (2023) CZ Titulky' candidates=1
[15:11:08]   candidate upload_id=652c82a87d138 url=https://prehraj.to/shrapnel-2023-cztitulky/652c82a87d138
[15:11:09]   resolved in 1.1s → 1080p (https://pf-storage4.premiumcdn.net/48471236/z58TmDIqGCVxHopFxEU2QIZeuVzUoyiN8cgd…)
[15:12:43]   downloaded 2,291.2 MB in 91.7s (25.0 MB/s)
[15:14:31]   upload done video_id=26043882 in 107.8s
[15:14:32] film cr_film_id=9038 OK in 204.3s
[15:14:32] iteration 20/20
[15:14:32] film cr_film_id=28208 name='Sestry z kouřové sauny (2023) CZ Titulky' candidates=1
[15:14:32]   candidate upload_id=65880de472c06 url=https://prehraj.to/sestry-z-kourove-sauny-2023-cz-titulky-hd-1080p/65880de472c06
[15:14:33]   resolved in 1.1s → 1080p (https://pf-storage1.premiumcdn.net/71716760/BwAsKNSkWUdAhwBiZjtQ5SN8cwvC86c3vIb0…)
[15:15:41]   downloaded 1,973.3 MB in 66.2s (29.8 MB/s)
[15:17:14]   upload done video_id=26043951 in 92.5s
[15:17:15] film cr_film_id=28208 OK in 163.0s
[15:17:15] batch-end ok=19 failed=1 dur=2290.1s avg/film=120.5s remaining=9265 eta_hours=310.1

===== run 2026-06-17T15:18:06Z shard=0/2 batch_size=20 (https://github.com/Olbrasoft/prehrajto-to-prehrajto/actions/runs/27699637907) =====
[15:18:06] batch-start shard=0/2 count=20 backlog=10210 uploads=945 failed_attempts=49 description_overrides=0
[15:18:06] login
[15:18:08] login done
[15:18:08] iteration 1/20
[15:18:08] film cr_film_id=15028 name='Sestry v sedle (2023) CZ Titulky' candidates=6
[15:18:08]   candidate upload_id=654474af3b8b0 url=https://prehraj.to/sestry-v-sedle-2023-cztitulky/654474af3b8b0
[15:18:10]   resolved in 1.5s → 720p (https://pf-storage4.premiumcdn.net/50464904/k19TgDFBxILxU0rULncLGF5kTlxiMWu4ltaK…)
[15:19:31]   downloaded 1,483.2 MB in 78.7s (18.8 MB/s)
[15:20:57]   upload done video_id=26044046 in 86.6s
[15:20:59] film cr_film_id=15028 OK in 171.0s
[15:20:59] iteration 2/20
[15:20:59] film cr_film_id=4960 name='Ride On (2023) CZ Titulky' candidates=5
[15:20:59]   candidate upload_id=64ab92f03af22 url=https://prehraj.to/ride-on-long-ma-jing-shen-2023-czsub-1080p/64ab92f03af22
[15:21:01]   resolved in 1.7s → 720p (https://pf-storage1.premiumcdn.net/42320756/KeXtDdhv0SZ0TB1sMqTKrhAEIMmS2Ycn5HV5…)
[15:23:05]   downloaded 2,388.7 MB in 122.6s (19.5 MB/s)
[15:25:44]   upload done video_id=26044136 in 159.2s
[15:25:47] film cr_film_id=4960 OK in 287.6s
[15:25:47] iteration 3/20
[15:25:47] film cr_film_id=8164 name='Přátelé z dovolené 2 (2023) CZ Titulky' candidates=2
[15:25:47]   candidate upload_id=c8521f580c107296 url=https://prehraj.to/pratele-z-dovolene-2-cz-tit-1080p-mkv/c8521f580c107296
[15:25:48]   resolved in 1.4s → 720p (https://pf-storage5.premiumcdn.net/168466321/56EcLEf2gfmOULRIjNiy6fN8sx9uadUPOhX…)
[15:27:20]   downloaded 2,102.8 MB in 89.6s (23.5 MB/s)
[15:29:27]   upload done video_id=26044240 in 127.4s
[15:29:29] film cr_film_id=8164 OK in 222.5s
[15:29:29] iteration 4/20
[15:29:29] film cr_film_id=36870 name='Pravědnik (2023) CZ Titulky' candidates=10
[15:29:29]   candidate upload_id=653ef65a0181d url=https://prehraj.to/pravednik-2023-cz-titulky-hd-1080p/653ef65a0181d
[15:29:30]   resolved in 1.4s → 720p (https://pf-storage3.premiumcdn.net/50019659/zVjHrlFb9TPYCwqUkOilJFDZSklhzJUx8TVR…)
[15:31:53]   downloaded 2,738.0 MB in 140.0s (19.6 MB/s)
[15:34:52]   upload done video_id=26044353 in 179.5s
[15:34:54] film cr_film_id=36870 OK in 325.3s
[15:34:54] iteration 5/20
[15:34:54] film cr_film_id=1894 name='Pohřeb (2023) CZ Titulky' candidates=7
[15:34:54]   candidate upload_id=6529586da05dc url=https://prehraj.to/pohreb-2023-cz-titulky-hd-1080p/6529586da05dc
[15:34:56]   resolved in 1.2s → 720p (https://pf-storage4.premiumcdn.net/48169775/38ZTW9UDdixZskJiyLSxbU3GIZofabh9rsGv…)
[15:36:26]   downloaded 1,745.4 MB in 87.8s (19.9 MB/s)
[15:38:06]   upload done video_id=26044465 in 100.1s
[15:38:08] film cr_film_id=1894 OK in 193.2s
[15:38:08] iteration 6/20
[15:38:08] film cr_film_id=6528 name='Pavučina (2023) CZ Titulky' candidates=5
[15:38:08]   candidate upload_id=65cec7d5d4048 url=https://prehraj.to/cobweb-2023-1080p-cz-sub/65cec7d5d4048
[15:38:10]   resolved in 2.2s → 720p (https://pf-storage1.premiumcdn.net/73522439/brkUb4sM8i4Wfk5HLACmGs5OTDVTwKhoeHAE…)
[15:40:22]   downloaded 1,009.7 MB in 130.4s (7.7 MB/s)
[15:41:20]   upload done video_id=26044557 in 58.0s
[15:41:22] film cr_film_id=6528 OK in 194.1s
[15:41:22] iteration 7/20
[15:41:22] film cr_film_id=6498 name='Paradox Effect (2023) CZ Titulky' candidates=5
[15:41:22]   candidate upload_id=6663630213850 url=https://prehraj.to/paradox-effect-2023-cz-titulky-1080p-mp4/6663630213850
[15:41:23]   resolved in 1.3s → 720p (https://pf-storage5.premiumcdn.net/78108278/X27iJEIVJhMXiX6SaXCnMID2ceMsrOU4RiDv…)
[15:42:32]   downloaded 1,229.9 MB in 66.7s (18.4 MB/s)
[15:43:43]   upload done video_id=26044607 in 71.4s
[15:43:46] film cr_film_id=6498 OK in 144.3s
[15:43:46] iteration 8/20
[15:43:46] film cr_film_id=9030 name='Paint (2023) CZ Titulky' candidates=4
[15:43:46]   candidate upload_id=645d904469a81 url=https://prehraj.to/paint-2023-cztitulky/645d904469a81
[15:43:47]   resolved in 1.4s → 720p (https://pf-storage1.premiumcdn.net/40408645/vp7UznsQgiL8HQgcO7SPosJ0h3dS5ohmvhpD…)
[15:44:52]   downloaded 1,213.5 MB in 62.8s (19.3 MB/s)
[15:46:02]   upload done video_id=26044669 in 70.0s
[15:46:04] film cr_film_id=9030 OK in 137.9s
[15:46:04] iteration 9/20
[15:46:04] film cr_film_id=8872 name='Organ Trail (2023) CZ Titulky' candidates=5
[15:46:04]   candidate upload_id=65a6f6babd286 url=https://prehraj.to/organ-trail-2023-cz-sub-1080p/65a6f6babd286
[15:46:05]   resolved in 1.3s → 720p (https://pf-storage5.premiumcdn.net/72456287/ZmQtYlTn0iylHRqcKnUE3TxZHRYi7atb9fm8…)
[15:47:16]   downloaded 1,307.3 MB in 68.4s (19.1 MB/s)
[15:48:25]   upload done video_id=26044724 in 68.9s
[15:48:27] film cr_film_id=8872 OK in 142.7s
[15:48:27] iteration 10/20
[15:48:27] film cr_film_id=7844 name='Night Shift (2023) CZ Titulky' candidates=6
[15:48:27]   candidate upload_id=65edb1d212a2e url=https://prehraj.to/night-shift-2023-cz-titulky-1080p-fullhd/65edb1d212a2e
[15:48:28]   resolved in 1.4s → 1080p (https://pf-storage3.premiumcdn.net/74373953/X58Ujyc6qS8YHRjsrBiPacR8umduO9C5OUDb…)
[15:49:50]   downloaded 1,445.9 MB in 79.8s (18.1 MB/s)
[15:51:09]   upload done video_id=26044794 in 79.6s
[15:51:11] film cr_film_id=7844 OK in 164.5s
[15:51:11] iteration 11/20
[15:51:11] film cr_film_id=1892 name='Nezvěstná (2023) CZ Titulky' candidates=2
[15:51:11]   candidate upload_id=640ee7642f925 url=https://prehraj.to/missing-nezvestna-2023-cz-tit-1080p/640ee7642f925
[15:51:12]   resolved in 1.2s → 1080p (https://pf-storage4.premiumcdn.net/38329126/e5LTkyCkXuEru3PILMUp9CzMu9Qh7OUVXHZN…)
[15:53:15]   downloaded 2,592.4 MB in 120.8s (21.5 MB/s)
[15:55:52]   upload done video_id=26044899 in 156.5s
[15:55:54] film cr_film_id=1892 OK in 282.6s
[15:55:54] iteration 12/20
[15:55:54] film cr_film_id=31220 name='Nezapomenutelný rok – Podzim (2023) CZ Titulky' candidates=1
[15:55:54]   candidate upload_id=9a372dc335bc651f url=https://prehraj.to/nezapomenutelny-rok-podzim-2023-pt-cz-tit-mp4/9a372dc335bc651f
[15:55:55]   resolved in 1.3s → 720p (https://pf-storage6.premiumcdn.net/169711606/VjYc9Wfmnu1jcWgc9vtvmfDgUALU9eHgzUr…)
[15:57:23]   downloaded 1,663.3 MB in 86.0s (19.3 MB/s)
[15:58:59]   upload done video_id=26045029 in 96.1s
[15:59:03] film cr_film_id=31220 OK in 189.1s
[15:59:03] iteration 13/20
[15:59:03] film cr_film_id=416 name='Netvor (2023) CZ Titulky' candidates=1
[15:59:03]   candidate upload_id=65ab07034a05e url=https://prehraj.to/netvor-2023-cz-titulky-hd-1080p/65ab07034a05e
[15:59:04]   resolved in 1.2s → 720p (https://pf-storage3.premiumcdn.net/72523667/JYDTv8h1mH5EUeKTBJhn3hyvsg8UWPCj7tev…)
[16:00:39]   downloaded 1,801.8 MB in 92.6s (19.5 MB/s)
[16:02:32]   upload done video_id=26045127 in 113.7s
[16:02:34] film cr_film_id=416 OK in 211.3s
[16:02:34] iteration 14/20
[16:02:34] film cr_film_id=8130 name='Nemilosrdní: Nová generace (2023) CZ Titulky' candidates=2
[16:02:34]   candidate upload_id=64ee0498884f4 url=https://prehraj.to/nemilosrdni-nova-generace-2023-cz-sub-1080p/64ee0498884f4
[16:02:35]   resolved in 1.4s → 720p (https://pf-storage3.premiumcdn.net/43823477/ZL0TnPCAXty5H7rFPxCw8C23IKWTE2c5DhE3…)
[16:03:54]   downloaded 1,469.5 MB in 76.3s (19.3 MB/s)
[16:05:13]   upload done video_id=26045226 in 78.8s
[16:05:14] film cr_film_id=8130 OK in 160.3s
[16:05:14] iteration 15/20
[16:05:14] film cr_film_id=7882 name='Na křídlech a modlitbách (2023) CZ Titulky' candidates=5
[16:05:14]   candidate upload_id=6430852190c9a url=https://prehraj.to/na-kridlech-a-modlitbach-2023-cz-titulky-1080p-mp4/6430852190c9a
[16:05:16]   resolved in 1.4s → 720p (https://pf-storage4.premiumcdn.net/39235213/nEDTOoHe5cXoiGmsE0F5gH6rsrGfJMtP5Tmq…)
[16:06:41]   downloaded 1,608.2 MB in 82.6s (19.5 MB/s)
[16:08:08]   upload done video_id=26045311 in 87.0s
[16:08:10] film cr_film_id=7882 OK in 175.1s
[16:08:10] iteration 16/20
[16:08:10] film cr_film_id=31380 name='MobKing (2023) CZ Titulky' candidates=1
[16:08:10]   candidate upload_id=f02b2ad096d3dba2 url=https://prehraj.to/mobking-enzo-s-wife-2023-en-cz-tit-mkv-mp4/f02b2ad096d3dba2
[16:08:11]   resolved in 1.7s → 720p (https://pf-storage5.premiumcdn.net/161654234/x6RsnPU8oCaQFmRSRdHwNUylizRCGDcE2Tm…)
[16:09:25]   downloaded 1,411.4 MB in 72.4s (19.5 MB/s)
[16:10:41]   upload done video_id=26045391 in 75.4s
[16:10:43] film cr_film_id=31380 OK in 153.0s
[16:10:43] iteration 17/20
[16:10:43] film cr_film_id=10290 name='Megalodon: Černý démon (2023) CZ Titulky' candidates=7
[16:10:43]   candidate upload_id=6482a782c6923 url=https://prehraj.to/the-black-demon-2023-cz-sub-1080p/6482a782c6923
[16:10:44]   resolved in 1.2s → 720p (https://pf-storage4.premiumcdn.net/41468710/5aeSMEI4bfn2fx1tJ9HnjI64HRBs4NSdPHQd…)
[16:12:08]   downloaded 1,601.5 MB in 82.5s (19.4 MB/s)
[16:13:34]   upload done video_id=26045467 in 86.1s
[16:13:36] film cr_film_id=10290 OK in 173.8s
[16:13:36] iteration 18/20
[16:13:36] film cr_film_id=20270 name='Medellín (2023) CZ Titulky' candidates=2
[16:13:36]   candidate upload_id=647b48a86a1ec url=https://prehraj.to/medellin-2023-720p-amzn-web-dl-ddp5-1-h-264-zevia-cz-titulky/647b48a86a1ec
[16:13:38]   resolved in 1.6s → 480p (https://pf-storage1.premiumcdn.net/41296066/Ln4s2dhy2uLvi6VCZDSgyhn4SkGir2I2Rtwv…)
[16:14:42]   downloaded 1,448.6 MB in 61.6s (23.5 MB/s)
[16:16:09]   upload done video_id=26045544 in 87.1s
[16:16:11] film cr_film_id=20270 OK in 154.2s
[16:16:11] iteration 19/20
[16:16:11] film cr_film_id=9048 name='Malum (2023) CZ Titulky' candidates=1
[16:16:11]   candidate upload_id=6479327aaa214 url=https://prehraj.to/malum-2023-cztit-1080p/6479327aaa214
[16:16:12]   resolved in 1.4s → 720p (https://pf-storage3.premiumcdn.net/41267266/jDdHrZIxLuWYt2KfKZhZdIV3u0pH7PsrKc5a…)
[16:17:08]   downloaded 1,002.3 MB in 53.6s (18.7 MB/s)
[16:18:03]   upload done video_id=26045612 in 55.1s
[16:18:05] film cr_film_id=9048 OK in 114.0s
[16:18:05] iteration 20/20
[16:18:05] film cr_film_id=6202 name='Little Bone Lodge (2023) CZ Titulky' candidates=1
[16:18:05]   candidate upload_id=64c2db390de67 url=https://prehraj.to/little-bone-lodge-2023-cztitulky/64c2db390de67
[16:18:06]   resolved in 1.2s → 720p (https://pf-storage1.premiumcdn.net/42809156/mgwswaiqwtOVivNfDzhbNi8LsMLSOGfvZHEa…)
[16:19:10]   downloaded 1,369.9 MB in 62.3s (22.0 MB/s)
[16:20:25]   upload done video_id=26045688 in 75.1s
[16:20:27] film cr_film_id=6202 OK in 142.7s
[16:20:27] batch-end ok=20 failed=0 dur=3739.3s avg/film=187.0s remaining=9245 eta_hours=480.2

===== run 2026-06-17T16:20:59Z shard=0/2 batch_size=20 (https://github.com/Olbrasoft/prehrajto-to-prehrajto/actions/runs/27703558366) =====
[16:21:00] batch-start shard=0/2 count=20 backlog=10210 uploads=965 failed_attempts=49 description_overrides=0
[16:21:00] login
[16:21:01] login done
[16:21:01] iteration 1/20
[16:21:01] film cr_film_id=9184 name='Last Sentinel (2023) CZ Titulky' candidates=3
[16:21:01]   candidate upload_id=64a40debc1a99 url=https://prehraj.to/last-sentinel-2023-cz-sub-1080p/64a40debc1a99
[16:21:02]   resolved in 1.1s → 720p (https://pf-storage4.premiumcdn.net/42189266/p8ZFwyCADIJxuW7FVBcR0CwEuKqixOcePsqO…)
[16:22:07]   downloaded 1,379.4 MB in 62.4s (22.1 MB/s)
[16:23:26]   upload done video_id=26045787 in 78.8s
[16:23:27] film cr_film_id=9184 OK in 146.1s
[16:23:27] iteration 2/20
[16:23:27] film cr_film_id=36848 name='Klíč k srdci (2023) CZ Titulky' candidates=2
[16:23:27]   candidate upload_id=651dcdd9704ef url=https://prehraj.to/klic-k-srdci-2023-cz-titulky/651dcdd9704ef
[16:23:28]   resolved in 1.1s → 1080p (https://pf-storage4.premiumcdn.net/47224586/kegiKXfyBFQ0snruExHlbf5GSzyu2wiVMf1b…)
[16:24:59]   downloaded 1,867.9 MB in 88.3s (21.2 MB/s)
[16:27:49]   upload done video_id=26045886 in 170.0s
[16:27:51] film cr_film_id=36848 OK in 263.1s
[16:27:51] iteration 3/20
[16:27:51] film cr_film_id=8176 name='Jevy (2023) CZ Titulky' candidates=3
[16:27:51]   candidate upload_id=64398c1e47e45 url=https://prehraj.to/jevy-2023-cz-titulky-1080p/64398c1e47e45
[16:27:52]   resolved in 1.1s → 720p (https://pf-storage3.premiumcdn.net/39427171/ZPBT65u8ZSGvSA8s9EC5wudETqWS07Spoi6D…)
[16:29:43]   downloaded 1,554.8 MB in 109.8s (14.2 MB/s)
[16:31:03]   upload done video_id=26046015 in 79.3s
[16:31:05] film cr_film_id=8176 OK in 194.1s
[16:31:05] iteration 4/20
[16:31:05] film cr_film_id=20156 name='Jen my dva (2023) CZ Titulky' candidates=1
[16:31:05]   candidate upload_id=66bf73f1e168d url=https://prehraj.to/jen-my-dva-2023-cz-titulky-1080p/66bf73f1e168d
[16:31:06]   resolved in 1.1s → 720p (https://pf-storage4.premiumcdn.net/90945323/zKosNKFgmho5C8NHmLi89FonsEQt37t9QcrJ…)
[16:33:14]   downloaded 1,463.5 MB in 126.2s (11.6 MB/s)
[16:34:28]   upload done video_id=26046141 in 74.1s
[16:34:30] film cr_film_id=20156 OK in 205.1s
[16:34:30] iteration 5/20
[16:34:30] film cr_film_id=3244 name='Jeanne du Barry – Králova milenka (2023) CZ Titulky' candidates=4
[16:34:30]   candidate upload_id=659ecd62c86cd url=https://prehraj.to/jeanne-du-barry-2023-1080p-bluray-hevc-10bit-x265-cz-sub/659ecd62c86cd
[16:34:31]   resolved in 1.3s → 1080p (https://pf-storage5.premiumcdn.net/72230468/qDPSjof3zCJ4T61cmAtzZfA5FKjfkNhA2iJ4…)
[16:38:13]   downloaded 3,186.6 MB in 219.7s (14.5 MB/s)
[16:41:05]   upload done video_id=26046309 in 171.9s
[16:41:07] film cr_film_id=3244 OK in 397.6s
[16:41:07] iteration 6/20
[16:41:07] film cr_film_id=4484 name='Jak mít sex (2023) CZ Titulky' candidates=4
[16:41:07]   candidate upload_id=65941a2202a0a url=https://prehraj.to/jak-mit-sex-how-to-have-sex-cztit-2023-2160p-4k-web-x265-10bit-aac5-1/65941a2202a0a
[16:41:08]   resolved in 1.1s → 1080p (https://pf-storage1.premiumcdn.net/71962028/jRxFWAHngiWxcjgtZ5sXGH78cbvcorS2RC9y…)
[16:42:52]   downloaded 2,602.8 MB in 101.4s (25.7 MB/s)
[16:45:07]   upload done video_id=26046455 in 135.5s
[16:45:10] film cr_film_id=4484 OK in 242.5s
[16:45:10] iteration 7/20
[16:45:10] film cr_film_id=8416 name='I.S.S. (2023) CZ Titulky' candidates=2
[16:45:10]   candidate upload_id=65c2135812256 url=https://prehraj.to/i-s-s-2023-cz-titulky-1080p-fullhd/65c2135812256
[16:45:11]   resolved in 1.1s → 720p (https://pf-storage1.premiumcdn.net/73073795/2JgfZdHW7CkETydFEKSxdHpZTWZukQTjBId8…)
[16:46:14]   downloaded 1,250.2 MB in 60.7s (20.6 MB/s)
[16:47:27]   upload done video_id=26046563 in 73.0s
[16:47:28] film cr_film_id=8416 OK in 138.6s
[16:47:28] iteration 8/20
[16:47:28] film cr_film_id=15342 name='I Am Rage (2023) CZ Titulky' candidates=6
[16:47:28]   candidate upload_id=64f46bb13e312 url=https://prehraj.to/i-am-rage-2023-1080p-cz-titulky/64f46bb13e312
[16:47:30]   resolved in 1.3s → 720p (https://pf-storage3.premiumcdn.net/43976489/bOntBOHQlsb2CzZCNRtblHoAIB7IjVFbOFyw…)
[16:48:31]   downloaded 1,216.2 MB in 59.5s (20.4 MB/s)
[16:49:42]   upload done video_id=26046638 in 70.4s
[16:49:43] film cr_film_id=15342 OK in 135.1s
[16:49:43] iteration 9/20
[16:49:43] film cr_film_id=2172 name='Hrdinové ve člunu (2023) CZ Titulky' candidates=1
[16:49:43]   candidate upload_id=65d61d076edb8 url=https://prehraj.to/hrdinove-ve-clunu-2023-cz-titulky-1080p-fullhd/65d61d076edb8
[16:49:45]   resolved in 1.1s → 720p (https://pf-storage3.premiumcdn.net/73769300/17ktqQs7EIOwswgIG3IBysnZHY0CkYTakTYo…)
[16:51:46]   downloaded 2,473.1 MB in 119.6s (20.7 MB/s)
[16:54:11]   upload done video_id=26046749 in 145.0s
[16:54:13] film cr_film_id=2172 OK in 269.8s
[16:54:13] iteration 10/20
[16:54:13] film cr_film_id=18438 name='Hladoví po úspěchu (2023) CZ Titulky' candidates=4
[16:54:13]   candidate upload_id=643258eeb0915 url=https://prehraj.to/hladovi-po-uspechu-2023-cz-titulky-1080p/643258eeb0915
[16:54:14]   resolved in 1.2s → 1080p (https://pf-storage3.premiumcdn.net/39264226/o8rcQ6Cd7s3AC2zuxpT4ZCgDToMTZxs1xH80…)
[16:56:09]   downloaded 2,384.9 MB in 112.5s (21.2 MB/s)
[16:58:31]   upload done video_id=26046900 in 141.8s
[16:58:33] film cr_film_id=18438 OK in 259.6s
[16:58:33] iteration 11/20
[16:58:33] film cr_film_id=10402 name='History of Evil (2023) CZ Titulky' candidates=9
[16:58:33]   candidate upload_id=65d8b8f0e6f90 url=https://prehraj.to/history-of-evil-2024-cz-titulky-1080p-fullhd/65d8b8f0e6f90
[16:58:34]   resolved in 1.1s → 720p (https://pf-storage3.premiumcdn.net/73845365/ldXtw0IyWTeLFB8f91frAInPTjgUKLHNgUAa…)
[17:00:01]   downloaded 1,256.7 MB in 84.8s (14.8 MB/s)
[17:01:07]   upload done video_id=26047024 in 66.0s
[17:01:08] film cr_film_id=10402 OK in 155.7s
[17:01:08] iteration 12/20
[17:01:08] film cr_film_id=15228 name='Healed (2023) CZ Titulky' candidates=4
[17:01:08]   candidate upload_id=6702fc8fe31fa url=https://prehraj.to/healed-2023-cz-titulky/6702fc8fe31fa
[17:01:10]   resolved in 1.2s → 720p (https://pf-storage4.premiumcdn.net/100432967/1XytQ8HP4SXpTZOUJ2FdQHGLtgETE9TyXs2…)
[17:02:42]   downloaded 959.3 MB in 90.5s (10.6 MB/s)
[17:03:30]   upload done video_id=26047107 in 47.5s
[17:03:32] film cr_film_id=15228 OK in 143.2s
[17:03:32] iteration 13/20
[17:03:32] film cr_film_id=15048 name='Hard Miles (2023) CZ Titulky' candidates=1
[17:03:32]   candidate upload_id=68b5f6b4cb10d url=https://prehraj.to/hard-miles-2023-cz-titulky/68b5f6b4cb10d
[17:03:33]   resolved in 1.2s → 720p (https://pf-storage4.premiumcdn.net/145186272/Y0pUJgfEoFw6TV0Hw7SPEfxXTW0SoNueOFj…)
[17:05:29]   downloaded 1,590.8 MB in 114.2s (13.9 MB/s)
[17:06:56]   upload done video_id=26047197 in 87.1s
[17:06:58] film cr_film_id=15048 OK in 206.0s
[17:06:58] iteration 14/20
[17:06:58] film cr_film_id=31362 name='Gray Matter (2023) CZ Titulky' candidates=5
[17:06:58]   candidate upload_id=64b8a5ac70ab1 url=https://prehraj.to/gray-matter-2023-cz-titulky-1080p-mp4/64b8a5ac70ab1
[17:06:59]   resolved in 1.2s → 720p (https://pf-storage1.premiumcdn.net/42623264/kMNfKqF9bHygCdjhMAhe1FyGco2tWYsB4ud7…)
[17:08:01]   downloaded 813.2 MB in 60.2s (13.5 MB/s)
[17:08:49]   upload done video_id=26047266 in 48.1s
[17:08:51] film cr_film_id=31362 OK in 113.0s
[17:08:51] iteration 15/20
[17:08:51] film cr_film_id=19748 name='Gods of the Deep (2023) CZ Titulky' candidates=2
[17:08:51]   candidate upload_id=65c8d106ab454 url=https://prehraj.to/gods-of-the-deep-2023-cz-titulky-hd-1080p/65c8d106ab454
[17:08:52]   resolved in 1.2s → 720p (https://pf-storage5.premiumcdn.net/73280120/N9ETkQCJQUKxUP8szMcGmCVxuY5caKHOahBN…)
[17:09:41]   downloaded 1,198.2 MB in 47.6s (25.2 MB/s)
[17:10:53]   upload done video_id=26047311 in 71.9s
[17:10:55] film cr_film_id=19748 OK in 124.0s
[17:10:55] iteration 16/20
[17:10:55] film cr_film_id=28148 name="Gabriel's Redemption: Part I (2023) CZ Titulky" candidates=1
[17:10:55]   candidate upload_id=649c7ac85d542 url=https://prehraj.to/gabriel-s-redemption-part-one-2023-cztitulky/649c7ac85d542
[17:10:56]   resolved in 1.1s → 480p (https://pf-storage4.premiumcdn.net/42039632/ypZUEpuL2UXOtVeiabCmKu5LHBGhndF8LH2Q…)
[17:11:23]   downloaded 590.0 MB in 25.1s (23.5 MB/s)
[17:11:53]   upload done video_id=26047363 in 29.8s
[17:11:54] film cr_film_id=28148 OK in 59.6s
[17:11:54] iteration 17/20
[17:11:54] film cr_film_id=31408 name='Friends & Family Christmas (2023) CZ Titulky' candidates=1
[17:11:54]   candidate upload_id=659ce28f7a388 url=https://prehraj.to/friends-family-christmas-2023-cz-titulky-hd-1080p/659ce28f7a388
[17:11:55]   resolved in 1.1s → 1080p (https://pf-storage5.premiumcdn.net/72161888/kwAH3GT5jieoIkMFWAcgvTA6cMpFNys8kh0Y…)
[17:13:50]   downloaded 1,790.3 MB in 113.3s (15.8 MB/s)
[17:15:32]   upload done video_id=26047437 in 102.1s
[17:15:34] film cr_film_id=31408 OK in 220.0s
[17:15:34] iteration 18/20
[17:15:34] film cr_film_id=36940 name='El hombre del saco (2023) CZ Titulky' candidates=4
[17:15:34]   candidate upload_id=6525ae9c3ce8b url=https://prehraj.to/el-hombre-del-saco-castellano-2023-1080p-cz-titulky-hd-1080p/6525ae9c3ce8b
[17:15:35]   resolved in 1.2s → 720p (https://pf-storage3.premiumcdn.net/47875148/abji69hJMs4pTKbhjBtaGh3yHoqs74CDQhky…)
[17:17:53]   downloaded 1,057.2 MB in 135.5s (7.8 MB/s)
[17:18:44]   upload done video_id=26047556 in 51.7s
[17:18:46] film cr_film_id=36940 OK in 191.7s
[17:18:46] iteration 19/20
[17:18:46] film cr_film_id=9488 name='El extraño caso del fantasma claustrofóbico (2023) CZ Titulky' candidates=1
[17:18:46]   candidate upload_id=651af138e8567 url=https://prehraj.to/el-extrano-caso-del-fantasma-claustrofobico-2023-cztitulky/651af138e8567
[17:18:47]   resolved in 1.2s → 720p (https://pf-storage4.premiumcdn.net/46948904/jBGia2S6MHkmTq4sLMCYvSlBs6gcwqIMmHEY…)
[17:21:51]   downloaded 1,391.3 MB in 182.1s (7.6 MB/s)
[17:23:23]   upload done video_id=26047675 in 91.8s
[17:23:25] film cr_film_id=9488 OK in 278.7s
[17:23:25] iteration 20/20
[17:23:25] film cr_film_id=7178 name='Druhá šance (2023) CZ Titulky' candidates=6
[17:23:25]   candidate upload_id=65ffcbcaa686c url=https://prehraj.to/bleeding-love-2023-1080p-webrip-x264-aac5-1-yts-mx-cz-tit-mp4/65ffcbcaa686c
[17:23:26]   resolved in 1.3s → 720p (https://pf-storage3.premiumcdn.net/75094430/pVdt1mfV4FA7fVNH43f0Zf6JuRmuXYf9AUlB…)
[17:25:04]   downloaded 2,030.7 MB in 96.0s (21.2 MB/s)
[17:26:57]   upload done video_id=26047765 in 112.7s
[17:26:59] film cr_film_id=7178 OK in 213.8s
[17:26:59] batch-end ok=20 failed=0 dur=3957.2s avg/film=197.9s remaining=9225 eta_hours=507.1

===== run 2026-06-17T17:27:34Z shard=0/2 batch_size=20 (https://github.com/Olbrasoft/prehrajto-to-prehrajto/actions/runs/27707401424) =====
[17:27:35] batch-start shard=0/2 count=20 backlog=10210 uploads=985 failed_attempts=49 description_overrides=0
[17:27:35] login
[17:27:36] login done
[17:27:36] iteration 1/20
[17:27:36] film cr_film_id=7502 name='Double Blind (2023) CZ Titulky' candidates=7
[17:27:36]   candidate upload_id=65d3cca0e1704 url=https://prehraj.to/double-blind-2023-cztitulky/65d3cca0e1704
[17:27:37]   resolved in 0.9s → 720p (https://pf-storage4.premiumcdn.net/73687781/LDpiW6HXOUBYIyNsw6flMH7GC82tpriQ1Uk8…)
[17:28:14]   downloaded 1,004.6 MB in 35.6s (28.2 MB/s)
[17:29:05]   upload done video_id=26047850 in 51.5s
[17:29:07] film cr_film_id=7502 OK in 90.8s
[17:29:07] iteration 2/20
[17:29:07] film cr_film_id=20258 name='Dokonalé dny (2023) CZ Titulky' candidates=2
[17:29:07]   candidate upload_id=67ea4c3768bb3 url=https://prehraj.to/dokonale-dny-2023-cz-tit-1080p/67ea4c3768bb3
[17:29:08]   resolved in 0.9s → 1080p (https://pf-storage5.premiumcdn.net/133768862/qBgcGQInVtZYfpGH4VINZIR8iqLUa2iOdu8…)
[17:30:41]   downloaded 3,357.4 MB in 91.7s (36.6 MB/s)
[17:33:02]   upload done video_id=26047928 in 140.7s
[17:33:03] film cr_film_id=20258 OK in 236.3s
[17:33:03] iteration 3/20
[17:33:03] film cr_film_id=9332 name='Deliver Us (2023) CZ Titulky' candidates=1
[17:33:03]   candidate upload_id=651f13b1a374d url=https://prehraj.to/deliver-us-2023-cz-titulky/651f13b1a374d
[17:33:04]   resolved in 1.0s → 720p (https://pf-storage4.premiumcdn.net/47337278/kj0I0ws9qCNAS1KSZ9F6GsvVCoKF8xUAPhXv…)
[17:33:34]   downloaded 830.2 MB in 28.8s (28.8 MB/s)
[17:34:04]   upload done video_id=26048008 in 29.5s
[17:34:05] film cr_film_id=9332 OK in 62.4s
[17:34:05] iteration 4/20
[17:34:05] film cr_film_id=6516 name='Dcera divočiny (2023) CZ Titulky' candidates=1
[17:34:05]   candidate upload_id=656140cc13d11 url=https://prehraj.to/the-marsh-king-s-daughter-2023-cztitulky-mp4/656140cc13d11
[17:34:06]   resolved in 1.0s → 720p (https://pf-storage1.premiumcdn.net/52981130/la6UgjsEzf9qh3XuWEIN6sBeFp4TDbFz0tPL…)
[17:35:14]   downloaded 1,924.9 MB in 66.1s (29.1 MB/s)
[17:36:40]   upload done video_id=26048060 in 86.4s
[17:36:42] film cr_film_id=6516 OK in 156.1s
[17:36:42] iteration 5/20
[17:36:42] film cr_film_id=7870 name='Dark Harvest (2023) CZ Titulky' candidates=5
[17:36:42]   candidate upload_id=65295732ce955 url=https://prehraj.to/dark-harvest-2023-cz-titulky-hd-1080p-mp4/65295732ce955
[17:36:44]   resolved in 2.3s → 720p (https://pf-storage3.premiumcdn.net/48169238/bo5ue7sXAtgAU1ZhJ9IRvsDwHO2cM8T4Buol…)
[17:37:59]   downloaded 1,548.1 MB in 73.9s (20.9 MB/s)
[17:39:00]   upload done video_id=26048136 in 60.5s
[17:39:01] film cr_film_id=7870 OK in 139.6s
[17:39:01] iteration 6/20
[17:39:01] film cr_film_id=15090 name='Dark Asset (2023) CZ Titulky' candidates=9
[17:39:01]   candidate upload_id=6555830e1f67a url=https://prehraj.to/dark-asset-2023-1080p-cz-sub/6555830e1f67a
[17:39:02]   resolved in 1.0s → 720p (https://pf-storage3.premiumcdn.net/51976682/gWvu5lsgJSdJfv1iEzCPvsPxF47IobS3Dt9a…)
[17:39:52]   downloaded 1,415.9 MB in 48.0s (29.5 MB/s)
[17:40:53]   upload done video_id=26048189 in 61.4s
[17:40:54] film cr_film_id=15090 OK in 113.3s
[17:40:54] iteration 7/20
[17:40:54] film cr_film_id=3650 name='Creation of the Gods I: Kingdom of Storms (2023) CZ Titulky' candidates=2
[17:40:54]   candidate upload_id=658fad31b79f8 url=https://prehraj.to/creation-of-the-gods-i-kingdom-of-storms-2023-cz-titulky-hd-2-93-gb-online-ke-zhlednuti-sledujteto-cz/658fad31b79f8
[17:40:56]   resolved in 1.1s → 1080p (https://pf-storage3.premiumcdn.net/71894105/9E7clEFqNhRJTdrs0jf34Fa6smnIm5i61txr…)
[17:43:52]   downloaded 5,521.5 MB in 175.2s (31.5 MB/s)
[17:47:28]   upload done video_id=26048297 in 216.0s
[17:47:30] film cr_film_id=3650 OK in 395.2s
[17:47:30] iteration 8/20
[17:47:30] film cr_film_id=10288 name='Coyote (2023) CZ Titulky' candidates=7
[17:47:30]   candidate upload_id=66f8498dd34f4 url=https://prehraj.to/coyote-2023-1080p-cz-titulky-mp4/66f8498dd34f4
[17:47:31]   resolved in 0.9s → 720p (https://pf-storage3.premiumcdn.net/98899136/bdpUzxfz0SX1uQLIydcBlf6vhxNFrdIO6hQw…)
[17:49:04]   downloaded 1,061.0 MB in 92.1s (11.5 MB/s)
[17:50:18]   upload done video_id=26048426 in 74.2s
[17:50:20] film cr_film_id=10288 OK in 169.9s
[17:50:20] iteration 9/20
[17:50:20] film cr_film_id=34094 name='Castaways (2023) CZ Titulky' candidates=1
[17:50:20]   candidate upload_id=65820aa92b0b7 url=https://prehraj.to/castaways-2023-cztitulky/65820aa92b0b7
[17:50:20]   resolved in 0.9s → 720p (https://pf-storage1.premiumcdn.net/71224091/y96sb6c9gIxWfRyIV3ujdcoDHVqtazu2Dhg6…)
[17:51:57]   downloaded 989.4 MB in 94.8s (10.4 MB/s)
[17:52:31]   upload done video_id=26048528 in 34.5s
[17:52:33] film cr_film_id=34094 OK in 133.2s
[17:52:33] iteration 10/20
[17:52:33] film cr_film_id=17950 name='Bílé ptáče (2023) CZ Titulky' candidates=1
[17:52:33]   candidate upload_id=678d03f580b7e url=https://prehraj.to/white-bird-hd-2023-bile-ptace-cz-tit/678d03f580b7e
[17:52:34]   resolved in 1.0s → 720p (https://pf-storage3.premiumcdn.net/127757369/aYQtvKHA2FK8sElh5ZFg0H5ZUVPfE0ix8SP…)
[17:54:47]   downloaded 2,064.2 MB in 132.5s (15.6 MB/s)
[17:56:15]   upload done video_id=26048610 in 87.9s
[17:56:17] film cr_film_id=17950 OK in 223.8s
[17:56:17] iteration 11/20
[17:56:17] film cr_film_id=8408 name='Bring Him to Me (2023) CZ Titulky' candidates=6
[17:56:17]   candidate upload_id=662b031b29eb4 url=https://prehraj.to/bring-him-to-me-2023-cztit-1080p/662b031b29eb4
[17:56:18]   resolved in 1.0s → 720p (https://pf-storage4.premiumcdn.net/76583276/V6Gfe2SZEfyWsQzurnipbSqEsvxsB7cdatBN…)
[18:00:02]   downloaded 1,430.4 MB in 222.7s (6.4 MB/s)
[18:00:53]   upload done video_id=26048755 in 51.6s
[18:00:55] film cr_film_id=8408 OK in 278.1s
[18:00:55] iteration 12/20
[18:00:55] film cr_film_id=10520 name='Blood Harvest (2023) CZ Titulky' candidates=2
[18:00:55]   candidate upload_id=6510b9ceb9694 url=https://prehraj.to/blood-harvest-2023-1080p-cz-sub/6510b9ceb9694
[18:00:56]   resolved in 1.1s → 720p (https://pf-storage1.premiumcdn.net/46072640/kg3iojh9PtR6SoefK3CrxhpeUN4cY6Cbesq3…)
[18:01:29]   downloaded 882.7 MB in 31.8s (27.8 MB/s)
[18:02:16]   upload done video_id=26048796 in 46.5s
[18:02:17] film cr_film_id=10520 OK in 82.5s
[18:02:17] iteration 13/20
[18:02:17] film cr_film_id=10466 name='Black Noise (2023) CZ Titulky' candidates=11
[18:02:17]   candidate upload_id=655a450f6e9eb url=https://prehraj.to/black-noise-2023-cz-titulky-hd-1080p-mp4/655a450f6e9eb
[18:02:18]   resolved in 0.8s → 720p (https://pf-storage1.premiumcdn.net/52372751/3NGFKaUB3SG4hnBiopsy0UdpFxKhZ5sGWcQv…)
[18:03:19]   downloaded 1,777.4 MB in 60.2s (29.5 MB/s)
[18:04:29]   upload done video_id=26048846 in 69.6s
[18:04:30] film cr_film_id=10466 OK in 133.0s
[18:04:30] iteration 14/20
[18:04:30] film cr_film_id=9858 name='Black Lotus (2023) CZ Titulky' candidates=1
[18:04:30]   candidate upload_id=6844e915a0c25 url=https://prehraj.to/black-lotus-2023-1080p-cz-sub/6844e915a0c25
[18:04:31]   resolved in 0.9s → 720p (https://pf-storage1.premiumcdn.net/139421861/wLvuYGIVrUdMHJmtjLtA5INVUaAu8MupycB…)
[18:05:40]   downloaded 1,482.1 MB in 68.0s (21.8 MB/s)
[18:06:32]   upload done video_id=26048913 in 52.0s
[18:06:34] film cr_film_id=9858 OK in 124.0s
[18:06:34] iteration 15/20
[18:06:34] film cr_film_id=16026 name='Benzínová duha (2023) CZ Titulky' candidates=7
[18:06:34]   candidate upload_id=688bc1e59ee9c url=https://prehraj.to/gasoline-rainbow-2024-1080p-cz-titulky-mp4/688bc1e59ee9c
[18:06:35]   resolved in 1.0s → 1080p (https://pf-storage5.premiumcdn.net/142620629/qxXF3kUz4HB2urOSaof5oU3qilah5OCq0Sy…)
[18:08:04]   downloaded 2,511.0 MB in 87.4s (28.7 MB/s)
[18:10:02]   upload done video_id=26048996 in 117.6s
[18:10:03] film cr_film_id=16026 OK in 208.9s
[18:10:03] iteration 16/20
[18:10:03] film cr_film_id=544 name='Bastard (2023) CZ Titulky' candidates=6
[18:10:03]   candidate upload_id=68af1f369d03b url=https://prehraj.to/bastard-2023-1080p-cz-tit/68af1f369d03b
[18:10:04]   resolved in 1.0s → 1080p (https://pf-storage1.premiumcdn.net/144729042/PYeswRi6YhxeFV6fDyFd9id0tAdcQguMATy…)
[18:11:07]   downloaded 2,127.9 MB in 61.8s (34.4 MB/s)
[18:12:33]   upload done video_id=26049127 in 86.1s
[18:12:34] film cr_film_id=544 OK in 151.5s
[18:12:34] iteration 17/20
[18:12:34] film cr_film_id=8874 name='Barber (2023) CZ Titulky' candidates=6
[18:12:34]   candidate upload_id=651a826fa0cab url=https://prehraj.to/barber-2023-1080p-amzn-web-dl-ddp5-1-h264-cz-tit/651a826fa0cab
[18:12:36]   resolved in 1.0s → 720p (https://pf-storage1.premiumcdn.net/46912274/BvxH2li6ruxOSg1i3mIeziexuLrcXYCaZU72…)
[18:13:08]   downloaded 896.9 MB in 31.0s (28.9 MB/s)
[18:13:38]   upload done video_id=26049216 in 30.3s
[18:13:40] film cr_film_id=8874 OK in 65.1s
[18:13:40] iteration 18/20
[18:13:40] film cr_film_id=20014 name='Awareness (2023) CZ Titulky' candidates=1
[18:13:40]   candidate upload_id=6527c86256f72 url=https://prehraj.to/awareness-2023-cz-titulky-hd-1080p/6527c86256f72
[18:13:41]   resolved in 1.0s → 720p (https://pf-storage1.premiumcdn.net/48041414/EBwUnOTp7C8ahEbF1DuBPTN9CNrC7DHGbFMW…)
[18:14:28]   downloaded 1,483.6 MB in 45.8s (32.4 MB/s)
[18:15:28]   upload done video_id=26049273 in 60.7s
[18:15:29] film cr_film_id=20014 OK in 109.8s
[18:15:29] iteration 19/20
[18:15:29] film cr_film_id=7520 name='Aporia (2023) CZ Titulky' candidates=6
[18:15:29]   candidate upload_id=655484f04364e url=https://prehraj.to/aporia-2023-1080p-cz-sub-mp4/655484f04364e
[18:15:31]   resolved in 1.2s → 720p (https://pf-storage3.premiumcdn.net/51886832/JegtM3TaNs50uLwSvKHjaTE5UB3iKzsPLf9l…)
[18:16:12]   downloaded 1,174.2 MB in 39.7s (29.6 MB/s)
[18:16:56]   upload done video_id=26049342 in 44.6s
[18:16:58] film cr_film_id=7520 OK in 88.2s
[18:16:58] iteration 20/20
[18:16:58] film cr_film_id=9330 name='After: Odloučení (2023) CZ Titulky' candidates=1
[18:16:58]   candidate upload_id=269b77f7708dade8 url=https://prehraj.to/after-everything-after-odlouceni-2023-romanticky-cztit/269b77f7708dade8
[18:16:58]   resolve FAILED: HTTP 502 wrapping permanent upstream error: https://prehraj.to/after-everything-after-odlouceni-2023-romanticky-cztit/269b77f7708dade8 (permanent=True)
[18:16:58] film cr_film_id=9330 all candidates exhausted
[18:16:58] batch-end ok=19 failed=1 dur=2962.2s avg/film=155.9s remaining=9206 eta_hours=398.7

===== run 2026-06-17T18:30:49Z shard=0/2 batch_size=20 (https://github.com/Olbrasoft/prehrajto-to-prehrajto/actions/runs/27711025977) =====
[18:30:50] batch-start shard=0/2 count=20 backlog=10210 uploads=1004 failed_attempts=50 description_overrides=0
[18:30:50] login
[18:30:52] login done
[18:30:52] iteration 1/20
[18:30:52] film cr_film_id=3630 name='Adagio (2023) CZ Titulky' candidates=2
[18:30:52]   candidate upload_id=6643983ca9165 url=https://prehraj.to/adagio-2023-cztitulky/6643983ca9165
[18:30:53]   resolved in 1.0s → 1080p (https://pf-storage1.premiumcdn.net/77338823/e8Wil6cz2H1QiEltQdTgbczVINwUQDUKdhl9…)
[18:42:25]   downloaded 1,968.8 MB in 691.1s (2.8 MB/s)
[18:44:00]   upload done video_id=26050216 in 94.3s
[18:44:02] film cr_film_id=3630 OK in 790.5s
[18:44:02] iteration 2/20
[18:44:02] film cr_film_id=31202 name='2018 (2023) CZ Titulky' candidates=1
[18:44:02]   candidate upload_id=4a3236a28cb3caf6 url=https://prehraj.to/2018-2023-ml-cz-tit-mp4/4a3236a28cb3caf6
[18:44:03]   resolved in 1.0s → 480p (https://pf-storage6.premiumcdn.net/169710685/mZRuvMf21fGvC9qT3BFGNfmDTWbF5vHgVsG…)
[18:44:40]   downloaded 1,045.3 MB in 35.7s (29.3 MB/s)
[18:45:36]   upload done video_id=26050291 in 55.2s
[18:45:37] film cr_film_id=31202 OK in 95.0s
[18:45:37] iteration 3/20
[18:45:37] film cr_film_id=31398 name='12th Fail (2023) CZ Titulky' candidates=5
[18:45:37]   candidate upload_id=65940a21c10ec url=https://prehraj.to/12th-fail-2023-cz-titulky-hd-1080p/65940a21c10ec
[18:45:38]   resolved in 1.0s → 720p (https://pf-storage1.premiumcdn.net/71960753/2GriZWFXqSy6skotaNC8eFLgIk8uxytYGukP…)
[18:47:36]   downloaded 3,455.1 MB in 116.0s (29.8 MB/s)
[18:49:46]   upload done video_id=26050368 in 130.1s
[18:49:47] film cr_film_id=31398 OK in 250.0s
[18:49:47] iteration 4/20
[18:49:47] film cr_film_id=33964 name='桜のような僕の恋人 (2022) CZ Titulky' candidates=1
[18:49:47]   candidate upload_id=624368464c678 url=https://prehraj.to/love-like-the-falling-petals-2022-japonsko-1080p-cz-tit/624368464c678
[18:49:48]   resolved in 0.9s → 1080p (https://pf-storage3.premiumcdn.net/30255272/BkqfVKhRmUW6ijRI5aHWYh7Duo0uNKsBWUA9…)
[18:51:13]   downloaded 2,507.4 MB in 83.6s (30.0 MB/s)
[18:52:41]   upload done video_id=26050483 in 88.2s
[18:52:42] film cr_film_id=33964 OK in 175.4s
[18:52:42] iteration 5/20
[18:52:42] film cr_film_id=18122 name='Čtyři k večeři (2022) CZ Titulky' candidates=4
[18:52:42]   candidate upload_id=6208acf1cbd60 url=https://prehraj.to/ctyri-k-veceri-four-to-dinner-2022-cz-titulky-1080p-komedie-romanticky/6208acf1cbd60
[18:52:43]   resolved in 1.0s → 720p (https://pf-storage4.premiumcdn.net/29314656/qPot0vI8BHeOF9lclVf54IZQHOBTbwskbC4Q…)
[18:55:20]   downloaded 1,700.3 MB in 154.8s (11.0 MB/s)
[18:56:31]   upload done video_id=26050603 in 71.1s
[18:56:32] film cr_film_id=18122 OK in 230.0s
[18:56:32] iteration 6/20
[18:56:32] film cr_film_id=27444 name='Zítra je dnes (2022) CZ Titulky' candidates=1
[18:56:32]   candidate upload_id=639941381122e url=https://prehraj.to/zitra-je-dnes-2022-cztitulky/639941381122e
[18:56:33]   resolved in 1.0s → 720p (https://pf-storage3.premiumcdn.net/35534866/BG3U6yF0BU81ukgs5OI5wFPdiaJhxgsnLSzw…)
[19:19:27]   downloaded 2,209.7 MB in 1372.7s (1.6 MB/s)
[19:21:25]   upload done video_id=26051310 in 117.5s
[19:21:26] film cr_film_id=27444 OK in 1493.9s
[19:21:26] iteration 7/20
[19:21:26] film cr_film_id=6554 name='Znovuzrození (2022) CZ Titulky' candidates=2
[19:21:26]   candidate upload_id=62f12f663e528 url=https://prehraj.to/resurrection-2022-cz-sub-1080p/62f12f663e528
[19:21:28]   resolved in 1.7s → 1080p (https://pf-storage3.premiumcdn.net/32007388/9W2URph6XcqoHzMuKJTgEhbGiDPSkyuqnTdN…)
[19:22:41]   downloaded 2,151.8 MB in 71.4s (30.1 MB/s)
[19:24:21]   upload done video_id=26051404 in 100.5s
[19:24:23] film cr_film_id=6554 OK in 176.3s
[19:24:23] iteration 8/20
[19:24:23] film cr_film_id=3252 name='Zlato Rýna (2022) CZ Titulky' candidates=1
[19:24:23]   candidate upload_id=6791e12a78b1a7a8 url=https://prehraj.to/zlato-ryna-rheingold-2022-webrip-720p-cz-titulky-v-obraze/6791e12a78b1a7a8
[19:24:24]   resolved in 1.0s → 480p (https://pf-storage5.premiumcdn.net/167881975/MKRF6Gc9rhbXs0ntmvfLxcKXIovT2oCNqhk…)
[19:24:52]   downloaded 923.0 MB in 27.3s (33.8 MB/s)
[19:25:35]   upload done video_id=26051488 in 42.2s
[19:25:36] film cr_film_id=3252 OK in 73.1s
[19:25:36] iteration 9/20
[19:25:36] film cr_film_id=18318 name='Zimní sen (2022) CZ Titulky' candidates=1
[19:25:36]   candidate upload_id=6250fb62e0d68 url=https://prehraj.to/zimni-sen-2022-sk-cz-titulky/6250fb62e0d68
[19:25:37]   resolved in 1.3s → 1080p (https://pf-storage4.premiumcdn.net/30406115/O12HnmfryuEGuzGHqbhQ2f0OhwbckqcQOCLq…)
[20:18:30]   downloaded 3,218.5 MB in 3171.1s (1.0 MB/s)
[20:20:32]   upload done video_id=26053489 in 122.6s
[20:20:34] film cr_film_id=18318 OK in 3298.3s
[20:20:34] iteration 10/20
[20:20:34] film cr_film_id=27886 name='What Is a Woman? (2022) CZ Titulky' candidates=1
[20:20:34]   candidate upload_id=62f58a7ce31ed url=https://prehraj.to/what-is-a-woman-2022-cztitulky/62f58a7ce31ed
[20:20:35]   resolved in 1.0s → 1080p (https://pf-storage1.premiumcdn.net/32058292/ryEU0Gh90F49IlYuNbUKWhZYF6kfjGUPgfKa…)
[20:21:45]   downloaded 1,975.4 MB in 68.3s (28.9 MB/s)
[20:23:21]   upload done video_id=26053664 in 95.8s
[20:23:22] film cr_film_id=27886 OK in 168.3s
[20:23:22] iteration 11/20
[20:23:22] film cr_film_id=2874 name='Weird: The Al Yankovic Story (2022) CZ Titulky' candidates=2
[20:23:22]   candidate upload_id=6386a8814fd35 url=https://prehraj.to/weird-the-al-yankovic-story-2022-cz-sub/6386a8814fd35
[20:23:23]   resolved in 1.0s → 720p (https://pf-storage1.premiumcdn.net/34909906/LgvsOGfJghkxuw3U9mU3Df13hXvfaPFq4i4K…)
[20:36:37]   downloaded 2,030.1 MB in 792.0s (2.6 MB/s)
[20:37:54]   upload done video_id=26054329 in 77.6s
[20:37:56] film cr_film_id=2874 OK in 873.5s
[20:37:56] iteration 12/20
[20:37:56] film cr_film_id=9876 name='WarHunt (2022) CZ Titulky' candidates=11
[20:37:56]   candidate upload_id=62012ed4c54a2 url=https://prehraj.to/warhunt-2022-1080p-cz-sub-webrip-x264-rarbg/62012ed4c54a2
[20:37:58]   resolved in 1.7s → 720p (https://pf-storage4.premiumcdn.net/29123904/pP1i1osVLTD7fEWTQGCQmsgGtnZi3PTGgCN6…)
[20:38:52]   downloaded 1,561.1 MB in 52.4s (29.8 MB/s)
[20:40:05]   upload done video_id=26054471 in 73.1s
[20:40:06] film cr_film_id=9876 OK in 130.4s
[20:40:06] iteration 13/20
[20:40:06] film cr_film_id=14392 name='Virus: 32 (2022) CZ Titulky' candidates=3
[20:40:06]   candidate upload_id=6443b6eea1772 url=https://prehraj.to/virus-32-2022-cz-sub-1080p/6443b6eea1772
[20:40:07]   resolved in 1.0s → 720p (https://pf-storage5.premiumcdn.net/39686266/55bhk3TNgTaVi2lcGpUYbTVwip5sJxfb1foY…)
[20:51:45]   downloaded 1,443.1 MB in 695.8s (2.1 MB/s)
[20:52:53]   upload done video_id=26055144 in 68.7s
[20:52:55] film cr_film_id=14392 OK in 768.6s
[20:52:55] iteration 14/20
[20:52:55] film cr_film_id=18268 name='Violence Action (2022) CZ Titulky' candidates=1
[20:52:55]   candidate upload_id=6379a7b89fdb1 url=https://prehraj.to/violence-action-2022-cztitulky/6379a7b89fdb1
[20:52:56]   resolved in 1.0s → 1080p (https://pf-storage3.premiumcdn.net/34738873/XmbI4LsOBCoBTk3hVlS5KsB6cDOIrRCzoTx7…)
[20:59:21]   downloaded 3,256.2 MB in 383.9s (8.5 MB/s)
[21:02:04]   upload done video_id=26055530 in 162.3s
[21:02:05] film cr_film_id=18268 OK in 550.4s
[21:02:05] iteration 15/20
[21:02:05] film cr_film_id=6226 name='Vesper (2022) CZ Titulky' candidates=5
[21:02:05]   candidate upload_id=63389c017ed0f url=https://prehraj.to/vesper-2022-1080p-ddp5-1-cztit/63389c017ed0f
[21:02:06]   resolved in 1.1s → 720p (https://pf-storage2.premiumcdn.net/33557116/XaYiNRFekcpZT7QfPeF75FY3uKWFAohxZTnl…)
[21:09:57]   downloaded 1,619.8 MB in 469.1s (3.5 MB/s)
[21:11:13]   upload done video_id=26055855 in 76.5s
[21:11:15] film cr_film_id=6226 OK in 549.4s
[21:11:15] iteration 16/20
[21:11:15] film cr_film_id=9166 name='V zajetí noci (2022) CZ Titulky' candidates=3
[21:11:15]   candidate upload_id=63989fc4b865c url=https://prehraj.to/gone-in-the-night-2022-cz-sub-1080p/63989fc4b865c
[21:11:16]   resolved in 1.2s → 720p (https://pf-storage5.premiumcdn.net/35525284/wK5fGXIwdHK5TLwFjnU8AI6zta6UKBHYXCvG…)
[21:12:49]   downloaded 1,262.0 MB in 91.1s (13.9 MB/s)
[21:13:34]   upload done video_id=26055961 in 45.4s
[21:13:36] film cr_film_id=9166 OK in 140.9s
[21:13:36] iteration 17/20
[21:13:36] film cr_film_id=19636 name='Utama (2022) CZ Titulky' candidates=1
[21:13:36]   candidate upload_id=63be24db3cf60 url=https://prehraj.to/utama-2022-cztitulky/63be24db3cf60
[21:13:36]   resolved in 0.7s → 1080p (https://pf-storage1.premiumcdn.net/36178270/K2kTOEcAjFpeIqZiEnH1KcLYU8WigviLGS1j…)
[21:14:15]   downloaded 1,095.5 MB in 37.6s (29.1 MB/s)
[21:14:58]   upload done video_id=26056011 in 43.0s
[21:15:00] film cr_film_id=19636 OK in 84.0s
[21:15:00] iteration 18/20
[21:15:00] film cr_film_id=20126 name='Tvoje, nebo moje Vánoce? (2022) CZ Titulky' candidates=1
[21:15:00]   candidate upload_id=638c1506c6f3d url=https://prehraj.to/tvoje-nebo-moje-vanoce-2022-cztitulky/638c1506c6f3d
[21:15:01]   resolved in 1.0s → 480p (https://pf-storage3.premiumcdn.net/34991404/EG5T06FbPtMPTo8H2RTbDFQDSDkIXDI03IzP…)
[21:15:32]   downloaded 756.4 MB in 29.8s (25.4 MB/s)
[21:16:10]   upload done video_id=26056055 in 37.9s
[21:16:11] film cr_film_id=20126 OK in 71.2s
[21:16:11] iteration 19/20
[21:16:11] film cr_film_id=31254 name='Truth and Lies: The Last Gangster (2022) CZ Titulky' candidates=3
[21:16:11]   candidate upload_id=62dc970235ba9 url=https://prehraj.to/truth-and-lies-the-last-gangster-2022-cztitulky/62dc970235ba9
[21:16:12]   resolved in 1.0s → 720p (https://pf-storage3.premiumcdn.net/31733693/GrQs5xfZysyDCeysBWfd4fl6ceYSJPs0Bu13…)
[21:18:18]   downloaded 1,431.1 MB in 124.4s (11.5 MB/s)
[21:19:13]   upload done video_id=26056131 in 55.3s
[21:19:14] film cr_film_id=31254 OK in 183.3s
[21:19:14] iteration 20/20
[21:19:14] film cr_film_id=1610 name='Trojúhelník smutku (2022) CZ Titulky' candidates=3
[21:19:14]   candidate upload_id=638aa7dff1a27 url=https://prehraj.to/triangle-of-sadness-2022-cztitulky/638aa7dff1a27
[21:19:15]   resolved in 1.0s → 720p (https://pf-storage5.premiumcdn.net/34971190/1xkubmTyOFm1fdnCgdtoJT2DsWLSk5FG8Udx…)
[21:33:21]   downloaded 1,953.1 MB in 844.8s (2.3 MB/s)
[21:35:07]   upload done video_id=26056581 in 106.0s
[21:35:09] film cr_film_id=1610 OK in 954.5s
[21:35:09] batch-end ok=20 failed=0 dur=11057.1s avg/film=552.9s remaining=9186 eta_hours=1410.8

===== run 2026-06-17T21:35:59Z shard=0/2 batch_size=20 (https://github.com/Olbrasoft/prehrajto-to-prehrajto/actions/runs/27721286911) =====
[21:35:59] batch-start shard=0/2 count=20 backlog=10210 uploads=1024 failed_attempts=50 description_overrides=0
[21:35:59] login
[21:36:01] login done
[21:36:01] iteration 1/20
[21:36:01] film cr_film_id=28042 name='Todo incluido (2022) CZ Titulky' candidates=1
[21:36:01]   candidate upload_id=63ab2692496ae url=https://prehraj.to/all-inclusive-2022-cztitulky/63ab2692496ae
[21:36:02]   resolved in 1.2s → 1080p (https://pf-storage3.premiumcdn.net/35778478/DJms9Zc12UjYfxZIvJUrgcZeFGxUl4FPahra…)
[21:37:52]   downloaded 2,462.9 MB in 108.0s (22.8 MB/s)
[21:39:50]   upload done video_id=26056712 in 117.4s
[21:39:51] film cr_film_id=28042 OK in 230.0s
[21:39:51] iteration 2/20
[21:39:51] film cr_film_id=19900 name='This Much I Know to Be True (2022) CZ Titulky' candidates=1
[21:39:51]   candidate upload_id=62d73474db91a url=https://prehraj.to/this-much-i-know-to-be-true-2022-cztitulky/62d73474db91a
[21:39:52]   resolved in 1.1s → 1080p (https://pf-storage3.premiumcdn.net/31661261/Qo9UGmF1jHpeI3ZCaBCkKF5kSQPsMRUwniPN…)
[21:41:46]   downloaded 2,423.3 MB in 112.0s (21.6 MB/s)
[21:43:35]   upload done video_id=26056815 in 109.1s
[21:43:37] film cr_film_id=19900 OK in 225.5s
[21:43:37] iteration 3/20
[21:43:37] film cr_film_id=30382 name='There Are No Saints (2022) CZ Titulky' candidates=1
[21:43:37]   candidate upload_id=9810be4f53d0d706 url=https://prehraj.to/there-are-no-saints-2022-en-cz-tit-mp4/9810be4f53d0d706
[21:43:37]   resolve FAILED: HTTP 502 wrapping permanent upstream error: https://prehraj.to/there-are-no-saints-2022-en-cz-tit-mp4/9810be4f53d0d706 (permanent=True)
[21:43:37] film cr_film_id=30382 all candidates exhausted
[21:43:37] iteration 4/20
[21:43:37] film cr_film_id=19700 name='The Twin (2022) CZ Titulky' candidates=6
[21:43:37]   candidate upload_id=62f03771bb34b url=https://prehraj.to/dvojca-the-twin-horor-2022-cz-titulky-1080p/62f03771bb34b
[21:43:44]   resolved in 6.6s → 720p (https://pf-storage1.premiumcdn.net/31993798/19MTjKcK5IENHqnhQYi24clmUVeIQbIo1t8n…)
[21:44:55]   downloaded 1,555.5 MB in 68.7s (22.6 MB/s)
[21:46:07]   upload done video_id=26056889 in 72.5s
[21:46:08] film cr_film_id=19700 OK in 151.0s
[21:46:08] iteration 5/20
[21:46:08] film cr_film_id=14734 name='The System (2022) CZ Titulky' candidates=2
[21:46:08]   candidate upload_id=63b32686e9352 url=https://prehraj.to/the-system-2022-1080p-cz-sub-webrip-x265/63b32686e9352
[21:46:09]   resolved in 0.8s → 720p (https://pf-storage1.premiumcdn.net/35876758/PeMTwbF40tvdtRLha4uRVFlBfK0sX4hWXTVq…)
[21:47:06]   downloaded 1,250.9 MB in 54.9s (22.8 MB/s)
[21:48:02]   upload done video_id=26056951 in 56.5s
[21:48:04] film cr_film_id=14734 OK in 115.2s
[21:48:04] iteration 6/20
[21:48:04] film cr_film_id=34048 name='The Retaliators (2022) CZ Titulky' candidates=1
[21:48:04]   candidate upload_id=63bb4ef5e312e url=https://prehraj.to/the-retaliators-2021-cztitulky/63bb4ef5e312e
[21:48:05]   resolved in 1.2s → 720p (https://pf-storage1.premiumcdn.net/36101263/PEyhnJIk5cjmFWKhj5H8dIA0cExhwoT3ZUv9…)
[21:49:17]   downloaded 1,630.2 MB in 70.8s (23.0 MB/s)
[21:50:44]   upload done video_id=26057002 in 86.4s
[21:50:45] film cr_film_id=34048 OK in 161.7s
[21:50:45] iteration 7/20
[21:50:45] film cr_film_id=10420 name='The Red Tide Massacre (2022) CZ Titulky' candidates=1
[21:50:45]   candidate upload_id=80a4eb4332960849 url=https://prehraj.to/the-red-sleeve-2021-korean-e01-cztit-v-obraze-mp4/80a4eb4332960849
[21:50:47]   resolved in 1.3s → 480p (https://pf-storage1.premiumcdn.net/156004190/qqMhOAsW8t34sV1f49szWs1aF6atO0FGbfZ…)
[21:51:02]   downloaded 256.5 MB in 13.5s (19.0 MB/s)
[21:51:26]   upload done video_id=26057050 in 23.6s
[21:51:27] film cr_film_id=10420 OK in 41.6s
[21:51:27] iteration 8/20
[21:51:27] film cr_film_id=31294 name='The Overnight (2022) CZ Titulky' candidates=1
[21:51:27]   candidate upload_id=632a50db4d275 url=https://prehraj.to/the-overnight-horor-usa-2022-cz-titulky-1080p/632a50db4d275
[21:51:28]   resolved in 1.1s → 720p (https://pf-storage1.premiumcdn.net/33205708/eM1HxmCaMtznU9XsXYu2zCEMs8zHwDtPGtaq…)
[21:52:21]   downloaded 1,400.5 MB in 51.7s (27.1 MB/s)
[21:53:30]   upload done video_id=26057084 in 68.5s
[21:53:31] film cr_film_id=31294 OK in 124.4s
[21:53:31] iteration 9/20
[21:53:31] film cr_film_id=10102 name='The Nameless Days (2022) CZ Titulky' candidates=9
[21:53:31]   candidate upload_id=670a6224b5341 url=https://prehraj.to/the-nameless-days-2022-720p-cz-titulky/670a6224b5341
[21:53:32]   resolved in 1.0s → 720p (https://pf-storage3.premiumcdn.net/101483534/l0mTVeH0NspaujgcORt3oHqgUKoheLU1kia…)
[21:54:22]   downloaded 1,042.1 MB in 47.8s (21.8 MB/s)
[21:55:17]   upload done video_id=26057140 in 55.0s
[21:55:18] film cr_film_id=10102 OK in 107.0s
[21:55:18] iteration 10/20
[21:55:18] film cr_film_id=27004 name='The Immaculate Room (2022) CZ Titulky' candidates=2
[21:55:18]   candidate upload_id=63018f64ed2e7 url=https://prehraj.to/the-immaculate-room-2022-cztitulky/63018f64ed2e7
[21:55:20]   resolved in 1.3s → 720p (https://pf-storage3.premiumcdn.net/32355727/oPmuOKUYgt0jtebu04cg8U1WcPycNbiJwsmO…)
[21:56:05]   downloaded 929.6 MB in 43.1s (21.6 MB/s)
[21:56:51]   upload done video_id=26057187 in 46.2s
[21:56:52] film cr_film_id=27004 OK in 94.0s
[21:56:52] iteration 11/20
[21:56:52] film cr_film_id=10262 name='The Coven (2022) CZ Titulky' candidates=2
[21:56:52]   candidate upload_id=621772b71af21 url=https://prehraj.to/the-long-night-the-coven-2022-cz-titulky/621772b71af21
[21:56:53]   resolved in 1.0s → 480p (https://pf-storage3.premiumcdn.net/29666588/3pguGrSPjcbgfOqIx0t3KS6QiEkuawtgMsve…)
[21:57:20]   downloaded 497.5 MB in 24.4s (20.4 MB/s)
[21:57:45]   upload done video_id=26057228 in 25.0s
[21:57:46] film cr_film_id=10262 OK in 53.7s
[21:57:46] iteration 12/20
[21:57:46] film cr_film_id=9334 name='The Breach (2022) CZ Titulky' candidates=1
[21:57:46]   candidate upload_id=6511015ee1b96 url=https://prehraj.to/the-breach-2022-cztit-1080p/6511015ee1b96
[21:57:48]   resolved in 1.5s → 720p (https://pf-storage1.premiumcdn.net/46095704/1rbIMwFr9T7JTq3Ck3sboFy0IRYsvLCg5s3v…)
[21:58:39]   downloaded 1,338.0 MB in 49.8s (26.9 MB/s)
[21:59:40]   upload done video_id=26057260 in 61.2s
[21:59:42] film cr_film_id=9334 OK in 115.8s
[21:59:42] iteration 13/20
[21:59:42] film cr_film_id=6524 name='The Baker (2022) CZ Titulky' candidates=5
[21:59:42]   candidate upload_id=650ffb9d3ec67 url=https://prehraj.to/the-baker-2023-cz-titulky-hd-1080p-mp4/650ffb9d3ec67
[21:59:43]   resolved in 1.1s → 720p (https://pf-storage4.premiumcdn.net/46012451/MDms49S1VHXYTKGSxeH5zSM0ig7T7YH2VIz2…)
[22:00:41]   downloaded 1,339.7 MB in 56.1s (23.9 MB/s)
[22:01:44]   upload done video_id=26057384 in 62.4s
[22:01:45] film cr_film_id=6524 OK in 123.1s
[22:01:45] iteration 14/20
[22:01:45] film cr_film_id=31272 name='The Aviary (2022) CZ Titulky' candidates=1
[22:01:45]   candidate upload_id=3ff8ec0b3999a8df url=https://prehraj.to/the-aviary-2022-en-cz-tit-mp4/3ff8ec0b3999a8df
[22:01:46]   resolve FAILED: HTTP 502 wrapping permanent upstream error: https://prehraj.to/the-aviary-2022-en-cz-tit-mp4/3ff8ec0b3999a8df (permanent=True)
[22:01:46] film cr_film_id=31272 all candidates exhausted
[22:01:46] iteration 15/20
[22:01:46] film cr_film_id=31178 name='Tethered (2022) CZ Titulky' candidates=1
[22:01:46]   candidate upload_id=623ced4a7664c url=https://prehraj.to/tethered-2022-cztitulky/623ced4a7664c
[22:01:53]   resolved in 6.1s → 720p (https://pf-storage4.premiumcdn.net/30197804/E9RIDXimLCwXHEmfN3I3diGxsEQh0jsayhwK…)
[22:03:01]   downloaded 1,507.4 MB in 66.8s (22.6 MB/s)
[22:04:17]   upload done video_id=26057491 in 75.2s
[22:04:18] film cr_film_id=31178 OK in 151.7s
[22:04:18] iteration 16/20
[22:04:18] film cr_film_id=20114 name='Stutz (2022) CZ Titulky' candidates=1
[22:04:18]   candidate upload_id=6377171a9bfc6 url=https://prehraj.to/stutz-2022-cztitulky/6377171a9bfc6
[22:04:20]   resolved in 1.5s → 720p (https://pf-storage2.premiumcdn.net/34702198/ko7tpeTMdfBKhqLHQPhobToeSDyc3Wc20uew…)
[22:05:11]   downloaded 1,079.3 MB in 50.0s (21.6 MB/s)
[22:06:14]   upload done video_id=26057585 in 62.8s
[22:06:15] film cr_film_id=20114 OK in 117.2s
[22:06:15] iteration 17/20
[22:06:15] film cr_film_id=34060 name='Spravedlnost pro Emmeta Tilla (2022) CZ Titulky' candidates=1
[22:06:15]   candidate upload_id=64222959e2918 url=https://prehraj.to/spravedlnost-pro-emmetta-tilla-2022-cz-titulky/64222959e2918
[22:06:17]   resolved in 1.1s → 720p (https://pf-storage3.premiumcdn.net/38742055/23WsjzclQTg7fPWuD3f6DcM8unoSvzS4xsQP…)
[22:07:41]   downloaded 1,877.9 MB in 82.2s (22.8 MB/s)
[22:09:19]   upload done video_id=26057673 in 98.6s
[22:09:21] film cr_film_id=34060 OK in 185.3s
[22:09:21] iteration 18/20
[22:09:21] film cr_film_id=3692 name='Spirited (2022) CZ Titulky' candidates=1
[22:09:21]   candidate upload_id=b74f7cc9333b6f7b url=https://prehraj.to/spirited-2022-1080p-web-dl-dd5-1-x264-cz-titulky-mkv/b74f7cc9333b6f7b
[22:09:22]   resolved in 1.1s → 720p (https://pf-storage4.premiumcdn.net/156204926/EBnubysqmIvAUd7SV6CJKszYHq6CyrHP0Tq…)
[22:10:49]   downloaded 2,413.6 MB in 85.0s (28.4 MB/s)
[22:12:44]   upload done video_id=26057784 in 114.8s
[22:12:45] film cr_film_id=3692 OK in 204.7s
[22:12:45] iteration 19/20
[22:12:45] film cr_film_id=36908 name='Sniper: Rogue Mission (2022) CZ Titulky' candidates=1
[22:12:45]   candidate upload_id=cee77daf324f9462 url=https://prehraj.to/sniper-rogue-mission-2022-cz-titulky/cee77daf324f9462
[22:12:46]   resolve FAILED: HTTP 502 wrapping permanent upstream error: https://prehraj.to/sniper-rogue-mission-2022-cz-titulky/cee77daf324f9462 (permanent=True)
[22:12:46] film cr_film_id=36908 all candidates exhausted
[22:12:46] iteration 20/20
[22:12:46] film cr_film_id=18368 name='Sledovaní (2022) CZ Titulky' candidates=1
[22:12:46]   candidate upload_id=6509d428b8989 url=https://prehraj.to/sledovani-2022-cz-titulky-hd-1080p/6509d428b8989
[22:12:52]   resolved in 6.1s → 720p (https://pf-storage3.premiumcdn.net/45508778/B4puwyhPXHJ7CwoS7WF3kh3oionSnyU5nswR…)
[22:14:17]   downloaded 1,856.6 MB in 83.2s (22.3 MB/s)
[22:15:44]   upload done video_id=26057914 in 86.4s
[22:15:45] film cr_film_id=18368 OK in 179.0s
[22:15:45] batch-end ok=17 failed=3 dur=2383.9s avg/film=140.2s remaining=9169 eta_hours=357.1

===== run 2026-06-17T22:46:56Z shard=0/2 batch_size=20 (https://github.com/Olbrasoft/prehrajto-to-prehrajto/actions/runs/27724612825) =====
[22:46:56] batch-start shard=0/2 count=20 backlog=10210 uploads=1041 failed_attempts=53 description_overrides=0
[22:46:56] login
[22:46:58] login done
[22:46:58] iteration 1/20
[22:46:58] film cr_film_id=15366 name='Silverton v obležení (2022) CZ Titulky' candidates=12
[22:46:58]   candidate upload_id=62706abd3ef6d url=https://prehraj.to/silverton-v-oblezeni-2022-cztitulky/62706abd3ef6d
[22:46:59]   resolved in 1.2s → 1080p (https://pf-storage3.premiumcdn.net/30698000/noMikeHbYTonf3zIJmcBQHJvirwcZLSD3HGW…)
[22:48:45]   downloaded 1,992.3 MB in 103.7s (19.2 MB/s)
[22:50:35]   upload done video_id=26058896 in 110.3s
[22:50:37] film cr_film_id=15366 OK in 219.4s
[22:50:37] iteration 2/20
[22:50:37] film cr_film_id=7234 name='Shut In (2022) CZ Titulky' candidates=12
[22:50:37]   candidate upload_id=62694de28b7dc url=https://prehraj.to/shut-in-2022-drama-horor-thriller-1080p-cz-titulky-drama-horor-thriller/62694de28b7dc
[22:50:38]   resolved in 1.2s → 1080p (https://pf-storage3.premiumcdn.net/30624980/xYaiz3FAMUQWfkDhmYCJ7FbMh2yIz8fD2sw4…)
[22:52:00]   downloaded 1,517.1 MB in 79.7s (19.0 MB/s)
[22:53:29]   upload done video_id=26058986 in 88.7s
[22:53:31] film cr_film_id=7234 OK in 173.5s
[22:53:31] iteration 3/20
[22:53:31] film cr_film_id=9868 name='Section 8 (2022) CZ Titulky' candidates=1
[22:53:31]   candidate upload_id=200d6b2ed5227d9a url=https://prehraj.to/section-8-2022-cz-titulky/200d6b2ed5227d9a
[22:53:32]   resolve FAILED: HTTP 502 wrapping permanent upstream error: https://prehraj.to/section-8-2022-cz-titulky/200d6b2ed5227d9a (permanent=True)
[22:53:32] film cr_film_id=9868 all candidates exhausted
[22:53:32] iteration 4/20
[22:53:32] film cr_film_id=14508 name='Savage Salvation (2022) CZ Titulky' candidates=6
[22:53:32]   candidate upload_id=64782968a7639 url=https://prehraj.to/savage-salvation-2022-cz-titulky-1080p-mp4/64782968a7639
[22:53:38]   resolved in 6.1s → 720p (https://pf-storage4.premiumcdn.net/41251345/Yj7fQ9idaS3oi5RcYXUqNiYeFE7U9DHqatEQ…)
[22:55:28]   downloaded 2,066.3 MB in 108.3s (19.1 MB/s)
[22:57:29]   upload done video_id=26059088 in 120.8s
[22:57:31] film cr_film_id=14508 OK in 239.1s
[22:57:31] iteration 5/20
[22:57:31] film cr_film_id=19696 name='Room 203 (2022) CZ Titulky' candidates=2
[22:57:31]   candidate upload_id=63909f1ed970f url=https://prehraj.to/room-203-2022-proper-1080p-cz-sub/63909f1ed970f
[22:57:32]   resolved in 1.2s → 720p (https://pf-storage4.premiumcdn.net/35214556/25JcNqUNPUn2C47sG3swaU03iRahOZsnYcZd…)
[22:58:43]   downloaded 1,321.8 MB in 68.9s (19.2 MB/s)
[23:00:20]   upload done video_id=26059193 in 97.6s
[23:00:22] film cr_film_id=19696 OK in 171.2s
[23:00:22] iteration 6/20
[23:00:22] film cr_film_id=18344 name='Ricky Gervais: SuperNature (2022) CZ Titulky' candidates=1
[23:00:22]   candidate upload_id=628ffd5c16a9f url=https://prehraj.to/ricky-gervais-supernature-2022-cztitulky/628ffd5c16a9f
[23:00:23]   resolved in 1.2s → 1080p (https://pf-storage3.premiumcdn.net/30974924/bwyFEYI4vCk5CBptd1faqIKZurJU9lfvKSxP…)
[23:01:09]   downloaded 796.7 MB in 43.2s (18.4 MB/s)
[23:02:44]   upload done video_id=26059247 in 95.4s
[23:02:47] film cr_film_id=18344 OK in 145.2s
[23:02:47] iteration 7/20
[23:02:47] film cr_film_id=30956 name='Remember (2022) CZ Titulky' candidates=3
[23:02:47]   candidate upload_id=63ec26db0832e url=https://prehraj.to/remember-2022-cztitulky/63ec26db0832e
[23:02:48]   resolved in 1.2s → 720p (https://pf-storage4.premiumcdn.net/37403899/GjaF81sMBtGxSLnfjktOJs5LiJAcMBik6up0…)
[23:04:34]   downloaded 1,985.4 MB in 103.3s (19.2 MB/s)
[23:06:40]   upload done video_id=26059327 in 126.0s
[23:06:42] film cr_film_id=30956 OK in 234.6s
[23:06:42] iteration 8/20
[23:06:42] film cr_film_id=1306 name='Rebel (2022) CZ Titulky' candidates=1
[23:06:42]   candidate upload_id=64d3f013915e4 url=https://prehraj.to/rebel-2022-cztitulky/64d3f013915e4
[23:06:43]   resolved in 1.4s → 720p (https://pf-storage1.premiumcdn.net/43242848/6x8fRQHMzhKkirxF1dsq0Hj4tObSG1sbYSmQ…)
[23:08:19]   downloaded 1,762.0 MB in 93.9s (18.8 MB/s)
[23:10:06]   upload done video_id=26059427 in 106.5s
[23:10:08] film cr_film_id=1306 OK in 205.9s
[23:10:08] iteration 9/20
[23:10:08] film cr_film_id=5410 name='Raymond & Ray (2022) CZ Titulky' candidates=1
[23:10:08]   candidate upload_id=4da2eb24fadb3a4f url=https://prehraj.to/raymond-and-ray-2022-1080p-web-dl-dd5-1-x264-cz-titulky-mkv/4da2eb24fadb3a4f
[23:10:09]   resolved in 1.5s → 720p (https://pf-storage5.premiumcdn.net/156204743/3dxhjlFRxtayt9lTQPUN2FvoSxruRBH8eCq…)
[23:11:15]   downloaded 1,465.0 MB in 63.3s (23.1 MB/s)
[23:12:42]   upload done video_id=26059503 in 86.9s
[23:12:43] film cr_film_id=5410 OK in 155.6s
[23:12:43] iteration 10/20
[23:12:43] film cr_film_id=19300 name='RRR (2022) CZ Titulky' candidates=11
[23:12:43]   candidate upload_id=8611cbcbdc50030c url=https://prehraj.to/rrr-2022-cz-tit-720p/8611cbcbdc50030c
[23:12:46]   resolved in 3.1s → 480p (https://pf-storage3.premiumcdn.net/167071349/mVbHONc2WcLosK5cW3h4Dc9Qs91TWQhjbsn…)
[23:14:42]   downloaded 2,618.1 MB in 113.1s (23.1 MB/s)
[23:17:27]   upload done video_id=26059592 in 165.5s
[23:17:29] film cr_film_id=19300 OK in 285.6s
[23:17:29] iteration 11/20
[23:17:29] film cr_film_id=31326 name='Pád (2022) CZ Titulky' candidates=1
[23:17:29]   candidate upload_id=77727288c38993b1 url=https://prehraj.to/pad-2022-es-cz-tit-mp4/77727288c38993b1
[23:17:30]   resolved in 1.4s → 720p (https://pf-storage6.premiumcdn.net/169715137/7BbfJec3zHe8t96TvZFp9cw7h6eF8afmefj…)
[23:18:54]   downloaded 1,506.9 MB in 81.0s (18.6 MB/s)
[23:20:39]   upload done video_id=26059695 in 105.0s
[23:20:40] film cr_film_id=31326 OK in 191.4s
[23:20:40] iteration 12/20
[23:20:40] film cr_film_id=34086 name='Prokletá panenka Robert (2022) CZ Titulky' candidates=1
[23:20:40]   candidate upload_id=65245566aaa0b url=https://prehraj.to/prokleta-panenka-robert-2023-cz-titulky/65245566aaa0b
[23:20:41]   resolved in 1.1s → 720p (https://pf-storage3.premiumcdn.net/47771219/DVdUmMf3rSpMhNAHeNT82f3dTQgc31I7pi0k…)
[23:21:29]   downloaded 832.6 MB in 45.7s (18.2 MB/s)
[23:22:18]   upload done video_id=26059766 in 49.2s
[23:22:20] film cr_film_id=34086 OK in 99.4s
[23:22:20] iteration 13/20
[23:22:20] film cr_film_id=36824 name='Press Play (2022) CZ Titulky' candidates=1
[23:22:20]   candidate upload_id=a0e4cc66f11a95c8 url=https://prehraj.to/press-play-2022-cz-titulky/a0e4cc66f11a95c8
[23:22:21]   resolve FAILED: HTTP 502 wrapping permanent upstream error: https://prehraj.to/press-play-2022-cz-titulky/a0e4cc66f11a95c8 (permanent=True)
[23:22:21] film cr_film_id=36824 all candidates exhausted
[23:22:21] iteration 14/20
[23:22:21] film cr_film_id=9054 name='Posedlost (2022) CZ Titulky' candidates=1
[23:22:21]   candidate upload_id=6442b132e017f url=https://prehraj.to/posedlost-2022-cz-titulky-1080p/6442b132e017f
[23:22:26]   resolve FAILED: HTTP 502 wrapping permanent upstream error: https://prehraj.to/posedlost-2022-cz-titulky-1080p/6442b132e017f (permanent=True)
[23:22:26] film cr_film_id=9054 all candidates exhausted
[23:22:26] iteration 15/20
[23:22:26] film cr_film_id=3240 name='Pengabdi Setan 2: Communion (2022) CZ Titulky' candidates=1
[23:22:26]   candidate upload_id=65446ccd2bf51 url=https://prehraj.to/pengabdi-setan-2-communion-2022-cztitulky/65446ccd2bf51
[23:22:33]   resolved in 6.2s → 720p (https://pf-storage4.premiumcdn.net/50461841/YdNUMwI5lT1NUDnuVxhp4I90iBguZdT1lc0V…)
[23:24:08]   downloaded 1,729.1 MB in 94.1s (18.4 MB/s)
[23:25:54]   upload done video_id=26059836 in 105.8s
[23:25:56] film cr_film_id=3240 OK in 209.5s
[23:25:56] iteration 16/20
[23:25:56] film cr_film_id=1118 name='Panství Downton: Nová éra (2022) CZ Titulky' candidates=4
[23:25:56]   candidate upload_id=62b0c57c170d4 url=https://prehraj.to/downton-abbey-a-new-era-2022-cztitulky/62b0c57c170d4
[23:25:57]   resolved in 1.2s → 480p (https://pf-storage3.premiumcdn.net/31279484/x69tnJUR6HmdCPyhJpsdAUvrhLVHpAtPLHA4…)
[23:26:27]   downloaded 605.5 MB in 27.8s (21.8 MB/s)
[23:27:07]   upload done video_id=26059894 in 39.8s
[23:27:08] film cr_film_id=1118 OK in 72.6s
[23:27:08] iteration 17/20
[23:27:08] film cr_film_id=19870 name='Out of the Blue (2022) CZ Titulky' candidates=1
[23:27:08]   candidate upload_id=65431095dc8e5 url=https://prehraj.to/out-of-the-blue-2022-cztitulky/65431095dc8e5
[23:27:10]   resolved in 1.2s → 1080p (https://pf-storage1.premiumcdn.net/50350457/OzYsbpSzbH7nHZxi9MTyKS7PUlAh1lF5ehBz…)
[23:29:08]   downloaded 2,278.2 MB in 116.8s (19.5 MB/s)
[23:31:16]   upload done video_id=26059968 in 128.1s
[23:31:18] film cr_film_id=19870 OK in 249.5s
[23:31:18] iteration 18/20
[23:31:18] film cr_film_id=8146 name='Out of Darkness (2022) CZ Titulky' candidates=5
[23:31:18]   candidate upload_id=68533445b91a3 url=https://prehraj.to/vojnove-cz-tit-mkv-de-forbandede-ar-2-out-of-the-darkness-2022-720p-bluray-yts-mx-mp4/68533445b91a3
[23:31:19]   resolved in 1.2s → 480p (https://pf-storage3.premiumcdn.net/140218802/0r3TVJuxMi4GcbyhBluJqu48iblc8bIoBUA…)
[23:32:25]   downloaded 1,095.0 MB in 63.5s (17.2 MB/s)
[23:33:43]   upload done video_id=26060054 in 78.5s
[23:33:45] film cr_film_id=8146 OK in 146.8s
[23:33:45] iteration 19/20
[23:33:45] film cr_film_id=4974 name='Osvobození (2022) CZ Titulky' candidates=1
[23:33:45]   candidate upload_id=6799944e501cf url=https://prehraj.to/osvobozeni-2022-cz-tit-1080p/6799944e501cf
[23:33:46]   resolved in 1.2s → 720p (https://pf-storage5.premiumcdn.net/128450882/5z3T4wUWMhK5IjgFbzS1YUgAS6ntN5CeEcG…)
[23:36:38]   downloaded 3,311.2 MB in 170.4s (19.4 MB/s)
[23:39:52]   upload done video_id=26060178 in 193.4s
[23:39:54] film cr_film_id=4974 OK in 368.8s
[23:39:54] iteration 20/20
[23:39:54] film cr_film_id=34080 name='Obzor (2022) CZ Titulky' candidates=1
[23:39:54]   candidate upload_id=64f2f120e917d url=https://prehraj.to/to-the-north-obzor-2022-czsubs-1080p-web-dl-aac2-0-h-264-nogrp/64f2f120e917d
[23:39:55]   resolved in 1.2s → 1080p (https://pf-storage1.premiumcdn.net/43931432/vORUYlu2vuQ1T4zFDJTQwuqPi3kF1PCXLSrm…)
[23:42:23]   downloaded 2,859.7 MB in 145.8s (19.6 MB/s)
[23:45:17]   upload done video_id=26060315 in 174.7s
[23:45:19] film cr_film_id=34080 OK in 325.6s
[23:45:19] batch-end ok=17 failed=3 dur=3501.3s avg/film=206.0s remaining=9152 eta_hours=523.7

===== run 2026-06-17T23:45:47Z shard=0/2 batch_size=20 (https://github.com/Olbrasoft/prehrajto-to-prehrajto/actions/runs/27726989984) =====
[23:45:47] batch-start shard=0/2 count=20 backlog=10210 uploads=1058 failed_attempts=56 description_overrides=0
[23:45:47] login
[23:45:49] login done
[23:45:49] iteration 1/20
[23:45:49] film cr_film_id=27422 name='Něco od Tiffanyho (2022) CZ Titulky' candidates=3
[23:45:49]   candidate upload_id=6398203172ec4 url=https://prehraj.to/neco-od-tiffanyho-something-from-tiffanys-2022-2160p-cz-sub/6398203172ec4
[23:45:50]   resolved in 1.0s → 1080p (https://pf-storage1.premiumcdn.net/35516845/LyEuMrHGKhkwcPDT2wuAyHZoCOAilEtD2igW…)
[23:47:27]   downloaded 2,764.3 MB in 95.4s (29.0 MB/s)
[23:49:37]   upload done video_id=26060450 in 129.9s
[23:49:38] film cr_film_id=27422 OK in 229.2s
[23:49:38] iteration 2/20
[23:49:38] film cr_film_id=3294 name='Nový Vánoční Příběh (2022) CZ Titulky' candidates=5
[23:49:38]   candidate upload_id=686d84d365c06 url=https://prehraj.to/a-christmas-horror-story-cz-titulky-mp4/686d84d365c06
[23:49:39]   resolved in 1.0s → 480p (https://pf-storage1.premiumcdn.net/141389081/zJLSxNsgmHWEiyjT6ZF5WsmyHK5I94H6Ohv…)
[23:50:01]   downloaded 534.0 MB in 20.4s (26.2 MB/s)
[23:50:48]   upload done video_id=26060531 in 46.5s
[23:50:49] film cr_film_id=3294 OK in 70.8s
[23:50:49] iteration 3/20
[23:50:49] film cr_film_id=18390 name='Not Just a Girl (2022) CZ Titulky' candidates=1
[23:50:49]   candidate upload_id=62eaaa3c57274 url=https://prehraj.to/not-just-a-girl-2022-cz-sub-1080p/62eaaa3c57274
[23:50:50]   resolved in 1.0s → 720p (https://pf-storage1.premiumcdn.net/31922297/g4OI3GTROU2mfz5i0Gt8ETXwHwAUr0SgpUZr…)
[23:51:38]   downloaded 1,282.4 MB in 46.0s (27.9 MB/s)
[23:53:02]   upload done video_id=26060572 in 83.9s
[23:53:03] film cr_film_id=18390 OK in 133.9s
[23:53:03] iteration 4/20
[23:53:03] film cr_film_id=35402 name='Non mi uccidere (2022) CZ Titulky' candidates=1
[23:53:03]   candidate upload_id=6216adb50376a url=https://prehraj.to/nezabijej-me-2021-cztitulky/6216adb50376a
[23:53:04]   resolved in 1.0s → 1080p (https://pf-storage4.premiumcdn.net/29649446/7GNtJEuQ9TODuogsVWHB7unYUMmIGmtwGSVa…)
[23:54:03]   downloaded 1,642.9 MB in 58.0s (28.3 MB/s)
[23:55:35]   upload done video_id=26060642 in 91.5s
[23:55:36] film cr_film_id=35402 OK in 152.9s
[23:55:36] iteration 5/20
[23:55:36] film cr_film_id=32166 name='Noc oživlých protinožců: Apokalypsa (2022) CZ Titulky' candidates=5
[23:55:36]   candidate upload_id=6865c5b25f87c url=https://prehraj.to/wyrmwood-apocalypse-2022-cz-sub-1080p/6865c5b25f87c
[23:55:37]   resolved in 0.8s → 720p (https://pf-storage4.premiumcdn.net/141112958/0G9tMySGxIjPuWqtBxSwKSrOhZQUeAsv6C9…)
[23:56:55]   downloaded 2,240.7 MB in 77.0s (29.1 MB/s)
[23:58:21]   upload done video_id=26060724 in 85.5s
[23:58:22] film cr_film_id=32166 OK in 166.3s
[23:58:22] iteration 6/20
[23:58:22] film cr_film_id=18480 name='Neveselé Vánoce (2022) CZ Titulky' candidates=1
[23:58:22]   candidate upload_id=63a4eb2558ee0 url=https://prehraj.to/nevesele-vanoce-2022-cztitulky/63a4eb2558ee0
[23:58:23]   resolved in 1.0s → 1080p (https://pf-storage4.premiumcdn.net/35698195/apqFX9Tl1HWrtPWilgsPkTOqfmEHwbcJLHmj…)
[23:59:48]   downloaded 2,352.5 MB in 83.2s (28.3 MB/s)
[00:01:26]   upload done video_id=26060794 in 98.2s
[00:01:27] film cr_film_id=18480 OK in 185.3s
[00:01:27] iteration 7/20
[00:01:27] film cr_film_id=26878 name='Neuvěřitelné, ale pravdivé (2022) CZ Titulky' candidates=1
[00:01:27]   candidate upload_id=636c24a09a352 url=https://prehraj.to/neuveritelne-ale-pravdive-2022-cztitulky/636c24a09a352
[00:01:28]   resolved in 1.0s → 480p (https://pf-storage3.premiumcdn.net/34557457/5vOfzpC8wSqpUMRUGrivGC8kIJvhbYh7WI1q…)
[00:01:49]   downloaded 493.1 MB in 19.4s (25.4 MB/s)
[00:02:15]   upload done video_id=26060859 in 25.5s
[00:02:16] film cr_film_id=26878 OK in 48.7s
[00:02:16] iteration 8/20
[00:02:16] film cr_film_id=3202 name='Nepřivolávej nic zlého (2022) CZ Titulky' candidates=7
[00:02:16]   candidate upload_id=2993b1289039dd6a url=https://prehraj.to/neprivolavej-nic-zleho-gaesterne-speak-no-evil-2022-en-cz-tit/2993b1289039dd6a
[00:02:17]   resolved in 0.7s → 720p (https://pf-storage5.premiumcdn.net/168847912/KM9fovUjvikEHgjUVbC7qU0rirAFXrho7Tj…)
[00:02:52]   downloaded 1,156.9 MB in 33.9s (34.1 MB/s)
[00:03:35]   upload done video_id=26060890 in 43.4s
[00:03:37] film cr_film_id=3202 OK in 80.6s
[00:03:37] iteration 9/20
[00:03:37] film cr_film_id=31136 name='Nekonečná smyčka (2022) CZ Titulky' candidates=5
[00:03:37]   candidate upload_id=620020f5acf25 url=https://prehraj.to/nekonecna-smycka-2022-cztitulky/620020f5acf25
[00:03:38]   resolved in 1.0s → 1080p (https://pf-storage4.premiumcdn.net/29100312/lGbfprh5OFjvcy2Iq1iyZhR5Uk6Ij8u91tYy…)
[00:05:38]   downloaded 3,424.4 MB in 118.2s (29.0 MB/s)
[00:09:04]   upload done video_id=26061002 in 206.2s
[00:09:05] film cr_film_id=31136 OK in 328.3s
[00:09:05] iteration 10/20
[00:09:05] film cr_film_id=36860 name='Nejdražší přátelé (2022) CZ Titulky' candidates=1
[00:09:05]   candidate upload_id=61f1c777dc8f4 url=https://prehraj.to/nejdrazsi-pratele-2022-cztitulky/61f1c777dc8f4
[00:09:06]   resolved in 1.0s → 1080p (https://pf-storage5.premiumcdn.net/28752240/30DSDPTJ6iQNhavUe0FQwTVZiexCQJikNIx3…)
[00:10:06]   downloaded 1,675.6 MB in 58.8s (28.5 MB/s)
[00:11:15]   upload done video_id=26061160 in 68.4s
[00:11:16] film cr_film_id=36860 OK in 131.1s
[00:11:16] iteration 11/20
[00:11:16] film cr_film_id=31250 name='Navalny (2022) CZ Titulky' candidates=1
[00:11:16]   candidate upload_id=c5157a2990b1cb32 url=https://prehraj.to/navalny-2022-en-cz-tit/c5157a2990b1cb32
[00:11:17]   resolve FAILED: HTTP 502 wrapping permanent upstream error: https://prehraj.to/navalny-2022-en-cz-tit/c5157a2990b1cb32 (permanent=True)
[00:11:17] film cr_film_id=31250 all candidates exhausted
[00:11:17] iteration 12/20
[00:11:17] film cr_film_id=14946 name='Na scestí (2022) CZ Titulky' candidates=2
[00:11:17]   candidate upload_id=67f90c7f1c504 url=https://prehraj.to/zeme-na-scesti-2-2023-cz-tit-1080p/67f90c7f1c504
[00:11:23]   resolved in 6.0s → 720p (https://pf-storage3.premiumcdn.net/134781278/37LIXmh7oHQOf2wiOlULqhrZIM1cMWH0BT3…)
[00:12:53]   downloaded 3,144.8 MB in 89.1s (35.3 MB/s)
[00:15:33]   upload done video_id=26061260 in 159.8s
[00:15:35] film cr_film_id=14946 OK in 257.9s
[00:15:35] iteration 13/20
[00:15:35] film cr_film_id=2880 name='Na pivo do první linie (2022) CZ Titulky' candidates=1
[00:15:35]   candidate upload_id=68050ff024ef8 url=https://prehraj.to/na-pivo-do-prvni-linie-2022-cz-tit/68050ff024ef8
[00:15:36]   resolved in 1.0s → 720p (https://pf-storage1.premiumcdn.net/135705032/m4mtYXfm3Hv4TZacl3sJ6fl9uvBhmMCvRhO…)
[00:16:29]   downloaded 1,795.0 MB in 51.4s (34.9 MB/s)
[00:17:33]   upload done video_id=26061385 in 64.3s
[00:17:34] film cr_film_id=2880 OK in 119.4s
[00:17:34] iteration 14/20
[00:17:34] film cr_film_id=27260 name='My Fake Boyfriend (2022) CZ Titulky' candidates=2
[00:17:34]   candidate upload_id=62d9a9ea7cde0 url=https://prehraj.to/my-fake-boyfriend-2022-cztitulky/62d9a9ea7cde0
[00:17:35]   resolved in 1.0s → 720p (https://pf-storage1.premiumcdn.net/31694420/vVqIa1Tj3FM4IAEFE4tW2TXmcMRUaNCQ2I3z…)
[00:18:25]   downloaded 1,343.9 MB in 48.2s (27.9 MB/s)
[00:19:21]   upload done video_id=26061450 in 56.4s
[00:19:23] film cr_film_id=27260 OK in 108.4s
[00:19:23] iteration 15/20
[00:19:23] film cr_film_id=9766 name='Munsterovi (2022) CZ Titulky' candidates=2
[00:19:23]   candidate upload_id=63ab8c6d4079d url=https://prehraj.to/the-munsters-2022-cztitulky/63ab8c6d4079d
[00:19:24]   resolved in 1.0s → 480p (https://pf-storage1.premiumcdn.net/35783941/0GWHOyFXGulWtb6sX0CQpFgQhXPhzNtYRslj…)
[00:20:02]   downloaded 1,010.2 MB in 37.3s (27.1 MB/s)
[00:20:41]   upload done video_id=26061505 in 39.2s
[00:20:42] film cr_film_id=9766 OK in 79.8s
[00:20:42] iteration 16/20
[00:20:42] film cr_film_id=3694 name='Mosty (2022) CZ Titulky' candidates=2
[00:20:42]   candidate upload_id=123217c1f42d918e url=https://prehraj.to/mosty-causeway-2022-en-cz-tit-mkv-mp4/123217c1f42d918e
[00:20:44]   resolved in 1.2s → 720p (https://pf-storage1.premiumcdn.net/161655005/eaYHnaFL3HWdtvBsZNfx2F6ktxmS6mS2KUa…)
[00:21:19]   downloaded 911.0 MB in 34.0s (26.8 MB/s)
[00:22:13]   upload done video_id=26061546 in 53.4s
[00:22:14] film cr_film_id=3694 OK in 91.2s
[00:22:14] iteration 17/20
[00:22:14] film cr_film_id=36900 name='Moonage Daydream (2022) CZ Titulky' candidates=1
[00:22:14]   candidate upload_id=a143b346bca0b388 url=https://prehraj.to/moonage-daydream-2022-cz-titulky/a143b346bca0b388
[00:22:14]   resolve FAILED: HTTP 502 wrapping permanent upstream error: https://prehraj.to/moonage-daydream-2022-cz-titulky/a143b346bca0b388 (permanent=True)
[00:22:14] film cr_film_id=36900 all candidates exhausted
[00:22:14] iteration 18/20
[00:22:14] film cr_film_id=19972 name='Moon Crash (2022) CZ Titulky' candidates=3
[00:22:14]   candidate upload_id=626c4f37a3408 url=https://prehraj.to/moon-crash-2022-cztitulky/626c4f37a3408
[00:22:20]   resolved in 6.0s → 720p (https://pf-storage4.premiumcdn.net/30654884/mmetk7TO1In4urNiMoCxdTOYFXliG0fOASzD…)
[00:23:25]   downloaded 1,767.2 MB in 63.2s (28.0 MB/s)
[00:24:43]   upload done video_id=26061616 in 77.5s
[00:24:44] film cr_film_id=19972 OK in 149.3s
[00:24:44] iteration 19/20
[00:24:44] film cr_film_id=9510 name='Monstrum (2022) CZ Titulky' candidates=3
[00:24:44]   candidate upload_id=62e6fea893359 url=https://prehraj.to/monstrous-2022-cz-sub-1080p/62e6fea893359
[00:24:45]   resolved in 1.0s → 720p (https://pf-storage3.premiumcdn.net/31875008/mmxfEMiqvIL8U30Cw0FD7iN1UA6IRAI4Qtwd…)
[00:25:33]   downloaded 1,281.8 MB in 46.4s (27.6 MB/s)
[00:26:27]   upload done video_id=26061690 in 54.5s
[00:26:28] film cr_film_id=9510 OK in 104.6s
[00:26:28] iteration 20/20
[00:26:28] film cr_film_id=27484 name='Moje drahá Zoe (2022) CZ Titulky' candidates=1
[00:26:28]   candidate upload_id=6437041275b25 url=https://prehraj.to/dear-zoe-2022-cztitulky/6437041275b25
[00:26:29]   resolved in 1.0s → 480p (https://pf-storage3.premiumcdn.net/39389788/YXqT7OfNQf4YtXLCP4fM8fNySqxudRFb8hB9…)
[00:26:51]   downloaded 667.9 MB in 20.3s (32.9 MB/s)
[00:27:27]   upload done video_id=26061741 in 35.4s
[00:27:28] film cr_film_id=27484 OK in 59.8s
[00:27:28] batch-end ok=18 failed=2 dur=2499.1s avg/film=138.8s remaining=9134 eta_hours=352.2

===== run 2026-06-18T00:32:30Z shard=0/2 batch_size=20 (https://github.com/Olbrasoft/prehrajto-to-prehrajto/actions/runs/27728752381) =====
[00:32:31] batch-start shard=0/2 count=20 backlog=10210 uploads=1076 failed_attempts=58 description_overrides=0
[00:32:31] login
[00:32:32] login done
[00:32:32] iteration 1/20
[00:32:32] film cr_film_id=6852 name='Mira (2022) CZ Titulky' candidates=4
[00:32:32]   candidate upload_id=6444525801430 url=https://prehraj.to/mira-2022-cz-sub-1080p/6444525801430
[00:32:34]   resolved in 1.3s → 1080p (https://pf-storage1.premiumcdn.net/39708046/X9OtrEHW5hwEumbsEWfvGHBYt8AS90iBnTG6…)
[00:34:03]   downloaded 2,814.5 MB in 88.1s (31.9 MB/s)
[00:36:03]   upload done video_id=26061966 in 119.7s
[00:36:04] film cr_film_id=6852 OK in 212.1s
[00:36:04] iteration 2/20
[00:36:04] film cr_film_id=7834 name='Megalománie (2022) CZ Titulky' candidates=3
[00:36:04]   candidate upload_id=666a9249eb660 url=https://prehraj.to/megalomanie-2022-cz-titulky-1080p/666a9249eb660
[00:36:05]   resolved in 1.1s → 720p (https://pf-storage1.premiumcdn.net/78234521/VEMi8QfAwT0LC9dt3ESz7fwETRAt19IXNSXO…)
[00:37:13]   downloaded 1,590.5 MB in 66.0s (24.1 MB/s)
[00:38:25]   upload done video_id=26062068 in 71.9s
[00:38:26] film cr_film_id=7834 OK in 142.2s
[00:38:26] iteration 3/20
[00:38:26] film cr_film_id=9770 name='Margaux (2022) CZ Titulky' candidates=2
[00:38:26]   candidate upload_id=636db0de2e060 url=https://prehraj.to/margaux-1080p-2022-cz-sub/636db0de2e060
[00:38:28]   resolved in 1.1s → 1080p (https://pf-storage3.premiumcdn.net/34577782/QdYFNouoVCd1UPQI4kupNumgsgKs0dh5kfyM…)
[00:39:26]   downloaded 1,417.0 MB in 56.6s (25.0 MB/s)
[00:40:28]   upload done video_id=26062123 in 62.2s
[00:40:29] film cr_film_id=9770 OK in 122.9s
[00:40:29] iteration 4/20
[00:40:29] film cr_film_id=20018 name='Manželství na body (2022) CZ Titulky' candidates=1
[00:40:29]   candidate upload_id=639535ed1f92e url=https://prehraj.to/manzelstvi-na-body-2022-cztitulky/639535ed1f92e
[00:40:31]   resolved in 1.3s → 1080p (https://pf-storage2.premiumcdn.net/35295913/G10IwMiNBi5ackqTQKHlzizZT8LSXGSxVUqZ…)
[00:42:05]   downloaded 2,387.4 MB in 92.3s (25.9 MB/s)
[00:43:42]   upload done video_id=26062191 in 96.7s
[00:43:43] film cr_film_id=20018 OK in 193.6s
[00:43:43] iteration 5/20
[00:43:43] film cr_film_id=35246 name='Manyeo 2 (2022) CZ Titulky' candidates=1
[00:43:43]   candidate upload_id=663677ada1cbb url=https://prehraj.to/manyeo-part-2-the-other-one-2022-kor-cz-tit/663677ada1cbb
[00:43:44]   resolved in 1.0s → 1080p (https://pf-storage5.premiumcdn.net/76877741/BlBIkJCL7IWnid5UQ0SOkCJWIlyu7bH8Pi5k…)
[00:45:14]   downloaded 2,823.4 MB in 88.7s (31.8 MB/s)
[00:47:09]   upload done video_id=26062280 in 114.4s
[00:47:10] film cr_film_id=35246 OK in 207.4s
[00:47:10] iteration 6/20
[00:47:10] film cr_film_id=27360 name='Mal de ojo (2022) CZ Titulky' candidates=2
[00:47:10]   candidate upload_id=63db96c9dd7ab url=https://prehraj.to/mal-de-ojo-2022-cz-sub-1080p/63db96c9dd7ab
[00:47:12]   resolved in 1.2s → 720p (https://pf-storage3.premiumcdn.net/36989833/298tepF9ksXGCO9h2ztkNF0JCrPfe0Ux4TBA…)
[00:48:06]   downloaded 1,571.7 MB in 52.4s (30.0 MB/s)
[00:49:31]   upload done video_id=26062359 in 85.3s
[00:49:32] film cr_film_id=27360 OK in 142.0s
[00:49:32] iteration 7/20
[00:49:32] film cr_film_id=28492 name='Mad Heidi (2022) CZ Titulky' candidates=1
[00:49:32]   candidate upload_id=63ab6dc4909b8 url=https://prehraj.to/mad-heidi-2022-cztitulky/63ab6dc4909b8
[00:49:34]   resolved in 1.1s → 720p (https://pf-storage3.premiumcdn.net/35782372/v59tV7iLZtx4f2RU7LuxDiG6tpWhabTOLH19…)
[00:51:29]   downloaded 3,604.0 MB in 113.5s (31.8 MB/s)
[00:54:12]   upload done video_id=26062467 in 163.4s
[00:54:14] film cr_film_id=28492 OK in 281.4s
[00:54:14] iteration 8/20
[00:54:14] film cr_film_id=17518 name='Lidi, které nesnášíme na svatbě (2022) CZ Titulky' candidates=1
[00:54:14]   candidate upload_id=637a8e1b6cb07 url=https://prehraj.to/lidi-ktere-nesnasime-na-svatbe-2022-cztitulky/637a8e1b6cb07
[00:54:15]   resolved in 1.2s → 720p (https://pf-storage3.premiumcdn.net/34751710/V65UoNsxQig2FpBhz5twRs40upmI4MI7oSqz…)
[00:55:07]   downloaded 1,469.2 MB in 50.6s (29.0 MB/s)
[00:56:12]   upload done video_id=26062573 in 64.6s
[00:56:13] film cr_film_id=17518 OK in 119.3s
[00:56:13] iteration 9/20
[00:56:13] film cr_film_id=18088 name='Krycí jméno: Císař (2022) CZ Titulky' candidates=1
[00:56:13]   candidate upload_id=62f69a98306c7 url=https://prehraj.to/kryci-jmeno-cisar-2022-cz-sub-2022/62f69a98306c7
[00:56:14]   resolved in 1.3s → 1080p (https://pf-storage1.premiumcdn.net/32071084/PQauN1UVEfn5Td5IRdTZdUgoCREc2rCJDfDB…)
[00:57:26]   downloaded 1,758.0 MB in 69.6s (25.3 MB/s)
[00:58:35]   upload done video_id=26062633 in 68.9s
[00:58:36] film cr_film_id=18088 OK in 142.9s
[00:58:36] iteration 10/20
[00:58:36] film cr_film_id=27670 name='Kdo je tady hodný kluk? (2022) CZ Titulky' candidates=1
[00:58:36]   candidate upload_id=638a687938957 url=https://prehraj.to/kdo-je-tady-hodny-kluk-2022-cztitulky/638a687938957
[00:58:37]   resolved in 1.1s → 1080p (https://pf-storage3.premiumcdn.net/34967578/GlXFBgTQqtJ1fe5F5jUoLTP9hMzigDcr3H8m…)
[00:59:59]   downloaded 1,940.9 MB in 80.3s (24.2 MB/s)
[01:01:39]   upload done video_id=26062700 in 99.8s
[01:01:40] film cr_film_id=27670 OK in 184.2s
[01:01:40] iteration 11/20
[01:01:40] film cr_film_id=31868 name='Kandisha (2022) CZ Titulky' candidates=4
[01:01:40]   candidate upload_id=6244d21c8bc92 url=https://prehraj.to/kandisha-2020-cztitulky/6244d21c8bc92
[01:01:42]   resolved in 1.4s → 720p (https://pf-storage3.premiumcdn.net/30269606/9wlUl2HrbFvQhXDCx1C1aHlmsWnFpmFY5hJR…)
[01:02:22]   downloaded 1,139.6 MB in 38.6s (29.5 MB/s)
[01:03:22]   upload done video_id=26062771 in 60.6s
[01:03:24] film cr_film_id=31868 OK in 103.6s
[01:03:24] iteration 12/20
[01:03:24] film cr_film_id=14792 name='Jazzmanovo blues (2022) CZ Titulky' candidates=2
[01:03:24]   candidate upload_id=632e20f3ab966 url=https://prehraj.to/jazzmanovo-blues-2022-cztitulky/632e20f3ab966
[01:03:25]   resolved in 1.1s → 1080p (https://pf-storage1.premiumcdn.net/33414913/g7GiaOsNwsZAu7lTvOhd3sW7u1otPjtjlS2Z…)
[01:05:02]   downloaded 2,403.0 MB in 95.3s (25.2 MB/s)
[01:07:15]   upload done video_id=26062835 in 132.9s
[01:07:16] film cr_film_id=14792 OK in 232.6s
[01:07:16] iteration 13/20
[01:07:16] film cr_film_id=18038 name='Jakša: Nekompromisní operace (2022) CZ Titulky' candidates=1
[01:07:16]   candidate upload_id=62521cbc18d5e url=https://prehraj.to/jaksa-nekompromisni-operace-2022-cztitulky/62521cbc18d5e
[01:07:18]   resolved in 1.1s → 1080p (https://pf-storage4.premiumcdn.net/30416132/w0XIPGfjxIvXTPnHY2hdxfYnU3YhEGhP1hwX…)
[01:09:22]   downloaded 3,083.1 MB in 122.4s (25.2 MB/s)
[01:11:49]   upload done video_id=26062939 in 147.2s
[01:11:50] film cr_film_id=18038 OK in 274.0s
[01:11:50] iteration 14/20
[01:11:50] film cr_film_id=15586 name='Is That Black Enough for You?!? (2022) CZ Titulky' candidates=1
[01:11:50]   candidate upload_id=6370308cf1e13 url=https://prehraj.to/is-that-black-enough-for-you-2022-cztitulky/6370308cf1e13
[01:11:52]   resolved in 1.1s → 1080p (https://pf-storage1.premiumcdn.net/34613626/EngU5MHGEcvpfgBH7BCDaHOwIvKsYvsozT94…)
[01:15:51]   downloaded 5,991.6 MB in 238.3s (25.1 MB/s)
[01:20:05]   upload done video_id=26063087 in 253.9s
[01:20:07] film cr_film_id=15586 OK in 497.0s
[01:20:07] iteration 15/20
[01:20:07] film cr_film_id=5382 name='Irati (2022) CZ Titulky' candidates=4
[01:20:07]   candidate upload_id=64d53f43aec31 url=https://prehraj.to/irati-2022-cztitulky/64d53f43aec31
[01:20:09]   resolved in 1.2s → 720p (https://pf-storage1.premiumcdn.net/43287125/obquayUpjHY2I7MCVNcKEUkYCePfoLClGh9L…)
[01:21:34]   downloaded 2,138.5 MB in 83.4s (25.6 MB/s)
[01:23:15]   upload done video_id=26063226 in 101.7s
[01:23:17] film cr_film_id=5382 OK in 189.4s
[01:23:17] iteration 16/20
[01:23:17] film cr_film_id=18398 name='Invaze v kanclu (2022) CZ Titulky' candidates=2
[01:23:17]   candidate upload_id=6320d01166979 url=https://prehraj.to/invaze-v-kanclu-2022-cztitulky/6320d01166979
[01:23:18]   resolved in 0.8s → 1080p (https://pf-storage3.premiumcdn.net/32921356/11QIlyuN7ueatx1Ilwhn3ug4c0nClWfgkUjB…)
[01:24:46]   downloaded 2,208.5 MB in 86.7s (25.5 MB/s)
[01:26:28]   upload done video_id=26063304 in 101.9s
[01:26:29] film cr_film_id=18398 OK in 192.5s
[01:26:29] iteration 17/20
[01:26:29] film cr_film_id=15062 name='In Isolation (2022) CZ Titulky' candidates=6
[01:26:29]   candidate upload_id=6344886557088 url=https://prehraj.to/in-isolation-2022-cztitulky/6344886557088
[01:26:31]   resolved in 1.2s → 720p (https://pf-storage4.premiumcdn.net/33716932/Jn6U2Dcv3TW2t39smPfkgcDgtRmU8ETVRTeD…)
[01:27:21]   downloaded 1,157.8 MB in 49.0s (23.6 MB/s)
[01:28:13]   upload done video_id=26063365 in 51.8s
[01:28:14] film cr_film_id=15062 OK in 105.2s
[01:28:14] iteration 18/20
[01:28:14] film cr_film_id=8700 name='Hra na smrt (2022) CZ Titulky' candidates=3
[01:28:14]   candidate upload_id=6429da2e9c84f url=https://prehraj.to/play-dead-2022-1080p-cz-sub/6429da2e9c84f
[01:28:16]   resolved in 1.1s → 720p (https://pf-storage4.premiumcdn.net/39071662/PMGfp6cBRsqXsWNfXWFgGcReI2AFYkS1XCaQ…)
[01:29:18]   downloaded 1,532.4 MB in 60.9s (25.2 MB/s)
[01:30:21]   upload done video_id=26063412 in 62.8s
[01:30:22] film cr_film_id=8700 OK in 127.5s
[01:30:22] iteration 19/20
[01:30:22] film cr_film_id=10426 name='Hra lásky (2022) CZ Titulky' candidates=1
[01:30:22]   candidate upload_id=63712d29028f9 url=https://prehraj.to/game-of-love-2022-cztitulky/63712d29028f9
[01:30:23]   resolved in 1.2s → 720p (https://pf-storage1.premiumcdn.net/34625428/XzJtgrIRLUlDuD3c1afZLIkyt0lhJ7h3zcY9…)
[01:31:28]   downloaded 1,574.9 MB in 62.6s (25.2 MB/s)
[01:32:34]   upload done video_id=26063473 in 66.1s
[01:32:35] film cr_film_id=10426 OK in 133.2s
[01:32:35] iteration 20/20
[01:32:35] film cr_film_id=31246 name='Housle mého otce (2022) CZ Titulky' candidates=1
[01:32:35]   candidate upload_id=61eb4c7b9ab4d url=https://prehraj.to/housle-meho-otce-2022-cztitulky/61eb4c7b9ab4d
[01:32:36]   resolved in 1.1s → 1080p (https://pf-storage4.premiumcdn.net/28600161/NGKuK6iBvcgrcoNFq9Ixvio0FQmS1KC3jSY3…)
[01:33:58]   downloaded 1,992.5 MB in 80.1s (24.9 MB/s)
[01:35:23]   upload done video_id=26063538 in 85.0s
[01:35:24] film cr_film_id=31246 OK in 168.9s
[01:35:24] batch-end ok=20 failed=0 dur=3771.9s avg/film=188.6s remaining=9114 eta_hours=477.5

===== run 2026-06-18T01:35:50Z shard=0/2 batch_size=20 (https://github.com/Olbrasoft/prehrajto-to-prehrajto/actions/runs/27730967610) =====
[01:35:50] batch-start shard=0/2 count=20 backlog=10210 uploads=1096 failed_attempts=58 description_overrides=0
[01:35:50] login
[01:35:52] login done
[01:35:52] iteration 1/20
[01:35:52] film cr_film_id=10588 name='Hollywoodská Stargirl (2022) CZ Titulky' candidates=5
[01:35:52]   candidate upload_id=629cf0531196b url=https://prehraj.to/hollywood-stargirl-2022-cztitulky-mp4/629cf0531196b
[01:35:53]   resolved in 1.1s → 720p (https://pf-storage1.premiumcdn.net/31094219/DoMIMKUJ8CAMUr5fj9i90URZCYKcE6hx6HLM…)
[01:36:36]   downloaded 1,148.3 MB in 41.9s (27.4 MB/s)
[01:37:20]   upload done video_id=26063612 in 44.0s
[01:37:21] film cr_film_id=10588 OK in 89.7s
[01:37:21] iteration 2/20
[01:37:21] film cr_film_id=27960 name='Hansan: Rising Dragon (2022) CZ Titulky' candidates=1
[01:37:21]   candidate upload_id=63d2d48063f62 url=https://prehraj.to/hansan-rising-dragon-2022-cztitulky/63d2d48063f62
[01:37:22]   resolved in 1.1s → 720p (https://pf-storage5.premiumcdn.net/36757660/bOahRyfrXTyaCNWu1dtqZf6GH95hBAspaFJM…)
[01:38:49]   downloaded 3,069.5 MB in 85.5s (35.9 MB/s)
[01:40:49]   upload done video_id=26063669 in 119.6s
[01:40:50] film cr_film_id=27960 OK in 209.2s
[01:40:50] iteration 3/20
[01:40:50] film cr_film_id=9974 name='Grimcutty (2022) CZ Titulky' candidates=36
[01:40:50]   candidate upload_id=689f6d0216da6 url=https://prehraj.to/grimcutty-2022-cztit-1080p/689f6d0216da6
[01:40:51]   resolved in 0.9s → 1080p (https://pf-storage2.premiumcdn.net/143684937/RKMc8GuvWh6jt7oUMrTWoujqsXYf90c40I8…)
[01:41:49]   downloaded 1,563.3 MB in 55.6s (28.1 MB/s)
[01:42:59]   upload done video_id=26063766 in 70.1s
[01:43:00] film cr_film_id=9974 OK in 129.5s
[01:43:00] iteration 4/20
[01:43:00] film cr_film_id=10456 name='Good Mourning (2022) CZ Titulky' candidates=2
[01:43:00]   candidate upload_id=62893b672ccb1 url=https://prehraj.to/good-mourning-2022-cztitulky/62893b672ccb1
[01:43:01]   resolved in 1.1s → 480p (https://pf-storage3.premiumcdn.net/30914649/6dnfwQFqjUXyCw2iWZs6WFVpIa5f51fGWfnp…)
[01:43:30]   downloaded 762.9 MB in 27.5s (27.7 MB/s)
[01:44:01]   upload done video_id=26063805 in 31.4s
[01:44:02] film cr_film_id=10456 OK in 62.2s
[01:44:02] iteration 5/20
[01:44:02] film cr_film_id=35186 name='Frost (2022) CZ Titulky' candidates=4
[01:44:02]   candidate upload_id=639b9b2664e6b url=https://prehraj.to/frost-2022-cztitulky/639b9b2664e6b
[01:44:03]   resolved in 1.1s → 1080p (https://pf-storage3.premiumcdn.net/35566444/2JzczGUPBHyjHbrFldCJVUoRt2dh98uYbhqw…)
[01:44:57]   downloaded 1,432.8 MB in 51.9s (27.6 MB/s)
[01:46:10]   upload done video_id=26063842 in 73.2s
[01:46:11] film cr_film_id=35186 OK in 129.0s
[01:46:11] iteration 6/20
[01:46:11] film cr_film_id=10252 name='Freeze (2022) CZ Titulky' candidates=6
[01:46:11]   candidate upload_id=643eba31b7402 url=https://prehraj.to/freeze-2022-cz-titulky-1080p/643eba31b7402
[01:46:12]   resolved in 1.0s → 720p (https://pf-storage1.premiumcdn.net/39535963/DyPhRksQvioXTE3CqGtw0s6yIQNHMKI6AhBR…)
[01:46:51]   downloaded 1,053.1 MB in 38.3s (27.5 MB/s)
[01:47:33]   upload done video_id=26063885 in 41.8s
[01:47:34] film cr_film_id=10252 OK in 83.3s
[01:47:34] iteration 7/20
[01:47:34] film cr_film_id=10468 name="Fortress: Sniper's Eye (2022) CZ Titulky" candidates=4
[01:47:34]   candidate upload_id=6278099061d6a url=https://prehraj.to/fortress-sniper-s-eye-2022-cztitulky/6278099061d6a
[01:47:35]   resolved in 0.7s → 720p (https://pf-storage3.premiumcdn.net/30767273/1vDUz1fqoH5AFYPfm8izGfxqSjAs6zULatA3…)
[01:48:33]   downloaded 1,540.6 MB in 56.5s (27.3 MB/s)
[01:49:26]   upload done video_id=26063931 in 53.0s
[01:49:27] film cr_film_id=10468 OK in 113.0s
[01:49:27] iteration 8/20
[01:49:27] film cr_film_id=15566 name='Eye for an Eye (2022) CZ Titulky' candidates=1
[01:49:27]   candidate upload_id=6640ade1a182c url=https://prehraj.to/eye-for-an-eye-2022-cz-titulky-1080p/6640ade1a182c
[01:49:28]   resolved in 1.0s → 720p (https://pf-storage5.premiumcdn.net/77284232/mjYUNjsWxtbXSQkuYGt64sbyfmniD5U70cnP…)
[01:50:11]   downloaded 1,455.6 MB in 41.4s (35.2 MB/s)
[01:51:18]   upload done video_id=26063975 in 66.4s
[01:51:19] film cr_film_id=15566 OK in 111.5s
[01:51:19] iteration 9/20
[01:51:19] film cr_film_id=27110 name='Exorcist Vengeance (2022) CZ Titulky' candidates=1
[01:51:19]   candidate upload_id=621f6c00907c9 url=https://prehraj.to/exorcist-vengeance-cz-tit-2022/621f6c00907c9
[01:51:20]   resolved in 1.0s → 480p (https://pf-storage4.premiumcdn.net/29870855/8DmcYXTbEIq1sVMCMzC2VTg2tQJIlDIGaTNl…)
[01:51:37]   downloaded 408.0 MB in 16.1s (25.3 MB/s)
[01:52:00]   upload done video_id=26064019 in 23.0s
[01:52:02] film cr_film_id=27110 OK in 42.9s
[01:52:02] iteration 10/20
[01:52:02] film cr_film_id=15340 name='Evin Adam: Kreslený živák (2022) CZ Titulky' candidates=2
[01:52:02]   candidate upload_id=62338ddb56054 url=https://prehraj.to/evin-adam-kresleny-zivak-2022-cztitulky/62338ddb56054
[01:52:03]   resolved in 1.0s → 1080p (https://pf-storage4.premiumcdn.net/30112560/oOwUXxImJc2kCXJCEWierIk6sqGh8xTAnCXx…)
[01:52:59]   downloaded 1,560.1 MB in 54.7s (28.5 MB/s)
[01:54:31]   upload done video_id=26064064 in 91.9s
[01:54:32] film cr_film_id=15340 OK in 150.1s
[01:54:32] iteration 11/20
[01:54:32] film cr_film_id=700 name='Erupce lásky (2022) CZ Titulky' candidates=1
[01:54:32]   candidate upload_id=63701e48a5cd1 url=https://prehraj.to/erupce-lasky-2022-cztitulky/63701e48a5cd1
[01:54:33]   resolved in 1.1s → 720p (https://pf-storage3.premiumcdn.net/34612207/8gyhDwIWaFyMH1Kipni69IrWFBDs3eh2RSKd…)
[01:55:24]   downloaded 1,777.4 MB in 50.4s (35.3 MB/s)
[01:56:38]   upload done video_id=26064133 in 73.8s
[01:56:39] film cr_film_id=700 OK in 127.4s
[01:56:39] iteration 12/20
[01:56:39] film cr_film_id=18002 name='Ek Villain Returns (2022) CZ Titulky' candidates=2
[01:56:39]   candidate upload_id=633b50a61d7b4 url=https://prehraj.to/ek-villain-returns-2022-cztitulky/633b50a61d7b4
[01:56:40]   resolved in 1.0s → 1080p (https://pf-storage3.premiumcdn.net/33591460/goQceyuLgc9ZSJNH0XFEpuy7HKPijaFLeigv…)
[01:58:26]   downloaded 3,016.7 MB in 105.0s (28.7 MB/s)
[02:00:41]   upload done video_id=26064225 in 134.5s
[02:00:42] film cr_film_id=18002 OK in 242.9s
[02:00:42] iteration 13/20
[02:00:42] film cr_film_id=15194 name='Dívka z přívěsu (2022) CZ Titulky' candidates=1
[02:00:42]   candidate upload_id=63582cfabe8ec url=https://prehraj.to/girl-in-the-shed-the-kidnapping-of-abby-hernandez-2022-cz-titulky/63582cfabe8ec
[02:00:43]   resolved in 0.9s → 720p (https://pf-storage3.premiumcdn.net/34116964/wV9FYGTyVHP9hzos2AFDrTwES3nSjeH9mFzd…)
[02:01:07]   downloaded 774.1 MB in 23.0s (33.7 MB/s)
[02:01:54]   upload done video_id=26064307 in 46.4s
[02:01:55] film cr_film_id=15194 OK in 72.7s
[02:01:55] iteration 14/20
[02:01:55] film cr_film_id=10256 name="Don't Fuck in the Woods 2 (2022) CZ Titulky" candidates=4
[02:01:55]   candidate upload_id=63ebf940230b1 url=https://prehraj.to/don-t-fuck-in-the-woods-2-2022-cztitulky/63ebf940230b1
[02:01:56]   resolved in 1.0s → 720p (https://pf-storage1.premiumcdn.net/37399063/gLATaKU3ZCPdCR6umMhM2UDJSoVcRzfgGSqm…)
[02:02:40]   downloaded 1,503.4 MB in 42.8s (35.1 MB/s)
[02:03:36]   upload done video_id=26064340 in 56.2s
[02:03:37] film cr_film_id=10256 OK in 102.3s
[02:03:37] iteration 15/20
[02:03:37] film cr_film_id=17494 name='Dobrou noc, mami (2022) CZ Titulky' candidates=8
[02:03:37]   candidate upload_id=632637011788a url=https://prehraj.to/dobrou-noc-mami-goodnight-mommy-2022-1080p-amzn-web-dl-ddp5-1-h-264-smurf-cz-titulky/632637011788a
[02:03:38]   resolved in 1.2s → 720p (https://pf-storage1.premiumcdn.net/33148858/jkdTA0ugridvHVvcamC9guQOULOUy3tgyTEr…)
[02:04:10]   downloaded 837.5 MB in 30.9s (27.1 MB/s)
[02:04:42]   upload done video_id=26064382 in 31.3s
[02:04:43] film cr_film_id=17494 OK in 65.8s
[02:04:43] iteration 16/20
[02:04:43] film cr_film_id=6838 name='Do hajzlu! (2022) CZ Titulky' candidates=3
[02:04:43]   candidate upload_id=64a1d21ae0685 url=https://prehraj.to/do-hajzlu-2022-cztitulky/64a1d21ae0685
[02:04:44]   resolved in 0.8s → 1080p (https://pf-storage3.premiumcdn.net/42150527/nnbtW9ue6hdKI5ncapT4luodFO5SpWhDAtZp…)
[02:06:17]   downloaded 2,628.6 MB in 91.6s (28.7 MB/s)
[02:07:50]   upload done video_id=26064432 in 93.2s
[02:07:51] film cr_film_id=6838 OK in 188.6s
[02:07:51] iteration 17/20
[02:07:51] film cr_film_id=19680 name='Dio: Dreamers Never Die (2022) CZ Titulky' candidates=1
[02:07:51]   candidate upload_id=63b9e4bee89b8 url=https://prehraj.to/dio-dreamers-never-die-2022-cztitulky/63b9e4bee89b8
[02:07:53]   resolved in 1.1s → 720p (https://pf-storage3.premiumcdn.net/36065863/Z3piZyCwlub0H4DHAmUzpC0yf6rSbqSXAHlp…)
[02:09:11]   downloaded 2,193.5 MB in 77.8s (28.2 MB/s)
[02:10:51]   upload done video_id=26064516 in 99.2s
[02:10:52] film cr_film_id=19680 OK in 180.4s
[02:10:52] iteration 18/20
[02:10:52] film cr_film_id=34570 name='Diavlo (2022) CZ Titulky' candidates=1
[02:10:52]   candidate upload_id=60c0df47d6a70 url=https://prehraj.to/diavlo-horor-2021-cz-titulky/60c0df47d6a70
[02:10:53]   resolved in 1.1s → 720p (https://pf-storage1.premiumcdn.net/23831916/MZvt8XIpMFWGu5PHZesDZIW8cKgh0lUw5i0N…)
[02:11:30]   downloaded 954.1 MB in 35.0s (27.3 MB/s)
[02:12:08]   upload done video_id=26064572 in 38.2s
[02:12:09] film cr_film_id=34570 OK in 77.1s
[02:12:09] iteration 19/20
[02:12:09] film cr_film_id=9870 name='Deus (2022) CZ Titulky' candidates=3
[02:12:09]   candidate upload_id=6329a8efcd83c url=https://prehraj.to/deus-sci-fi-2022-cz-titulky-1080p/6329a8efcd83c
[02:12:10]   resolved in 0.8s → 720p (https://pf-storage3.premiumcdn.net/33195361/04Luymh6BT3AhKDhwLH9ghokCE1uDdCb2FLa…)
[02:12:45]   downloaded 894.8 MB in 33.8s (26.5 MB/s)
[02:13:22]   upload done video_id=26064610 in 36.7s
[02:13:23] film cr_film_id=9870 OK in 74.2s
[02:13:23] iteration 20/20
[02:13:23] film cr_film_id=31322 name='Dangerous Game: The Legacy Murders (2022) CZ Titulky' candidates=1
[02:13:23]   candidate upload_id=ccfdedd32d86ef58 url=https://prehraj.to/dangerous-game-the-legacy-murders-2022-en-cz-tit-mp4/ccfdedd32d86ef58
[02:13:25]   resolve FAILED: HTTP 502 wrapping permanent upstream error: https://prehraj.to/dangerous-game-the-legacy-murders-2022-en-cz-tit-mp4/ccfdedd32d86ef58 (permanent=True)
[02:13:25] film cr_film_id=31322 all candidates exhausted
[02:13:25] batch-end ok=19 failed=1 dur=2253.5s avg/film=118.6s remaining=9095 eta_hours=299.6

===== run 2026-06-18T02:24:55Z shard=0/2 batch_size=20 (https://github.com/Olbrasoft/prehrajto-to-prehrajto/actions/runs/27732611702) =====
[02:24:55] batch-start shard=0/2 count=20 backlog=10210 uploads=1115 failed_attempts=59 description_overrides=0
[02:24:55] login
[02:24:57] login done
[02:24:57] iteration 1/20
[02:24:57] film cr_film_id=8428 name='Dampyr (2022) CZ Titulky' candidates=1
[02:24:57]   candidate upload_id=64d5174c67a75 url=https://prehraj.to/dampyr-2022-cztitulky/64d5174c67a75
[02:24:58]   resolved in 1.2s → 480p (https://pf-storage3.premiumcdn.net/43281134/6RbhODsxXT8VHDGSWNSNbsmRTr4ubziqMSWN…)
[02:25:32]   downloaded 751.3 MB in 32.1s (23.4 MB/s)
[02:26:07]   upload done video_id=26064918 in 35.0s
[02:26:08] film cr_film_id=8428 OK in 71.5s
[02:26:08] iteration 2/20
[02:26:08] film cr_film_id=10116 name='Cryo (2022) CZ Titulky' candidates=4
[02:26:08]   candidate upload_id=6329a411eceec url=https://prehraj.to/cryo-sci-fi-usa-2022-cz-titulky-1080p/6329a411eceec
[02:26:09]   resolved in 1.2s → 720p (https://pf-storage3.premiumcdn.net/33195115/D91fNVuRwHdPtRoI01iXMuqJCVEIdQC3zFPE…)
[02:27:03]   downloaded 1,279.0 MB in 51.8s (24.7 MB/s)
[02:27:59]   upload done video_id=26064955 in 55.5s
[02:28:00] film cr_film_id=10116 OK in 111.8s
[02:28:00] iteration 3/20
[02:28:00] film cr_film_id=5000 name='Crush (2022) CZ Titulky' candidates=10
[02:28:00]   candidate upload_id=62700517e5f56 url=https://prehraj.to/crush-2022-cztitulky/62700517e5f56
[02:28:01]   resolved in 1.1s → 1080p (https://pf-storage3.premiumcdn.net/30694469/nwVfQ6hlZIQmTgphlRFREhj5trZtAoc8lUnG…)
[02:29:17]   downloaded 2,342.4 MB in 74.4s (31.5 MB/s)
[02:31:00]   upload done video_id=26065016 in 103.1s
[02:31:02] film cr_film_id=5000 OK in 181.5s
[02:31:02] iteration 4/20
[02:31:02] film cr_film_id=5408 name='Clerks III (2022) CZ Titulky' candidates=1
[02:31:02]   candidate upload_id=635aca5b32dc7 url=https://prehraj.to/clerks-iii-2022-cztitulky/635aca5b32dc7
[02:31:03]   resolved in 1.0s → 1080p (https://pf-storage3.premiumcdn.net/34150366/XRwU5YsmNiEkid0TgWC0osm1F0NhyjiJ0IB1…)
[02:32:35]   downloaded 2,245.7 MB in 91.0s (24.7 MB/s)
[02:34:15]   upload done video_id=26065102 in 99.2s
[02:34:16] film cr_film_id=5408 OK in 194.1s
[02:34:16] iteration 5/20
[02:34:16] film cr_film_id=19182 name='Chci tě zpátky (2022) CZ Titulky' candidates=4
[02:34:16]   candidate upload_id=62efe3c4b4f00 url=https://prehraj.to/chci-te-zpatky-romanticky-usa-2022-cz-titulky-1080p/62efe3c4b4f00
[02:34:17]   resolved in 0.9s → 720p (https://pf-storage1.premiumcdn.net/31988734/BkRHqOsAKfEQTbAhJ0CgOsLNTDKHGVH1etDB…)
[02:35:04]   downloaded 1,393.1 MB in 45.8s (30.4 MB/s)
[02:36:10]   upload done video_id=26065157 in 66.0s
[02:36:12] film cr_film_id=19182 OK in 115.8s
[02:36:12] iteration 6/20
[02:36:12] film cr_film_id=31336 name='Carter (2022) CZ Titulky' candidates=1
[02:36:12]   candidate upload_id=3b5e392041d3e0bd url=https://prehraj.to/carter-2022-cz-titulky-mp4/3b5e392041d3e0bd
[02:36:13]   resolved in 1.1s → 720p (https://pf-storage3.premiumcdn.net/169510600/n1nU4Pf13tdeSL4T0Nc64f6QhamU9pSrvTA…)
[02:38:18]   downloaded 3,101.3 MB in 123.7s (25.1 MB/s)
[02:40:37]   upload done video_id=26065229 in 138.8s
[02:40:39] film cr_film_id=31336 OK in 267.2s
[02:40:39] iteration 7/20
[02:40:39] film cr_film_id=7204 name='Carmen (2022) CZ Titulky' candidates=2
[02:40:39]   candidate upload_id=8e6403146047701e url=https://prehraj.to/carmen-2022-en-en-tit-sk-tit-cz-tit-mkv-mp4/8e6403146047701e
[02:40:40]   resolved in 1.1s → 480p (https://pf-storage3.premiumcdn.net/167403653/j0VS1ZfaBUXzt0WIPOfoOf4qTRlhKGs3Rum…)
[02:41:18]   downloaded 853.7 MB in 37.0s (23.1 MB/s)
[02:41:57]   upload done video_id=26065292 in 38.5s
[02:41:58] film cr_film_id=7204 OK in 79.4s
[02:41:58] iteration 8/20
[02:41:58] film cr_film_id=4108 name='Caravaggiův stín (2022) CZ Titulky' candidates=1
[02:41:58]   candidate upload_id=6489e99996809 url=https://prehraj.to/caravaggiuv-stin-2022-cztitulky/6489e99996809
[02:41:59]   resolved in 0.8s → 720p (https://pf-storage3.premiumcdn.net/41636176/2JmtqYS8rc0qH7yhO9TpqS8Ec51cMjH8pHzL…)
[02:43:07]   downloaded 1,629.7 MB in 66.4s (24.5 MB/s)
[02:44:27]   upload done video_id=26065330 in 80.5s
[02:44:29] film cr_film_id=4108 OK in 150.5s
[02:44:29] iteration 9/20
[02:44:29] film cr_film_id=1604 name='Capra cu trei iezi (2022) CZ Titulky' candidates=3
[02:44:29]   candidate upload_id=64a59bc09fcf3 url=https://prehraj.to/capra-cu-trei-iezi-2022-cztitulky/64a59bc09fcf3
[02:44:30]   resolved in 1.1s → 480p (https://pf-storage3.premiumcdn.net/42217871/LavflmTzAFEGFLeCpxs4OTR9t0ocq8fm4tLW…)
[02:44:57]   downloaded 578.0 MB in 25.4s (22.8 MB/s)
[02:45:23]   upload done video_id=26065371 in 25.6s
[02:45:24] film cr_film_id=1604 OK in 55.0s
[02:45:24] iteration 10/20
[02:45:24] film cr_film_id=18114 name='Bóng Ðè (2022) CZ Titulky' candidates=1
[02:45:24]   candidate upload_id=62c85f33109d8 url=https://prehraj.to/bong-de-2022-cztitulky/62c85f33109d8
[02:45:25]   resolved in 1.2s → 720p (https://pf-storage1.premiumcdn.net/31499312/aewfn2Iz2c6JT0GtlJUYoI0EU3ocmVTw7CNR…)
[02:46:11]   downloaded 1,073.0 MB in 45.1s (23.8 MB/s)
[02:46:59]   upload done video_id=26065394 in 47.4s
[02:47:02] film cr_film_id=18114 OK in 98.4s
[02:47:02] iteration 11/20
[02:47:02] film cr_film_id=19156 name='Brahmastra: část 1 - Shiva (2022) CZ Titulky' candidates=1
[02:47:02]   candidate upload_id=63696a1187437 url=https://prehraj.to/brahmastra-part-one-shiva-2022-cztitulky/63696a1187437
[02:47:03]   resolved in 1.2s → 1080p (https://pf-storage3.premiumcdn.net/34348060/KwlsPrUyxu75uwmhgetN8UoWt3miK8izKC8X…)
[02:47:05]   oversize: 6534500809 B > 6000000000 B, skip
[02:47:05] film cr_film_id=19156 all candidates exhausted
[02:47:05] iteration 12/20
[02:47:05] film cr_film_id=2540 name='Blue Jean (2022) CZ Titulky' candidates=5
[02:47:05]   candidate upload_id=65269eacb0720 url=https://prehraj.to/blue-jean-2022-cz-titulky-hd-1080p/65269eacb0720
[02:47:09]   resolved in 4.5s → 1080p (https://pf-storage3.premiumcdn.net/47948843/WgwsnyU2lUenH5QcPaU9eUoAT4dC17uWAtDy…)
[02:48:48]   downloaded 2,538.2 MB in 97.5s (26.0 MB/s)
[02:50:51]   upload done video_id=26065452 in 122.9s
[02:50:52] film cr_film_id=2540 OK in 227.8s
[02:50:52] iteration 13/20
[02:50:52] film cr_film_id=7886 name='Blood (2022) CZ Titulky' candidates=3
[02:50:52]   candidate upload_id=6408cd0a554c5 url=https://prehraj.to/blood-2022-1080p-cz-tit/6408cd0a554c5
[02:50:55]   resolved in 3.0s → 720p (https://pf-storage1.premiumcdn.net/38153803/2owIbNheKuX8tKJhpLCjRhVWtPouVdUm3FjW…)
[02:52:04]   downloaded 1,619.3 MB in 66.8s (24.2 MB/s)
[02:53:17]   upload done video_id=26065522 in 73.5s
[02:53:19] film cr_film_id=7886 OK in 146.7s
[02:53:19] iteration 14/20
[02:53:19] film cr_film_id=31284 name='Blind War (2022) CZ Titulky' candidates=1
[02:53:19]   candidate upload_id=d84083b7bfc47479 url=https://prehraj.to/blind-war-2022-zh-cz-tit-mp4/d84083b7bfc47479
[02:53:20]   resolved in 1.1s → 720p (https://pf-storage6.premiumcdn.net/169713775/BKqsw7UVRI3LUKAUGaHJGU9OF5xTmycwruA…)
[02:54:19]   downloaded 1,750.5 MB in 57.6s (30.4 MB/s)
[02:55:39]   upload done video_id=26065566 in 79.9s
[02:55:41] film cr_film_id=31284 OK in 141.6s
[02:55:41] iteration 15/20
[02:55:41] film cr_film_id=19708 name='Blade of the 47 Ronin (2022) CZ Titulky' candidates=1
[02:55:41]   candidate upload_id=63ade3066f721 url=https://prehraj.to/blade-of-the-47-ronin-2022-1080p-x265-sk-cz-tit-auto/63ade3066f721
[02:55:42]   resolved in 1.2s → 720p (https://pf-storage3.premiumcdn.net/35812012/BOJtEviK0cZqcNQuQmF2liPQhOKUE4t9oTyW…)
[02:56:58]   downloaded 1,806.1 MB in 74.6s (24.2 MB/s)
[02:58:12]   upload done video_id=26065619 in 74.3s
[02:58:14] film cr_film_id=19708 OK in 153.1s
[02:58:14] iteration 16/20
[02:58:14] film cr_film_id=10212 name='Blackout (2022) CZ Titulky' candidates=3
[02:58:14]   candidate upload_id=63f0c3f466199 url=https://prehraj.to/blackout-2022-1080p-cz-sub/63f0c3f466199
[02:58:15]   resolved in 1.0s → 720p (https://pf-storage1.premiumcdn.net/37518694/rNlsoKC1kHwGhqxigkHD0CA8tJLsj3Ta9Uvr…)
[02:59:23]   downloaded 1,471.9 MB in 66.5s (22.1 MB/s)
[03:00:28]   upload done video_id=26065685 in 65.0s
[03:00:29] film cr_film_id=10212 OK in 135.2s
[03:00:29] iteration 17/20
[03:00:29] film cr_film_id=36898 name='Assailant (2022) CZ Titulky' candidates=8
[03:00:29]   candidate upload_id=63299dcbb6ecc url=https://prehraj.to/assailant-thriller-vb-2022-cz-titulky-1080p/63299dcbb6ecc
[03:00:30]   resolved in 0.9s → 720p (https://pf-storage1.premiumcdn.net/33194704/pVvU98h4etNqc38TQXHG2hkwFMWFP2cjoUBQ…)
[03:01:45]   downloaded 1,802.4 MB in 74.1s (24.3 MB/s)
[03:03:39]   upload done video_id=26065742 in 113.7s
[03:03:40] film cr_film_id=36898 OK in 191.5s
[03:03:40] iteration 18/20
[03:03:40] film cr_film_id=26252 name='Amsterdam (2022) CZ Titulky' candidates=1
[03:03:40]   candidate upload_id=657235b1970a7 url=https://prehraj.to/amsterdam-drama-komedie-krimi-mysteriozni-2022-cz-tit/657235b1970a7
[03:03:42]   resolved in 1.2s → 720p (https://pf-storage1.premiumcdn.net/66439595/KNqc7VU7bf6NFE5t4xUV2U52ClKtdacxEud2…)
[03:04:52]   downloaded 1,658.0 MB in 68.3s (24.3 MB/s)
[03:06:17]   upload done video_id=26065813 in 84.8s
[03:06:18] film cr_film_id=26252 OK in 157.8s
[03:06:18] iteration 19/20
[03:06:18] film cr_film_id=19756 name='American Murderer (2022) CZ Titulky' candidates=1
[03:06:18]   candidate upload_id=6362b019a6579 url=https://prehraj.to/american-murderer-2022-cztitulky/6362b019a6579
[03:06:19]   resolved in 1.1s → 720p (https://pf-storage1.premiumcdn.net/34253785/mbKiwyUqNTQmI0LsajFogUl9idJTa5HWBHmv…)
[03:07:15]   downloaded 1,312.5 MB in 53.8s (24.4 MB/s)
[03:08:29]   upload done video_id=26065865 in 73.6s
[03:08:30] film cr_film_id=19756 OK in 131.9s
[03:08:30] iteration 20/20
[03:08:30] film cr_film_id=34056 name='Alice, Darling (2022) CZ Titulky' candidates=1
[03:08:30]   candidate upload_id=63fba65269fca url=https://prehraj.to/alice-darling-2022-cztitulky/63fba65269fca
[03:08:31]   resolved in 1.1s → 480p (https://pf-storage4.premiumcdn.net/37834447/qqLUR4fk2F18UqKivlIgjfjLhM4IbLIexh4J…)
[03:09:00]   downloaded 784.6 MB in 26.8s (29.3 MB/s)
[03:09:43]   upload done video_id=26065912 in 42.9s
[03:09:44] film cr_film_id=34056 OK in 73.9s
[03:09:44] batch-end ok=19 failed=1 dur=2687.1s avg/film=141.4s remaining=9076 eta_hours=356.5

===== run 2026-06-18T03:10:15Z shard=0/2 batch_size=20 (https://github.com/Olbrasoft/prehrajto-to-prehrajto/actions/runs/27734123532) =====
[03:10:16] batch-start shard=0/2 count=20 backlog=10210 uploads=1134 failed_attempts=60 description_overrides=0
[03:10:16] login
[03:10:18] login done
[03:10:18] iteration 1/20
[03:10:18] film cr_film_id=14188 name='AI Love You (2022) CZ Titulky' candidates=7
[03:10:18]   candidate upload_id=62efa73be7d88 url=https://prehraj.to/ai-love-you-2022-thai-1080p-cz-tit/62efa73be7d88
[03:10:19]   resolved in 1.2s → 1080p (https://pf-storage1.premiumcdn.net/31985710/58JHp2cBkfz2fqwiLbF4wcJVUavtlOIX7UvJ…)
[03:11:45]   downloaded 1,495.7 MB in 83.5s (17.9 MB/s)
[03:13:10]   upload done video_id=26065974 in 84.9s
[03:13:11] film cr_film_id=14188 OK in 173.6s
[03:13:11] iteration 2/20
[03:13:11] film cr_film_id=19732 name='A Thursday (2022) CZ Titulky' candidates=1
[03:13:11]   candidate upload_id=62acc3003433a url=https://prehraj.to/a-thursday-2022-cztitulky/62acc3003433a
[03:13:13]   resolved in 1.2s → 1080p (https://pf-storage1.premiumcdn.net/31245032/E8YtG1frXijEc4lFJ5sOzf4dsAmC4KCP8Uop…)
[03:15:42]   downloaded 2,769.1 MB in 147.9s (18.7 MB/s)
[03:18:26]   upload done video_id=26066090 in 163.6s
[03:18:28] film cr_film_id=19732 OK in 316.8s
[03:18:28] iteration 3/20
[03:18:28] film cr_film_id=27310 name='4 gauneři (2022) CZ Titulky' candidates=3
[03:18:28]   candidate upload_id=639ca53668b6c url=https://prehraj.to/4-gauneri-2022-cztitulky/639ca53668b6c
[03:18:29]   resolved in 1.2s → 1080p (https://pf-storage3.premiumcdn.net/35582383/3BNtqKUjQsEZsZxuRqcrlUp9SBRHJEUAMFwq…)
[03:21:20]   downloaded 3,172.2 MB in 168.1s (18.9 MB/s)
[03:25:00]   upload done video_id=26066270 in 220.3s
[03:25:02] film cr_film_id=27310 OK in 393.8s
[03:25:02] iteration 4/20
[03:25:02] film cr_film_id=2850 name='12th Man (2022) CZ Titulky' candidates=3
[03:25:02]   candidate upload_id=64baa782e70dd url=https://prehraj.to/12th-man-2022-cztitulky/64baa782e70dd
[03:25:03]   resolved in 1.2s → 1080p (https://pf-storage1.premiumcdn.net/42664457/ky6uq2frnUXOCoEh2dubOfKeuODHmdHbAcow…)
[03:27:39]   downloaded 2,899.7 MB in 153.4s (18.9 MB/s)
[03:30:35]   upload done video_id=26066455 in 176.4s
[03:30:37] film cr_film_id=2850 OK in 335.1s
[03:30:37] iteration 5/20
[03:30:37] film cr_film_id=35316 name='괴기맨숀 (2021) CZ Titulky' candidates=1
[03:30:37]   candidate upload_id=67896c13df0ee url=https://prehraj.to/ghost-mansion-2021-cztitulky/67896c13df0ee
[03:30:38]   resolved in 1.2s → 720p (https://pf-storage3.premiumcdn.net/127647137/dexTKNiYkUWyhPnF8bspYiOKfMjIZ2te0t7…)
[03:31:50]   downloaded 1,300.5 MB in 69.9s (18.6 MB/s)
[03:33:35]   upload done video_id=26066559 in 105.3s
[03:33:37] film cr_film_id=35316 OK in 180.1s
[03:33:37] iteration 6/20
[03:33:37] film cr_film_id=3690 name='Život po Jangovi (2021) CZ Titulky' candidates=2
[03:33:37]   candidate upload_id=62e6cf96ea22d url=https://prehraj.to/after-yang-2022-cz-titulky/62e6cf96ea22d
[03:33:38]   resolved in 1.4s → 1080p (https://pf-storage1.premiumcdn.net/31872869/5K3sv9TWNHdlUPOCEzfLXTDXuO0toEf9kfyk…)
[03:35:07]   downloaded 1,650.4 MB in 86.6s (19.1 MB/s)
[03:36:39]   upload done video_id=26066648 in 92.1s
[03:36:40] film cr_film_id=3690 OK in 183.4s
[03:36:40] iteration 7/20
[03:36:40] film cr_film_id=7488 name='Špinavá práce (2021) CZ Titulky' candidates=3
[03:36:40]   candidate upload_id=61febcd1035e2 url=https://prehraj.to/clean-2020-cztitulky/61febcd1035e2
[03:36:42]   resolved in 1.5s → 720p (https://pf-storage4.premiumcdn.net/29067639/k0ZhvRT0eIrOtbvugXso7T0ohz9fZ8UzOsZ2…)
[03:38:03]   downloaded 1,438.1 MB in 78.4s (18.3 MB/s)
[03:39:24]   upload done video_id=26066733 in 81.8s
[03:39:26] film cr_film_id=7488 OK in 165.5s
[03:39:26] iteration 8/20
[03:39:26] film cr_film_id=14374 name='Řekni prostě ano (2021) CZ Titulky' candidates=7
[03:39:26]   candidate upload_id=6068b7ac122cf url=https://prehraj.to/rekni-proste-ano-romanticka-komedie-nizozemsko-2021-720p-web-5-1-h264-s-cztitulky-51-sten-ok/6068b7ac122cf
[03:39:27]   resolved in 1.2s → 720p (https://pf-storage2.premiumcdn.net/22946721/qe0IB0FDwi8YUO9iZ3uj4Fg5tMvSwOi1oC4r…)
[03:40:39]   downloaded 1,281.0 MB in 69.2s (18.5 MB/s)
[03:41:54]   upload done video_id=26066807 in 75.6s
[03:41:56] film cr_film_id=14374 OK in 150.2s
[03:41:56] iteration 9/20
[03:41:56] film cr_film_id=27240 name='Zelený had (2021) CZ Titulky' candidates=2
[03:41:56]   candidate upload_id=61a99cf8f03dc url=https://prehraj.to/zeleny-had-2021-cztitulky/61a99cf8f03dc
[03:41:57]   resolved in 1.2s → 1080p (https://pf-storage5.premiumcdn.net/27061161/Zk2uMAUe3S4rfRpt7BcaLU5ATx6cZvCmZcVR…)
[03:45:45]   downloaded 4,318.9 MB in 225.7s (19.1 MB/s)
[03:49:55]   upload done video_id=26066944 in 249.9s
[03:49:57] film cr_film_id=27240 OK in 480.5s
[03:49:57] iteration 10/20
[03:49:57] film cr_film_id=6780 name='Xtreme (2021) CZ Titulky' candidates=5
[03:49:57]   candidate upload_id=60bf989886db6 url=https://prehraj.to/xtremo-2021-cz-titulky-1080p/60bf989886db6
[03:49:58]   resolved in 1.2s → 1080p (https://pf-storage5.premiumcdn.net/23815341/dP5cvxTEziAMTobiwBtKQTaNf6QuWAfAWf6e…)
[03:52:06]   downloaded 2,390.8 MB in 126.5s (18.9 MB/s)
[03:54:28]   upload done video_id=26067133 in 141.5s
[03:54:30] film cr_film_id=6780 OK in 273.5s
[03:54:30] iteration 11/20
[03:54:30] film cr_film_id=26920 name='Wrong Place, Wrong Time (2021) CZ Titulky' candidates=2
[03:54:30]   candidate upload_id=61eb720ed34f3 url=https://prehraj.to/wrong-place-wrong-time-2021-cz-titulky/61eb720ed34f3
[03:54:32]   resolved in 1.5s → 720p (https://pf-storage2.premiumcdn.net/28603734/yQYhqrI1GS9RHAPtnAS1PIrGumAH3LTLGSvV…)
[03:55:21]   downloaded 836.0 MB in 47.2s (17.7 MB/s)
[03:56:11]   upload done video_id=26067208 in 49.9s
[03:56:13] film cr_film_id=26920 OK in 102.7s
[03:56:13] iteration 12/20
[03:56:13] film cr_film_id=19750 name='Wražda (2021) CZ Titulky' candidates=1
[03:56:13]   candidate upload_id=6171f0a44e5b4 url=https://prehraj.to/wrazda-2021-cztitulky/6171f0a44e5b4
[03:56:14]   resolved in 1.0s → 1080p (https://pf-storage5.premiumcdn.net/25740169/qr9FY5ijMUzncoOSZmsoliGwtBNhDZtQ3fjq…)
[03:58:25]   downloaded 2,421.8 MB in 129.2s (18.7 MB/s)
[04:01:00]   upload done video_id=26067298 in 155.3s
[04:01:02] film cr_film_id=19750 OK in 289.5s
[04:01:02] iteration 13/20
[04:01:02] film cr_film_id=5402 name='What Josiah Saw (2021) CZ Titulky' candidates=1
[04:01:02]   candidate upload_id=63ce04ffe70e8 url=https://prehraj.to/what-josiah-saw-2021-cztitulky/63ce04ffe70e8
[04:01:03]   resolved in 1.1s → 720p (https://pf-storage4.premiumcdn.net/36619771/AN4H4JfQwiENCMmF36IrKfN7cGasdkczaCLB…)
[04:02:13]   downloaded 1,275.4 MB in 67.4s (18.9 MB/s)
[04:03:39]   upload done video_id=26067397 in 86.6s
[04:03:41] film cr_film_id=5402 OK in 158.8s
[04:03:41] iteration 14/20
[04:03:41] film cr_film_id=6258 name='Werewolves Within (2021) CZ Titulky' candidates=4
[04:03:41]   candidate upload_id=60fd7103b7a68 url=https://prehraj.to/werewolves-within-2021-cz-titulky-v-obraze/60fd7103b7a68
[04:03:42]   resolved in 1.2s → 480p (https://pf-storage2.premiumcdn.net/24396566/3dZsBNuk3TQKfX6IqOI3auAwiERcplFWwT2Y…)
[04:04:24]   downloaded 696.2 MB in 40.0s (17.4 MB/s)
[04:05:06]   upload done video_id=26067465 in 41.8s
[04:05:08] film cr_film_id=6258 OK in 86.8s
[04:05:08] iteration 15/20
[04:05:08] film cr_film_id=27428 name='Vánoční zázrak pro Daisy (2021) CZ Titulky' candidates=1
[04:05:08]   candidate upload_id=639140c05217a url=https://prehraj.to/vanocni-zazrak-pro-daisy-2021-cztitulky/639140c05217a
[04:05:09]   resolved in 1.4s → 1080p (https://pf-storage4.premiumcdn.net/35222710/Na3cL1i7kHWLFwJHaZU5RipVTgMT9mcNvH51…)
[04:06:59]   downloaded 2,069.2 MB in 108.1s (19.1 MB/s)
[04:09:04]   upload done video_id=26067526 in 124.8s
[04:09:06] film cr_film_id=27428 OK in 237.8s
[04:09:06] iteration 16/20
[04:09:06] film cr_film_id=26730 name='Vyčkávání (2021) CZ Titulky' candidates=1
[04:09:06]   candidate upload_id=643c654f7ae48 url=https://prehraj.to/vyckavani-2022-cztitulky/643c654f7ae48
[04:09:07]   resolved in 1.3s → 1080p (https://pf-storage4.premiumcdn.net/39477328/DrKc13ueRTE5TRoIaJCe9uq7SeyT6ZidZH5e…)
[04:11:03]   downloaded 2,168.6 MB in 113.8s (19.1 MB/s)
[04:13:05]   upload done video_id=26067630 in 121.7s
[04:13:06] film cr_film_id=26730 OK in 240.6s
[04:13:06] iteration 17/20
[04:13:06] film cr_film_id=36872 name='Venuseffekten (2021) CZ Titulky' candidates=3
[04:13:06]   candidate upload_id=62f71264e87cb url=https://prehraj.to/venuseffekten-2021-cztitulky/62f71264e87cb
[04:13:07]   resolved in 1.2s → 480p (https://pf-storage1.premiumcdn.net/32076910/xdGu4msLZuO8sA0iRWIMNsYyUjoH7Gu6ofxl…)
[04:13:55]   downloaded 820.8 MB in 45.0s (18.2 MB/s)
[04:14:46]   upload done video_id=26067708 in 51.1s
[04:14:47] film cr_film_id=36872 OK in 101.1s
[04:14:47] iteration 18/20
[04:14:47] film cr_film_id=8910 name='V zemi (2021) CZ Titulky' candidates=6
[04:14:47]   candidate upload_id=60e4a8965266a url=https://prehraj.to/in-the-earth-horor-2021-cz-titulky/60e4a8965266a
[04:14:49]   resolved in 1.3s → 720p (https://pf-storage3.premiumcdn.net/24191478/NJNtWnczxhGwHD2SyBiVxcGBH9JTqETeJiZ5…)
[04:16:34]   downloaded 1,996.6 MB in 103.6s (19.3 MB/s)
[04:18:25]   upload done video_id=26067777 in 110.3s
[04:18:27] film cr_film_id=8910 OK in 219.3s
[04:18:27] iteration 19/20
[04:18:27] film cr_film_id=5446 name='V obležení (2021) CZ Titulky' candidates=10
[04:18:27]   candidate upload_id=616d9c3581545 url=https://prehraj.to/copshop-2021-cztitulky/616d9c3581545
[04:18:28]   resolved in 1.2s → 720p (https://pf-storage1.premiumcdn.net/25645501/7XkU9BhbRFxLCJRcjlcnRhBdUMQc5yUPrtlx…)
[04:19:56]   downloaded 1,650.0 MB in 86.4s (19.1 MB/s)
[04:21:42]   upload done video_id=26067855 in 105.3s
[04:21:43] film cr_film_id=5446 OK in 196.8s
[04:21:43] iteration 20/20
[04:21:43] film cr_film_id=18090 name='U kopírky (2021) CZ Titulky' candidates=1
[04:21:43]   candidate upload_id=61e243f9bfe7e url=https://prehraj.to/u-kopirky-2021-cztitulky/61e243f9bfe7e
[04:21:45]   resolved in 1.4s → 1080p (https://pf-storage4.premiumcdn.net/28386510/o98s3aFLOsxou0ZInzT72F1Kt0gULDS5aTDR…)
[04:23:55]   downloaded 2,469.6 MB in 128.0s (19.3 MB/s)
[04:26:16]   upload done video_id=26067958 in 141.0s
[04:26:18] film cr_film_id=18090 OK in 274.3s
[04:26:18] batch-end ok=20 failed=0 dur=4559.9s avg/film=228.0s remaining=9056 eta_hours=573.5

===== run 2026-06-18T04:26:49Z shard=0/2 batch_size=20 (https://github.com/Olbrasoft/prehrajto-to-prehrajto/actions/runs/27736676172) =====
[04:26:49] batch-start shard=0/2 count=20 backlog=10210 uploads=1154 failed_attempts=60 description_overrides=0
[04:26:49] login
[04:26:51] login done
[04:26:51] iteration 1/20
[04:26:51] film cr_film_id=9980 name='Two (2021) CZ Titulky' candidates=2
[04:26:51]   candidate upload_id=61b4f16162116 url=https://prehraj.to/dos-2021-cztitulky/61b4f16162116
[04:26:52]   resolved in 1.2s → 1080p (https://pf-storage3.premiumcdn.net/27324969/ldMhgOImbSzPCk1SQbiq9I9yfreTQdtzNce0…)
[04:28:02]   downloaded 1,177.1 MB in 68.1s (17.3 MB/s)
[04:29:06]   upload done video_id=26068066 in 63.7s
[04:29:08] film cr_film_id=9980 OK in 137.0s
[04:29:08] iteration 2/20
[04:29:08] film cr_film_id=29052 name='Trust (2021) CZ Titulky' candidates=3
[04:29:08]   candidate upload_id=60bfbaf3c78d2 url=https://prehraj.to/trust-2021-cztitulky/60bfbaf3c78d2
[04:29:09]   resolved in 1.3s → 720p (https://pf-storage3.premiumcdn.net/23817249/qq4fWPcxkiVMUxeI5GC93c2eHAYFrYUmwhl5…)
[04:30:13]   downloaded 989.3 MB in 61.9s (16.0 MB/s)
[04:31:25]   upload done video_id=26068129 in 71.3s
[04:31:26] film cr_film_id=29052 OK in 138.3s
[04:31:26] iteration 3/20
[04:31:26] film cr_film_id=31158 name='Trigger Point (2021) CZ Titulky' candidates=23
[04:31:26]   candidate upload_id=63ba443dcbf69 url=https://prehraj.to/trigger-point-2021-cz-titulky-v-obraze-1080p-akcni-thriller/63ba443dcbf69
[04:31:28]   resolved in 1.6s → 720p (https://pf-storage1.premiumcdn.net/36076027/eKEF4ph4ocjzcP6HjxC06hRDsKdTjzH79S9Z…)
[04:32:27]   downloaded 1,073.9 MB in 57.3s (18.7 MB/s)
[04:33:26]   upload done video_id=26068179 in 58.4s
[04:33:30] film cr_film_id=31158 OK in 123.9s
[04:33:30] iteration 4/20
[04:33:30] film cr_film_id=26430 name='Tribhanga – cikcak na třetí (2021) CZ Titulky' candidates=1
[04:33:30]   candidate upload_id=6002b7337e737 url=https://prehraj.to/tribhanga-cikcak-na-tret-rodinna-komedie-indie-2021-1080p-web-5-1-h264-s-cztitulky-sten-ok/6002b7337e737
[04:33:31]   resolved in 1.3s → 720p (https://pf-storage5.premiumcdn.net/21528207/zpzsXlflWhZ0Sl5uL5iV2fW1s59iYxum7HQK…)
[04:34:29]   downloaded 934.7 MB in 55.3s (16.9 MB/s)
[04:35:21]   upload done video_id=26068230 in 51.7s
[04:35:22] film cr_film_id=26430 OK in 111.9s
[04:35:22] iteration 5/20
[04:35:22] film cr_film_id=31214 name='Titan (2021) CZ Titulky' candidates=1
[04:35:22]   candidate upload_id=3b20d07ddf205191 url=https://prehraj.to/titan-2021-fr-cz-tit-mp4/3b20d07ddf205191
[04:35:23]   resolved in 1.2s → 720p (https://pf-storage6.premiumcdn.net/169711255/E1Lf0xc46trBtzOfEBsXmcG6uVkCYyhd5IQ…)
[04:36:57]   downloaded 1,501.3 MB in 91.2s (16.5 MB/s)
[04:38:23]   upload done video_id=26068291 in 86.6s
[04:38:25] film cr_film_id=31214 OK in 182.8s
[04:38:25] iteration 6/20
[04:38:25] film cr_film_id=19752 name='Time Is Up (2021) CZ Titulky' candidates=6
[04:38:25]   candidate upload_id=63aa1c8e775f6 url=https://prehraj.to/time-is-up-2021-cztitulky/63aa1c8e775f6
[04:38:26]   resolved in 1.3s → 720p (https://pf-storage3.premiumcdn.net/35764507/7M4FPVHMeiZWIjYsGXTr7HypCNYTVQcA3h0R…)
[04:40:33]   downloaded 1,926.5 MB in 124.9s (15.4 MB/s)
[04:42:27]   upload done video_id=26068376 in 114.0s
[04:42:29] film cr_film_id=19752 OK in 244.2s
[04:42:29] iteration 7/20
[04:42:29] film cr_film_id=17052 name='Tides (2021) CZ Titulky' candidates=4
[04:42:29]   candidate upload_id=60e8753381149 url=https://prehraj.to/tides-the-colony-sci-fi-thriller-2021-1080p-webrip-5-1-x264-s-cztitulky-46-sten-oek/60e8753381149
[04:42:30]   resolved in 1.2s → 720p (https://pf-storage5.premiumcdn.net/24220533/Y4oUD7cxJhlYszPTr5FbBc6xhRXuy7Ie2uvy…)
[04:43:55]   downloaded 1,452.4 MB in 82.6s (17.6 MB/s)
[04:45:18]   upload done video_id=26068455 in 82.8s
[04:45:19] film cr_film_id=17052 OK in 170.2s
[04:45:19] iteration 8/20
[04:45:19] film cr_film_id=27092 name='The Sleepless Unrest: The Real Conjuring Home (2021) CZ Titulky' candidates=3
[04:45:19]   candidate upload_id=613819954d940 url=https://prehraj.to/the-sleepless-unrest-2021-cztitulky/613819954d940
[04:45:20]   resolved in 1.2s → 720p (https://pf-storage1.premiumcdn.net/24838691/VDJt3ncq5IJNilzuogUWycL9u04tZ5HnbhyW…)
[04:46:27]   downloaded 1,129.8 MB in 64.2s (17.6 MB/s)
[04:47:42]   upload done video_id=26068505 in 75.4s
[04:47:44] film cr_film_id=27092 OK in 144.7s
[04:47:44] iteration 9/20
[04:47:44] film cr_film_id=26528 name='The Priest (2021) CZ Titulky' candidates=1
[04:47:44]   candidate upload_id=60da5ad1bb48b url=https://prehraj.to/the-priest-2021-cztitulky/60da5ad1bb48b
[04:47:45]   resolved in 1.6s → 1080p (https://pf-storage1.premiumcdn.net/24077295/7mWIwDupaFZNtoYUndc5BuN3FAjSxBteKi4x…)
[04:50:12]   downloaded 2,744.3 MB in 144.2s (19.0 MB/s)
[04:52:42]   upload done video_id=26068595 in 150.4s
[04:52:44] film cr_film_id=26528 OK in 300.3s
[04:52:44] iteration 10/20
[04:52:44] film cr_film_id=31190 name='The Priest (2021) CZ Titulky' candidates=5
[04:52:44]   candidate upload_id=60da204671efd url=https://prehraj.to/the-priest-2021-1080p-cz-sub-web-dl-x265-hevc-mp4/60da204671efd
[04:52:45]   resolved in 1.2s → 480p (https://pf-storage2.premiumcdn.net/24075681/vm9FORTdrCR8sgjT8PCvYTPYfNOtk4snNS0B…)
[04:54:05]   downloaded 1,262.6 MB in 77.6s (16.3 MB/s)
[04:55:18]   upload done video_id=26068671 in 73.0s
[04:55:20] film cr_film_id=31190 OK in 155.9s
[04:55:20] iteration 11/20
[04:55:20] film cr_film_id=8902 name='The Last Thing Mary Saw (2021) CZ Titulky' candidates=4
[04:55:20]   candidate upload_id=6214237ef1d6d url=https://prehraj.to/the-last-thing-mary-saw-2021-cztitulky/6214237ef1d6d
[04:55:21]   resolved in 1.3s → 720p (https://pf-storage3.premiumcdn.net/29588930/eA2ix1SYxC3QSo1h9ah84SxkT7YigPIgVUzE…)
[04:55:57]   downloaded 602.3 MB in 33.6s (17.9 MB/s)
[04:56:33]   upload done video_id=26068716 in 35.8s
[04:56:34] film cr_film_id=8902 OK in 74.1s
[04:56:34] iteration 12/20
[04:56:34] film cr_film_id=31080 name='The Door into Summer (2021) CZ Titulky' candidates=5
[04:56:34]   candidate upload_id=61df8f0b405e2 url=https://prehraj.to/the-door-into-summer-2021-cztitulky-mp4/61df8f0b405e2
[04:56:35]   resolved in 1.3s → 720p (https://pf-storage4.premiumcdn.net/28311903/0OjSDOIMyTNvTk9i8kiKbIbdtonCmksNLhgQ…)
[04:57:53]   downloaded 1,216.8 MB in 75.6s (16.1 MB/s)
[04:59:02]   upload done video_id=26068765 in 69.1s
[04:59:04] film cr_film_id=31080 OK in 149.6s
[04:59:04] iteration 13/20
[04:59:04] film cr_film_id=17416 name='The Dead of Night (2021) CZ Titulky' candidates=5
[04:59:04]   candidate upload_id=606e282720742 url=https://prehraj.to/the-dead-of-night-krimi-horor-thriller-2021-1080p-web-5-1-h264-s-cztitulky-sten-ok/606e282720742
[04:59:05]   resolved in 1.3s → 720p (https://pf-storage2.premiumcdn.net/23006385/094cpYSWAF7OsL4Cq6TKDS8zsRxsp8hV6I7B…)
[05:00:06]   downloaded 1,034.2 MB in 58.5s (17.7 MB/s)
[05:01:23]   upload done video_id=26068799 in 77.1s
[05:01:25] film cr_film_id=17416 OK in 140.9s
[05:01:25] iteration 14/20
[05:01:25] film cr_film_id=3318 name='Temná dcera (2021) CZ Titulky' candidates=4
[05:01:25]   candidate upload_id=61cfc55a774fd url=https://prehraj.to/the-lost-daughter-2021-cztitulky/61cfc55a774fd
[05:01:25]   resolved in 0.9s → 720p (https://pf-storage4.premiumcdn.net/27956340/PK2Ur2F0PUlVhxYCPRFEPFLWUqoHq1c14tjg…)
[05:02:43]   downloaded 1,332.8 MB in 75.4s (17.7 MB/s)
[05:03:59]   upload FAILED after 75.9s: ('Connection aborted.', RemoteDisconnected('Remote end closed connection without response'))
[05:03:59]   candidate upload_id=644fd6672b0d1 url=https://prehraj.to/temna-dcera-2021-cz-1080p/644fd6672b0d1
[05:04:00]   resolved in 1.2s → 1080p (https://pf-storage3.premiumcdn.net/40061266/d5rh7Zi72TlPfqmTZXCv5i2AU9lsBbC1XFMk…)
[05:06:28]   downloaded 2,581.6 MB in 145.7s (17.7 MB/s)
[05:09:37]   upload done video_id=26068925 in 189.2s
[05:09:40] film cr_film_id=3318 OK in 495.1s
[05:09:40] iteration 15/20
[05:09:40] film cr_film_id=20992 name='Ted K (2021) CZ Titulky' candidates=2
[05:09:40]   candidate upload_id=628e975709bfa url=https://prehraj.to/ted-k-2021-cz-titulky/628e975709bfa
[05:09:41]   resolved in 1.2s → 720p (https://pf-storage3.premiumcdn.net/30961118/aelHmjcrxIJ2C2of73toXc8DhDjuK6I2ki7o…)
[05:11:44]   downloaded 2,236.2 MB in 120.6s (18.5 MB/s)
[05:13:49]   upload done video_id=26069020 in 125.6s
[05:13:51] film cr_film_id=20992 OK in 251.4s
[05:13:51] iteration 16/20
[05:13:51] film cr_film_id=29782 name='Tata mută munții (2021) CZ Titulky' candidates=2
[05:13:51]   candidate upload_id=6147c0aeb656a url=https://prehraj.to/the-father-who-moves-mountains-2021-cztitulky/6147c0aeb656a
[05:13:52]   resolved in 1.2s → 1080p (https://pf-storage2.premiumcdn.net/24963257/ZA0uZ1hy5tAvh58Hp3Tj7h3vckWtOEszXHzl…)
[05:15:54]   downloaded 2,286.7 MB in 119.1s (19.2 MB/s)
[05:18:03]   upload done video_id=26069096 in 129.6s
[05:18:05] film cr_film_id=29782 OK in 254.3s
[05:18:05] iteration 17/20
[05:18:05] film cr_film_id=14436 name='Taková moje láska (2021) CZ Titulky' candidates=3
[05:18:05]   candidate upload_id=60ea4b4ec2574 url=https://prehraj.to/takova-moje-laska-2021-cztitulky/60ea4b4ec2574
[05:18:07]   resolved in 1.2s → 1080p (https://pf-storage3.premiumcdn.net/24230451/qwmhb7F4LsD5idDcymtm4Fb4tj8HvzS2bHok…)
[05:21:31]   downloaded 3,078.6 MB in 202.2s (15.2 MB/s)
[05:24:19]   upload done video_id=26069247 in 168.2s
[05:24:21] film cr_film_id=14436 OK in 375.7s
[05:24:21] iteration 18/20
[05:24:21] film cr_film_id=19860 name='Solncepjok (2021) CZ Titulky' candidates=6
[05:24:21]   candidate upload_id=63578c1a81adf url=https://prehraj.to/solncepjok-hotsunlight-solncepek-rusky-film-2021-cz-titulky/63578c1a81adf
[05:24:22]   resolved in 1.2s → 1080p (https://pf-storage2.premiumcdn.net/34108975/PbnhY2i29izPT9XImMH0xiYvfNbczrhqLuOA…)
[05:28:26]   downloaded 3,491.4 MB in 241.2s (14.5 MB/s)
[05:31:53]   upload done video_id=26069418 in 207.2s
[05:31:55] film cr_film_id=19860 OK in 453.8s
[05:31:55] iteration 19/20
[05:31:55] film cr_film_id=20978 name='Smrtonosné přeludy (2021) CZ Titulky' candidates=5
[05:31:55]   candidate upload_id=605392da5292d url=https://prehraj.to/deadly-illusions-thriller-rusko-2021-1080p-5-1-x264-s-cztitulky-sten-ok/605392da5292d
[05:31:56]   resolved in 1.6s → 1080p (https://pf-storage5.premiumcdn.net/22708586/531SKJFQEcJ3sweuqjT3AFQ8HW4IRkhPVHy7…)
[05:33:57]   downloaded 2,268.5 MB in 118.2s (19.2 MB/s)
[05:36:21]   upload done video_id=26069525 in 144.0s
[05:36:23] film cr_film_id=20978 OK in 267.8s
[05:36:23] iteration 20/20
[05:36:23] film cr_film_id=27132 name='Small World (2021) CZ Titulky' candidates=7
[05:36:23]   candidate upload_id=62f33813a1ec2 url=https://prehraj.to/small-world-2021-cz-tit-1080p/62f33813a1ec2
[05:36:24]   resolved in 1.7s → 720p (https://pf-storage3.premiumcdn.net/32031982/A2ZIV0CMmUmVhXMUqnUZ5CVlsvRu5qclLHGg…)
[05:37:46]   downloaded 1,815.6 MB in 79.3s (22.9 MB/s)
[05:39:25]   upload done video_id=26069596 in 99.4s
[05:39:27] film cr_film_id=27132 OK in 184.2s
[05:39:27] batch-end ok=20 failed=0 dur=4355.9s avg/film=217.8s remaining=9036 eta_hours=546.7

===== run 2026-06-18T05:40:02Z shard=0/2 batch_size=20 (https://github.com/Olbrasoft/prehrajto-to-prehrajto/actions/runs/27739221370) =====
[05:40:03] batch-start shard=0/2 count=20 backlog=10210 uploads=1174 failed_attempts=61 description_overrides=0
[05:40:03] login
[05:40:04] login done
[05:40:04] iteration 1/20
[05:40:04] film cr_film_id=15084 name='Sex: Jak to rozbalit (2021) CZ Titulky' candidates=1
[05:40:04]   candidate upload_id=6178987a93cb6 url=https://prehraj.to/sex-jak-to-rozbalit-2021-cztitulky/6178987a93cb6
[05:40:05]   resolved in 1.0s → 1080p (https://pf-storage4.premiumcdn.net/25897435/w1Bi91hXlIYaIxqiWafA4hBbHQ6fZxi87cKz…)
[05:41:00]   downloaded 1,496.7 MB in 53.1s (28.2 MB/s)
[05:42:28]   upload done video_id=26069659 in 87.9s
[05:42:30] film cr_film_id=15084 OK in 145.5s
[05:42:30] iteration 2/20
[05:42:30] film cr_film_id=31174 name='See for Me (2021) CZ Titulky' candidates=1
[05:42:30]   candidate upload_id=650bd8b77fbd7f91 url=https://prehraj.to/see-for-me-2022-en-cz-tit-mp4/650bd8b77fbd7f91
[05:42:31]   resolved in 1.0s → 720p (https://pf-storage4.premiumcdn.net/169710229/Vg4FGXswRHLxt7JIGruN8s0AUevCRnuOeh3…)
[05:43:03]   downloaded 912.8 MB in 31.5s (29.0 MB/s)
[05:43:53]   upload done video_id=26069697 in 50.1s
[05:43:54] film cr_film_id=31174 OK in 84.8s
[05:43:54] iteration 3/20
[05:43:54] film cr_film_id=14708 name='Sedm smrtelných hříchů: Prokletí světlem (2021) CZ Titulky' candidates=1
[05:43:54]   candidate upload_id=61e75793e3dc9 url=https://prehraj.to/sedm-smrtelnych-hrichu-prokleti-svetlem-2021-cztitulky/61e75793e3dc9
[05:43:56]   resolved in 1.2s → 1080p (https://pf-storage4.premiumcdn.net/28506417/yZkUPyI3Pcjdfl1upRSaoImzcJ8sYXHGmSAK…)
[05:45:01]   downloaded 1,898.3 MB in 63.9s (29.7 MB/s)
[05:46:14]   upload done video_id=26069750 in 72.9s
[05:46:15] film cr_film_id=14708 OK in 140.8s
[05:46:15] iteration 4/20
[05:46:15] film cr_film_id=31040 name='Scooby-Doo! The Sword and the Scoob (2021) CZ Titulky' candidates=1
[05:46:15]   candidate upload_id=9af0353c1e7c8d69 url=https://prehraj.to/scooby-doo-the-sword-and-the-scoob-2021-en-cz-tit-mp4/9af0353c1e7c8d69
[05:46:16]   resolve FAILED: HTTP 502 wrapping permanent upstream error: https://prehraj.to/scooby-doo-the-sword-and-the-scoob-2021-en-cz-tit-mp4/9af0353c1e7c8d69 (permanent=True)
[05:46:16] film cr_film_id=31040 all candidates exhausted
[05:46:16] iteration 5/20
[05:46:16] film cr_film_id=14026 name="School's Out Forever (2021) CZ Titulky" candidates=1
[05:46:16]   candidate upload_id=602f8370abf44 url=https://prehraj.to/school-s-out-forever-scifi-thriller-2021-1080p-web-5-1-h264-s-cztitulky-50-sten-ok/602f8370abf44
[05:46:22]   resolved in 5.8s → 720p (https://pf-storage3.premiumcdn.net/22315793/2QLfJQTaGtoyIPGtKEhBLTm8S3VU7pt8GiZ8…)
[05:47:06]   downloaded 1,247.6 MB in 42.3s (29.5 MB/s)
[05:48:03]   upload done video_id=26069798 in 57.0s
[05:48:04] film cr_film_id=14026 OK in 107.9s
[05:48:04] iteration 6/20
[05:48:04] film cr_film_id=20682 name='Risen (2021) CZ Titulky' candidates=4
[05:48:04]   candidate upload_id=612fdb47b503a url=https://prehraj.to/risen-2021-cztitulky/612fdb47b503a
[05:48:05]   resolved in 0.9s → 720p (https://pf-storage3.premiumcdn.net/24780776/4WzTROubwiA5u8mhLACLZu7DhgJiY7H4BhP7…)
[05:48:48]   downloaded 1,214.5 MB in 41.7s (29.1 MB/s)
[05:49:39]   upload done video_id=26069843 in 51.2s
[05:49:40] film cr_film_id=20682 OK in 96.2s
[05:49:40] iteration 7/20
[05:49:40] film cr_film_id=27086 name='Případ ztracené kozy (2021) CZ Titulky' candidates=1
[05:49:40]   candidate upload_id=6058797e02438 url=https://prehraj.to/pripad-ztracene-kozy-get-the-goat-2021-cz-titulky-akcni-komedie-krimi/6058797e02438
[05:49:41]   resolved in 0.8s → 720p (https://pf-storage1.premiumcdn.net/22756193/LWyIDLTBLfJ1s6EC7GuwRTgzSo9tNBSmEHw7…)
[05:50:44]   downloaded 1,858.7 MB in 62.1s (29.9 MB/s)
[05:52:18]   upload done video_id=26069887 in 94.0s
[05:52:19] film cr_film_id=27086 OK in 159.2s
[05:52:19] iteration 8/20
[05:52:19] film cr_film_id=26932 name='Případ Wanninkhof-Carabantes (2021) CZ Titulky' candidates=1
[05:52:19]   candidate upload_id=60d7adb0b51d8 url=https://prehraj.to/pripad-wanninkhof-carabantes-2021-cztitulky/60d7adb0b51d8
[05:52:20]   resolved in 1.0s → 720p (https://pf-storage3.premiumcdn.net/24047031/v75cYbIkJiMLco5UJGheQI7GCgpCGmf3eiw6…)
[05:52:58]   downloaded 1,049.3 MB in 36.5s (28.7 MB/s)
[05:53:51]   upload done video_id=26069994 in 52.7s
[05:53:52] film cr_film_id=26932 OK in 93.1s
[05:53:52] iteration 9/20
[05:53:52] film cr_film_id=14308 name='Ptáci z ráje (2021) CZ Titulky' candidates=6
[05:53:52]   candidate upload_id=614defb900253 url=https://prehraj.to/birds-of-paradise-2021-cz-titulky/614defb900253
[05:53:53]   resolved in 0.8s → 720p (https://pf-storage4.premiumcdn.net/25008083/MYMTv2umnFvmhOvFbxFVjurjHzZSkpFblc6y…)
[05:54:39]   downloaded 1,294.8 MB in 43.8s (29.6 MB/s)
[05:55:30]   upload done video_id=26070039 in 51.2s
[05:55:31] film cr_film_id=14308 OK in 98.6s
[05:55:31] iteration 10/20
[05:55:31] film cr_film_id=36868 name='Požár (2021) CZ Titulky' candidates=1
[05:55:31]   candidate upload_id=61a2c7283bfeb url=https://prehraj.to/pozar-2021-cztitulky/61a2c7283bfeb
[05:55:32]   resolved in 1.0s → 1080p (https://pf-storage4.premiumcdn.net/26898943/R5OupXTl2hgds6KiOrtygTRXhdmUE9iQNtlm…)
[05:57:33]   downloaded 3,443.4 MB in 120.0s (28.7 MB/s)
[05:59:35]   upload done video_id=26070120 in 121.6s
[05:59:36] film cr_film_id=36868 OK in 245.1s
[05:59:36] iteration 11/20
[05:59:36] film cr_film_id=2258 name='Poslední noc v Soho (2021) CZ Titulky' candidates=7
[05:59:36]   candidate upload_id=619a64169c1dd url=https://prehraj.to/last-night-in-soho-2021-cz-sub/619a64169c1dd
[05:59:37]   resolved in 0.8s → 720p (https://pf-storage4.premiumcdn.net/26701315/ANatO1sLytbyhV0Uy8fgBsvlTjQUx7uBRTNJ…)
[06:00:50]   downloaded 2,091.1 MB in 71.9s (29.1 MB/s)
[06:02:25]   upload done video_id=26070209 in 95.2s
[06:02:26] film cr_film_id=2258 OK in 170.3s
[06:02:26] iteration 12/20
[06:02:26] film cr_film_id=19790 name='Podmáznuté přijímačky (2021) CZ Titulky' candidates=2
[06:02:26]   candidate upload_id=6053ae4721ed8 url=https://prehraj.to/podmaznute-prijimacky-2021-cztitulky/6053ae4721ed8
[06:02:27]   resolved in 1.0s → 1080p (https://pf-storage5.premiumcdn.net/22709294/LpxSExUOEhkDfdJtq8IPjUMyhGjsdVsrzibP…)
[06:03:43]   downloaded 2,173.1 MB in 75.1s (28.9 MB/s)
[06:05:28]   upload done video_id=26070288 in 104.4s
[06:05:30] film cr_film_id=19790 OK in 183.3s
[06:05:30] iteration 13/20
[06:05:30] film cr_film_id=31140 name='Podivínka (2021) CZ Titulky' candidates=5
[06:05:30]   candidate upload_id=605f986442564 url=https://prehraj.to/podivinka-2021-cztitulky/605f986442564
[06:05:31]   resolved in 1.0s → 480p (https://pf-storage5.premiumcdn.net/22847286/e5ZsW8IovumefdzcQxh0gI4oSvGsn6SM9sxE…)
[06:06:04]   downloaded 921.7 MB in 32.8s (28.1 MB/s)
[06:06:42]   upload done video_id=26070354 in 37.4s
[06:06:43] film cr_film_id=31140 OK in 73.7s
[06:06:43] iteration 14/20
[06:06:43] film cr_film_id=15004 name='Pitbull (2021) CZ Titulky' candidates=10
[06:06:43]   candidate upload_id=6097f9e99324d url=https://prehraj.to/pitbull-nove-poradky-2016-cz-tit-v-obraze-bdrip-xvid-doga-ac3-super-drama/6097f9e99324d
[06:06:44]   resolved in 0.8s → 480p (https://pf-storage5.premiumcdn.net/23444109/AgVhzKuwkiGvHvrS8niMXu5LTN2UnySA6i51…)
[06:07:11]   downloaded 898.3 MB in 25.8s (34.8 MB/s)
[06:07:42]   upload done video_id=26070373 in 31.2s
[06:07:44] film cr_film_id=15004 OK in 60.4s
[06:07:44] iteration 15/20
[06:07:44] film cr_film_id=14182 name='Pirátská vysílání (2021) CZ Titulky' candidates=1
[06:07:44]   candidate upload_id=61d375c225758 url=https://prehraj.to/piratska-vysilani-2021-cztitulky/61d375c225758
[06:07:44]   resolved in 0.7s → 720p (https://pf-storage4.premiumcdn.net/28039239/MeNcVkI7yhJVUg1IYdUbZI5nUNLTvdh19H4r…)
[06:08:36]   downloaded 1,470.4 MB in 50.4s (29.2 MB/s)
[06:09:27]   upload done video_id=26070404 in 50.9s
[06:09:28] film cr_film_id=14182 OK in 104.4s
[06:09:28] iteration 16/20
[06:09:28] film cr_film_id=19714 name='Paříž, 13. obvod (2021) CZ Titulky' candidates=1
[06:09:28]   candidate upload_id=6349f0eb9c8c8 url=https://prehraj.to/pariz-13-obvod-2021-cztitulky/6349f0eb9c8c8
[06:09:29]   resolved in 0.9s → 720p (https://pf-storage5.premiumcdn.net/33939994/3boiANuaZFo7taYHevcRMubkCqvSM7FD4h7o…)
[06:10:05]   downloaded 1,267.2 MB in 35.3s (35.9 MB/s)
[06:10:54]   upload done video_id=26070442 in 48.4s
[06:10:55] film cr_film_id=19714 OK in 87.0s
[06:10:55] iteration 17/20
[06:10:55] film cr_film_id=8712 name='Pasažér (2021) CZ Titulky' candidates=2
[06:10:55]   candidate upload_id=62e6fccedce03 url=https://prehraj.to/the-passenger-la-pasajera-2021-cz-sub-1080p/62e6fccedce03
[06:10:56]   resolved in 1.0s → 720p (https://pf-storage1.premiumcdn.net/31874918/A26IBOFgVUZ4TqzfVESmnFZGc2KtOvsz3fGK…)
[06:11:39]   downloaded 1,178.7 MB in 41.4s (28.5 MB/s)
[06:12:23]   upload done video_id=26070488 in 44.0s
[06:12:24] film cr_film_id=8712 OK in 88.9s
[06:12:24] iteration 18/20
[06:12:24] film cr_film_id=3750 name='Papírový život (2021) CZ Titulky' candidates=3
[06:12:24]   candidate upload_id=604fdb9465746 url=https://prehraj.to/papirovy-zivot-drama-turecko-2021-1080p-web-5-1-h264-tur-s-cztitulky-72-stenb-ok/604fdb9465746
[06:12:25]   resolved in 0.7s → 1080p (https://pf-storage5.premiumcdn.net/22684865/ABdtyNc6pF9gHW9tmNTZWc50FKWfOyTxXUgy…)
[06:13:36]   downloaded 2,079.4 MB in 70.1s (29.7 MB/s)
[06:14:50]   upload done video_id=26070530 in 73.7s
[06:14:51] film cr_film_id=3750 OK in 147.2s
[06:14:51] iteration 19/20
[06:14:51] film cr_film_id=8484 name='Panství (2021) CZ Titulky' candidates=6
[06:14:51]   candidate upload_id=6161eaf87b85b url=https://prehraj.to/panstvi-2021-cztitulky/6161eaf87b85b
[06:14:52]   resolved in 1.0s → 720p (https://pf-storage5.premiumcdn.net/25377860/Gj6c05hQ0Ta2IG3FnriXmhXRhbYf5Of6OceW…)
[06:15:33]   downloaded 1,146.4 MB in 39.4s (29.1 MB/s)
[06:16:43]   upload done video_id=26070563 in 70.3s
[06:16:44] film cr_film_id=8484 OK in 113.1s
[06:16:44] iteration 20/20
[06:16:44] film cr_film_id=3334 name='Oslo (2021) CZ Titulky' candidates=1
[06:16:44]   candidate upload_id=60d3cdf91bbe8 url=https://prehraj.to/oslo-2021-1080p-x264-cz-tit/60d3cdf91bbe8
[06:16:45]   resolved in 1.1s → 1080p (https://pf-storage5.premiumcdn.net/24013542/mAGcBWupEinMT1bCLeFoAu1GTvoFdptN2fea…)
[06:18:13]   downloaded 2,587.8 MB in 86.0s (30.1 MB/s)
[06:19:45]   upload done video_id=26070619 in 91.8s
[06:19:46] film cr_film_id=3334 OK in 182.1s
[06:19:46] batch-end ok=19 failed=1 dur=2382.3s avg/film=125.4s remaining=9017 eta_hours=314.1

===== run 2026-06-18T06:20:15Z shard=0/2 batch_size=20 (https://github.com/Olbrasoft/prehrajto-to-prehrajto/actions/runs/27740791551) =====
[06:20:16] batch-start shard=0/2 count=20 backlog=10210 uploads=1193 failed_attempts=62 description_overrides=0
[06:20:16] login
[06:20:18] login done
[06:20:18] iteration 1/20
[06:20:18] film cr_film_id=17916 name='Noc ohňů (2021) CZ Titulky' candidates=1
[06:20:18]   candidate upload_id=6196e234bf490 url=https://prehraj.to/noc-ohnu-2021-cztitulky/6196e234bf490
[06:20:19]   resolved in 1.1s → 1080p (https://pf-storage1.premiumcdn.net/26622910/MG3UvKh5ZFBkTNgFg0SPdhdbU53U7PSWrIv5…)
[06:22:18]   downloaded 2,482.5 MB in 117.6s (21.1 MB/s)
[06:24:37]   upload done video_id=26070694 in 139.1s
[06:24:39] film cr_film_id=17916 OK in 261.4s
[06:24:39] iteration 2/20
[06:24:39] film cr_film_id=19874 name='Ninja z New Yorku (2021) CZ Titulky' candidates=3
[06:24:39]   candidate upload_id=6235ec205bbbf url=https://prehraj.to/ninja-z-new-yorku-new-york-ninja-2021-cz-titulky-1080p-akcni-komedie/6235ec205bbbf
[06:24:40]   resolved in 1.2s → 720p (https://pf-storage1.premiumcdn.net/30134306/m0JF1VHNrHweT1AIeRIyzHJ1IwXCemtj5Tp4…)
[06:26:08]   downloaded 1,725.8 MB in 85.3s (20.2 MB/s)
[06:27:41]   upload done video_id=26070752 in 93.6s
[06:27:43] film cr_film_id=19874 OK in 184.0s
[06:27:43] iteration 3/20
[06:27:43] film cr_film_id=18860 name='Neviňátka (2021) CZ Titulky' candidates=4
[06:27:43]   candidate upload_id=61d9e6492c778 url=https://prehraj.to/de-uskyldige-2021-cztitulky/61d9e6492c778
[06:27:44]   resolved in 1.2s → 720p (https://pf-storage4.premiumcdn.net/28188747/8vQt2vsMkT1jtdAuQNI4es8McvMuzWH4wtMD…)
[06:29:29]   downloaded 2,129.0 MB in 102.4s (20.8 MB/s)
[06:31:29]   upload done video_id=26070805 in 120.8s
[06:31:31] film cr_film_id=18860 OK in 228.4s
[06:31:31] iteration 4/20
[06:31:31] film cr_film_id=27248 name='Neslýchané: Smlouva s ďáblem (2021) CZ Titulky' candidates=1
[06:31:31]   candidate upload_id=611d98bb47b0a url=https://prehraj.to/neslychane-smlouva-s-dablem-2021-cztitulky/611d98bb47b0a
[06:31:33]   resolved in 1.2s → 1080p (https://pf-storage2.premiumcdn.net/24646667/0VRI5bconhPpUexIObfjpcy3TVLILDtyLsvo…)
[06:33:03]   downloaded 1,813.7 MB in 88.7s (20.4 MB/s)
[06:34:40]   upload done video_id=26070860 in 97.4s
[06:34:42] film cr_film_id=27248 OK in 190.4s
[06:34:42] iteration 5/20
[06:34:42] film cr_film_id=19846 name='Neslýchané: Palácová potyčka (2021) CZ Titulky' candidates=1
[06:34:42]   candidate upload_id=6115ccc7d79da url=https://prehraj.to/neslychane-palacova-potycka-2021-cztitulky/6115ccc7d79da
[06:34:43]   resolved in 1.2s → 1080p (https://pf-storage2.premiumcdn.net/24591602/qAesBWikDCZXuNDTZjFrRi6NuJDIb4Cmauqd…)
[06:36:19]   downloaded 1,965.5 MB in 94.6s (20.8 MB/s)
[06:38:05]   upload done video_id=26070919 in 105.7s
[06:38:07] film cr_film_id=19846 OK in 205.0s
[06:38:07] iteration 6/20
[06:38:07] film cr_film_id=27082 name='Neobyčejné příběhy (2021) CZ Titulky' candidates=2
[06:38:07]   candidate upload_id=607b3040eeb5a url=https://prehraj.to/neobycejne-pribehy-romanticke-drama-indie-2021-720p-webdl-2-0-x264-hin-s-cztitulky-sten-ok/607b3040eeb5a
[06:38:08]   resolved in 1.0s → 720p (https://pf-storage2.premiumcdn.net/23161503/xrRh3jTLohrgtlwuakSBNTPaf3pfNWFPMFrn…)
[06:39:17]   downloaded 1,387.0 MB in 67.2s (20.6 MB/s)
[06:40:27]   upload done video_id=26070990 in 70.6s
[06:40:29] film cr_film_id=27082 OK in 142.2s
[06:40:29] iteration 7/20
[06:40:29] film cr_film_id=14938 name='Nebezpečná obhajoba (2021) CZ Titulky' candidates=1
[06:40:29]   candidate upload_id=005b34f637a750d4 url=https://prehraj.to/dangerous-drugs-of-sex-2020-cz-titulky-japonsky-bl-psychologicky-thriller-mp4/005b34f637a750d4
[06:40:30]   resolved in 1.3s → 720p (https://pf-storage3.premiumcdn.net/165038978/KjNFgrikZSo2UvGuNBFzRiVvtYpS80HWJiY…)
[06:41:24]   downloaded 1,286.1 MB in 51.8s (24.8 MB/s)
[06:42:39]   upload done video_id=26071043 in 75.1s
[06:42:41] film cr_film_id=14938 OK in 132.0s
[06:42:41] iteration 8/20
[06:42:41] film cr_film_id=31142 name='Navždy jiná liga (2021) CZ Titulky' candidates=3
[06:42:41]   candidate upload_id=6125ff82a2b8c url=https://prehraj.to/jina-liga-2020-cz-titulky/6125ff82a2b8c
[06:42:42]   resolved in 1.1s → 720p (https://pf-storage3.premiumcdn.net/24701462/QMJcnPCxEhPXUzms5LU5bCaLhJxHx9Ujzh7O…)
[06:43:40]   downloaded 1,151.1 MB in 56.6s (20.3 MB/s)
[06:44:39]   upload done video_id=26071090 in 59.2s
[06:44:41] film cr_film_id=31142 OK in 120.1s
[06:44:41] iteration 9/20
[06:44:41] film cr_film_id=7858 name='Napětí (2021) CZ Titulky' candidates=12
[06:44:41]   candidate upload_id=607c03db6c570 url=https://prehraj.to/the-power-horor-v-b-2021-1080p-web-2-0-h264-s-cztitulky-70-sten-ok/607c03db6c570
[06:44:42]   resolved in 1.2s → 720p (https://pf-storage2.premiumcdn.net/23167902/4d8tR6szQCd7cOwCqJTPNsO7Fjqc3giW9snx…)
[06:45:29]   downloaded 915.7 MB in 45.1s (20.3 MB/s)
[06:46:34]   upload done video_id=26071131 in 64.6s
[06:46:35] film cr_film_id=7858 OK in 114.4s
[06:46:35] iteration 10/20
[06:46:35] film cr_film_id=15050 name='Mutation on Mars (2021) CZ Titulky' candidates=7
[06:46:35]   candidate upload_id=618cd3f241e2f url=https://prehraj.to/mutation-on-mars-2021-1080p-web-dl-x264-cz-tit/618cd3f241e2f
[06:46:37]   resolved in 1.1s → 720p (https://pf-storage2.premiumcdn.net/26377573/L0NtgXsjetEJt4rfPzsE1sqWCPWS3wtXwTRB…)
[06:47:36]   downloaded 1,193.0 MB in 58.1s (20.5 MB/s)
[06:49:05]   upload done video_id=26071163 in 88.3s
[06:49:06] film cr_film_id=15050 OK in 150.7s
[06:49:06] iteration 11/20
[06:49:06] film cr_film_id=26670 name='Mistr jinu a jangu (2021) CZ Titulky' candidates=6
[06:49:06]   candidate upload_id=60566c845803a url=https://prehraj.to/mistr-jinu-a-jangu-sen-o-vecnosti-akcni-fantasy-cina-2021-1080p-5-1-x264-s-cztitulky-62-sten-ok/60566c845803a
[06:49:07]   resolved in 1.1s → 1080p (https://pf-storage5.premiumcdn.net/22736585/NB5sdzuvwtg4Tn5FPNu3Zupzfd5i6VsEbF4L…)
[06:51:56]   downloaded 3,311.3 MB in 166.3s (19.9 MB/s)
[06:55:22]   upload done video_id=26071232 in 206.0s
[06:55:24] film cr_film_id=26670 OK in 377.6s
[06:55:24] iteration 12/20
[06:55:24] film cr_film_id=17186 name='Minnal Murali (2021) CZ Titulky' candidates=1
[06:55:24]   candidate upload_id=61c777c8c4688 url=https://prehraj.to/blesk-murali-2021-cztitulky/61c777c8c4688
[06:55:25]   resolved in 1.3s → 1080p (https://pf-storage4.premiumcdn.net/27771378/RBWsRDfA3umrTZpuPdfenfkzUnJUoEcgQsEp…)
[06:58:00]   downloaded 3,233.9 MB in 153.4s (21.1 MB/s)
[07:01:13]   upload done video_id=26071334 in 192.2s
[07:01:14] film cr_film_id=17186 OK in 350.6s
[07:01:14] iteration 13/20
[07:01:14] film cr_film_id=21050 name='Mimo dosah (2021) CZ Titulky' candidates=6
[07:01:14]   candidate upload_id=61694f9846bce url=https://prehraj.to/mimo-dosah-fever-dream-2021-cz-titulky-ke-stazeni-v-srt-1080p-drama-horor-mysteriozni/61694f9846bce
[07:01:16]   resolved in 1.3s → 720p (https://pf-storage4.premiumcdn.net/25546049/meNcwLsb0SZDI5GHvgFmqsNGt8LSrjhYnSpa…)
[07:02:23]   downloaded 1,344.4 MB in 65.6s (20.5 MB/s)
[07:03:57]   upload done video_id=26071423 in 94.1s
[07:03:59] film cr_film_id=21050 OK in 164.4s
[07:03:59] iteration 14/20
[07:03:59] film cr_film_id=15214 name='Mazaní pozůstalí 2: Brzy na mizině (2021) CZ Titulky' candidates=2
[07:03:59]   candidate upload_id=61d81263a5934 url=https://prehraj.to/mazani-pozustali-2-brzy-na-mizine-chief-daddy-2-going-for-broke-2022-cz-titulky-komedie/61d81263a5934
[07:04:00]   resolved in 1.2s → 720p (https://pf-storage4.premiumcdn.net/28144761/k1miGjI14tzvSMKSVdH4RIeOUJMFMBFk8H3p…)
[07:05:38]   downloaded 1,900.8 MB in 96.0s (19.8 MB/s)
[07:07:12]   upload done video_id=26071507 in 94.7s
[07:07:14] film cr_film_id=15214 OK in 195.6s
[07:07:14] iteration 15/20
[07:07:14] film cr_film_id=14234 name='Mass (2021) CZ Titulky' candidates=5
[07:07:14]   candidate upload_id=61d21c857ebdb url=https://prehraj.to/mass-2021-cztitulky/61d21c857ebdb
[07:07:15]   resolved in 1.1s → 480p (https://pf-storage5.premiumcdn.net/28008729/91ahZBcVRub2hBeh8qTY8cVqs9JTEwC97CLQ…)
[07:07:47]   downloaded 563.4 MB in 29.4s (19.2 MB/s)
[07:08:17]   upload done video_id=26071560 in 29.7s
[07:08:18] film cr_film_id=14234 OK in 64.0s
[07:08:18] iteration 16/20
[07:08:18] film cr_film_id=36862 name='Masquerade (2021) CZ Titulky' candidates=12
[07:08:18]   candidate upload_id=689e0fddcbc9e url=https://prehraj.to/masquerade-2021-cz-tit/689e0fddcbc9e
[07:08:20]   resolved in 1.2s → 480p (https://pf-storage3.premiumcdn.net/143627687/oPGtRmu52folcg8uJpUWwuReIwpTQXSjLTW…)
[07:08:31]   downloaded 142.5 MB in 9.8s (14.5 MB/s)
[07:08:40]   upload done video_id=26071586 in 9.1s
[07:08:42] film cr_film_id=36862 OK in 23.4s
[07:08:42] iteration 17/20
[07:08:42] film cr_film_id=7940 name='Martyrs Lane (2021) CZ Titulky' candidates=9
[07:08:42]   candidate upload_id=616fc3f4668fa url=https://prehraj.to/martyrs-lane-2021-cz-tit-v-obraze-super-1080p-webrip-x264/616fc3f4668fa
[07:08:43]   resolved in 1.3s → 1080p (https://pf-storage1.premiumcdn.net/25692745/1Nmhe6ulOC4mT3Rc54TNzuxzc1rUymHqKfyM…)
[07:10:07]   downloaded 1,685.2 MB in 82.6s (20.4 MB/s)
[07:11:49]   upload done video_id=26071629 in 101.7s
[07:11:51] film cr_film_id=7940 OK in 189.3s
[07:11:51] iteration 18/20
[07:11:51] film cr_film_id=3716 name='Margrete – královna severu (2021) CZ Titulky' candidates=1
[07:11:51]   candidate upload_id=659dda8142ba8 url=https://prehraj.to/margrete-kralovna-severu-2021-cztitulky/659dda8142ba8
[07:11:52]   resolved in 1.1s → 720p (https://pf-storage5.premiumcdn.net/72187850/vKLFAJhR9SvYI7BC8VSQoh9Ki3muDVHGxTlZ…)
[07:13:05]   downloaded 1,441.7 MB in 70.9s (20.3 MB/s)
[07:14:26]   upload done video_id=26071706 in 81.4s
[07:14:28] film cr_film_id=3716 OK in 156.9s
[07:14:28] iteration 19/20
[07:14:28] film cr_film_id=14594 name='Madres (2021) CZ Titulky' candidates=6
[07:14:28]   candidate upload_id=6161ddee338f5 url=https://prehraj.to/madres-2021-cztitulky/6161ddee338f5
[07:14:29]   resolved in 1.0s → 720p (https://pf-storage4.premiumcdn.net/25376831/eePcbyFNYFvRhXPTv6TLkFEmfp3id1H02uDA…)
[07:15:31]   downloaded 1,141.7 MB in 60.6s (18.8 MB/s)
[07:16:29]   upload done video_id=26071764 in 57.8s
[07:16:31] film cr_film_id=14594 OK in 123.1s
[07:16:31] iteration 20/20
[07:16:31] film cr_film_id=26882 name='Ma Belle, My Beauty (2021) CZ Titulky' candidates=2
[07:16:31]   candidate upload_id=6202e7be80470 url=https://prehraj.to/ma-belle-my-beauty-2021-cztitulky/6202e7be80470
[07:16:32]   resolved in 1.2s → 720p (https://pf-storage4.premiumcdn.net/29164116/GDKhjbswjF4eSA3FbwF2RsG2tjVFYBTXzHxg…)
[07:17:33]   downloaded 1,205.2 MB in 58.3s (20.7 MB/s)
[07:18:51]   upload done video_id=26071809 in 78.6s
[07:18:53] film cr_film_id=26882 OK in 141.9s
[07:18:53] batch-end ok=20 failed=0 dur=3515.4s avg/film=175.8s remaining=8997 eta_hours=439.4

===== run 2026-06-18T07:32:06Z shard=0/2 batch_size=20 (https://github.com/Olbrasoft/prehrajto-to-prehrajto/actions/runs/27743960235) =====
[07:32:07] batch-start shard=0/2 count=20 backlog=10210 uploads=1213 failed_attempts=62 description_overrides=0
[07:32:07] login
[07:32:08] login done
[07:32:08] iteration 1/20
[07:32:08] film cr_film_id=1916 name='Lékořicová Pizza (2021) CZ Titulky' candidates=1
[07:32:08]   candidate upload_id=62292b4de1763 url=https://prehraj.to/lekoricova-pizza-2021-cztitulky/62292b4de1763
[07:32:09]   resolved in 1.2s → 720p (https://pf-storage1.premiumcdn.net/30003577/8Dah1WfoKUlyc1yij7iXqf4mIRKI6osq9IZx…)
[07:34:00]   downloaded 2,111.9 MB in 108.8s (19.4 MB/s)
[07:36:11]   upload done video_id=26072165 in 130.2s
[07:36:13] film cr_film_id=1916 OK in 244.2s
[07:36:13] iteration 2/20
[07:36:13] film cr_film_id=27186 name='Láska sladká i kyselá (2021) CZ Titulky' candidates=2
[07:36:13]   candidate upload_id=60bdc2c37ba86 url=https://prehraj.to/laska-sladka-i-kysela-2021-cz-titulky-1080p/60bdc2c37ba86
[07:36:14]   resolved in 1.3s → 1080p (https://pf-storage5.premiumcdn.net/23795454/kAlI9VTKJCQvSlaf4MTEKTd8FePIBPuZVuQz…)
[07:37:42]   downloaded 1,684.1 MB in 86.1s (19.6 MB/s)
[07:39:26]   upload done video_id=26072235 in 104.3s
[07:39:30] film cr_film_id=27186 OK in 197.8s
[07:39:30] iteration 3/20
[07:39:30] film cr_film_id=27254 name='Lockdown (2021) CZ Titulky' candidates=1
[07:39:30]   candidate upload_id=609eabbbe0998 url=https://prehraj.to/the-lockdown-hauntings-horor-v-b-2021-1080p-webrip-5-1-x264-s-cztitulky-23-sten-ok/609eabbbe0998
[07:39:32]   resolved in 1.5s → 1080p (https://pf-storage1.premiumcdn.net/23514732/d7KTkXfa3C5eF8EtpmSlzfJPIxeU9rT3Vhlb…)
[07:41:23]   downloaded 2,008.1 MB in 109.7s (18.3 MB/s)
[07:43:15]   upload done video_id=26072341 in 111.5s
[07:43:17] film cr_film_id=27254 OK in 226.9s
[07:43:17] iteration 4/20
[07:43:17] film cr_film_id=5868 name='Lidé (2021) CZ Titulky' candidates=2
[07:43:17]   candidate upload_id=5eb924669e7fe url=https://prehraj.to/planet-of-the-humans-2020-dokument-1080p-ac3-2-0-en-cz-titulky/5eb924669e7fe
[07:43:26]   resolved in 8.9s → 1080p (https://pf-storage3.premiumcdn.net/16499764/a2ysx5HWzTDGt9Muxdig0HL0Hz6tD4CjvIk4…)
[07:46:07]   downloaded 3,160.9 MB in 158.6s (19.9 MB/s)
[07:49:08]   upload done video_id=26072461 in 181.4s
[07:49:10] film cr_film_id=5868 OK in 352.8s
[07:49:10] iteration 5/20
[07:49:10] film cr_film_id=26876 name='Les Amours d’Anaïs (2021) CZ Titulky' candidates=2
[07:49:10]   candidate upload_id=61d48ce58d58c url=https://prehraj.to/anais-in-love-2021-cztitulky/61d48ce58d58c
[07:49:11]   resolved in 1.2s → 480p (https://pf-storage4.premiumcdn.net/28065000/jdxInLckvF72FNOUdjsErcQjhpWIdYTNqIYE…)
[07:49:54]   downloaded 756.8 MB in 40.1s (18.9 MB/s)
[07:50:46]   upload done video_id=26072551 in 51.4s
[07:50:47] film cr_film_id=26876 OK in 97.2s
[07:50:47] iteration 6/20
[07:50:47] film cr_film_id=13968 name='La Flamme Rouge (2021) CZ Titulky' candidates=7
[07:50:47]   candidate upload_id=61ca4a71b52fa url=https://prehraj.to/la-flamme-rouge-2021-cztitulky/61ca4a71b52fa
[07:50:49]   resolved in 1.4s → 720p (https://pf-storage3.premiumcdn.net/27834801/4B8hbGCWau83sx1sZ5TjWC96CLeha0fvwhon…)
[07:51:46]   downloaded 1,059.0 MB in 55.3s (19.1 MB/s)
[07:52:47]   upload done video_id=26072588 in 61.2s
[07:52:49] film cr_film_id=13968 OK in 121.9s
[07:52:49] iteration 7/20
[07:52:49] film cr_film_id=34584 name='Kupé č. 6 (2021) CZ Titulky' candidates=2
[07:52:49]   candidate upload_id=6331f73c3690f url=https://prehraj.to/kupe-c-6-drama-romanticky-2021-cz-titulky/6331f73c3690f
[07:52:51]   resolved in 1.5s → 720p (https://pf-storage2.premiumcdn.net/33469324/vvbHAmcxoFRQf5qSQvULjckbuj0f53I6OTMY…)
[07:54:12]   downloaded 1,527.2 MB in 79.0s (19.3 MB/s)
[07:55:39]   upload done video_id=26072632 in 87.2s
[07:55:41] film cr_film_id=34584 OK in 172.2s
[07:55:41] iteration 8/20
[07:55:41] film cr_film_id=2570 name='Krása, která uchvátila srdce (2021) CZ Titulky' candidates=2
[07:55:41]   candidate upload_id=60e21d5897219 url=https://prehraj.to/krasa-ktera-uchvatila-srdce-krimi-thriller-indie-2021-1080p-web-dl-5-1-h264-s-cztitulky-sten-ok/60e21d5897219
[07:55:43]   resolved in 1.9s → 720p (https://pf-storage5.premiumcdn.net/24164472/vjAt49TG1SPZfnQFdEiOZTZEH9qI4lSbdHDP…)
[07:56:52]   downloaded 1,261.7 MB in 66.5s (19.0 MB/s)
[07:58:08]   upload done video_id=26072679 in 76.0s
[07:58:11] film cr_film_id=2570 OK in 149.4s
[07:58:11] iteration 9/20
[07:58:11] film cr_film_id=26960 name='Krokodýlí kluk Arlo (2021) CZ Titulky' candidates=1
[07:58:11]   candidate upload_id=607b31fb650b2 url=https://prehraj.to/krokodyli-kluk-arlo-2021-cztitulky/607b31fb650b2
[07:58:12]   resolved in 1.4s → 720p (https://pf-storage5.premiumcdn.net/23161353/oVMSwDCZDSb2hmahdkszNCMOseAfxehp9s1G…)
[07:59:09]   downloaded 1,016.4 MB in 54.9s (18.5 MB/s)
[08:00:14]   upload done video_id=26072710 in 64.8s
[08:00:16] film cr_film_id=26960 OK in 124.9s
[08:00:16] iteration 10/20
[08:00:16] film cr_film_id=17944 name='Knackningar (2021) CZ Titulky' candidates=1
[08:00:16]   candidate upload_id=61802fd98897c url=https://prehraj.to/knackningar-2021-cztitulky/61802fd98897c
[08:00:17]   resolved in 1.0s → 1080p (https://pf-storage3.premiumcdn.net/26076862/4LRUvmfqjTB7caYs9kIVjfAjsJVCVLUMXUqQ…)
[08:01:45]   downloaded 1,745.4 MB in 86.7s (20.1 MB/s)
[08:03:31]   upload done video_id=26072767 in 105.4s
[08:03:32] film cr_film_id=17944 OK in 196.7s
[08:03:32] iteration 11/20
[08:03:32] film cr_film_id=18074 name='Kapitán Volkonogov uprchl (2021) CZ Titulky' candidates=1
[08:03:32]   candidate upload_id=64c2d610716a4 url=https://prehraj.to/kapitan-volkonogov-uprchl-2023-cztitulky/64c2d610716a4
[08:03:34]   resolved in 1.2s → 720p (https://pf-storage3.premiumcdn.net/42809057/ZB4iM1IGNHP3TJPfAPfPeIlQSP7C2VSw0sdz…)
[08:05:13]   downloaded 1,666.6 MB in 98.1s (17.0 MB/s)
[08:07:17]   upload done video_id=26072842 in 123.5s
[08:07:19] film cr_film_id=18074 OK in 226.5s
[08:07:19] iteration 12/20
[08:07:19] film cr_film_id=14696 name='Jak se natáčel Dámský gambit (2021) CZ Titulky' candidates=2
[08:07:19]   candidate upload_id=6022d94d9413f url=https://prehraj.to/creating-the-queen-s-gambit-2020-cztitulky-mp4/6022d94d9413f
[08:07:20]   resolved in 1.3s → 1080p (https://pf-storage2.premiumcdn.net/22099059/L5Wh0kSxju6YfQlH0PFavSgmTv6uWoT0pCYO…)
[08:07:41]   downloaded 310.8 MB in 19.1s (16.3 MB/s)
[08:08:01]   upload done video_id=26072876 in 19.6s
[08:08:02] film cr_film_id=14696 OK in 43.6s
[08:08:02] iteration 13/20
[08:08:02] film cr_film_id=31210 name='Ip Man: The Awakenin (2021) CZ Titulky' candidates=1
[08:08:02]   candidate upload_id=62bb58e466cf9 url=https://prehraj.to/ip-man-the-awakening-2022-cztitulky/62bb58e466cf9
[08:08:04]   resolved in 1.3s → 720p (https://pf-storage1.premiumcdn.net/31379534/xb2Id4fXdcJxsKXf1KUR0fxQc1Vc2yunOt9q…)
[08:10:19]   downloaded 1,400.2 MB in 132.9s (10.5 MB/s)
[08:11:39]   upload done video_id=26072919 in 80.0s
[08:11:41] film cr_film_id=31210 OK in 218.2s
[08:11:41] iteration 14/20
[08:11:41] film cr_film_id=14922 name='Invincible (2021) CZ Titulky' candidates=1
[08:11:41]   candidate upload_id=60315ccd1590a url=https://prehraj.to/neporazitelny-2020-cztitulky/60315ccd1590a
[08:11:42]   resolved in 1.2s → 720p (https://pf-storage2.premiumcdn.net/22343969/gQVIJVh1ecj5TMqTrVcw3hPnHQesKeiP1Url…)
[08:13:01]   downloaded 1,491.5 MB in 76.8s (19.4 MB/s)
[08:14:28]   upload done video_id=26072960 in 87.2s
[08:14:30] film cr_film_id=14922 OK in 169.5s
[08:14:30] iteration 15/20
[08:14:30] film cr_film_id=31148 name='Insight (2021) CZ Titulky' candidates=13
[08:14:30]   candidate upload_id=606feec30f481 url=https://prehraj.to/insight-2021-cz-tit-1080p/606feec30f481
[08:14:32]   resolved in 2.1s → 720p (https://pf-storage5.premiumcdn.net/23024752/rpOtv7FO1IJlhdouK7hMxFD0s37sv0Sq5HnQ…)
[08:15:43]   downloaded 1,359.8 MB in 68.8s (19.8 MB/s)
[08:16:59]   upload done video_id=26073009 in 75.5s
[08:17:00] film cr_film_id=31148 OK in 150.3s
[08:17:00] iteration 16/20
[08:17:00] film cr_film_id=18126 name='Hyacint (2021) CZ Titulky' candidates=1
[08:17:00]   candidate upload_id=616867891484a url=https://prehraj.to/hyacint-2021-cztitulky/616867891484a
[08:17:02]   resolved in 1.6s → 1080p (https://pf-storage2.premiumcdn.net/25525550/Wdxsy8i03s2BcjXt5EF20iB5hYac7LSkEFQl…)
[08:19:02]   downloaded 2,738.9 MB in 117.2s (23.4 MB/s)
[08:21:54]   upload done video_id=26073063 in 172.2s
[08:21:55] film cr_film_id=18126 OK in 295.0s
[08:21:55] iteration 17/20
[08:21:55] film cr_film_id=27014 name='Holá sebeúcta (2021) CZ Titulky' candidates=1
[08:21:55]   candidate upload_id=601dae1f8c135 url=https://prehraj.to/hola-sebeucta-2021-cztitulky/601dae1f8c135
[08:21:56]   resolved in 0.9s → 1080p (https://pf-storage5.premiumcdn.net/22009092/0nyfeYuN7uw1SeQfpXi2auw0h3jsA2UDQi5n…)
[08:24:16]   downloaded 2,782.3 MB in 137.6s (20.2 MB/s)
[08:27:41]   upload done video_id=26073152 in 205.0s
[08:27:43] film cr_film_id=27014 OK in 347.3s
[08:27:43] iteration 18/20
[08:27:43] film cr_film_id=31938 name='Hluboká voda (2021) CZ Titulky' candidates=4
[08:27:43]   candidate upload_id=62378b30c7142 url=https://prehraj.to/hluboka-voda-2022-cztitulky/62378b30c7142
[08:27:44]   resolved in 1.7s → 480p (https://pf-storage4.premiumcdn.net/30150077/Bxwc5gH3eia7hrKFnGUELHyVFrjCxqc1ruAl…)
[08:28:26]   downloaded 888.1 MB in 39.3s (22.6 MB/s)
[08:29:32]   upload done video_id=26073221 in 65.7s
[08:29:34] film cr_film_id=31938 OK in 111.0s
[08:29:34] iteration 19/20
[08:29:34] film cr_film_id=33828 name='Historias lamentables (2021) CZ Titulky' candidates=1
[08:29:34]   candidate upload_id=610fe6323ebe8 url=https://prehraj.to/historias-lamentables-2020-cztitulky/610fe6323ebe8
[08:29:35]   resolved in 1.5s → 720p (https://pf-storage2.premiumcdn.net/24554609/XgPiY1IVEfbEun8u45I26INyuRJtAwTG8tb4…)
[08:32:26]   downloaded 2,129.8 MB in 168.4s (12.6 MB/s)
[08:34:25]   upload done video_id=26073276 in 119.2s
[08:34:27] film cr_film_id=33828 OK in 293.0s
[08:34:27] iteration 20/20
[08:34:27] film cr_film_id=18198 name='Hilda a král hor (2021) CZ Titulky' candidates=1
[08:34:27]   candidate upload_id=61eefa0d6fba7 url=https://prehraj.to/hilda-a-kral-hory-2021-cztitulky/61eefa0d6fba7
[08:34:28]   resolved in 1.2s → 1080p (https://pf-storage4.premiumcdn.net/28689699/61VI5aSDRFpAsMmsnVUD4SqKi0yFd7ikAF0q…)
[08:36:13]   downloaded 1,226.3 MB in 102.6s (12.0 MB/s)
[08:37:27]   upload done video_id=26073324 in 74.1s
[08:37:29] film cr_film_id=18198 OK in 181.8s
[08:37:29] batch-end ok=20 failed=0 dur=3920.3s avg/film=196.0s remaining=8977 eta_hours=488.7

===== run 2026-06-18T08:38:00Z shard=0/2 batch_size=20 (https://github.com/Olbrasoft/prehrajto-to-prehrajto/actions/runs/27747351248) =====
[08:38:01] batch-start shard=0/2 count=20 backlog=10210 uploads=1233 failed_attempts=62 description_overrides=0
[08:38:01] login
[08:38:02] login done
[08:38:02] iteration 1/20
[08:38:02] film cr_film_id=36852 name='Hide and Seek (2021) CZ Titulky' candidates=2
[08:38:02]   candidate upload_id=61a2a523e4a3a url=https://prehraj.to/hide-and-seek-2021-cztitulky/61a2a523e4a3a
[08:38:04]   resolved in 1.4s → 720p (https://pf-storage4.premiumcdn.net/26895871/XoAfVGubwF6Xsnahd7cD3uW4SKBHrGhQrUM1…)
[08:39:10]   downloaded 1,154.5 MB in 64.1s (18.0 MB/s)
[08:40:14]   upload done video_id=26073370 in 64.2s
[08:40:16] film cr_film_id=36852 OK in 133.4s
[08:40:16] iteration 2/20
[08:40:16] film cr_film_id=31020 name='Here Before (2021) CZ Titulky' candidates=6
[08:40:16]   candidate upload_id=62b49abd352cd url=https://prehraj.to/here-before-2021-cztitulky/62b49abd352cd
[08:40:17]   resolved in 1.1s → 720p (https://pf-storage3.premiumcdn.net/31314179/3JpsxmcAnU0jivdC5DU8oceyFwRSy0HeBhdn…)
[08:41:13]   downloaded 997.5 MB in 54.0s (18.5 MB/s)
[08:42:11]   upload done video_id=26073415 in 58.0s
[08:42:13] film cr_film_id=31020 OK in 116.9s
[08:42:13] iteration 3/20
[08:42:13] film cr_film_id=31144 name='Heart of the Gun (2021) CZ Titulky' candidates=5
[08:42:13]   candidate upload_id=67cfff4760348 url=https://prehraj.to/p-f-spagetti-western-cz-tit-heart-of-the-gun-2022-720p-webrip-x264-aac-yts-mx-cz-tit-mp4/67cfff4760348
[08:42:14]   resolved in 1.2s → 480p (https://pf-storage5.premiumcdn.net/131901269/zeZilJsxgTMxirXUkzHzWsnku06Fwncv4C3…)
[08:42:55]   downloaded 680.0 MB in 38.6s (17.6 MB/s)
[08:43:32]   upload done video_id=26073446 in 37.8s
[08:43:34] film cr_film_id=31144 OK in 81.3s
[08:43:34] iteration 4/20
[08:43:34] film cr_film_id=14194 name='Hatched (2021) CZ Titulky' candidates=12
[08:43:34]   candidate upload_id=645d39b43a3c5 url=https://prehraj.to/hatched-2021-cz-sub-1080p/645d39b43a3c5
[08:43:35]   resolved in 1.4s → 720p (https://pf-storage3.premiumcdn.net/40397785/BBMIzgS12fYnCgzSvrf9kSBmurDs35HbkhK0…)
[08:44:34]   downloaded 1,084.3 MB in 57.2s (19.0 MB/s)
[08:45:39]   upload done video_id=26073540 in 64.4s
[08:45:41] film cr_film_id=14194 OK in 126.6s
[08:45:41] iteration 5/20
[08:45:41] film cr_film_id=10042 name='Great White (2021) CZ Titulky' candidates=14
[08:45:41]   candidate upload_id=609e4f77029d1 url=https://prehraj.to/great-white-horor-thriller-2021-1080p-web-5-1-h264-s-cztitulky-38-sten-ok/609e4f77029d1
[08:45:42]   resolved in 1.1s → 720p (https://pf-storage5.premiumcdn.net/23512506/309SGbioGSaOSlPIK8tWRiDJs5GUXbFVkhrG…)
[08:47:27]   downloaded 1,938.3 MB in 103.6s (18.7 MB/s)
[08:49:24]   upload done video_id=26073692 in 116.6s
[08:49:26] film cr_film_id=10042 OK in 225.0s
[08:49:26] iteration 6/20
[08:49:26] film cr_film_id=27134 name='Gekijouban Jujutsu Kaisen 0 (2021) CZ Titulky' candidates=2
[08:49:26]   candidate upload_id=651edfb0a150b url=https://prehraj.to/gekijouban-jujutsu-kaisen-0-cz-tit-2021-1080p/651edfb0a150b
[08:49:27]   resolved in 1.1s → 1080p (https://pf-storage3.premiumcdn.net/47320793/j7Wsj5uJBSMAsBgI6bURDulNHoKIMNh3Kiga…)
[08:50:34]   downloaded 1,509.8 MB in 65.3s (23.1 MB/s)
[08:52:09]   upload done video_id=26073769 in 95.3s
[08:52:11] film cr_film_id=27134 OK in 165.1s
[08:52:11] iteration 7/20
[08:52:11] film cr_film_id=7594 name='Gaia (2021) CZ Titulky' candidates=12
[08:52:11]   candidate upload_id=60d980097948c url=https://prehraj.to/gaia-2021-cz-titulky-1080p/60d980097948c
[08:52:12]   resolved in 1.2s → 720p (https://pf-storage3.premiumcdn.net/24069240/R2GIBmU0aIkrFXRsnVs3QUy2FMAigwtZdCRd…)
[08:53:10]   downloaded 1,034.9 MB in 56.1s (18.4 MB/s)
[08:54:07]   upload done video_id=26073830 in 57.2s
[08:54:09] film cr_film_id=7594 OK in 118.5s
[08:54:09] iteration 8/20
[08:54:09] film cr_film_id=27070 name='Fit for a Prince (2021) CZ Titulky' candidates=4
[08:54:09]   candidate upload_id=60d316305f2eb url=https://prehraj.to/fit-for-a-prince-komedie-2021-cz-titulky/60d316305f2eb
[08:54:10]   resolved in 1.0s → 720p (https://pf-storage2.premiumcdn.net/24007365/eEGtZGfWGU3lfDgSAwimEfp6ce7hdqc9WtKb…)
[08:55:12]   downloaded 1,108.1 MB in 60.5s (18.3 MB/s)
[08:56:14]   upload done video_id=26073876 in 61.5s
[08:56:16] film cr_film_id=27070 OK in 126.5s
[08:56:16] iteration 9/20
[08:56:16] film cr_film_id=18118 name='Ferry (2021) CZ Titulky' candidates=3
[08:56:16]   candidate upload_id=60a137b5a1049 url=https://prehraj.to/ferry-2021-cztitulky/60a137b5a1049
[08:56:17]   resolved in 1.4s → 1080p (https://pf-storage1.premiumcdn.net/23539950/ldaskMSwxIWvczPieXf7bSdBFazc0PU2wHoK…)
[08:58:48]   downloaded 2,840.9 MB in 149.5s (19.0 MB/s)
[09:01:30]   upload done video_id=26073954 in 161.3s
[09:01:32] film cr_film_id=18118 OK in 316.2s
[09:01:32] iteration 10/20
[09:01:32] film cr_film_id=31146 name='Feral State (2021) CZ Titulky' candidates=5
[09:01:32]   candidate upload_id=6118c139990b8 url=https://prehraj.to/feral-state-2020-1080p-cz-sub-web-dl-dd5-1-h-264-mp4/6118c139990b8
[09:01:33]   resolved in 1.4s → 720p (https://pf-storage4.premiumcdn.net/24610553/6yztVAu7MhxvUAOIWXSe8uw7TlwcvNHKOCaY…)
[09:02:49]   downloaded 1,389.6 MB in 74.1s (18.8 MB/s)
[09:04:04]   upload done video_id=26074034 in 75.1s
[09:04:06] film cr_film_id=31146 OK in 154.1s
[09:04:06] iteration 11/20
[09:04:06] film cr_film_id=31188 name='Father of Flies (2021) CZ Titulky' candidates=2
[09:04:06]   candidate upload_id=6dcbe5c97c24cd0a url=https://prehraj.to/father-of-flies-2021-cztitulky/6dcbe5c97c24cd0a
[09:04:09]   resolved in 3.5s → 720p (https://pf-storage4.premiumcdn.net/170079364/g2DcKoHRnUgLhRvs9nt6dHl6CEauOLfZ2CB…)
[09:04:56]   downloaded 804.6 MB in 45.3s (17.8 MB/s)
[09:05:50]   upload done video_id=26074070 in 53.7s
[09:05:52] film cr_film_id=31188 OK in 105.8s
[09:05:52] iteration 12/20
[09:05:52] film cr_film_id=33858 name='Epilog lásky (2021) CZ Titulky' candidates=1
[09:05:52]   candidate upload_id=61548e05c6bb5 url=https://prehraj.to/epilog-lasky-2020-cztitulky/61548e05c6bb5
[09:05:53]   resolved in 1.3s → 720p (https://pf-storage3.premiumcdn.net/25063811/yKWSO2cPbIJdhk4uAWsRpcKeuqkfZ2SAEuqz…)
[09:06:54]   downloaded 1,091.4 MB in 59.1s (18.5 MB/s)
[09:08:25]   upload done video_id=26074114 in 91.0s
[09:08:27] film cr_film_id=33858 OK in 155.1s
[09:08:27] iteration 13/20
[09:08:27] film cr_film_id=20650 name='Emigranti (2021) CZ Titulky' candidates=1
[09:08:27]   candidate upload_id=665cadcaba0c5 url=https://prehraj.to/emigranti-2021-cztitulky/665cadcaba0c5
[09:08:28]   resolved in 1.4s → 720p (https://pf-storage1.premiumcdn.net/77994008/ELVSx4i9aIB7hDoIO9tPai9Xt46saOtVdhLV…)
[09:10:22]   downloaded 2,642.9 MB in 112.2s (23.6 MB/s)
[09:12:55]   upload done video_id=26074191 in 152.7s
[09:12:57] film cr_film_id=20650 OK in 270.1s
[09:12:57] iteration 14/20
[09:12:57] film cr_film_id=31030 name='El ascensor (2021) CZ Titulky' candidates=7
[09:12:57]   candidate upload_id=6462e5b7c4ec4 url=https://prehraj.to/el-ascensor-2021-cz-sub-1080p/6462e5b7c4ec4
[09:12:58]   resolved in 1.5s → 720p (https://pf-storage1.premiumcdn.net/40579261/LY3Fx0CE2foMTQYcJnIx5Cl4sKxSlRtRVfwa…)
[09:13:40]   downloaded 665.1 MB in 38.8s (17.1 MB/s)
[09:14:27]   upload done video_id=26074299 in 47.5s
[09:14:29] film cr_film_id=31030 OK in 92.0s
[09:14:29] iteration 15/20
[09:14:29] film cr_film_id=7258 name='East of the Mountains (2021) CZ Titulky' candidates=2
[09:14:29]   candidate upload_id=6158af5a3cd57 url=https://prehraj.to/east-of-the-mountains-2021-cztitulky/6158af5a3cd57
[09:14:30]   resolved in 1.3s → 720p (https://pf-storage4.premiumcdn.net/25158218/vdAho5IRBcXOTPvCoES7zIG3UN3cvdiNmuQ6…)
[09:15:44]   downloaded 1,231.8 MB in 72.3s (17.0 MB/s)
[09:16:55]   upload done video_id=26074370 in 71.1s
[09:16:57] film cr_film_id=7258 OK in 148.5s
[09:16:57] iteration 16/20
[09:16:57] film cr_film_id=17998 name='Děvjatajev (2021) CZ Titulky' candidates=4
[09:16:57]   candidate upload_id=677a7be3bd18e url=https://prehraj.to/devjatajev-2021-cz-tit/677a7be3bd18e
[09:16:59]   resolved in 1.1s → 480p (https://pf-storage3.premiumcdn.net/127319399/328TMXIVJh5WsQeCjXi4gIoXiAEHwJcMgHw…)
[09:17:37]   downloaded 802.0 MB in 36.7s (21.9 MB/s)
[09:18:22]   upload done video_id=26074418 in 45.3s
[09:18:24] film cr_film_id=17998 OK in 86.8s
[09:18:24] iteration 17/20
[09:18:24] film cr_film_id=18108 name='Drive My Car (2021) CZ Titulky' candidates=3
[09:18:24]   candidate upload_id=61e7072a7af46 url=https://prehraj.to/drive-my-car-2021-cztitulky/61e7072a7af46
[09:18:26]   resolved in 1.3s → 1080p (https://pf-storage5.premiumcdn.net/28499625/pQXI1qsz2u5nheYIPvsk2s9YSgOfAgu20uRn…)
[09:21:01]   downloaded 3,591.9 MB in 154.1s (23.3 MB/s)
[09:24:29]   upload done video_id=26074729 in 208.0s
[09:24:31] film cr_film_id=18108 OK in 367.1s
[09:24:31] iteration 18/20
[09:24:31] film cr_film_id=3324 name='Downfalls High (2021) CZ Titulky' candidates=3
[09:24:31]   candidate upload_id=618aaebaa6926 url=https://prehraj.to/downfalls-high-2021-cztitulky/618aaebaa6926
[09:24:33]   resolved in 1.2s → 720p (https://pf-storage4.premiumcdn.net/26327818/R4JcldSPAhxqh7vIq7U9kSZAT18HpxF69fgJ…)
[09:25:07]   downloaded 564.0 MB in 32.5s (17.4 MB/s)
[09:25:47]   upload done video_id=26074801 in 39.8s
[09:25:49] film cr_film_id=3324 OK in 77.4s
[09:25:49] iteration 19/20
[09:25:49] film cr_film_id=26738 name='Doors (2021) CZ Titulky' candidates=5
[09:25:49]   candidate upload_id=60d08f59397bd url=https://prehraj.to/doors-sci-fi-2021-cz-titulky/60d08f59397bd
[09:25:50]   resolved in 1.2s → 480p (https://pf-storage5.premiumcdn.net/23981664/kGWsg8I0qsebTY5IKgizgIO1HAai5yF3xUyL…)
[09:26:16]   downloaded 409.6 MB in 24.6s (16.6 MB/s)
[09:26:44]   upload done video_id=26074827 in 27.6s
[09:26:46] film cr_film_id=26738 OK in 56.9s
[09:26:46] iteration 20/20
[09:26:46] film cr_film_id=29676 name='Digging to Death (2021) CZ Titulky' candidates=1
[09:26:46]   candidate upload_id=6131c6b19f837 url=https://prehraj.to/digging-to-death-thriller-horor-2021-cz-titulky/6131c6b19f837
[09:26:47]   resolved in 1.2s → 720p (https://pf-storage2.premiumcdn.net/24791990/Zp9FZaCRQiWqtn3haeUjbCrdiN4fW0HdbsDy…)
[09:28:08]   downloaded 1,412.1 MB in 79.3s (17.8 MB/s)
[09:29:28]   upload done video_id=26074864 in 80.1s
[09:29:30] film cr_film_id=29676 OK in 164.3s
[09:29:30] batch-end ok=20 failed=0 dur=3087.6s avg/film=154.4s remaining=8957 eta_hours=384.2

===== run 2026-06-18T09:30:00Z shard=0/2 batch_size=20 (https://github.com/Olbrasoft/prehrajto-to-prehrajto/actions/runs/27750127537) =====
[09:30:01] batch-start shard=0/2 count=20 backlog=10210 uploads=1253 failed_attempts=62 description_overrides=0
[09:30:01] login
[09:30:02] login done
[09:30:02] iteration 1/20
[09:30:02] film cr_film_id=9982 name='Demonic (2021) CZ Titulky' candidates=8
[09:30:02]   candidate upload_id=6135f962eda61 url=https://prehraj.to/demonik-demonic-2021-1080p-cz-titulky/6135f962eda61
[09:30:03]   resolved in 1.0s → 720p (https://pf-storage1.premiumcdn.net/24819842/xmzilDhpkcaJcBXTkxFMXhlki7btMnHokCAq…)
[09:30:52]   downloaded 1,334.1 MB in 47.6s (28.0 MB/s)
[09:31:51]   upload done video_id=26074909 in 59.2s
[09:31:53] film cr_film_id=9982 OK in 111.3s
[09:31:53] iteration 2/20
[09:31:53] film cr_film_id=31226 name='Death Valley (2021) CZ Titulky' candidates=5
[09:31:53]   candidate upload_id=61ca11fbb6743 url=https://prehraj.to/death-valley-2021-cztitulky-mp4/61ca11fbb6743
[09:31:54]   resolved in 1.1s → 720p (https://pf-storage3.premiumcdn.net/27829935/PE6ujVSkOC1puyxUNpujWSOLiXRTvBujdHRV…)
[09:32:49]   downloaded 1,499.5 MB in 53.0s (28.3 MB/s)
[09:33:54]   upload done video_id=26074941 in 65.5s
[09:33:56] film cr_film_id=31226 OK in 122.5s
[09:33:56] iteration 3/20
[09:33:56] film cr_film_id=33860 name='Deadly Nightshade (2021) CZ Titulky' candidates=1
[09:33:56]   candidate upload_id=615851af308d4 url=https://prehraj.to/temnota-noci-2021-cz-titulky/615851af308d4
[09:33:57]   resolved in 1.0s → 720p (https://pf-storage1.premiumcdn.net/25147523/GGqSxEujbsWYtBXCYRUe2u42i07hG2u5vSW1…)
[09:34:45]   downloaded 1,300.9 MB in 46.8s (27.8 MB/s)
[09:35:45]   upload done video_id=26077035 in 60.0s
[09:35:47] film cr_film_id=33860 OK in 110.7s
[09:35:47] iteration 4/20
[09:35:47] film cr_film_id=30738 name='Dawn Breaks Behind the Eyes (2021) CZ Titulky' candidates=2
[09:35:47]   candidate upload_id=630923310ce94 url=https://prehraj.to/dawn-breaks-behind-the-eyes-2021-cztitulky/630923310ce94
[09:35:48]   resolved in 1.0s → 1080p (https://pf-storage3.premiumcdn.net/32450875/wdau9nUGBF1burNTYXhx0UZDs1PcJwU1bH51…)
[09:36:49]   downloaded 1,765.5 MB in 59.8s (29.5 MB/s)
[09:37:49]   upload done video_id=26079608 in 60.5s
[09:37:51] film cr_film_id=30738 OK in 124.3s
[09:37:51] iteration 5/20
[09:37:51] film cr_film_id=30972 name='Cliff Walkers (2021) CZ Titulky' candidates=8
[09:37:51]   candidate upload_id=67b57b5fd8db8 url=https://prehraj.to/p-f-chinese-adventure-cliff-walkers-2021-bluray-cz-tit/67b57b5fd8db8
[09:37:52]   resolved in 0.9s → 480p (https://pf-storage5.premiumcdn.net/130134749/n9lie1I1wsp3frAUvNsMKIPWcAxUEZUKlsy…)
[09:38:19]   downloaded 689.3 MB in 25.9s (26.6 MB/s)
[09:38:51]   upload done video_id=26080890 in 31.8s
[09:38:52] film cr_film_id=30972 OK in 61.3s
[09:38:52] iteration 6/20
[09:38:52] film cr_film_id=19682 name='Chytla nás vlna (2021) CZ Titulky' candidates=2
[09:38:52]   candidate upload_id=605ceff37248d url=https://prehraj.to/chytla-nas-vlna-2021-cztitulky/605ceff37248d
[09:38:53]   resolved in 1.0s → 720p (https://pf-storage5.premiumcdn.net/22814523/LwdiEguPaSL5cbdT3JfDjuM5cY9TXmcR9iMQ…)
[09:39:39]   downloaded 1,244.8 MB in 44.1s (28.2 MB/s)
[09:40:30]   upload done video_id=26081412 in 51.6s
[09:40:32] film cr_film_id=19682 OK in 99.6s
[09:40:32] iteration 7/20
[09:40:32] film cr_film_id=18048 name='Chhorii (2021) CZ Titulky' candidates=1
[09:40:32]   candidate upload_id=63eaaa7c9172a url=https://prehraj.to/chhorii-2021-cztitulky/63eaaa7c9172a
[09:40:33]   resolved in 1.0s → 480p (https://pf-storage1.premiumcdn.net/37371079/oq7trxiaKHVguJnC4xiwLiwnHBaHdkSagUPr…)
[09:41:16]   downloaded 1,179.1 MB in 42.0s (28.1 MB/s)
[09:42:02]   upload done video_id=26081453 in 45.5s
[09:42:03] film cr_film_id=18048 OK in 91.4s
[09:42:03] iteration 8/20
[09:42:03] film cr_film_id=3582 name='Cherry (2021) CZ Titulky' candidates=2
[09:42:03]   candidate upload_id=688fd3501ab49 url=https://prehraj.to/cherry-2021-cz-titulky-v-obraze/688fd3501ab49
[09:42:04]   resolved in 1.0s → 480p (https://pf-storage5.premiumcdn.net/142872779/6KxfArHp0h2As8euDBcavHwnCBxUN6U64ho…)
[09:42:48]   downloaded 1,181.2 MB in 41.9s (28.2 MB/s)
[09:43:31]   upload done video_id=26081491 in 43.0s
[09:43:32] film cr_film_id=3582 OK in 88.8s
[09:43:32] iteration 9/20
[09:43:32] film cr_film_id=10058 name='Carnaval (2021) CZ Titulky' candidates=3
[09:43:32]   candidate upload_id=60b7b1f764111 url=https://prehraj.to/carnaval-2021-cztitulky/60b7b1f764111
[09:43:34]   resolved in 2.1s → 1080p (https://pf-storage1.premiumcdn.net/23735868/BkaimEF7LTl0cwKTabtjPFw8ueRTEgi1MSDv…)
[09:45:55]   downloaded 4,126.2 MB in 139.4s (29.6 MB/s)
[09:48:43]   upload done video_id=26081562 in 167.8s
[09:48:46] film cr_film_id=10058 OK in 313.7s
[09:48:46] iteration 10/20
[09:48:46] film cr_film_id=27050 name='CUBE (2021) CZ Titulky' candidates=2
[09:48:46]   candidate upload_id=62250002e0fc3 url=https://prehraj.to/cube-2021-cztitulky/62250002e0fc3
[09:48:47]   resolved in 1.0s → 720p (https://pf-storage1.premiumcdn.net/29962793/gzYhqDfnmFxasrNI3ZSJgfyouPMSlzSrPHNK…)
[09:49:24]   downloaded 977.9 MB in 35.8s (27.3 MB/s)
[09:50:02]   upload done video_id=26081650 in 37.5s
[09:50:03] film cr_film_id=27050 OK in 77.3s
[09:50:03] iteration 11/20
[09:50:03] film cr_film_id=19886 name='Britney vs. Spears (2021) CZ Titulky' candidates=1
[09:50:03]   candidate upload_id=6153786abd970 url=https://prehraj.to/britney-vs-spears-2021-cztitulky/6153786abd970
[09:50:04]   resolved in 1.5s → 720p (https://pf-storage3.premiumcdn.net/25057691/lymunRF6EtjRh0VsBvF0aFmkHGrHrks0Bspl…)
[09:50:46]   downloaded 1,072.4 MB in 40.1s (26.7 MB/s)
[09:51:34]   upload done video_id=26081687 in 47.6s
[09:51:35] film cr_film_id=19886 OK in 92.2s
[09:51:35] iteration 12/20
[09:51:35] film cr_film_id=4570 name='Brambůrkovy sny o Americe (2021) CZ Titulky' candidates=2
[09:51:35]   candidate upload_id=61f51382b44f8 url=https://prehraj.to/bramburkovy-sny-o-americe-potato-dreams-of-america-2021-hd-cz-titulky-mp4/61f51382b44f8
[09:51:36]   resolved in 1.0s → 1080p (https://pf-storage5.premiumcdn.net/28828851/PeXhVwF9bCogUy3u5MI5xFkbSkLujatYmumj…)
[09:52:47]   downloaded 1,994.3 MB in 69.7s (28.6 MB/s)
[09:54:11]   upload done video_id=26081726 in 83.2s
[09:54:12] film cr_film_id=4570 OK in 157.2s
[09:54:12] iteration 13/20
[09:54:12] film cr_film_id=18942 name='Brain Freeze (2021) CZ Titulky' candidates=4
[09:54:12]   candidate upload_id=616c6cd63f262 url=https://prehraj.to/brain-freeze-2021-cztitulky/616c6cd63f262
[09:54:13]   resolved in 0.7s → 720p (https://pf-storage4.premiumcdn.net/25619075/N15iz7IZWUE1uMlh9NiVXIrWhZwCn9h9AU8w…)
[09:55:00]   downloaded 1,269.3 MB in 45.4s (28.0 MB/s)
[09:56:05]   upload done video_id=26081779 in 65.0s
[09:56:06] film cr_film_id=18942 OK in 114.1s
[09:56:06] iteration 14/20
[09:56:06] film cr_film_id=14338 name='Bomba (2021) CZ Titulky' candidates=6
[09:56:06]   candidate upload_id=61f9acaf36ed3 url=https://prehraj.to/bomba-2021-cztitulky/61f9acaf36ed3
[09:56:07]   resolved in 1.0s → 1080p (https://pf-storage4.premiumcdn.net/28938561/paGi1GfwAUvKcYRfeNSPjfpLtKXTpWsYms52…)
[09:57:00]   downloaded 1,450.5 MB in 51.3s (28.3 MB/s)
[09:57:57]   upload done video_id=26081819 in 56.8s
[09:57:58] film cr_film_id=14338 OK in 111.6s
[09:57:58] iteration 15/20
[09:57:58] film cr_film_id=34 name='Bo Burnham: Inside (2021) CZ Titulky' candidates=1
[09:57:58]   candidate upload_id=60dca2b904496 url=https://prehraj.to/bo-burnham-inside-2021-cztitulky/60dca2b904496
[09:57:59]   resolved in 1.1s → 1080p (https://pf-storage1.premiumcdn.net/24103890/ye8uPAfW5c7kIQ7H56hRQfW8CKeuLGHqYHPK…)
[09:58:55]   downloaded 1,545.1 MB in 54.9s (28.1 MB/s)
[09:59:51]   upload done video_id=26081857 in 55.7s
[09:59:53] film cr_film_id=34 OK in 114.8s
[09:59:53] iteration 16/20
[09:59:53] film cr_film_id=13980 name='Blaženost (2021) CZ Titulky' candidates=12
[09:59:53]   candidate upload_id=601d865f01a42 url=https://prehraj.to/bliss-horor-2021-1080p-web-5-1-h264-s-cztitulky-55-sten-ok/601d865f01a42
[09:59:54]   resolved in 1.0s → 720p (https://pf-storage1.premiumcdn.net/22001589/RL1iBOuDxFzyS0osnrU0xunoTgkSbptmVHM2…)
[10:01:06]   downloaded 1,859.4 MB in 70.3s (26.4 MB/s)
[10:02:25]   upload done video_id=26081902 in 79.8s
[10:02:27] film cr_film_id=13980 OK in 154.0s
[10:02:27] iteration 17/20
[10:02:27] film cr_film_id=19842 name='Blackpink: The Movie (2021) CZ Titulky' candidates=4
[10:02:27]   candidate upload_id=61c4d80dc7e5e url=https://prehraj.to/blackpink-the-movie-2021-cztitulky/61c4d80dc7e5e
[10:02:28]   resolved in 1.4s → 720p (https://pf-storage4.premiumcdn.net/27712488/Y8GhExidbU4au6ktp0SKbimKIQNFnwCNGf4x…)
[10:04:26]   downloaded 2,965.5 MB in 116.1s (25.5 MB/s)
[10:06:55]   upload done video_id=26081960 in 149.8s
[10:06:57] film cr_film_id=19842 OK in 269.8s
[10:06:57] iteration 18/20
[10:06:57] film cr_film_id=19782 name='Baggio: Božský copánek (2021) CZ Titulky' candidates=2
[10:06:57]   candidate upload_id=60afc2b6aea49 url=https://prehraj.to/baggio-bozsky-copanek-2021-cztitulky/60afc2b6aea49
[10:06:58]   resolved in 1.1s → 1080p (https://pf-storage1.premiumcdn.net/23677863/0O5fZ4CGXUVWUWXf5ziQrC50H1vIn5ixEFBv…)
[10:08:10]   downloaded 1,973.0 MB in 70.7s (27.9 MB/s)
[10:09:23]   upload done video_id=26082018 in 73.0s
[10:09:24] film cr_film_id=19782 OK in 147.8s
[10:09:24] iteration 19/20
[10:09:24] film cr_film_id=26986 name='BIA: Svět Vzhůru Nohama (2021) CZ Titulky' candidates=2
[10:09:24]   candidate upload_id=603d28f178d58 url=https://prehraj.to/bia-svet-vzhuru-nohama-2021-cztitulky/603d28f178d58
[10:09:25]   resolved in 1.0s → 720p (https://pf-storage1.premiumcdn.net/22496648/KVkSXvTajimYfygiP6ToKTd1FzPfgaIZNUMk…)
[10:10:27]   downloaded 1,737.0 MB in 60.3s (28.8 MB/s)
[10:11:40]   upload done video_id=26082049 in 72.3s
[10:11:41] film cr_film_id=26986 OK in 136.5s
[10:11:41] iteration 20/20
[10:11:41] film cr_film_id=36818 name='Assassins (2021) CZ Titulky' candidates=6
[10:11:41]   candidate upload_id=6086addbd201e url=https://prehraj.to/assassins-2020-1080p-bluray-cztit/6086addbd201e
[10:11:42]   resolved in 1.1s → 1080p (https://pf-storage2.premiumcdn.net/23270502/rnbijwuavCAXu4dCP8ue4uDOCGasgvUG8hNq…)
[10:13:24]   downloaded 2,930.6 MB in 100.5s (29.2 MB/s)
[10:15:24]   upload done video_id=26082108 in 119.7s
[10:15:26] film cr_film_id=36818 OK in 224.7s
[10:15:26] batch-end ok=20 failed=0 dur=2723.5s avg/film=136.2s remaining=8937 eta_hours=338.1

===== run 2026-06-18T10:15:59Z shard=0/2 batch_size=20 (https://github.com/Olbrasoft/prehrajto-to-prehrajto/actions/runs/27752615687) =====
[10:16:00] batch-start shard=0/2 count=20 backlog=10210 uploads=1273 failed_attempts=62 description_overrides=0
[10:16:00] login
[10:16:02] login done
[10:16:02] iteration 1/20
[10:16:02] film cr_film_id=26542 name='Asi se zblázním (2021) CZ Titulky' candidates=6
[10:16:02]   candidate upload_id=603935b29d4cb url=https://prehraj.to/asi-se-zblaznim-romanticka-komedie-spanelsko-2021-1080p-nf-web-5-1-x264-s-cztitulky-sten-ok/603935b29d4cb
[10:16:03]   resolved in 1.4s → 1080p (https://pf-storage3.premiumcdn.net/22451690/BDBUnNipVhvqSkwhxYcBEiwDUYEhvJs6PHpv…)
[10:17:48]   downloaded 1,870.6 MB in 102.4s (18.3 MB/s)
[10:19:37]   upload done video_id=26082211 in 108.9s
[10:19:39] film cr_film_id=26542 OK in 217.3s
[10:19:39] iteration 2/20
[10:19:39] film cr_film_id=14856 name='American Refugee (2021) CZ Titulky' candidates=1
[10:19:39]   candidate upload_id=621a85457714a url=https://prehraj.to/american-refugee-2021-cztitulky/621a85457714a
[10:19:40]   resolved in 1.2s → 720p (https://pf-storage2.premiumcdn.net/29749436/blOSdau83HDBCqJtKATw9ugmclDFAMUvJTlP…)
[10:21:14]   downloaded 1,703.1 MB in 91.6s (18.6 MB/s)
[10:22:52]   upload done video_id=26082288 in 98.3s
[10:22:54] film cr_film_id=14856 OK in 195.3s
[10:22:54] iteration 3/20
[10:22:54] film cr_film_id=29864 name="A Writer's Odyssey (2021) CZ Titulky" candidates=8
[10:22:54]   candidate upload_id=60bd1a6da8478 url=https://prehraj.to/a-writer-s-odyssey-2021-cz-titulky-hd/60bd1a6da8478
[10:22:55]   resolved in 1.0s → 720p (https://pf-storage3.premiumcdn.net/23792634/OGatjgFn4IwoubQiDguG3Fn3CbkcPrUolH7B…)
[10:24:19]   downloaded 1,503.6 MB in 81.7s (18.4 MB/s)
[10:25:45]   upload done video_id=26082359 in 86.2s
[10:25:47] film cr_film_id=29864 OK in 172.7s
[10:25:47] iteration 4/20
[10:25:47] film cr_film_id=30842 name='미스터 주: 사라진 VIP (2020) CZ Titulky' candidates=1
[10:25:47]   candidate upload_id=ea5d8d4e984f636e url=https://prehraj.to/miseuteo-ju-salajin-vip-2020-ko-cz-tit-mp4/ea5d8d4e984f636e
[10:25:48]   resolved in 1.4s → 720p (https://pf-storage6.premiumcdn.net/169689943/xEpHADSOkFLDtxjsjMi9NSP2CNOtMmCzRsq…)
[10:26:54]   downloaded 1,197.2 MB in 64.3s (18.6 MB/s)
[10:28:01]   upload done video_id=26082512 in 66.3s
[10:28:03] film cr_film_id=30842 OK in 135.7s
[10:28:03] iteration 5/20
[10:28:03] film cr_film_id=17056 name='Šlápni na to! (2020) CZ Titulky' candidates=9
[10:28:03]   candidate upload_id=5ff32f90ed4bb url=https://prehraj.to/slapni-na-to-akcni-komedie-2020-1080p-5-1-h264-s-cztitulky-55-sten-ok/5ff32f90ed4bb
[10:28:04]   resolved in 1.5s → 1080p (https://pf-storage2.premiumcdn.net/21235851/QLPfk1CmES7ES5PHEjuQ1CR8tyBhMkFMBI58…)
[10:30:10]   downloaded 2,369.4 MB in 124.3s (19.1 MB/s)
[10:32:20]   upload done video_id=26082657 in 130.3s
[10:32:23] film cr_film_id=17056 OK in 260.0s
[10:32:23] iteration 6/20
[10:32:23] film cr_film_id=14056 name='Čtyřicetiletá verze (2020) CZ Titulky' candidates=2
[10:32:23]   candidate upload_id=5f88dcfc1045c url=https://prehraj.to/ctyricetileta-verze-2020-cztitulky/5f88dcfc1045c
[10:32:24]   resolved in 1.5s → 1080p (https://pf-storage5.premiumcdn.net/19272827/8AQiNESL3ieotOVUdNs3VSKkhN5H1wH06CeK…)
[10:34:25]   downloaded 2,192.9 MB in 118.6s (18.5 MB/s)
[10:36:22]   upload done video_id=26082735 in 117.1s
[10:36:24] film cr_film_id=14056 OK in 241.2s
[10:36:24] iteration 7/20
[10:36:24] film cr_film_id=17626 name='Černá pláž (2020) CZ Titulky' candidates=10
[10:36:24]   candidate upload_id=6050bde5d6837 url=https://prehraj.to/cerna-plaz-black-beach-2020-cz-titulky-vlozene-mp4/6050bde5d6837
[10:36:25]   resolved in 1.5s → 1080p (https://pf-storage5.premiumcdn.net/22690223/1KbhbLu34IlJTK5uwOcMvueMHgEcy1HX2iqz…)
[10:38:27]   downloaded 2,255.4 MB in 120.0s (18.8 MB/s)
[10:40:33]   upload done video_id=26082797 in 125.7s
[10:40:35] film cr_film_id=17626 OK in 251.3s
[10:40:35] iteration 8/20
[10:40:35] film cr_film_id=14310 name='Čas lovit (2020) CZ Titulky' candidates=2
[10:40:35]   candidate upload_id=5ea2f7df1e867 url=https://prehraj.to/cas-lovit-time-to-hunt-akcni-sci-fi-j-korea-2020-1080p-5-1-x264-s-cztitulky-sten-ok/5ea2f7df1e867
[10:40:36]   resolved in 1.2s → 1080p (https://pf-storage5.premiumcdn.net/16343536/aGZtLqiPoszGsZEIzyTBMiyWSvnSEWSD7iRV…)
[10:42:47]   downloaded 2,417.1 MB in 128.5s (18.8 MB/s)
[10:45:14]   upload done video_id=26082893 in 147.5s
[10:45:16] film cr_film_id=14310 OK in 280.9s
[10:45:16] iteration 9/20
[10:45:16] film cr_film_id=31086 name='Úžasný svět (2020) CZ Titulky' candidates=5
[10:45:16]   candidate upload_id=67b5d49690ebb url=https://prehraj.to/uzasny-svet-2020-cz-titulky-1080p/67b5d49690ebb
[10:45:17]   resolved in 1.1s → 720p (https://pf-storage5.premiumcdn.net/130154189/5WmSzPsErilqIrbikbhN6sKdfZktvaHD0fx…)
[10:46:56]   downloaded 1,802.3 MB in 96.8s (18.6 MB/s)
[10:48:38]   upload done video_id=26083004 in 102.9s
[10:48:41] film cr_film_id=31086 OK in 205.1s
[10:48:41] iteration 10/20
[10:48:41] film cr_film_id=9520 name='Útok z hlubin 3 (2020) CZ Titulky' candidates=3
[10:48:41]   candidate upload_id=60d4400f2daa7 url=https://prehraj.to/deep-blue-sea-3-2020-cztitulky/60d4400f2daa7
[10:48:43]   resolved in 1.7s → 720p (https://pf-storage5.premiumcdn.net/24015000/5DpUxBu4eT9rHZQC7jt4XuNDtwXIBnhaesKa…)
[10:50:26]   downloaded 2,363.8 MB in 101.7s (23.2 MB/s)
[10:52:44]   upload done video_id=26083234 in 137.7s
[10:52:46] film cr_film_id=9520 OK in 244.8s
[10:52:46] iteration 11/20
[10:52:46] film cr_film_id=26202 name='Údolí mrtvých (2020) CZ Titulky' candidates=2
[10:52:46]   candidate upload_id=62d9d9ef4394d url=https://prehraj.to/udoli-mrtvych-2020-cztitulky/62d9d9ef4394d
[10:52:47]   resolved in 1.2s → 1080p (https://pf-storage1.premiumcdn.net/31696907/1WnsRLh6PCQqt9JFPwhaYho3SRauBLfoQuPB…)
[10:54:38]   downloaded 2,034.5 MB in 108.9s (18.7 MB/s)
[10:56:28]   upload done video_id=26083429 in 110.1s
[10:56:30] film cr_film_id=26202 OK in 224.0s
[10:56:30] iteration 12/20
[10:56:30] film cr_film_id=33560 name='Ášúra - noc dětí (2020) CZ Titulky' candidates=1
[10:56:30]   candidate upload_id=5f5cfcd880adb url=https://prehraj.to/achoura-2018-cztitulky/5f5cfcd880adb
[10:56:31]   resolved in 1.2s → 1080p (https://pf-storage1.premiumcdn.net/18587208/bBYf3qUYATaEhLpt4EURzUrECEqfQkTw9H8l…)
[10:58:06]   downloaded 1,764.0 MB in 93.0s (19.0 MB/s)
[10:59:49]   upload done video_id=26083501 in 102.7s
[10:59:51] film cr_film_id=33560 OK in 200.9s
[10:59:51] iteration 13/20
[10:59:51] film cr_film_id=26210 name='Záletníci (2020) CZ Titulky' candidates=1
[10:59:51]   candidate upload_id=5f10b3f3a99cb url=https://prehraj.to/zaletnici-2020-cztitulky/5f10b3f3a99cb
[10:59:52]   resolved in 1.2s → 720p (https://pf-storage5.premiumcdn.net/17335770/7BMie0SGXsmdF1dTwVTl8Sn0cYWTobH2Rsed…)
[11:00:34]   downloaded 716.1 MB in 40.2s (17.8 MB/s)
[11:01:15]   upload done video_id=26083557 in 40.6s
[11:01:17] film cr_film_id=26210 OK in 86.1s
[11:01:17] iteration 14/20
[11:01:17] film cr_film_id=14166 name='Zákeřná setkání (2020) CZ Titulky' candidates=5
[11:01:17]   candidate upload_id=5f104e9429c99 url=https://prehraj.to/zakerna-setkani-drama-2020-1080p-5-1-h264-s-cztitulky-sten-ok/5f104e9429c99
[11:01:18]   resolved in 1.3s → 1080p (https://pf-storage3.premiumcdn.net/17330337/yemHDVT5BuXVcyzhd9to4TqBUaqi8riYxtMz…)
[11:02:48]   downloaded 1,624.9 MB in 87.5s (18.6 MB/s)
[11:04:23]   upload done video_id=26083600 in 95.4s
[11:04:25] film cr_film_id=14166 OK in 188.3s
[11:04:25] iteration 15/20
[11:04:25] film cr_film_id=36836 name='Zrození fénixe (2020) CZ Titulky' candidates=1
[11:04:25]   candidate upload_id=615100948043b url=https://prehraj.to/zrozeni-sampiona-2021-cztitulky/615100948043b
[11:04:26]   resolved in 1.2s → 720p (https://pf-storage4.premiumcdn.net/25030199/PAaIMwCMRSz9swkUJgi1wCZDTg0HwXH8XHdL…)
[11:05:42]   downloaded 1,340.9 MB in 73.2s (18.3 MB/s)
[11:06:53]   upload done video_id=26083790 in 70.8s
[11:06:55] film cr_film_id=36836 OK in 149.6s
[11:06:55] iteration 16/20
[11:06:55] film cr_film_id=15068 name='Zoufalky (2020) CZ Titulky' candidates=2
[11:06:55]   candidate upload_id=5f04bd26ca53f url=https://prehraj.to/zoufalky-2020-cz-titulky/5f04bd26ca53f
[11:06:56]   resolved in 1.2s → 720p (https://pf-storage2.premiumcdn.net/17190873/jwXi2YFEYfnJSpzf10UxpFbMtD9UZYinzsM6…)
[11:08:16]   downloaded 1,464.2 MB in 77.5s (18.9 MB/s)
[11:09:52]   upload done video_id=26083848 in 96.4s
[11:09:54] film cr_film_id=15068 OK in 179.1s
[11:09:54] iteration 17/20
[11:09:54] film cr_film_id=3352 name='Zase Vánoce (2020) CZ Titulky' candidates=3
[11:09:54]   candidate upload_id=5fca931762d7d url=https://prehraj.to/zase-vanoce-komedie-brazilie-2020-1080p-5-1-x264-por-s-cztitulky-58-sten-ok/5fca931762d7d
[11:09:56]   resolved in 2.5s → 1080p (https://pf-storage5.premiumcdn.net/20555253/pnRuGYCBGsNDf5QHD3sJRCr5IzGivoHLQF0k…)
[11:12:16]   downloaded 2,599.5 MB in 137.9s (18.9 MB/s)
[11:14:31]   upload done video_id=26083944 in 135.2s
[11:14:33] film cr_film_id=3352 OK in 279.5s
[11:14:33] iteration 18/20
[11:14:33] film cr_film_id=4128 name='Zamilovaný Figaro (2020) CZ Titulky' candidates=1
[11:14:33]   candidate upload_id=5d68e1be948fd url=https://prehraj.to/falling-inn-love-romanticka-komedie-2019-720p-x264-s-cztitulky-sten-ok/5d68e1be948fd
[11:14:35]   resolved in 1.5s → 480p (https://pf-storage1.premiumcdn.net/14718114/8KOfBmFJ5u5ycBZt73iz4F6XsPdId8tgmi4o…)
[11:15:25]   downloaded 877.8 MB in 47.7s (18.4 MB/s)
[11:16:12]   upload done video_id=26083998 in 47.2s
[11:16:14] film cr_film_id=4128 OK in 100.6s
[11:16:14] iteration 19/20
[11:16:14] film cr_film_id=30990 name='Zakódované předsudky (2020) CZ Titulky' candidates=1
[11:16:14]   candidate upload_id=9e19b62b358a1abc url=https://prehraj.to/zakodovane-predsudky-2020-cz-titulky/9e19b62b358a1abc
[11:16:15]   resolved in 1.5s → 1080p (https://pf-storage2.premiumcdn.net/169530088/Gzxf6aUbyiNnFO5ingFvbU9mt07FR0Fkwfo…)
[11:18:16]   downloaded 2,193.9 MB in 119.4s (18.4 MB/s)
[11:20:12]   upload done video_id=26084042 in 115.4s
[11:20:14] film cr_film_id=30990 OK in 239.8s
[11:20:14] iteration 20/20
[11:20:14] film cr_film_id=26260 name='Your Name Engraved Herein (2020) CZ Titulky' candidates=2
[11:20:14]   candidate upload_id=602af7dd1df1d url=https://prehraj.to/your-name-engraved-herein-2020-cztitulky/602af7dd1df1d
[11:20:16]   resolved in 2.0s → 1080p (https://pf-storage3.premiumcdn.net/22239833/najh6lfeLUx9upxFXQspOfeNHzlHBecyPHqe…)
[11:22:12]   downloaded 2,157.2 MB in 114.7s (18.8 MB/s)
[11:24:04]   upload done video_id=26084172 in 111.4s
[11:24:05] film cr_film_id=26260 OK in 231.8s
[11:24:05] batch-end ok=20 failed=0 dur=4083.9s avg/film=204.2s remaining=8917 eta_hours=505.8

===== run 2026-06-18T11:24:36Z shard=0/2 batch_size=20 (https://github.com/Olbrasoft/prehrajto-to-prehrajto/actions/runs/27756091285) =====
[11:24:37] batch-start shard=0/2 count=20 backlog=10210 uploads=1293 failed_attempts=62 description_overrides=0
[11:24:37] login
[11:24:39] login done
[11:24:39] iteration 1/20
[11:24:39] film cr_film_id=31050 name='Wife of a Spy (2020) CZ Titulky' candidates=2
[11:24:39]   candidate upload_id=6078ddc61527a url=https://prehraj.to/wife-of-a-spy-2020-cztitulky/6078ddc61527a
[11:24:40]   resolved in 1.0s → 720p (https://pf-storage2.premiumcdn.net/23131749/9YyhAeTWQtmZcgNTK4tPbT53sQRIYGfZyCGz…)
[11:25:17]   downloaded 1,016.3 MB in 35.6s (28.5 MB/s)
[11:25:52]   upload done video_id=26084306 in 35.3s
[11:25:53] film cr_film_id=31050 OK in 74.7s
[11:25:53] iteration 2/20
[11:25:53] film cr_film_id=17174 name='What We Found (2020) CZ Titulky' candidates=6
[11:25:53]   candidate upload_id=5f7b0a4f8a3fc url=https://prehraj.to/what-we-found-thriller-2020-1080p-5-1-x264-s-cztitulky-46-sten-ok/5f7b0a4f8a3fc
[11:25:55]   resolved in 1.1s → 1080p (https://pf-storage5.premiumcdn.net/19054148/l43tWXsJlc9wCajuGaIOnslzFKpS65Sa2fyo…)
[11:27:34]   downloaded 2,849.4 MB in 96.3s (29.6 MB/s)
[11:29:21]   upload done video_id=26084401 in 107.2s
[11:29:22] film cr_film_id=17174 OK in 208.9s
[11:29:22] iteration 3/20
[11:29:22] film cr_film_id=26604 name='Všechny měsíce (2020) CZ Titulky' candidates=1
[11:29:22]   candidate upload_id=62cf71c10d72e url=https://prehraj.to/vsechny-mesice-2020-cztitulky/62cf71c10d72e
[11:29:23]   resolved in 1.0s → 720p (https://pf-storage3.premiumcdn.net/31574681/xeQFwxUeGiBpCGbfonH89UB5SxKho7fezu7w…)
[11:30:14]   downloaded 1,437.8 MB in 48.5s (29.6 MB/s)
[11:31:06]   upload done video_id=26084486 in 52.3s
[11:31:07] film cr_film_id=26604 OK in 104.8s
[11:31:07] iteration 4/20
[11:31:07] film cr_film_id=26916 name='Vánoční setkání (2020) CZ Titulky' candidates=1
[11:31:07]   candidate upload_id=635081cb18986 url=https://prehraj.to/vanocni-setkani-2020-cztitulky/635081cb18986
[11:31:08]   resolved in 0.9s → 1080p (https://pf-storage5.premiumcdn.net/34021807/8wGhj6fY4C1NhkVTaVH0Qfzxi6whmYI6mTpA…)
[11:32:22]   downloaded 2,199.9 MB in 72.4s (30.4 MB/s)
[11:33:49]   upload done video_id=26084556 in 86.8s
[11:33:50] film cr_film_id=26916 OK in 162.6s
[11:33:50] iteration 5/20
[11:33:50] film cr_film_id=14618 name='Vánoční přestřelka (2020) CZ Titulky' candidates=10
[11:33:50]   candidate upload_id=f03ab09c45494269 url=https://prehraj.to/vanocni-prestrelka-2020-cz-tit-1080p/f03ab09c45494269
[11:33:51]   resolved in 0.9s → 1080p (https://pf-storage5.premiumcdn.net/163035437/jgXIr3S5zU8jFYMSb1co1Sn1ijzulbhNwtB…)
[11:34:35]   downloaded 1,281.5 MB in 43.1s (29.7 MB/s)
[11:35:53]   upload done video_id=26084630 in 78.2s
[11:35:55] film cr_film_id=14618 OK in 125.0s
[11:35:55] iteration 6/20
[11:35:55] film cr_film_id=9530 name='Vrátná (2020) CZ Titulky' candidates=2
[11:35:55]   candidate upload_id=5fc2c7ff3e034 url=https://prehraj.to/doorman-akcni-2020-cz-titulky/5fc2c7ff3e034
[11:35:56]   resolved in 0.9s → 720p (https://pf-storage4.premiumcdn.net/20389389/Kj8I5gUv4hgJu0pfX7sJOUDLs2XIJxTR5U3E…)
[11:36:34]   downloaded 1,327.4 MB in 36.7s (36.2 MB/s)
[11:37:30]   upload done video_id=26084678 in 56.4s
[11:37:32] film cr_film_id=9530 OK in 97.6s
[11:37:32] iteration 7/20
[11:37:32] film cr_film_id=19606 name='Vojenská pilotka (2020) CZ Titulky' candidates=4
[11:37:32]   candidate upload_id=5f37e03caebd3 url=https://prehraj.to/vojenska-pilotka-zivotopisny-2020-1080p-5-1-x264-s-cztitulky-81-sten-ok/5f37e03caebd3
[11:37:33]   resolved in 1.0s → 1080p (https://pf-storage5.premiumcdn.net/18030222/vEWhROczeTwrH26IkAiz4cygtn0TJ4C2wfzr…)
[11:38:41]   downloaded 1,942.9 MB in 66.4s (29.3 MB/s)
[11:39:50]   upload done video_id=26084731 in 69.0s
[11:39:52] film cr_film_id=19606 OK in 139.3s
[11:39:52] iteration 8/20
[11:39:52] film cr_film_id=30450 name='Viena and the Fantomes (2020) CZ Titulky' candidates=1
[11:39:52]   candidate upload_id=612428dc4cc34 url=https://prehraj.to/viena-and-the-fantomes-2020-cztitulky/612428dc4cc34
[11:39:53]   resolved in 1.0s → 480p (https://pf-storage3.premiumcdn.net/24688088/wkmcO7TavhGWH4GhBqTO5TXncqPhpwHRGT5w…)
[11:40:17]   downloaded 663.2 MB in 23.2s (28.6 MB/s)
[11:40:44]   upload done video_id=26084788 in 26.4s
[11:40:45] film cr_film_id=30450 OK in 53.4s
[11:40:45] iteration 9/20
[11:40:45] film cr_film_id=21034 name='Večeře po americku (2020) CZ Titulky' candidates=3
[11:40:45]   candidate upload_id=61f6dc4dec14f url=https://prehraj.to/vecere-po-americku-dinner-in-america-2020-hdp-5-1-cz-titulky/61f6dc4dec14f
[11:40:46]   resolved in 1.1s → 720p (https://pf-storage5.premiumcdn.net/28871649/yDZFaZUOGSYdsB2TOpfp8UlyFMLHZwTRNFVN…)
[11:42:03]   downloaded 2,792.6 MB in 75.7s (36.9 MB/s)
[11:44:05]   upload done video_id=26084852 in 121.5s
[11:44:07] film cr_film_id=21034 OK in 201.6s
[11:44:07] iteration 10/20
[11:44:07] film cr_film_id=29762 name='V záři reflektorů (2020) CZ Titulky' candidates=1
[11:44:07]   candidate upload_id=5ef8e079b6479 url=https://prehraj.to/disclosure-trans-lives-on-screen-2020-cztitulky/5ef8e079b6479
[11:44:08]   resolved in 1.0s → 720p (https://pf-storage3.premiumcdn.net/17086015/voQf7YcBRh1pfvAFQ2HZpcN6IVDSL1T40T1A…)
[11:45:02]   downloaded 1,524.9 MB in 53.0s (28.8 MB/s)
[11:46:11]   upload done video_id=26084919 in 69.2s
[11:46:13] film cr_film_id=29762 OK in 126.0s
[11:46:13] iteration 11/20
[11:46:13] film cr_film_id=35290 name='V (2020) CZ Titulky' candidates=4
[11:46:13]   candidate upload_id=5fd6b86445774 url=https://prehraj.to/v-2020-cztitulky/5fd6b86445774
[11:46:14]   resolved in 1.0s → 1080p (https://pf-storage1.premiumcdn.net/20761923/v1lt9GF3OSZLCeVuPzFdKFw5IRZCzdu10uLN…)
[11:47:35]   downloaded 2,387.7 MB in 79.9s (29.9 MB/s)
[11:49:19]   upload done video_id=26084973 in 103.5s
[11:49:20] film cr_film_id=35290 OK in 187.4s
[11:49:20] iteration 12/20
[11:49:20] film cr_film_id=14128 name='Ultras (2020) CZ Titulky' candidates=5
[11:49:20]   candidate upload_id=5e75e1186c01c url=https://prehraj.to/ultras-drama-italie-2020-1080p-5-1-x264-s-cztitulky-52-sten-ok/5e75e1186c01c
[11:49:21]   resolved in 0.9s → 1080p (https://pf-storage5.premiumcdn.net/16046980/leptmNfx5TBAI3Osr6U0qfKliyrTo6t7eUM5…)
[11:50:48]   downloaded 2,551.8 MB in 85.2s (30.0 MB/s)
[11:53:08]   upload done video_id=26085063 in 140.2s
[11:53:09] film cr_film_id=14128 OK in 229.3s
[11:53:09] iteration 13/20
[11:53:09] film cr_film_id=7620 name='Tušení (2020) CZ Titulky' candidates=4
[11:53:09]   candidate upload_id=5ed033197475d url=https://prehraj.to/tuseni-intuition-krimi-thriller-argentina-2020-1080p-5-1-h264-s-cztitulky-sten-ok/5ed033197475d
[11:53:10]   resolved in 1.0s → 1080p (https://pf-storage5.premiumcdn.net/16692339/DbwFDLuzYUWAswRTlrfLDuJRSaJUEYsOrsNq…)
[11:54:19]   downloaded 1,995.2 MB in 66.8s (29.9 MB/s)
[11:56:21]   upload done video_id=26085172 in 121.9s
[11:56:22] film cr_film_id=7620 OK in 192.7s
[11:56:22] iteration 14/20
[11:56:22] film cr_film_id=2886 name='Tučňák Bloom (2020) CZ Titulky' candidates=3
[11:56:22]   candidate upload_id=60302a687340f url=https://prehraj.to/penguin-bloom-2020-cztitulky/60302a687340f
[11:56:23]   resolved in 0.9s → 1080p (https://pf-storage2.premiumcdn.net/22329800/O2gi9ZcbYSyEhbysZ3Ib1caVfNDHRgFKBIDo…)
[11:57:19]   downloaded 1,634.5 MB in 54.5s (30.0 MB/s)
[11:58:47]   upload done video_id=26085271 in 87.5s
[11:58:48] film cr_film_id=2886 OK in 146.2s
[11:58:48] iteration 15/20
[11:58:48] film cr_film_id=20800 name='Torden (2020) CZ Titulky' candidates=3
[11:58:48]   candidate upload_id=5f2d1c9c2ae4d url=https://prehraj.to/torden-mortal-akcni-fantasy-norsko-2020-1080p-5-1-h264-s-cztitulky-65-sten-ok/5f2d1c9c2ae4d
[11:58:49]   resolved in 1.0s → 720p (https://pf-storage1.premiumcdn.net/17859381/27dt9MTPRIqJIWdtx9hK8TpOHdvUEjfXRiMW…)
[11:59:34]   downloaded 1,586.3 MB in 43.3s (36.6 MB/s)
[12:00:33]   upload done video_id=26085338 in 59.4s
[12:00:35] film cr_film_id=20800 OK in 106.6s
[12:00:35] iteration 16/20
[12:00:35] film cr_film_id=14116 name='The Warrant (2020) CZ Titulky' candidates=2
[12:00:35]   candidate upload_id=5ea444b7ae411 url=https://prehraj.to/the-warrant-western-2020-cz-titulky/5ea444b7ae411
[12:00:36]   resolved in 1.0s → 480p (https://pf-storage5.premiumcdn.net/16352950/wyYupQI7vSn1sN3FDosAgIArFE3cQbi7VuZl…)
[12:00:59]   downloaded 599.3 MB in 22.1s (27.1 MB/s)
[12:01:30]   upload done video_id=26085396 in 30.8s
[12:01:31] film cr_film_id=14116 OK in 56.5s
[12:01:31] iteration 17/20
[12:01:31] film cr_film_id=35204 name='The Vigil (2020) CZ Titulky' candidates=4
[12:01:31]   candidate upload_id=6072131bc656b url=https://prehraj.to/the-vigil-2019-cztitulky/6072131bc656b
[12:01:32]   resolved in 1.1s → 720p (https://pf-storage2.premiumcdn.net/23057130/5ZVTrMIM7s1aTq8uKeFzwIM9Cv7uyVHoefa9…)
[12:01:58]   downloaded 845.1 MB in 24.7s (34.2 MB/s)
[12:02:45]   upload done video_id=26085429 in 47.0s
[12:02:46] film cr_film_id=35204 OK in 75.2s
[12:02:46] iteration 18/20
[12:02:46] film cr_film_id=26890 name='The Unhealer (2020) CZ Titulky' candidates=3
[12:02:46]   candidate upload_id=635ecdbe422ba url=https://prehraj.to/the-unhealer-2021-cztitulky/635ecdbe422ba
[12:02:47]   resolved in 1.0s → 720p (https://pf-storage4.premiumcdn.net/34201711/8yWibaT7Msx8IzQs5zHLjTQnuezfjMcWEUKr…)
[12:03:28]   downloaded 1,387.2 MB in 39.2s (35.4 MB/s)
[12:04:24]   upload done video_id=26085492 in 55.7s
[12:04:25] film cr_film_id=26890 OK in 98.9s
[12:04:25] iteration 19/20
[12:04:25] film cr_film_id=26478 name='The Thing About Harry (2020) CZ Titulky' candidates=1
[12:04:25]   candidate upload_id=61d4867668634 url=https://prehraj.to/the-thing-about-harry-2020-1080p-cz-tit/61d4867668634
[12:04:26]   resolved in 1.0s → 1080p (https://pf-storage5.premiumcdn.net/28064244/z4vcMesori14cPZhe5FqzsnphpPTG7F9zSk6…)
[12:05:25]   downloaded 2,105.1 MB in 57.8s (36.4 MB/s)
[12:06:44]   upload done video_id=26085576 in 78.5s
[12:06:45] film cr_film_id=26478 OK in 140.0s
[12:06:45] iteration 20/20
[12:06:45] film cr_film_id=7282 name='The Rental (2020) CZ Titulky' candidates=10
[12:06:45]   candidate upload_id=5f268078bd94e url=https://prehraj.to/the-rental-horor-thriller-2020-1080p-5-1-h264-s-cztitulky-59-sten-ok/5f268078bd94e
[12:06:46]   resolved in 1.0s → 720p (https://pf-storage5.premiumcdn.net/17714661/XAYHmoI3kS2oF0XtdmFrzIOZUXkTBVtbrSyo…)
[12:07:24]   downloaded 1,027.5 MB in 36.1s (28.5 MB/s)
[12:08:37]   upload done video_id=26085658 in 73.5s
[12:08:38] film cr_film_id=7282 OK in 113.0s
[12:08:38] batch-end ok=20 failed=0 dur=2639.6s avg/film=132.0s remaining=8897 eta_hours=326.2

===== run 2026-06-18T12:32:35Z shard=0/2 batch_size=20 (https://github.com/Olbrasoft/prehrajto-to-prehrajto/actions/runs/27759636316) =====
[12:32:35] batch-start shard=0/2 count=20 backlog=10210 uploads=1313 failed_attempts=62 description_overrides=0
[12:32:35] login
[12:32:37] login done
[12:32:37] iteration 1/20
[12:32:37] film cr_film_id=9218 name='The Reckoning (2020) CZ Titulky' candidates=12
[12:32:37]   candidate upload_id=60243ac5d18cc url=https://prehraj.to/the-reckoning-horor-2020-1080p-web-5-1-h264-s-cztitulky-44-sten-ok/60243ac5d18cc
[12:32:38]   resolved in 1.0s → 720p (https://pf-storage3.premiumcdn.net/22120899/mDyi9jU56uXDSYQUApfA7UODi4PfrAtmKHgD…)
[12:33:33]   downloaded 1,574.2 MB in 53.3s (29.5 MB/s)
[12:34:39]   upload done video_id=26087045 in 66.7s
[12:34:42] film cr_film_id=9218 OK in 124.9s
[12:34:42] iteration 2/20
[12:34:42] film cr_film_id=7874 name='The Quarry (2020) CZ Titulky' candidates=5
[12:34:42]   candidate upload_id=650a98f399b32 url=https://prehraj.to/the-quarry-2020-cztitulky-mp4/650a98f399b32
[12:34:43]   resolved in 1.0s → 720p (https://pf-storage4.premiumcdn.net/45569261/XwKFY0fN1fx3hDOiq4SArfbQsjDcZeTxOhEK…)
[12:35:45]   downloaded 1,831.3 MB in 60.8s (30.1 MB/s)
[12:37:19]   upload done video_id=26087147 in 94.0s
[12:37:21] film cr_film_id=7874 OK in 159.5s
[12:37:21] iteration 3/20
[12:37:21] film cr_film_id=31032 name='The Nine Lives of Ozzy Osbourne (2020) CZ Titulky' candidates=6
[12:37:21]   candidate upload_id=60046881bfa4d url=https://prehraj.to/the-nine-lives-of-ozzy-osbourne-2020-1080p-hdtv-h264-cz-tit-mp4/60046881bfa4d
[12:37:23]   resolved in 2.0s → 1080p (https://pf-storage5.premiumcdn.net/21562893/1w7FoOcwxI0GTlrhW9tQZcd9Ioeip9IxPsKD…)
[12:38:34]   downloaded 2,106.8 MB in 69.2s (30.4 MB/s)
[12:40:19]   upload done video_id=26087259 in 105.1s
[12:40:20] film cr_film_id=31032 OK in 179.2s
[12:40:20] iteration 4/20
[12:40:20] film cr_film_id=31024 name='The Human Voice (2020) CZ Titulky' candidates=5
[12:40:20]   candidate upload_id=6097319e95d2b url=https://prehraj.to/the-human-voice-2020-cztitulky/6097319e95d2b
[12:40:21]   resolved in 0.8s → 1080p (https://pf-storage1.premiumcdn.net/23431800/1PXtNXSk1i90HwdubBilESKOfK5he5u90SkB…)
[12:40:51]   downloaded 779.6 MB in 27.8s (28.0 MB/s)
[12:41:20]   upload done video_id=26087304 in 28.7s
[12:41:21] film cr_film_id=31024 OK in 61.0s
[12:41:21] iteration 5/20
[12:41:21] film cr_film_id=17348 name='The F**k-It List (2020) CZ Titulky' candidates=3
[12:41:21]   candidate upload_id=60491233cebac url=https://prehraj.to/the-f-k-it-list-the-f-k-it-fuck-it-list-2019-1080p-cz-titulky-komedie/60491233cebac
[12:41:22]   resolved in 0.9s → 1080p (https://pf-storage3.premiumcdn.net/22615283/rkVsvBuKPSVBCQ0H5wc5quxDTL3tOLfq8crq…)
[12:42:28]   downloaded 1,922.2 MB in 64.4s (29.8 MB/s)
[12:44:13]   upload done video_id=26087337 in 105.1s
[12:44:15] film cr_film_id=17348 OK in 173.3s
[12:44:15] iteration 6/20
[12:44:15] film cr_film_id=31046 name='The Dinner Party (2020) CZ Titulky' candidates=6
[12:44:15]   candidate upload_id=6905db37100d2 url=https://prehraj.to/the-dinner-party-2020-720p-bluray-yts-mx-cz-tit/6905db37100d2
[12:44:16]   resolved in 1.0s → 480p (https://pf-storage4.premiumcdn.net/154791363/QMdHxeTvASRVs14FAZFDPTxMFeGCRbFnJfp…)
[12:44:48]   downloaded 885.1 MB in 30.8s (28.7 MB/s)
[12:45:21]   upload done video_id=26087384 in 33.4s
[12:45:22] film cr_film_id=31046 OK in 67.6s
[12:45:22] iteration 7/20
[12:45:22] film cr_film_id=31062 name='The Cure (2020) CZ Titulky' candidates=8
[12:45:22]   candidate upload_id=6d3e4dfa3102c8bb url=https://prehraj.to/the-cure-2020-cztitulky-mp4/6d3e4dfa3102c8bb
[12:45:23]   resolved in 0.9s → 720p (https://pf-storage4.premiumcdn.net/167683871/vjaiLBfgMTkGIW9iMeUX2fWzt8JHJYukECG…)
[12:45:52]   downloaded 786.4 MB in 27.4s (28.7 MB/s)
[12:46:20]   upload done video_id=26087406 in 28.1s
[12:46:22] film cr_film_id=31062 OK in 59.3s
[12:46:22] iteration 8/20
[12:46:22] film cr_film_id=31102 name='The Boy Behind the Door (2020) CZ Titulky' candidates=1
[12:46:22]   candidate upload_id=61047ce1c1d2f url=https://prehraj.to/the-boy-behind-the-door-2020-cztitulky/61047ce1c1d2f
[12:46:23]   resolved in 1.0s → 720p (https://pf-storage3.premiumcdn.net/24444389/0rlcP0heli1kcapI27cBlheycGbfz4smgujz…)
[12:46:59]   downloaded 1,046.2 MB in 35.3s (29.6 MB/s)
[12:47:46]   upload done video_id=26087431 in 46.8s
[12:47:48] film cr_film_id=31102 OK in 86.0s
[12:47:48] iteration 9/20
[12:47:48] film cr_film_id=17128 name='The Bloodhound (2020) CZ Titulky' candidates=10
[12:47:48]   candidate upload_id=606a7b1908b20 url=https://prehraj.to/the-bloodhound-2020-1080p-cz-sub-web-dl-ddp5-1-h264-mp4/606a7b1908b20
[12:47:48]   resolved in 0.8s → 1080p (https://pf-storage2.premiumcdn.net/22968237/PKbtkeUyaupMc8KFlESZWUj6h1DH8PT0YCQN…)
[12:48:24]   downloaded 957.2 MB in 34.3s (27.9 MB/s)
[12:49:07]   upload done video_id=26087457 in 43.4s
[12:49:09] film cr_film_id=17128 OK in 81.0s
[12:49:09] iteration 10/20
[12:49:09] film cr_film_id=31064 name='The Big Ugly (2020) CZ Titulky' candidates=8
[12:49:09]   candidate upload_id=5f732f32abf2b url=https://prehraj.to/the-big-ugly-drama-2020-1080p-5-1-x264-s-cztitulky-41-32-sten-ok/5f732f32abf2b
[12:49:10]   resolved in 1.7s → 720p (https://pf-storage2.premiumcdn.net/18908240/l58T0XszbcN7F3VU8KcGZsbOc1niZJt79T3a…)
[12:49:56]   downloaded 1,316.3 MB in 44.2s (29.8 MB/s)
[12:51:08]   upload done video_id=26087491 in 72.6s
[12:51:09] film cr_film_id=31064 OK in 120.9s
[12:51:09] iteration 11/20
[12:51:09] film cr_film_id=19618 name='Telefon (2020) CZ Titulky' candidates=15
[12:51:09]   candidate upload_id=5fc3884b8e500 url=https://prehraj.to/telefon-call-thriller-j-korea-2020-1080p-5-1-x264-kor-s-cztitulky-64-sten-ok/5fc3884b8e500
[12:51:10]   resolved in 0.7s → 720p (https://pf-storage5.premiumcdn.net/20405268/YNaI8qfpzFn7SwbtmYc74fOxH7mUbziWPSO9…)
[12:52:02]   downloaded 1,514.0 MB in 50.7s (29.9 MB/s)
[12:53:58]   upload done video_id=26087521 in 115.7s
[12:53:59] film cr_film_id=19618 OK in 169.8s
[12:53:59] iteration 12/20
[12:53:59] film cr_film_id=8232 name='Tanec v srdci (2020) CZ Titulky' candidates=5
[12:53:59]   candidate upload_id=6086e475598d8 url=https://prehraj.to/tanec-v-srdci-into-the-beat-2020-cz-titulky-1080p/6086e475598d8
[12:54:00]   resolved in 0.9s → 1080p (https://pf-storage2.premiumcdn.net/23271903/qqyfW5FjrIqgTaxtYgsvxFM7fNkIAGhR2h1m…)
[12:55:09]   downloaded 2,039.3 MB in 68.0s (30.0 MB/s)
[12:56:26]   upload done video_id=26087570 in 77.1s
[12:56:28] film cr_film_id=8232 OK in 148.4s
[12:56:28] iteration 13/20
[12:56:28] film cr_film_id=29672 name='T11 Incomplete (2020) CZ Titulky' candidates=2
[12:56:28]   candidate upload_id=62268949480d9 url=https://prehraj.to/t11-incomplete-2020-cz-titulky/62268949480d9
[12:56:28]   resolved in 0.9s → 720p (https://pf-storage1.premiumcdn.net/29978390/NldtJ3f8XHm0sAaTMGubKfOrHA0hOnhnXhaL…)
[12:56:59]   downloaded 821.1 MB in 29.0s (28.3 MB/s)
[12:57:31]   upload done video_id=26087603 in 32.1s
[12:57:32] film cr_film_id=29672 OK in 64.1s
[12:57:32] iteration 14/20
[12:57:32] film cr_film_id=31092 name='Síly z temnot (2020) CZ Titulky' candidates=1
[12:57:32]   candidate upload_id=5f9311b28e30a url=https://prehraj.to/sily-z-temnot-akcni-2020-cz-titulky/5f9311b28e30a
[12:57:33]   resolved in 0.9s → 1080p (https://pf-storage5.premiumcdn.net/19457297/jGMhAeHJXfZdSdrSG1IYAHjwh4EIQrU4WfRd…)
[12:58:32]   downloaded 1,725.7 MB in 58.5s (29.5 MB/s)
[12:59:41]   upload done video_id=26087635 in 69.0s
[12:59:43] film cr_film_id=31092 OK in 131.0s
[12:59:43] iteration 15/20
[12:59:43] film cr_film_id=31070 name='Sweet River (2020) CZ Titulky' candidates=2
[12:59:43]   candidate upload_id=60f46ce60e415 url=https://prehraj.to/sweet-river-2020-cztitulky/60f46ce60e415
[12:59:44]   resolved in 1.0s → 720p (https://pf-storage2.premiumcdn.net/24320871/JzWiXaf9GSPehebi8bTNxfobU0NTnKhX2HRg…)
[13:00:18]   downloaded 937.1 MB in 32.9s (28.5 MB/s)
[13:01:01]   upload done video_id=26087676 in 43.0s
[13:01:02] film cr_film_id=31070 OK in 79.6s
[13:01:02] iteration 16/20
[13:01:02] film cr_film_id=33844 name='Svatba mé sestry (2020) CZ Titulky' candidates=2
[13:01:02]   candidate upload_id=61c791e1be154 url=https://prehraj.to/jako-sestry-2021-cztitulky/61c791e1be154
[13:01:03]   resolved in 0.8s → 720p (https://pf-storage4.premiumcdn.net/27773451/yn5I2JcOdfnYsABT6YsOgcNAI2NIG8iN0iYA…)
[13:02:00]   downloaded 1,628.1 MB in 55.5s (29.3 MB/s)
[13:03:25]   upload done video_id=26087705 in 85.1s
[13:03:27] film cr_film_id=33844 OK in 144.2s
[13:03:27] iteration 17/20
[13:03:27] film cr_film_id=33506 name='Superman: Red Son (2020) CZ Titulky' candidates=1
[13:03:27]   candidate upload_id=5e5b08e58a088 url=https://prehraj.to/superman-red-son-animace-2020-720p-x264-s-cztitulky-76-sten-ok/5e5b08e58a088
[13:03:28]   resolved in 1.0s → 720p (https://pf-storage5.premiumcdn.net/15937285/RqQu5eFBQUwdUZRSN8uzqFJdcGOhljClosrZ…)
[13:04:08]   downloaded 747.0 MB in 39.0s (19.2 MB/s)
[13:04:35]   upload done video_id=26087740 in 27.5s
[13:04:37] film cr_film_id=33506 OK in 69.9s
[13:04:37] iteration 18/20
[13:04:37] film cr_film_id=30938 name='Superman: Man of Tomorrow (2020) CZ Titulky' candidates=1
[13:04:37]   candidate upload_id=c63d9a7cc35e76cc url=https://prehraj.to/superman-man-of-tomorrow-2020-en-cz-tit/c63d9a7cc35e76cc
[13:04:37]   resolve FAILED: HTTP 502 wrapping permanent upstream error: https://prehraj.to/superman-man-of-tomorrow-2020-en-cz-tit/c63d9a7cc35e76cc (permanent=True)
[13:04:37] film cr_film_id=30938 all candidates exhausted
[13:04:37] iteration 19/20
[13:04:37] film cr_film_id=20672 name='Stargirl (2020) CZ Titulky' candidates=2
[13:04:37]   candidate upload_id=5e8387383d8cb url=https://prehraj.to/stargirl-2020-cz-titulky/5e8387383d8cb
[13:04:43]   resolved in 5.9s → 480p (https://pf-storage5.premiumcdn.net/16104841/XO2SX7H5RsKpTOrUX2tBkHlvC8YSqVh5bivK…)
[13:05:08]   downloaded 632.7 MB in 23.2s (27.3 MB/s)
[13:05:40]   upload done video_id=26087757 in 32.3s
[13:05:41] film cr_film_id=20672 OK in 64.1s
[13:05:41] iteration 20/20
[13:05:41] film cr_film_id=5496 name='Spravedlnost podle Spensera (2020) CZ Titulky' candidates=8
[13:05:41]   candidate upload_id=60acaf44a510f url=https://prehraj.to/spravedlnost-podle-spensera-2020-1080p-cz-tit/60acaf44a510f
[13:05:43]   resolved in 1.9s → 1080p (https://pf-storage2.premiumcdn.net/23658939/pPNSv6I97UYEcNBi7OikbIkrFb5srVHWmuJ5…)
[13:07:15]   downloaded 2,741.2 MB in 90.4s (30.3 MB/s)
[13:10:05]   upload done video_id=26087798 in 169.3s
[13:10:06] film cr_film_id=5496 OK in 264.7s
[13:10:06] batch-end ok=19 failed=1 dur=2249.3s avg/film=118.4s remaining=8878 eta_hours=292.0

===== run 2026-06-18T13:21:08Z shard=0/2 batch_size=20 (https://github.com/Olbrasoft/prehrajto-to-prehrajto/actions/runs/27762412819) =====
[13:21:09] batch-start shard=0/2 count=20 backlog=10210 uploads=1332 failed_attempts=63 description_overrides=0
[13:21:09] login
[13:21:10] login done
[13:21:10] iteration 1/20
[13:21:10] film cr_film_id=33602 name='Spare Parts (2020) CZ Titulky' candidates=1
[13:21:10]   candidate upload_id=5ff10ec657b7b url=https://prehraj.to/spare-parts-akcni-sci-fi-horor-2020-1080p-5-1-h264-s-cztitulky-34-23-sten-ok/5ff10ec657b7b
[13:21:12]   resolved in 1.6s → 720p (https://pf-storage3.premiumcdn.net/21212196/E70snjS4zIrdIWesQBuelS5Zs5nHWOfkrh8d…)
[13:22:19]   downloaded 1,578.2 MB in 65.0s (24.3 MB/s)
[13:23:49]   upload done video_id=26088382 in 89.9s
[13:23:50] film cr_film_id=33602 OK in 160.0s
[13:23:50] iteration 2/20
[13:23:50] film cr_film_id=9352 name='Songbird (2020) CZ Titulky' candidates=13
[13:23:50]   candidate upload_id=601cdda8646c9 url=https://prehraj.to/songbird-2020-cztitulky/601cdda8646c9
[13:23:51]   resolved in 1.0s → 1080p (https://pf-storage5.premiumcdn.net/21991221/JzWTaXfyBIMeTvRSlJFNJfnziwxcAzCWVUAV…)
[13:25:04]   downloaded 1,746.5 MB in 71.1s (24.6 MB/s)
[13:26:42]   upload done video_id=26088744 in 97.9s
[13:26:44] film cr_film_id=9352 OK in 173.4s
[13:26:44] iteration 3/20
[13:26:44] film cr_film_id=4940 name='Slečna bestie (2020) CZ Titulky' candidates=14
[13:26:44]   candidate upload_id=5fcfc823dbea8 url=https://prehraj.to/freaky-2020-cztitulky/5fcfc823dbea8
[13:26:45]   resolved in 1.0s → 720p (https://pf-storage5.premiumcdn.net/20653005/LdzcmdCPESv9Sy8u1NUoKCbZsdohnac03umK…)
[13:28:00]   downloaded 1,891.2 MB in 73.8s (25.6 MB/s)
[13:29:29]   upload done video_id=26089100 in 88.9s
[13:29:31] film cr_film_id=4940 OK in 166.8s
[13:29:31] iteration 4/20
[13:29:31] film cr_film_id=30946 name='Sladké dětství (2020) CZ Titulky' candidates=1
[13:29:31]   candidate upload_id=61d3841569ac9 url=https://prehraj.to/sladke-detstvi-2020-cztitulky/61d3841569ac9
[13:29:32]   resolved in 1.0s → 480p (https://pf-storage4.premiumcdn.net/28040403/MRzhJDU0AhMDhvNSeyIv3UVOHDYfRzf2nHnk…)
[13:30:08]   downloaded 822.1 MB in 34.5s (23.8 MB/s)
[13:30:50]   upload done video_id=26089348 in 42.6s
[13:30:54] film cr_film_id=30946 OK in 83.2s
[13:30:54] iteration 5/20
[13:30:54] film cr_film_id=29046 name='Sky Sharks (2020) CZ Titulky' candidates=4
[13:30:54]   candidate upload_id=5fed122cbfff1 url=https://prehraj.to/sky-sharks-2020-cztitulky/5fed122cbfff1
[13:30:55]   resolved in 0.8s → 720p (https://pf-storage4.premiumcdn.net/21118914/PgDSMpI29IDbFRZtlrh5YIy6i5Nt2yiLofOZ…)
[13:32:16]   downloaded 1,948.3 MB in 79.7s (24.4 MB/s)
[13:34:10]   upload done video_id=26089598 in 114.3s
[13:34:12] film cr_film_id=29046 OK in 198.4s
[13:34:12] iteration 6/20
[13:34:12] film cr_film_id=17404 name='Skull: A Máscara de Anhangá (2020) CZ Titulky' candidates=2
[13:34:12]   candidate upload_id=6069c5ca1418d url=https://prehraj.to/skull-a-mascara-de-anhanga-fantasy-horor-brazilie-2020-1080p-webrip-5-1-x264-s-cztitulky-55-sten-ok-mp4/6069c5ca1418d
[13:34:13]   resolved in 1.1s → 720p (https://pf-storage5.premiumcdn.net/22961754/oL4c9bIeghlpuVjUA2tkPIvRCY1HpqF16cqe…)
[13:35:11]   downloaded 1,349.9 MB in 55.6s (24.3 MB/s)
[13:36:45]   upload done video_id=26089929 in 94.7s
[13:36:47] film cr_film_id=17404 OK in 155.0s
[13:36:47] iteration 7/20
[13:36:47] film cr_film_id=14154 name='Singl na vdávání (2020) CZ Titulky' candidates=4
[13:36:47]   candidate upload_id=5f251256915e1 url=https://prehraj.to/singl-na-vdavani-komedie-2020-1080p-5-1-h264-s-cztitulky-sten-ok/5f251256915e1
[13:36:48]   resolved in 1.1s → 1080p (https://pf-storage3.premiumcdn.net/17698824/dpEuBLHD0IR5cE8teBhlgHaZspwhR6ugycJm…)
[13:38:33]   downloaded 2,519.5 MB in 102.9s (24.5 MB/s)
[13:40:48]   upload done video_id=26090314 in 134.8s
[13:40:50] film cr_film_id=14154 OK in 242.3s
[13:40:50] iteration 8/20
[13:40:50] film cr_film_id=31088 name='Sinful (2020) CZ Titulky' candidates=1
[13:40:50]   candidate upload_id=63277491a8cb0 url=https://prehraj.to/sinful-2020-cztitulky/63277491a8cb0
[13:40:51]   resolved in 1.3s → 720p (https://pf-storage3.premiumcdn.net/33165973/gNxUDyiM5tzvT04fA2tQ4iAWFpmCa2fVquMv…)
[13:41:32]   downloaded 935.3 MB in 39.8s (23.5 MB/s)
[13:43:01]   upload done video_id=26090675 in 89.0s
[13:43:03] film cr_film_id=31088 OK in 133.4s
[13:43:03] iteration 9/20
[13:43:03] film cr_film_id=19690 name='Sincerely Louis CK (2020) CZ Titulky' candidates=1
[13:43:03]   candidate upload_id=5effb20c8b710 url=https://prehraj.to/sincerely-louis-ck-2020-cztitulky/5effb20c8b710
[13:43:04]   resolved in 1.1s → 720p (https://pf-storage3.premiumcdn.net/17148156/0awhk8IKETJlcGOSPEIJ0IwlCOnsLNHMdCb6…)
[13:43:26]   downloaded 459.0 MB in 20.0s (23.0 MB/s)
[13:44:01]   upload done video_id=26090910 in 35.3s
[13:44:03] film cr_film_id=19690 OK in 59.7s
[13:44:03] iteration 10/20
[13:44:03] film cr_film_id=26918 name='Shawn Mendes: In Wonder (2020) CZ Titulky' candidates=4
[13:44:03]   candidate upload_id=5fc9426da9b31 url=https://prehraj.to/shawn-mendes-in-wonder-2020-cztitulky/5fc9426da9b31
[13:44:04]   resolved in 1.1s → 1080p (https://pf-storage5.premiumcdn.net/20530578/NbaIZ8s2asDQcjlcKjuevs4PHGdfjOuQkFnL…)
[13:45:28]   downloaded 2,127.1 MB in 83.2s (25.6 MB/s)
[13:49:33]   upload done video_id=26091133 in 244.7s
[13:49:35] film cr_film_id=26918 OK in 332.2s
[13:49:35] iteration 11/20
[13:49:35] film cr_film_id=17452 name='Sergio (2020) CZ Titulky' candidates=1
[13:49:35]   candidate upload_id=5e9aeee5d0474 url=https://prehraj.to/sergio-drama-2020-1080p-5-1-x264-s-cztitulky-61-sten-ok/5e9aeee5d0474
[13:49:36]   resolved in 1.1s → 720p (https://pf-storage5.premiumcdn.net/16270528/JdyHqGi4dF5eFW5H2DHD8iVGsAdtLRcrZToy…)
[13:50:52]   downloaded 1,700.1 MB in 74.1s (22.9 MB/s)
[13:53:26]   upload done video_id=26091378 in 153.7s
[13:53:27] film cr_film_id=17452 OK in 232.4s
[13:53:27] iteration 12/20
[13:53:27] film cr_film_id=8514 name='Risk (2020) CZ Titulky' candidates=3
[13:53:27]   candidate upload_id=5f7d065aea03a url=https://prehraj.to/seized-2020-cztitulky/5f7d065aea03a
[13:53:29]   resolved in 1.1s → 1080p (https://pf-storage5.premiumcdn.net/19085489/jZqSr2fmkTr6hO0TQBUOQfpahBLHbaHyAhQg…)
[13:54:43]   downloaded 1,864.8 MB in 73.3s (25.4 MB/s)
[13:56:47]   upload done video_id=26091493 in 124.2s
[13:56:49] film cr_film_id=8514 OK in 201.9s
[13:56:49] iteration 13/20
[13:56:49] film cr_film_id=33944 name='Rialto (2020) CZ Titulky' candidates=1
[13:56:49]   candidate upload_id=61e89ef358671 url=https://prehraj.to/rialto-2019-cztitulky/61e89ef358671
[13:56:50]   resolved in 1.0s → 720p (https://pf-storage2.premiumcdn.net/28536096/3mpFWwir6c7ecqPuPYi7LiMbHzwhAPsqpt7w…)
[13:57:32]   downloaded 986.4 MB in 40.1s (24.6 MB/s)
[13:58:50]   upload done video_id=26091558 in 78.0s
[13:58:52] film cr_film_id=33944 OK in 122.3s
[13:58:52] iteration 14/20
[13:58:52] film cr_film_id=14282 name='Reaptown (2020) CZ Titulky' candidates=1
[13:58:52]   candidate upload_id=60b7f7f565ab6 url=https://prehraj.to/reaptown-2020-cztitulky/60b7f7f565ab6
[13:58:53]   resolved in 1.1s → 1080p (https://pf-storage5.premiumcdn.net/23737557/qqocYXiqxhn6SBnIYkfboixeuONhe3ILqcZX…)
[13:59:47]   downloaded 1,267.8 MB in 53.0s (23.9 MB/s)
[14:01:02]   upload done video_id=26091612 in 74.8s
[14:01:04] film cr_film_id=14282 OK in 132.0s
[14:01:04] iteration 15/20
[14:01:04] film cr_film_id=33564 name='Ravage (2020) CZ Titulky' candidates=1
[14:01:04]   candidate upload_id=5f7b59d99a994 url=https://prehraj.to/ravage-2019-cztitulky/5f7b59d99a994
[14:01:05]   resolved in 1.2s → 720p (https://pf-storage5.premiumcdn.net/19062128/JEGcJ7TYvfLPfBQsr5h4mTWwIGghOgS3pClq…)
[14:02:15]   downloaded 2,073.5 MB in 68.3s (30.4 MB/s)
[14:03:57]   upload done video_id=26091665 in 102.2s
[14:03:58] film cr_film_id=33564 OK in 174.7s
[14:03:58] iteration 16/20
[14:03:58] film cr_film_id=29686 name='Rande na oko (2020) CZ Titulky' candidates=3
[14:03:58]   candidate upload_id=5fd814e6c81d3 url=https://prehraj.to/dating-amber-2020-cz-titulky-720p/5fd814e6c81d3
[14:03:59]   resolved in 1.1s → 480p (https://pf-storage1.premiumcdn.net/20780370/7xZIapSE4uaAUgkSmxC1xSoMHN4UNziKyUp0…)
[14:04:28]   downloaded 784.5 MB in 26.7s (29.4 MB/s)
[14:05:03]   upload done video_id=26091712 in 35.7s
[14:05:05] film cr_film_id=29686 OK in 66.8s
[14:05:05] iteration 17/20
[14:05:05] film cr_film_id=4634 name='Půjčovna masa: Nové pouzdro (2020) CZ Titulky' candidates=2
[14:05:05]   candidate upload_id=5e738e0a785b5 url=https://prehraj.to/pujcovna-masa-nove-pouzdro-animovane-sci-fi-japonsko-2020-1080p-5-1-x264-s-cztitulky-sten-ok/5e738e0a785b5
[14:05:06]   resolved in 1.1s → 1080p (https://pf-storage5.premiumcdn.net/16039390/gzGSMbUemcJYubluMRIkYUQwCQGhnzfNEubP…)
[14:06:39]   downloaded 2,223.1 MB in 90.8s (24.5 MB/s)
[14:08:26]   upload done video_id=26091760 in 107.0s
[14:08:28] film cr_film_id=4634 OK in 202.7s
[14:08:28] iteration 18/20
[14:08:28] film cr_film_id=26228 name='Příběhy duchů (2020) CZ Titulky' candidates=4
[14:08:28]   candidate upload_id=60a0048ba3714 url=https://prehraj.to/ghost-stories-2020-cztitulky/60a0048ba3714
[14:08:29]   resolved in 1.1s → 720p (https://pf-storage1.premiumcdn.net/23523882/b92hvKI4oFDqud2TDKFWaILaSg8TYNhpZHRv…)
[14:09:29]   downloaded 1,479.4 MB in 59.0s (25.1 MB/s)
[14:11:41]   upload done video_id=26091851 in 131.9s
[14:11:43] film cr_film_id=26228 OK in 195.0s
[14:11:43] iteration 19/20
[14:11:43] film cr_film_id=17980 name='Párty pro 41 (2020) CZ Titulky' candidates=1
[14:11:43]   candidate upload_id=624e16c891173 url=https://prehraj.to/party-pro-41-2020-cztitulky/624e16c891173
[14:11:44]   resolved in 1.0s → 1080p (https://pf-storage4.premiumcdn.net/30377831/r6oHaOI2pIJZigpInOCbXIb3u6gS08s2liv6…)
[14:13:06]   downloaded 1,983.9 MB in 80.8s (24.6 MB/s)
[14:15:29]   upload done video_id=26091945 in 142.8s
[14:15:31] film cr_film_id=17980 OK in 228.0s
[14:15:31] iteration 20/20
[14:15:31] film cr_film_id=7232 name='Pondělí (2020) CZ Titulky' candidates=5
[14:15:31]   candidate upload_id=60939d1638d97 url=https://prehraj.to/monday-2020-cz-titulky-vlozeny-1/60939d1638d97
[14:15:32]   resolved in 0.9s → 720p (https://pf-storage1.premiumcdn.net/23400003/OqRcMZfx3IPOt4lFeZS2yfMGT4DTYVFMeFGQ…)
[14:17:05]   downloaded 2,225.1 MB in 91.3s (24.4 MB/s)
[14:18:59]   upload done video_id=26092054 in 113.8s
[14:19:00] film cr_film_id=7232 OK in 209.2s
[14:19:00] batch-end ok=20 failed=0 dur=3469.5s avg/film=173.5s remaining=8858 eta_hours=426.9

===== run 2026-06-18T14:19:31Z shard=0/2 batch_size=20 (https://github.com/Olbrasoft/prehrajto-to-prehrajto/actions/runs/27766014840) =====
[14:19:31] batch-start shard=0/2 count=20 backlog=10210 uploads=1352 failed_attempts=63 description_overrides=0
[14:19:31] login
[14:19:33] login done
[14:19:33] iteration 1/20
[14:19:33] film cr_film_id=6926 name='Pojď si hrát (2020) CZ Titulky' candidates=13
[14:19:33]   candidate upload_id=5fa9722ad523b url=https://prehraj.to/come-play-drama-horor-thriller-2020-1080p-2-0-x264-s-cztitulky-62-sten-ok/5fa9722ad523b
[14:19:34]   resolved in 1.0s → 720p (https://pf-storage5.premiumcdn.net/19812678/Bp1s47UgyHXBi2Kh5XhJOU0Mi8Gu1RF6vuk1…)
[14:20:17]   downloaded 1,191.9 MB in 42.2s (28.2 MB/s)
[14:21:20]   upload done video_id=26092166 in 62.4s
[14:21:22] film cr_film_id=6926 OK in 108.9s
[14:21:22] iteration 2/20
[14:21:22] film cr_film_id=2268 name='Phineas a Ferb ve filmu: Candy proti vesmíru (2020) CZ Titulky' candidates=7
[14:21:22]   candidate upload_id=613e736102385 url=https://prehraj.to/phineas-and-ferb-the-movie-candace-against-the-universe-2020-cztitulky/613e736102385
[14:21:23]   resolved in 1.0s → 720p (https://pf-storage3.premiumcdn.net/24888452/l9dcxrT0vcvYUPMfO1hxoTQkfkeUj7cxVFr6…)
[14:22:07]   downloaded 1,184.5 MB in 42.5s (27.9 MB/s)
[14:22:53]   upload done video_id=26092227 in 46.8s
[14:22:56] film cr_film_id=2268 OK in 94.2s
[14:22:56] iteration 3/20
[14:22:56] film cr_film_id=31090 name='Pearl (2020) CZ Titulky' candidates=1
[14:22:56]   candidate upload_id=5f934e054f50a url=https://prehraj.to/pearl-2020-cztitulky/5f934e054f50a
[14:22:57]   resolved in 1.6s → 1080p (https://pf-storage5.premiumcdn.net/19459484/O5GsNouQJSoGHx6hyzT7vuEnfaof4GfKQIgD…)
[14:24:19]   downloaded 2,311.1 MB in 80.1s (28.9 MB/s)
[14:25:54]   upload done video_id=26092312 in 95.1s
[14:25:57] film cr_film_id=31090 OK in 181.3s
[14:25:57] iteration 4/20
[14:25:57] film cr_film_id=9988 name='Patients of a Saint (2020) CZ Titulky' candidates=3
[14:25:57]   candidate upload_id=5e872150de2d4 url=https://prehraj.to/patients-of-a-saint-horor-2019-1080p-5-1-h264-s-cztitulky-44-sten-ok/5e872150de2d4
[14:25:58]   resolved in 0.7s → 720p (https://pf-storage5.premiumcdn.net/16126849/BdWTVwsgXULyIzBf8OUA3s7ztbpU3XhORUd7…)
[14:26:53]   downloaded 1,527.9 MB in 53.5s (28.6 MB/s)
[14:28:20]   upload done video_id=26092416 in 86.8s
[14:28:21] film cr_film_id=9988 OK in 144.0s
[14:28:21] iteration 5/20
[14:28:21] film cr_film_id=36806 name='Osudná džungle (2020) CZ Titulky' candidates=2
[14:28:21]   candidate upload_id=60cd24db7a18a url=https://prehraj.to/osudna-dzungle-2020-cz-titulky/60cd24db7a18a
[14:28:22]   resolved in 1.0s → 720p (https://pf-storage5.premiumcdn.net/23952120/mr8ioMIgwTkaSEyF0ycKRIDdUoEse6HkWHZK…)
[14:29:25]   downloaded 1,763.1 MB in 61.6s (28.6 MB/s)
[14:30:48]   upload done video_id=26092522 in 83.2s
[14:30:50] film cr_film_id=36806 OK in 148.8s
[14:30:50] iteration 6/20
[14:30:50] film cr_film_id=14380 name='One Night in Bangkok (2020) CZ Titulky' candidates=9
[14:30:50]   candidate upload_id=6440d23f1be0e url=https://prehraj.to/one-night-in-bangkok-2020-cz-sub-1080p/6440d23f1be0e
[14:30:51]   resolved in 1.0s → 720p (https://pf-storage1.premiumcdn.net/39601705/eMmiLlh3vFxgcPKs3pTMGhVruO1HK4SPlsD6…)
[14:31:41]   downloaded 1,338.1 MB in 48.6s (27.5 MB/s)
[14:33:38]   upload done video_id=26092623 in 116.8s
[14:33:39] film cr_film_id=14380 OK in 169.6s
[14:33:39] iteration 7/20
[14:33:39] film cr_film_id=5484 name='Oběť bouři (2020) CZ Titulky' candidates=2
[14:33:39]   candidate upload_id=6057b39cc17b8 url=https://prehraj.to/ofrenda-a-la-tormenta-2020-cztitulky-mp4/6057b39cc17b8
[14:33:44]   resolved in 4.6s → 1080p (https://pf-storage5.premiumcdn.net/22751288/1JytdoUKNh5Gf3BSlNFzrUeOsrOCAVcgyH65…)
[14:34:49]   downloaded 1,826.6 MB in 63.0s (29.0 MB/s)
[14:36:56]   upload done video_id=26092768 in 127.2s
[14:36:57] film cr_film_id=5484 OK in 197.8s
[14:36:57] iteration 8/20
[14:36:57] film cr_film_id=31036 name='O Cemitério das Almas Perdidas (2020) CZ Titulky' candidates=11
[14:36:57]   candidate upload_id=6893e34a77aeb url=https://prehraj.to/o-cemiterio-das-almas-perdidas-2020-webrip-cz-tit/6893e34a77aeb
[14:36:58]   resolved in 1.1s → 480p (https://pf-storage3.premiumcdn.net/143120819/EYasxBfqrhE3h0jcwmSl5fDMtyRi3YSzYha…)
[14:37:08]   downloaded 181.3 MB in 8.2s (22.1 MB/s)
[14:37:20]   upload done video_id=26092848 in 12.3s
[14:37:22] film cr_film_id=31036 OK in 24.5s
[14:37:22] iteration 9/20
[14:37:22] film cr_film_id=36816 name='Něco jako bratři (2020) CZ Titulky' candidates=1
[14:37:22]   candidate upload_id=3951181398359cb9 url=https://prehraj.to/neco-jako-bratri-2020-cz-titulky/3951181398359cb9
[14:37:22]   resolve FAILED: HTTP 502 wrapping permanent upstream error: https://prehraj.to/neco-jako-bratri-2020-cz-titulky/3951181398359cb9 (permanent=True)
[14:37:22] film cr_film_id=36816 all candidates exhausted
[14:37:22] iteration 10/20
[14:37:22] film cr_film_id=2904 name='Nine Days (2020) CZ Titulky' candidates=2
[14:37:22]   candidate upload_id=619413d27f42f url=https://prehraj.to/nine-days-2020-cztitulky/619413d27f42f
[14:37:28]   resolved in 6.1s → 720p (https://pf-storage3.premiumcdn.net/26553172/32wIdjcxJSeMtPGCD7tNEc4ZCkzuyNTaxHb5…)
[14:38:23]   downloaded 1,533.1 MB in 52.9s (29.0 MB/s)
[14:40:07]   upload done video_id=26092887 in 104.6s
[14:40:09] film cr_film_id=2904 OK in 166.7s
[14:40:09] iteration 11/20
[14:40:09] film cr_film_id=17896 name='Nikdy nepláču (2020) CZ Titulky' candidates=2
[14:40:09]   candidate upload_id=61cd0407598fc url=https://prehraj.to/nikdy-neplacu-2020-cztitulky/61cd0407598fc
[14:40:10]   resolved in 1.0s → 480p (https://pf-storage3.premiumcdn.net/27894498/JEjfzju3zTRjC9yh4GuDwum3SbLH9whdZH1G…)
[14:40:42]   downloaded 846.0 MB in 30.4s (27.8 MB/s)
[14:41:21]   upload done video_id=26092974 in 39.4s
[14:41:23] film cr_film_id=17896 OK in 73.8s
[14:41:23] iteration 12/20
[14:41:23] film cr_film_id=1120 name='Nikam zvlášť (2020) CZ Titulky' candidates=2
[14:41:23]   candidate upload_id=618ae164e629d url=https://prehraj.to/nikam-zvlast-2020-cztitulky/618ae164e629d
[14:41:24]   resolved in 1.1s → 720p (https://pf-storage2.premiumcdn.net/26332744/2WPfN8u7AFN4S4PFQNhO2u7Gt25H6BsvzHKY…)
[14:42:11]   downloaded 1,283.5 MB in 45.7s (28.1 MB/s)
[14:43:55]   upload done video_id=26093033 in 103.4s
[14:43:56] film cr_film_id=1120 OK in 153.3s
[14:43:56] iteration 13/20
[14:43:56] film cr_film_id=13974 name='Nezdolná Kimmy Schmidt: Kimmy versus reverend (2020) CZ Titulky' candidates=2
[14:43:56]   candidate upload_id=6071ae4d72cfd url=https://prehraj.to/nezdolna-kimmy-schmidt-kimmy-versus-reverend-komedie-2020-1080p-5-1-h264-s-cztitulky-62-sten-ok/6071ae4d72cfd
[14:43:57]   resolved in 1.1s → 720p (https://pf-storage5.premiumcdn.net/23054007/dyEtOYcr3uD6IGms7qI0ac1eHvLHPLFAEHew…)
[14:44:36]   downloaded 1,041.8 MB in 37.2s (28.0 MB/s)
[14:46:03]   upload done video_id=26093150 in 87.3s
[14:46:05] film cr_film_id=13974 OK in 128.6s
[14:46:05] iteration 14/20
[14:46:05] film cr_film_id=31018 name='Nesmrtelná Leyla (2020) CZ Titulky' candidates=3
[14:46:05]   candidate upload_id=5fcc28e4e866a url=https://prehraj.to/nesmrtelna-leyla-2020-cztitulky/5fcc28e4e866a
[14:46:06]   resolved in 1.0s → 1080p (https://pf-storage4.premiumcdn.net/20584056/e2WI5RsmKTxkhKYswjfmLsAYF5RFwWfDvfkl…)
[14:47:44]   downloaded 2,770.7 MB in 96.7s (28.7 MB/s)
[14:50:30]   upload done video_id=26093261 in 166.0s
[14:50:32] film cr_film_id=31018 OK in 266.9s
[14:50:32] iteration 15/20
[14:50:32] film cr_film_id=30796 name="Nathan's Kingdom (2020) CZ Titulky" candidates=2
[14:50:32]   candidate upload_id=5f2593c3d6073 url=https://prehraj.to/nathans-kingdom-akcni-2019-cz-titulky/5f2593c3d6073
[14:50:33]   resolved in 1.2s → 480p (https://pf-storage3.premiumcdn.net/17705682/lPyI2ou9Ls5eTGqho1iAxuN0s4JFpofzmc0k…)
[14:51:09]   downloaded 942.1 MB in 34.6s (27.2 MB/s)
[14:51:58]   upload done video_id=26093385 in 48.8s
[14:51:59] film cr_film_id=30796 OK in 87.6s
[14:51:59] iteration 16/20
[14:51:59] film cr_film_id=31006 name='Nalijme si čistého vína (2020) CZ Titulky' candidates=2
[14:51:59]   candidate upload_id=61dca9a26be5a url=https://prehraj.to/nalijme-si-cisteho-vina-2020-cztitulky/61dca9a26be5a
[14:52:00]   resolved in 0.9s → 1080p (https://pf-storage4.premiumcdn.net/28254888/8PRf7asqnFwNTPZi9ziMbsQjiyviQWfMVipW…)
[14:53:31]   downloaded 2,612.4 MB in 89.2s (29.3 MB/s)
[14:56:41]   upload done video_id=26093461 in 190.0s
[14:56:43] film cr_film_id=31006 OK in 283.4s
[14:56:43] iteration 17/20
[14:56:43] film cr_film_id=910 name='Nadějná mladá žena (2020) CZ Titulky' candidates=18
[14:56:43]   candidate upload_id=60fc76454ad22 url=https://prehraj.to/promising-young-woman-2020-cztitulky/60fc76454ad22
[14:56:44]   resolved in 1.0s → 480p (https://pf-storage1.premiumcdn.net/24391064/zbNf9ki9DS5yCN7tAosb2i7RI3OHVycAgIra…)
[14:57:15]   downloaded 787.6 MB in 29.5s (26.7 MB/s)
[14:58:09]   upload done video_id=26093587 in 53.8s
[14:58:11] film cr_film_id=910 OK in 88.0s
[14:58:11] iteration 18/20
[14:58:11] film cr_film_id=33942 name='Můj ranní smích (2020) CZ Titulky' candidates=1
[14:58:11]   candidate upload_id=61e0c965cc95d url=https://prehraj.to/smich-2020-cztitulky/61e0c965cc95d
[14:58:12]   resolved in 1.1s → 1080p (https://pf-storage4.premiumcdn.net/28338375/ROks23u2buY5c98cMNigAueBFNOTBOCVpi25…)
[14:59:27]   downloaded 2,047.5 MB in 73.5s (27.9 MB/s)
[15:01:12]   upload done video_id=26093670 in 105.2s
[15:01:14] film cr_film_id=33942 OK in 183.1s
[15:01:14] iteration 19/20
[15:01:14] film cr_film_id=7252 name='Máša (2020) CZ Titulky' candidates=4
[15:01:14]   candidate upload_id=fb8f82fa829d6943 url=https://prehraj.to/masa-masa-masha-2020-ru-cz-tit-mkv/fb8f82fa829d6943
[15:01:15]   resolved in 1.5s → 720p (https://pf-storage1.premiumcdn.net/161650289/KeMF0kUpMs3bUvkuJdt1BU1kH8jivXf9rSe…)
[15:02:05]   downloaded 988.3 MB in 48.2s (20.5 MB/s)
[15:03:43]   upload done video_id=26093762 in 98.0s
[15:03:44] film cr_film_id=7252 OK in 150.6s
[15:03:44] iteration 20/20
[15:03:44] film cr_film_id=33556 name='Muse: Simulation Theory (2020) CZ Titulky' candidates=2
[15:03:44]   candidate upload_id=5f468c8c8628d url=https://prehraj.to/simulation-theory-film-2020-cztitulky/5f468c8c8628d
[15:03:45]   resolved in 0.9s → 720p (https://pf-storage3.premiumcdn.net/18249900/RpVigpco4TR4S7mHApsknc2PfeOC86flgS67…)
[15:05:12]   downloaded 2,487.1 MB in 84.9s (29.3 MB/s)
[15:07:19]   upload done video_id=26093846 in 127.1s
[15:07:21] film cr_film_id=33556 OK in 216.5s
[15:07:21] batch-end ok=19 failed=1 dur=2868.3s avg/film=151.0s remaining=8839 eta_hours=370.7

===== run 2026-06-18T15:07:59Z shard=0/2 batch_size=20 (https://github.com/Olbrasoft/prehrajto-to-prehrajto/actions/runs/27769125663) =====
[15:07:59] batch-start shard=0/2 count=20 backlog=10210 uploads=1371 failed_attempts=64 description_overrides=0
[15:07:59] login
[15:08:01] login done
[15:08:01] iteration 1/20
[15:08:01] film cr_film_id=26810 name='Moje učitelka chobotnice (2020) CZ Titulky' candidates=11
[15:08:01]   candidate upload_id=5fba897063974 url=https://prehraj.to/moje-ucitelka-chobotnice-2020-cz-titulky-1080p/5fba897063974
[15:08:02]   resolved in 1.0s → 1080p (https://pf-storage5.premiumcdn.net/20175561/YlAhpJfl2TNyt2PCReIeLfwZTGPuwqsQnSMW…)
[15:10:21]   downloaded 5,173.6 MB in 138.1s (37.5 MB/s)
[15:14:48]   upload done video_id=26094062 in 266.6s
[15:14:50] film cr_film_id=26810 OK in 409.5s
[15:14:50] iteration 2/20
[15:14:50] film cr_film_id=26496 name='Miss Americana (2020) CZ Titulky' candidates=2
[15:14:50]   candidate upload_id=62249141ae79e url=https://prehraj.to/miss-americana-2020-cz-tit/62249141ae79e
[15:14:51]   resolved in 1.0s → 720p (https://pf-storage4.premiumcdn.net/29959373/JvOc73fGvUq4sY9fg5IDjfNQuQeHBJt3ocYa…)
[15:15:34]   downloaded 1,210.2 MB in 41.2s (29.4 MB/s)
[15:16:34]   upload done video_id=26094292 in 60.4s
[15:16:36] film cr_film_id=26496 OK in 105.4s
[15:16:36] iteration 3/20
[15:16:36] film cr_film_id=19600 name='Minjan (2020) CZ Titulky' candidates=1
[15:16:36]   candidate upload_id=61eb08aba65d8 url=https://prehraj.to/minjan-2020-cztitulky/61eb08aba65d8
[15:16:37]   resolved in 1.8s → 480p (https://pf-storage3.premiumcdn.net/28592610/xDqsdzhAJcoVfzLUJMta5hQRTBxCpmHAOT1q…)
[15:17:03]   downloaded 667.0 MB in 23.8s (28.0 MB/s)
[15:17:38]   upload done video_id=26094371 in 35.0s
[15:17:39] film cr_film_id=19600 OK in 63.5s
[15:17:39] iteration 4/20
[15:17:39] film cr_film_id=26536 name='MOTHER (2020) CZ Titulky' candidates=1
[15:17:39]   candidate upload_id=5fa998f613dbc url=https://prehraj.to/mother-2020-cztitulky/5fa998f613dbc
[15:17:40]   resolved in 0.9s → 720p (https://pf-storage5.premiumcdn.net/19814706/11aTrNI7WTA5IQ0CZrsgvILZUW3ijNc5dSGX…)
[15:18:45]   downloaded 1,931.1 MB in 63.4s (30.5 MB/s)
[15:20:19]   upload done video_id=26094456 in 94.1s
[15:20:21] film cr_film_id=26536 OK in 161.4s
[15:20:21] iteration 5/20
[15:20:21] film cr_film_id=29610 name='Ludo (2020) CZ Titulky' candidates=3
[15:20:21]   candidate upload_id=60a21bdf7f315 url=https://prehraj.to/ludo-2020-1080p-webrip-x264-aac5-1-hindi-cz-tit/60a21bdf7f315
[15:20:22]   resolved in 1.1s → 720p (https://pf-storage1.premiumcdn.net/23546349/7J2IwgSm8tB9FwzT8Qtg8SDyHepHAri49iXg…)
[15:21:56]   downloaded 2,563.4 MB in 93.1s (27.5 MB/s)
[15:23:52]   upload done video_id=26094573 in 115.5s
[15:23:54] film cr_film_id=29610 OK in 213.8s
[15:23:54] iteration 6/20
[15:23:54] film cr_film_id=13846 name='Lost Girls & Love Hotels (2020) CZ Titulky' candidates=4
[15:23:54]   candidate upload_id=5f71307c68aff url=https://prehraj.to/lost-girls-and-love-hotels-2020-cztitulky/5f71307c68aff
[15:23:55]   resolved in 1.0s → 1080p (https://pf-storage5.premiumcdn.net/18884240/gZohQVUOgHEZFL3H0PfGdUV8cdWsBrfaNtr5…)
[15:24:55]   downloaded 1,619.2 MB in 58.0s (27.9 MB/s)
[15:26:11]   upload done video_id=26094670 in 75.9s
[15:26:12] film cr_film_id=13846 OK in 138.1s
[15:26:12] iteration 7/20
[15:26:12] film cr_film_id=8736 name='Last Moment of Clarity (2020) CZ Titulky' candidates=2
[15:26:12]   candidate upload_id=607f221a65c19 url=https://prehraj.to/last-moment-of-clarity-2020-cztitulky/607f221a65c19
[15:26:13]   resolved in 1.0s → 720p (https://pf-storage5.premiumcdn.net/23202438/ErQi0wFp0SEWSK1FDbhMpFyVS5ocMWtJySr3…)
[15:27:00]   downloaded 1,315.2 MB in 45.6s (28.8 MB/s)
[15:27:52]   upload done video_id=26094741 in 51.9s
[15:27:54] film cr_film_id=8736 OK in 101.4s
[15:27:54] iteration 8/20
[15:27:54] film cr_film_id=36800 name='Last Call (2020) CZ Titulky' candidates=4
[15:27:54]   candidate upload_id=60689607d0bc0 url=https://prehraj.to/last-call-2020-cz-titulky/60689607d0bc0
[15:27:55]   resolved in 1.1s → 720p (https://pf-storage5.premiumcdn.net/22945476/oa5FwdSyktdBcbWsZAIX4SReF3aIo2HgOtpd…)
[15:28:31]   downloaded 903.6 MB in 34.7s (26.0 MB/s)
[15:29:39]   upload done video_id=26094804 in 67.6s
[15:29:41] film cr_film_id=36800 OK in 106.7s
[15:29:41] iteration 9/20
[15:29:41] film cr_film_id=5444 name='Lapsis (2020) CZ Titulky' candidates=3
[15:29:41]   candidate upload_id=617d8adb1f241 url=https://prehraj.to/lapsis-2020-cztitulky/617d8adb1f241
[15:29:42]   resolved in 1.0s → 720p (https://pf-storage1.premiumcdn.net/26014015/5yQu68UBESj6SYbU8wtZ3UrRCP8h34C5xH9r…)
[15:30:45]   downloaded 1,781.2 MB in 61.8s (28.8 MB/s)
[15:32:27]   upload done video_id=26094884 in 101.7s
[15:32:28] film cr_film_id=5444 OK in 167.6s
[15:32:28] iteration 10/20
[15:32:28] film cr_film_id=29638 name='LX 2048 (2020) CZ Titulky' candidates=1
[15:32:28]   candidate upload_id=5f8251a3df7df url=https://prehraj.to/lx-2048-2020-cztitulky/5f8251a3df7df
[15:32:29]   resolved in 0.8s → 1080p (https://pf-storage2.premiumcdn.net/19173278/P7WczpUn3sM5cgbUz2tjAUMLinNSXpH9WFRM…)
[15:33:14]   downloaded 1,271.3 MB in 44.3s (28.7 MB/s)
[15:33:59]   upload done video_id=26094966 in 44.5s
[15:34:00] film cr_film_id=29638 OK in 92.1s
[15:34:00] iteration 11/20
[15:34:00] film cr_film_id=1966 name='Král Staten Islandu (2020) CZ Titulky' candidates=9
[15:34:00]   candidate upload_id=5f40b9740394b url=https://prehraj.to/the-king-of-staten-island-drama-komedie-2020-1080p-bluray-5-1-h264-s-cztitulky-73-sten-ok/5f40b9740394b
[15:34:01]   resolved in 0.8s → 720p (https://pf-storage3.premiumcdn.net/18172182/1azTe1Fb4says7VUBbFvZFY4fgGuO3CM3SvB…)
[15:35:20]   downloaded 2,364.3 MB in 77.2s (30.6 MB/s)
[15:37:00]   upload done video_id=26095034 in 100.2s
[15:37:01] film cr_film_id=1966 OK in 181.0s
[15:37:01] iteration 12/20
[15:37:01] film cr_film_id=14718 name='Komplic (2020) CZ Titulky' candidates=1
[15:37:01]   candidate upload_id=6022e4df92973 url=https://prehraj.to/komplic-2021-cztitulky/6022e4df92973
[15:37:02]   resolved in 0.8s → 1080p (https://pf-storage2.premiumcdn.net/22099323/2l3uWBTABUOvTbYtA8skvToRIG1s4AFAecEk…)
[15:39:05]   downloaded 3,447.7 MB in 122.0s (28.3 MB/s)
[15:42:05]   upload done video_id=26095167 in 179.4s
[15:42:06] film cr_film_id=14718 OK in 305.1s
[15:42:06] iteration 13/20
[15:42:06] film cr_film_id=17942 name='Kletba z jihu (2020) CZ Titulky' candidates=7
[15:42:06]   candidate upload_id=5f77d1a4efab3 url=https://prehraj.to/kletba-z-jihu-drama-horor-thriller-italie-2020-1080p-5-1-x264-ita-s-cztitulky-sten-ok/5f77d1a4efab3
[15:42:08]   resolved in 1.1s → 1080p (https://pf-storage5.premiumcdn.net/18990533/jEQSpnTlbIdbUR8u9DFwOTLxFr7cDxhmVU9K…)
[15:43:08]   downloaded 1,619.4 MB in 59.5s (27.2 MB/s)
[15:44:45]   upload done video_id=26095327 in 96.8s
[15:44:47] film cr_film_id=17942 OK in 160.6s
[15:44:47] iteration 14/20
[15:44:47] film cr_film_id=31014 name='Když už se jeden narodí (2020) CZ Titulky' candidates=1
[15:44:47]   candidate upload_id=61ccf7ae00164 url=https://prehraj.to/kdyz-uz-se-jeden-narodi-2020-cztitulky/61ccf7ae00164
[15:44:48]   resolved in 0.8s → 1080p (https://pf-storage2.premiumcdn.net/27893346/yy9ikOu5Es6Lsq8TQ0C1LuOotpKi2gtBDUaQ…)
[15:45:51]   downloaded 1,757.5 MB in 61.2s (28.7 MB/s)
[15:47:26]   upload done video_id=26095417 in 95.1s
[15:47:28] film cr_film_id=31014 OK in 160.9s
[15:47:28] iteration 15/20
[15:47:28] film cr_film_id=4632 name='Kde jsem doma (2020) CZ Titulky' candidates=7
[15:47:28]   candidate upload_id=5e8657e97fca8 url=https://prehraj.to/kde-jsem-doma-drama-thriller-spanelsko-2020-1080p-5-1-x264-s-cztitulky-70-sten-ok/5e8657e97fca8
[15:47:29]   resolved in 0.9s → 720p (https://pf-storage5.premiumcdn.net/16122379/y18sYaipDTxMH4aswLIyRiOPSvMIXahp5sZk…)
[15:48:00]   downloaded 1,002.7 MB in 29.6s (33.9 MB/s)
[15:48:42]   upload done video_id=26095476 in 42.2s
[15:48:43] film cr_film_id=4632 OK in 75.3s
[15:48:43] iteration 16/20
[15:48:43] film cr_film_id=30936 name='Justice League Dark: Apokolips War (2020) CZ Titulky' candidates=1
[15:48:43]   candidate upload_id=2b27e32efdf0c357 url=https://prehraj.to/justice-league-dark-apokolips-war-2020-en-cz-tit-mp4/2b27e32efdf0c357
[15:48:44]   resolve FAILED: HTTP 502 wrapping permanent upstream error: https://prehraj.to/justice-league-dark-apokolips-war-2020-en-cz-tit-mp4/2b27e32efdf0c357 (permanent=True)
[15:48:44] film cr_film_id=30936 all candidates exhausted
[15:48:44] iteration 17/20
[15:48:44] film cr_film_id=31054 name='Jerry Seinfeld: Jak zabít 23 hodin času (2020) CZ Titulky' candidates=1
[15:48:44]   candidate upload_id=6100a6de32c17ab9 url=https://prehraj.to/jerry-seinfeld-jak-zabit-23-hodin-casu-2020-cz-titulky/6100a6de32c17ab9
[15:48:50]   resolved in 6.0s → 1080p (https://pf-storage6.premiumcdn.net/169533391/ARVFPySbyU6nujOurefMvSOvIBOhzxiMEhX…)
[15:49:39]   downloaded 1,350.3 MB in 48.1s (28.1 MB/s)
[15:50:37]   upload done video_id=26095516 in 57.1s
[15:50:38] film cr_film_id=31054 OK in 113.9s
[15:50:38] iteration 18/20
[15:50:38] film cr_film_id=1882 name='Jedna sekunda (2020) CZ Titulky' candidates=1
[15:50:38]   candidate upload_id=663ff3c15ebb0 url=https://prehraj.to/jedna-sekunda-2020-cztitulky/663ff3c15ebb0
[15:50:39]   resolved in 1.0s → 720p (https://pf-storage5.premiumcdn.net/77259035/yrmUGDTjWsd5fQBuNRUpyT1rSEMhG9Sm2tMl…)
[15:51:42]   downloaded 1,806.3 MB in 61.7s (29.3 MB/s)
[15:53:17]   upload done video_id=26095564 in 95.3s
[15:53:19] film cr_film_id=1882 OK in 160.8s
[15:53:19] iteration 19/20
[15:53:19] film cr_film_id=2908 name='Jabka (2020) CZ Titulky' candidates=2
[15:53:19]   candidate upload_id=6182cf6665762 url=https://prehraj.to/jabka-2020-cztitulky/6182cf6665762
[15:53:19]   resolved in 0.7s → 720p (https://pf-storage3.premiumcdn.net/26139337/jOgI4BTN0TLOcyGtd3Ua3TMGFDkFkYC98f1r…)
[15:53:48]   downloaded 664.0 MB in 27.4s (24.2 MB/s)
[15:54:39]   upload done video_id=26095624 in 51.3s
[15:54:40] film cr_film_id=2908 OK in 81.8s
[15:54:40] iteration 20/20
[15:54:40] film cr_film_id=14316 name='It Cuts Deep (2020) CZ Titulky' candidates=9
[15:54:40]   candidate upload_id=6096ceeabad5e url=https://prehraj.to/it-cuts-deep-2020-cztitulky/6096ceeabad5e
[15:54:41]   resolved in 0.9s → 720p (https://pf-storage1.premiumcdn.net/23429895/pyxhMpFzgCa9CLeidgc58Frzh6DhNWUkyCr8…)
[15:55:19]   downloaded 986.1 MB in 36.2s (27.2 MB/s)
[15:56:19]   upload done video_id=26095667 in 59.8s
[15:56:20] film cr_film_id=14316 OK in 100.0s
[15:56:20] batch-end ok=19 failed=1 dur=2899.7s avg/film=152.6s remaining=8820 eta_hours=373.9

===== run 2026-06-18T15:57:01Z shard=0/2 batch_size=20 (https://github.com/Olbrasoft/prehrajto-to-prehrajto/actions/runs/27772183034) =====
[15:57:02] batch-start shard=0/2 count=20 backlog=10210 uploads=1390 failed_attempts=65 description_overrides=0
[15:57:02] login
[15:57:04] login done
[15:57:04] iteration 1/20
[15:57:04] film cr_film_id=31078 name='Invincible (2020) CZ Titulky' candidates=5
[15:57:04]   candidate upload_id=6032894d08d93 url=https://prehraj.to/invincible-2020-1080p-cz-sub-webrip-x264-mp4/6032894d08d93
[15:57:05]   resolved in 1.1s → 720p (https://pf-storage3.premiumcdn.net/22363916/3xwsoYf97CwJIVmTPZf0jfeMHZPIdNTwbTPo…)
[15:58:06]   downloaded 1,491.5 MB in 58.9s (25.3 MB/s)
[15:59:19]   upload done video_id=26095732 in 73.2s
[15:59:23] film cr_film_id=31078 OK in 138.8s
[15:59:23] iteration 2/20
[15:59:23] film cr_film_id=28478 name='Intruder (2020) CZ Titulky' candidates=1
[15:59:23]   candidate upload_id=5f64f77eb88d6 url=https://prehraj.to/intruder-2020-cztitulky/5f64f77eb88d6
[15:59:24]   resolved in 1.1s → 720p (https://pf-storage1.premiumcdn.net/18709506/LnoSjqinJUxQTvrs5mIJeiY7UwNsBZHAacVq…)
[16:00:26]   downloaded 1,518.1 MB in 60.5s (25.1 MB/s)
[16:01:26]   upload done video_id=26095776 in 60.3s
[16:01:28] film cr_film_id=28478 OK in 125.3s
[16:01:28] iteration 3/20
[16:01:28] film cr_film_id=7950 name='Hurá do džungle (2020) CZ Titulky' candidates=3
[16:01:28]   candidate upload_id=613858a6ccec0 url=https://prehraj.to/jungle-run-2021-full-hd-eng-cz-subs-trans/613858a6ccec0
[16:01:29]   resolved in 1.0s → 1080p (https://pf-storage1.premiumcdn.net/24840350/X8YfZPcmeFwnhX8iQWTOlcEYFQ7u7XcGmHDR…)
[16:03:50]   downloaded 3,430.3 MB in 138.7s (24.7 MB/s)
[16:11:27]   upload done video_id=26095852 in 457.9s
[16:11:29] film cr_film_id=7950 OK in 601.5s
[16:11:29] iteration 4/20
[16:11:29] film cr_film_id=17568 name='Hranice odvahy (2020) CZ Titulky' candidates=1
[16:11:29]   candidate upload_id=6313ff0133531 url=https://prehraj.to/hranice-odvahy-2020-cztitulky/6313ff0133531
[16:11:30]   resolved in 0.9s → 1080p (https://pf-storage1.premiumcdn.net/32583211/rRzhLBIQbTbRsp3snDi90IwNfgaH37HKpcd0…)
[16:13:00]   downloaded 2,009.8 MB in 88.1s (22.8 MB/s)
[16:15:04]   upload done video_id=26096253 in 124.2s
[16:15:06] film cr_film_id=17568 OK in 216.8s
[16:15:06] iteration 5/20
[16:15:06] film cr_film_id=32156 name='Hotel Inferno 3: The Castle of Screams (2020) CZ Titulky' candidates=3
[16:15:06]   candidate upload_id=611e98ed4a755 url=https://prehraj.to/hotel-inferno-3-2021-cztitulky/611e98ed4a755
[16:15:07]   resolved in 1.0s → 720p (https://pf-storage3.premiumcdn.net/24652622/4lPu3KT04urlfLrc6gfVqTP1iDnSYpHkYIvy…)
[16:16:20]   downloaded 1,723.4 MB in 71.3s (24.2 MB/s)
[16:17:38]   upload done video_id=26096364 in 78.0s
[16:17:39] film cr_film_id=32156 OK in 153.2s
[16:17:39] iteration 6/20
[16:17:39] film cr_film_id=36830 name='Horizont poznání (2020) CZ Titulky' candidates=1
[16:17:39]   candidate upload_id=60b7bfacb494e url=https://prehraj.to/horizont-poznani-2020-cztitulky/60b7bfacb494e
[16:17:40]   resolved in 1.0s → 1080p (https://pf-storage3.premiumcdn.net/23736093/X4QFBGCpwTyLcPpuEPiwKCn3hR8hM9iBeS81…)
[16:19:27]   downloaded 2,615.5 MB in 104.9s (24.9 MB/s)
[16:22:12]   upload done video_id=26096456 in 164.5s
[16:22:13] film cr_film_id=36830 OK in 273.9s
[16:22:13] iteration 7/20
[16:22:13] film cr_film_id=9882 name='Honeydew (2020) CZ Titulky' candidates=7
[16:22:13]   candidate upload_id=60891aa7af3e2 url=https://prehraj.to/honeydew-2020-cz-titulky-1080p/60891aa7af3e2
[16:22:14]   resolved in 1.1s → 720p (https://pf-storage5.premiumcdn.net/23285379/N6qc5Wiq0synTBvSX5t7vi2RSQkfDohKMhd7…)
[16:23:08]   downloaded 1,202.9 MB in 52.1s (23.1 MB/s)
[16:24:01]   upload done video_id=26096565 in 53.1s
[16:24:04] film cr_film_id=9882 OK in 110.6s
[16:24:04] iteration 8/20
[16:24:04] film cr_film_id=14232 name='Holka od koní (2020) CZ Titulky' candidates=4
[16:24:04]   candidate upload_id=5e84f848f416c url=https://prehraj.to/holka-od-koni-drama-2020-1080p-5-1-x264-s-cztitulky-55-sten-ok/5e84f848f416c
[16:24:05]   resolved in 1.1s → 1080p (https://pf-storage1.premiumcdn.net/16114642/xwgsJoTo9SXMiPpfpPUPeTa5SZls5BuaJfd3…)
[16:25:37]   downloaded 2,251.3 MB in 90.2s (25.0 MB/s)
[16:27:26]   upload done video_id=26096624 in 109.6s
[16:27:28] film cr_film_id=14232 OK in 204.5s
[16:27:28] iteration 9/20
[16:27:28] film cr_film_id=8500 name='Held (2020) CZ Titulky' candidates=5
[16:27:28]   candidate upload_id=6079727ab5a77 url=https://prehraj.to/held-2020-cz-titulky-v-obraze-horor-mysteriozni-thriller/6079727ab5a77
[16:27:30]   resolved in 1.1s → 720p (https://pf-storage5.premiumcdn.net/23141268/38OhpwfnlTe7FOETLeI7EfykumAtp2FqguXJ…)
[16:28:32]   downloaded 1,368.3 MB in 60.1s (22.8 MB/s)
[16:29:32]   upload done video_id=26096696 in 60.9s
[16:29:34] film cr_film_id=8500 OK in 126.0s
[16:29:34] iteration 10/20
[16:29:34] film cr_film_id=32114 name='Hejtr (2020) CZ Titulky' candidates=1
[16:29:34]   candidate upload_id=6097b082db09c url=https://prehraj.to/mistnost-sebevrahu-hater-sala-samobojcow-hejter-the-hater-2020-pl-cz-tit/6097b082db09c
[16:29:36]   resolved in 1.1s → 480p (https://pf-storage3.premiumcdn.net/23434668/304h1ocRxhbzCzmCwRilbcoQtKZfY0SAzurm…)
[16:30:19]   downloaded 935.9 MB in 41.2s (22.7 MB/s)
[16:31:12]   upload done video_id=26096739 in 53.1s
[16:31:13] film cr_film_id=32114 OK in 98.8s
[16:31:13] iteration 11/20
[16:31:13] film cr_film_id=9226 name='Girl (2020) CZ Titulky' candidates=9
[16:31:13]   candidate upload_id=5dc93c424256f url=https://prehraj.to/girl-on-the-third-floor-horor-2019-1080p-h264-s-cztitulky-46-sten-ok/5dc93c424256f
[16:31:14]   resolved in 1.1s → 1080p (https://pf-storage5.premiumcdn.net/15241810/AOpI8Ms70SApsY4sEpiPlsKvcdEFQ9TGdtK0…)
[16:32:43]   downloaded 2,141.3 MB in 87.2s (24.6 MB/s)
[16:35:04]   upload done video_id=26096809 in 141.2s
[16:35:06] film cr_film_id=9226 OK in 232.7s
[16:35:06] iteration 12/20
[16:35:06] film cr_film_id=26804 name='Freaks: Jedni z nás (2020) CZ Titulky' candidates=5
[16:35:06]   candidate upload_id=5f521d1e6da7b url=https://prehraj.to/freaks-jedni-z-nas-sci-fi-fantasy-drama-2020-720p-5-1-x264-s-cztitulky-52-sten/5f521d1e6da7b
[16:35:07]   resolved in 1.1s → 720p (https://pf-storage1.premiumcdn.net/18436503/zoYsnoIzaF32IeJsr7U1nIensZ9sMXhlasOe…)
[16:36:00]   downloaded 877.0 MB in 51.1s (17.2 MB/s)
[16:36:50]   upload done video_id=26096945 in 49.9s
[16:36:52] film cr_film_id=26804 OK in 106.1s
[16:36:52] iteration 13/20
[16:36:52] film cr_film_id=17566 name='Final Kill (2020) CZ Titulky' candidates=5
[16:36:52]   candidate upload_id=5e7f5dac15c83 url=https://prehraj.to/final-kill-akcni-2020-cz-titulky/5e7f5dac15c83
[16:36:53]   resolved in 1.0s → 480p (https://pf-storage5.premiumcdn.net/16082920/48zFb6U0DFdmf9GtQXTrQUL0srEfn2s9Gi06…)
[16:37:24]   downloaded 687.2 MB in 29.4s (23.4 MB/s)
[16:38:44]   upload done video_id=26097008 in 80.0s
[16:38:46] film cr_film_id=17566 OK in 113.6s
[16:38:46] iteration 14/20
[16:38:46] film cr_film_id=31052 name='Father Soldier Son (2020) CZ Titulky' candidates=1
[16:38:46]   candidate upload_id=5f11d775b0bcc url=https://prehraj.to/father-soldier-son-valecny-dokument-2020-720p-h264-s-cztitulky-sten-ok/5f11d775b0bcc
[16:38:48]   resolved in 2.1s → 720p (https://pf-storage5.premiumcdn.net/17352918/lORHbMUlkhrpFEpIV7CEJUn8TYPCqyhMmTxd…)
[16:39:46]   downloaded 1,380.5 MB in 56.7s (24.3 MB/s)
[16:41:09]   upload done video_id=26097128 in 83.3s
[16:41:11] film cr_film_id=31052 OK in 145.0s
[16:41:11] iteration 15/20
[16:41:11] film cr_film_id=26268 name='Děti od Windermere (2020) CZ Titulky' candidates=1
[16:41:11]   candidate upload_id=5f7b6e50ac4c1 url=https://prehraj.to/the-windermere-children-2020-cztitulky/5f7b6e50ac4c1
[16:41:12]   resolved in 1.1s → 720p (https://pf-storage5.premiumcdn.net/19062635/rr3c0Ksq0IM9c3RfMAi5vsW5ivQiYvUpQF3B…)
[16:42:25]   downloaded 1,130.9 MB in 71.9s (15.7 MB/s)
[16:43:33]   upload done video_id=26097220 in 67.2s
[16:43:34] film cr_film_id=26268 OK in 143.4s
[16:43:34] iteration 16/20
[16:43:34] film cr_film_id=29860 name='Děsivý dům (2020) CZ Titulky' candidates=2
[16:43:34]   candidate upload_id=609f176492333 url=https://prehraj.to/desivy-dum-rodinny-fantasy-horor-2020-1080p-web-5-1-h264-ger-s-cztitulky-sten-ok/609f176492333
[16:43:36]   resolved in 2.1s → 1080p (https://pf-storage1.premiumcdn.net/23518296/LjMhWLSnvID7F9jsV4HyYS2vU3McGNiNjcyb…)
[16:45:06]   downloaded 2,046.0 MB in 87.8s (23.3 MB/s)
[16:47:46]   upload done video_id=26097305 in 160.5s
[16:47:48] film cr_film_id=29860 OK in 253.8s
[16:47:48] iteration 17/20
[16:47:48] film cr_film_id=19372 name='Dítě z Parku jehel (2020) CZ Titulky' candidates=2
[16:47:48]   candidate upload_id=626826cca9901 url=https://prehraj.to/dite-z-parku-jehel-2020-cztitulky/626826cca9901
[16:47:49]   resolved in 1.2s → 1080p (https://pf-storage1.premiumcdn.net/30613850/xMwfBMFQRU3qF91ha5UAzF3qsmbSO0hbof5k…)
[16:49:20]   downloaded 2,012.4 MB in 89.3s (22.5 MB/s)
[16:51:27]   upload done video_id=26097425 in 127.4s
[16:51:29] film cr_film_id=19372 OK in 220.9s
[16:51:29] iteration 18/20
[16:51:29] film cr_film_id=14322 name='Dune Drifter (2020) CZ Titulky' candidates=8
[16:51:29]   candidate upload_id=5fd757a1e1e07 url=https://prehraj.to/dune-drifter-sci-di-v-b-2020-1080p-5-1-h264-s-cztitulky-sten-ok/5fd757a1e1e07
[16:51:30]   resolved in 1.3s → 720p (https://pf-storage5.premiumcdn.net/20773002/69bTq1IMzURZSQkHy4UL7IQBHkaHB3hpeFnY…)
[16:52:57]   downloaded 2,145.2 MB in 85.8s (25.0 MB/s)
[16:54:40]   upload done video_id=26097510 in 103.1s
[16:54:42] film cr_film_id=14322 OK in 193.2s
[16:54:42] iteration 19/20
[16:54:42] film cr_film_id=14046 name="Don't Speak (2020) CZ Titulky" candidates=3
[16:54:42]   candidate upload_id=5f80b9841e84c url=https://prehraj.to/dont-speak-horor-v-b-2020-720p-2-0-x264-s-cztitulky-32-sten-ok/5f80b9841e84c
[16:54:43]   resolved in 1.0s → 480p (https://pf-storage5.premiumcdn.net/19153277/ZBJtxGh0KtXxsoaUV5CAqhQrc47cZzf4AsDQ…)
[16:55:09]   downloaded 557.9 MB in 24.5s (22.8 MB/s)
[16:55:34]   upload done video_id=26097557 in 24.2s
[16:55:35] film cr_film_id=14046 OK in 53.0s
[16:55:35] iteration 20/20
[16:55:35] film cr_film_id=17472 name='Dokud nás vražda nerozdělí (2020) CZ Titulky' candidates=3
[16:55:35]   candidate upload_id=5ec7d061542d5 url=https://prehraj.to/dokud-nas-vrazda-nerozdeli-komedie-2020-720p-5-1-h264-s-cztitulky-sten-ok/5ec7d061542d5
[16:55:37]   resolved in 1.9s → 720p (https://pf-storage4.premiumcdn.net/16623273/VBMSzeTgptZkiJxH4vTy1TpwfYxib1tKLCko…)
[16:56:21]   downloaded 1,053.2 MB in 42.9s (24.5 MB/s)
[16:57:06]   upload done video_id=26097585 in 44.8s
[16:57:08] film cr_film_id=17472 OK in 93.1s
[16:57:08] batch-end ok=20 failed=0 dur=3604.3s avg/film=180.2s remaining=8800 eta_hours=440.5

===== run 2026-06-18T16:57:37Z shard=0/2 batch_size=20 (https://github.com/Olbrasoft/prehrajto-to-prehrajto/actions/runs/27775683009) =====
[16:57:38] batch-start shard=0/2 count=20 backlog=10210 uploads=1410 failed_attempts=65 description_overrides=0
[16:57:38] login
[16:57:39] login done
[16:57:39] iteration 1/20
[16:57:39] film cr_film_id=33496 name='Disturbing the Peace (2020) CZ Titulky' candidates=1
[16:57:39]   candidate upload_id=5e2aff4c15163 url=https://prehraj.to/disturbing-the-peace-akcni-2020-720p-x264-s-cztitulky-sten-ok/5e2aff4c15163
[16:57:40]   resolved in 1.0s → 480p (https://pf-storage2.premiumcdn.net/15717991/qM8IVdh0LI74iNlUv2TnVhvOtOgSwOtvXIeg…)
[16:59:10]   downloaded 713.3 MB in 88.3s (8.1 MB/s)
[16:59:55]   upload done video_id=26097658 in 45.2s
[16:59:56] film cr_film_id=33496 OK in 137.4s
[16:59:56] iteration 2/20
[16:59:56] film cr_film_id=14132 name='Death of a Telemarketer (2020) CZ Titulky' candidates=2
[16:59:56]   candidate upload_id=61eeeac4905c7 url=https://prehraj.to/death-of-a-telemarketer-2020-cztitulky/61eeeac4905c7
[16:59:57]   resolved in 0.9s → 720p (https://pf-storage4.premiumcdn.net/28688379/xpeIE8cg4sb6uVZiDaS9ycN7U0DuRZIZbugp…)
[17:00:36]   downloaded 1,098.6 MB in 36.8s (29.9 MB/s)
[17:01:39]   upload done video_id=26097728 in 63.1s
[17:01:40] film cr_film_id=14132 OK in 103.7s
[17:01:40] iteration 3/20
[17:01:40] film cr_film_id=33618 name='Další  jehňátko (2020) CZ Titulky' candidates=1
[17:01:40]   candidate upload_id=6001ecc427fda url=https://prehraj.to/dalsi-jehnatko-2019-cztitulky/6001ecc427fda
[17:01:41]   resolved in 1.0s → 1080p (https://pf-storage5.premiumcdn.net/21507588/4VjSWZcWDfVBt3XsBkc2xcN5spNhQ5FkYCwb…)
[17:02:59]   downloaded 1,984.2 MB in 77.0s (25.8 MB/s)
[17:05:19]   upload done video_id=26097851 in 139.6s
[17:05:20] film cr_film_id=33618 OK in 220.2s
[17:05:20] iteration 4/20
[17:05:20] film cr_film_id=16926 name='Cuties (2020) CZ Titulky' candidates=2
[17:05:20]   candidate upload_id=5f5a7056796f5 url=https://prehraj.to/cuties-drama-komedie-francie-2020-1080p-5-1-x264-en-s-cztitulky-24-24-sten-ok/5f5a7056796f5
[17:05:21]   resolved in 0.9s → 1080p (https://pf-storage1.premiumcdn.net/18544101/mMpcDzfnaHL0IwAS5GTLJfyjUKDty9IZniD0…)
[17:06:39]   downloaded 2,344.7 MB in 76.3s (30.7 MB/s)
[17:09:04]   upload done video_id=26098014 in 144.8s
[17:09:06] film cr_film_id=16926 OK in 225.6s
[17:09:06] iteration 5/20
[17:09:06] film cr_film_id=26752 name='Crocodile Island (2020) CZ Titulky' candidates=1
[17:09:06]   candidate upload_id=5eef983b94775 url=https://prehraj.to/crocodile-island-akcni-2020-cz-titulky/5eef983b94775
[17:09:07]   resolved in 1.0s → 480p (https://pf-storage3.premiumcdn.net/17001153/NVkSjwFaluydI9xt4BFgOFX5IJRi2pC4VT9D…)
[17:09:46]   downloaded 1,105.5 MB in 37.2s (29.7 MB/s)
[17:10:37]   upload done video_id=26098118 in 51.8s
[17:10:39] film cr_film_id=26752 OK in 92.8s
[17:10:39] iteration 6/20
[17:10:39] film cr_film_id=16978 name='Cowboys (2020) CZ Titulky' candidates=9
[17:10:39]   candidate upload_id=604fce9c047fe url=https://prehraj.to/cowboys-drama-2020-1080p-web-5-1-h264-s-cztitulky-sten-ok/604fce9c047fe
[17:10:40]   resolved in 1.0s → 720p (https://pf-storage5.premiumcdn.net/22684652/QmxSa7sYmTVzCjWcKZU1Rs8LCOqUQRS5ASKL…)
[17:11:21]   downloaded 1,190.5 MB in 40.2s (29.6 MB/s)
[17:12:05]   upload done video_id=26098156 in 43.9s
[17:12:06] film cr_film_id=16978 OK in 87.7s
[17:12:06] iteration 7/20
[17:12:06] film cr_film_id=8750 name='Coffee & Kareem (2020) CZ Titulky' candidates=2
[17:12:06]   candidate upload_id=5e89fc36c4f11 url=https://prehraj.to/coffee-kareem-akcni-komedie-2020-480p-xvid-s-cztitulky-50-sten-ok/5e89fc36c4f11
[17:12:07]   resolved in 1.0s → 480p (https://pf-storage5.premiumcdn.net/16147630/GZlfeXc3DTE1IpBFK1HZOcdpfvVHjRsaZhLl…)
[17:12:25]   downloaded 423.8 MB in 15.9s (26.7 MB/s)
[17:12:41]   upload done video_id=26098181 in 16.4s
[17:12:42] film cr_film_id=8750 OK in 35.7s
[17:12:42] iteration 8/20
[17:12:42] film cr_film_id=16712 name='Clownface (2020) CZ Titulky' candidates=3
[17:12:42]   candidate upload_id=6068afb636e89 url=https://prehraj.to/clownface-horor-v-b-2020-1080p-web-2-0-h264-s-cztitulky-sten-ok/6068afb636e89
[17:12:43]   resolved in 1.0s → 720p (https://pf-storage5.premiumcdn.net/22946382/lXGt6ZclvF4XUD0CpgigVcy8SjWFkQFBVuXM…)
[17:13:51]   downloaded 1,295.8 MB in 66.9s (19.4 MB/s)
[17:14:51]   upload done video_id=26098219 in 59.7s
[17:14:52] film cr_film_id=16712 OK in 130.0s
[17:14:52] iteration 9/20
[17:14:52] film cr_film_id=570 name='Chicagský tribunál (2020) CZ Titulky' candidates=11
[17:14:52]   candidate upload_id=5f8ae7160d659 url=https://prehraj.to/chicagsky-tribunal-drama-2020-1080p-5-1-x264-s-cztitulky-88-sten-ok/5f8ae7160d659
[17:14:53]   resolved in 0.9s → 1080p (https://pf-storage5.premiumcdn.net/19315040/1DasJqumatgVhV6cqNIbPu2LFjPCklsQ7UX8…)
[17:16:02]   downloaded 2,084.8 MB in 68.4s (30.5 MB/s)
[17:17:20]   upload done video_id=26098268 in 78.0s
[17:17:22] film cr_film_id=570 OK in 149.8s
[17:17:22] iteration 10/20
[17:17:22] film cr_film_id=5042 name='Chemie srdcí (2020) CZ Titulky' candidates=3
[17:17:22]   candidate upload_id=6097acfbc7280 url=https://prehraj.to/chemical-hearts-2020-cz-titulky-v-obraze/6097acfbc7280
[17:17:23]   resolved in 1.0s → 480p (https://pf-storage5.premiumcdn.net/23434557/bRKfERhDMiExiDeU0Bu8WhvkSq2SQLiKrceE…)
[17:17:53]   downloaded 645.5 MB in 29.1s (22.2 MB/s)
[17:18:24]   upload done video_id=26098313 in 31.1s
[17:18:25] film cr_film_id=5042 OK in 63.4s
[17:18:25] iteration 11/20
[17:18:25] film cr_film_id=29728 name='Celý můj život (2020) CZ Titulky' candidates=2
[17:18:25]   candidate upload_id=5fea2f409917b url=https://prehraj.to/all-my-life-2020-cztitulky/5fea2f409917b
[17:18:26]   resolved in 0.9s → 720p (https://pf-storage5.premiumcdn.net/21077889/0YZs8AUVgIJNck8FVBHy1UAMTNVfjVhVmF4m…)
[17:19:28]   downloaded 1,532.1 MB in 60.6s (25.3 MB/s)
[17:20:50]   upload done video_id=26098356 in 82.4s
[17:20:51] film cr_film_id=29728 OK in 146.1s
[17:20:51] iteration 12/20
[17:20:51] film cr_film_id=31104 name='Caveat (2020) CZ Titulky' candidates=6
[17:20:51]   candidate upload_id=689cb800c738d url=https://prehraj.to/caveat-2020-cz-tit/689cb800c738d
[17:20:52]   resolved in 0.8s → 480p (https://pf-storage3.premiumcdn.net/143561072/ZDmsa9SPQcNwtlETjYtBnSn6hQ0fgZTXrHy…)
[17:20:59]   downloaded 129.2 MB in 5.6s (23.1 MB/s)
[17:21:07]   upload done video_id=26098415 in 7.6s
[17:21:08] film cr_film_id=31104 OK in 16.4s
[17:21:08] iteration 13/20
[17:21:08] film cr_film_id=26714 name='Bulbbul (2020) CZ Titulky' candidates=2
[17:21:08]   candidate upload_id=5ef4e358c5605 url=https://prehraj.to/bulbbul-horor-indie-2020-1080p-5-1-x264-s-cztitulky-sten-ok/5ef4e358c5605
[17:21:09]   resolved in 1.0s → 1080p (https://pf-storage5.premiumcdn.net/17057019/55wugMhVETkYFROsrkH9Nh8zCjzHPOf1WsOr…)
[17:22:11]   downloaded 1,854.7 MB in 61.2s (30.3 MB/s)
[17:23:24]   upload done video_id=26098459 in 73.0s
[17:23:26] film cr_film_id=26714 OK in 138.0s
[17:23:26] iteration 14/20
[17:23:26] film cr_film_id=19638 name='Breeder (2020) CZ Titulky' candidates=7
[17:23:26]   candidate upload_id=61a590b51105f url=https://prehraj.to/breeder-dk-2020-cz-titulky/61a590b51105f
[17:23:27]   resolved in 1.2s → 720p (https://pf-storage1.premiumcdn.net/26966869/kkBtjGf4nuDASkxsNKtnKfBwsdasBGHr7FOb…)
[17:24:10]   downloaded 1,265.0 MB in 41.9s (30.2 MB/s)
[17:25:01]   upload done video_id=26098517 in 51.0s
[17:25:03] film cr_film_id=19638 OK in 96.8s
[17:25:03] iteration 15/20
[17:25:03] film cr_film_id=19374 name='Bratrstvo pěti (2020) CZ Titulky' candidates=8
[17:25:03]   candidate upload_id=5ee4127b15169 url=https://prehraj.to/bratrstvo-peti-valecne-drama-2020-720p-5-1-h264-r-de-niro-s-cztitulky-53-sten-ok/5ee4127b15169
[17:25:03]   resolved in 0.8s → 720p (https://pf-storage1.premiumcdn.net/16888662/MqXtNGTQVIAoTGBUWJhAKT4ouDVcX6sl2t6D…)
[17:26:49]   downloaded 3,104.5 MB in 104.4s (29.7 MB/s)
[17:29:05]   upload done video_id=26098599 in 135.6s
[17:29:06] film cr_film_id=19374 OK in 243.8s
[17:29:06] iteration 16/20
[17:29:06] film cr_film_id=18056 name='Blackpink: Light Up the Sky (2020) CZ Titulky' candidates=5
[17:29:06]   candidate upload_id=5f8a18cce164b url=https://prehraj.to/blackpink-light-up-the-sky-2020-cztitulky/5f8a18cce164b
[17:29:07]   resolved in 1.0s → 1080p (https://pf-storage5.premiumcdn.net/19291307/9jYhrQu7JU1vhj6TM7f8MumMFKBFq4hD0hlJ…)
[17:30:22]   downloaded 2,261.2 MB in 74.0s (30.6 MB/s)
[17:31:50]   upload done video_id=26098704 in 87.8s
[17:31:52] film cr_film_id=18056 OK in 165.4s
[17:31:52] iteration 17/20
[17:31:52] film cr_film_id=14238 name='Bez zvláštních znamení (2020) CZ Titulky' candidates=4
[17:31:52]   candidate upload_id=a6782973b061498a url=https://prehraj.to/bez-zvlastnich-znameni-sin-senas-particulares-identifying-features-2020-esp-cz-tit-mkv-mp4/a6782973b061498a
[17:31:53]   resolved in 0.9s → 480p (https://pf-storage1.premiumcdn.net/161615789/bqesGJfXYT8qUQaCv1Ho3f87i1YIBXsevhl…)
[17:32:08]   downloaded 392.5 MB in 14.5s (27.1 MB/s)
[17:32:29]   upload done video_id=26098759 in 20.2s
[17:32:30] film cr_film_id=14238 OK in 38.2s
[17:32:30] iteration 18/20
[17:32:30] film cr_film_id=17470 name='Betonový kovboj (2020) CZ Titulky' candidates=2
[17:32:30]   candidate upload_id=60687c603ecd3 url=https://prehraj.to/betonovy-kovboj-2020-1080p-cz-tit/60687c603ecd3
[17:32:31]   resolved in 0.9s → 1080p (https://pf-storage4.premiumcdn.net/22944489/pJxIOKfB3clDcRYCa9i71fd7T1LC4KCbnc7Q…)
[17:37:07]   downloaded 3,997.2 MB in 274.9s (14.5 MB/s)
[17:41:12]   upload done video_id=26098913 in 244.5s
[17:41:14] film cr_film_id=17470 OK in 523.9s
[17:41:14] iteration 19/20
[17:41:14] film cr_film_id=30734 name='Becoming (2020) CZ Titulky' candidates=2
[17:41:14]   candidate upload_id=5e78ac98830c0 url=https://prehraj.to/vasen-a-cit-becoming-romanticky-2020-1080p-h264-s-cztitulky-67-sten-ok/5e78ac98830c0
[17:41:15]   resolved in 1.1s → 720p (https://pf-storage2.premiumcdn.net/16056976/9OXsNoTXnf0yHErioytnBTN7fb0hbzu8Gs9r…)
[17:42:02]   downloaded 1,326.3 MB in 45.1s (29.4 MB/s)
[17:43:07]   upload done video_id=26099056 in 65.0s
[17:43:08] film cr_film_id=30734 OK in 114.4s
[17:43:08] iteration 20/20
[17:43:08] film cr_film_id=26516 name='Battle Star Wars (2020) CZ Titulky' candidates=1
[17:43:08]   candidate upload_id=5f871ed2c23da url=https://prehraj.to/battle-star-wars-2020-cztitulky/5f871ed2c23da
[17:43:09]   resolved in 0.8s → 720p (https://pf-storage5.premiumcdn.net/19250237/8E3TR2upJUebcVXhAlf9RuDMCDnIGauP0IQn…)
[17:45:16]   downloaded 1,422.7 MB in 125.4s (11.3 MB/s)
[17:46:48]   upload done video_id=26099173 in 92.0s
[17:46:50] film cr_film_id=26516 OK in 221.4s
[17:46:50] batch-end ok=20 failed=0 dur=2950.8s avg/film=147.5s remaining=8780 eta_hours=359.7

===== run 2026-06-18T18:06:03Z shard=0/2 batch_size=20 (https://github.com/Olbrasoft/prehrajto-to-prehrajto/actions/runs/27779540427) =====
[18:06:04] batch-start shard=0/2 count=20 backlog=10210 uploads=1430 failed_attempts=65 description_overrides=0
[18:06:04] login
[18:06:06] login done
[18:06:06] iteration 1/20
[18:06:06] film cr_film_id=4198 name='Asi to ukončím (2020) CZ Titulky' candidates=7
[18:06:06]   candidate upload_id=5f549a7f95e0c url=https://prehraj.to/asi-to-ukoncim-drama-thriller-2020-1080p-5-1-x264-s-cztitulky-67-sten-ok/5f549a7f95e0c
[18:06:07]   resolved in 1.2s → 1080p (https://pf-storage1.premiumcdn.net/18456378/GPJsLqHDBSnVf7dhVnC5nHaqhA9CYlS49uwO…)
[18:08:43]   downloaded 3,058.5 MB in 153.7s (19.9 MB/s)
[18:11:45]   upload done video_id=26099877 in 182.9s
[18:11:48] film cr_film_id=4198 OK in 342.7s
[18:11:48] iteration 2/20
[18:11:48] film cr_film_id=31000 name='Anjaam Pathiraa (2020) CZ Titulky' candidates=7
[18:11:48]   candidate upload_id=605daa0a69ba0 url=https://prehraj.to/anjaam-pathiraa-2020-cz-titulky-1080p/605daa0a69ba0
[18:11:49]   resolved in 1.1s → 720p (https://pf-storage5.premiumcdn.net/22818810/4NMfoQslKcALs1aImbIMes8YFW2TQNCwyIm4…)
[18:13:37]   downloaded 2,099.5 MB in 106.0s (19.8 MB/s)
[18:16:40]   upload done video_id=26100046 in 182.5s
[18:16:42] film cr_film_id=31000 OK in 293.4s
[18:16:42] iteration 3/20
[18:16:42] film cr_film_id=14074 name='Animales humanos (2020) CZ Titulky' candidates=3
[18:16:42]   candidate upload_id=60f5b0d28ae7a url=https://prehraj.to/animales-humanos-2020-cztitulky/60f5b0d28ae7a
[18:16:43]   resolved in 1.2s → 1080p (https://pf-storage3.premiumcdn.net/24330879/8PZs3NckeuWkFDVSPpcW3c9wFdQsLOu9bhV4…)
[18:18:00]   downloaded 1,460.2 MB in 74.8s (19.5 MB/s)
[18:19:25]   upload done video_id=26100186 in 85.3s
[18:19:27] film cr_film_id=14074 OK in 165.1s
[18:19:27] iteration 4/20
[18:19:27] film cr_film_id=9232 name='Amulet (2020) CZ Titulky' candidates=8
[18:19:27]   candidate upload_id=5f3d84b9bf8c4 url=https://prehraj.to/amulet-2020-1080p-cz-titulky/5f3d84b9bf8c4
[18:19:28]   resolved in 1.5s → 720p (https://pf-storage3.premiumcdn.net/18124617/KQbFmvHN1HDZiP3tLeT3oH70ubkTeyc45slZ…)
[18:20:32]   downloaded 1,211.6 MB in 61.5s (19.7 MB/s)
[18:22:07]   upload done video_id=26100250 in 95.0s
[18:22:09] film cr_film_id=9232 OK in 162.7s
[18:22:09] iteration 5/20
[18:22:09] film cr_film_id=19734 name='Al morir la Matinee (2020) CZ Titulky' candidates=2
[18:22:09]   candidate upload_id=5ff9f68ae5a2c url=https://prehraj.to/al-morir-la-matinee-horor-uruguay-2020-webrip-1080p-2-0-x264-s-cztitulky-64-sten-ok/5ff9f68ae5a2c
[18:22:11]   resolved in 1.6s → 720p (https://pf-storage5.premiumcdn.net/21364047/DY9IwXC3mcZPSkrieWFvKCeJUeJf0Mtn8HEv…)
[18:25:33]   downloaded 1,205.9 MB in 199.4s (6.0 MB/s)
[18:27:03]   upload done video_id=26100347 in 90.6s
[18:27:05] film cr_film_id=19734 OK in 295.5s
[18:27:05] iteration 6/20
[18:27:05] film cr_film_id=30812 name='A Thousand Miles Behind (2020) CZ Titulky' candidates=5
[18:27:05]   candidate upload_id=5ee7bb5a69bb3 url=https://prehraj.to/a-thousand-miles-behind-2019-cztitulky/5ee7bb5a69bb3
[18:27:06]   resolved in 1.1s → 720p (https://pf-storage3.premiumcdn.net/16922682/jjKHn6uGPhwMcQjCgmS3eu62hYaiydCDah0K…)
[18:28:09]   downloaded 1,078.7 MB in 60.6s (17.8 MB/s)
[18:29:08]   upload done video_id=26100401 in 59.1s
[18:29:10] film cr_film_id=30812 OK in 124.9s
[18:29:10] iteration 7/20
[18:29:10] film cr_film_id=26490 name='25 let neviny (2020) CZ Titulky' candidates=3
[18:29:10]   candidate upload_id=11889c01f7970444 url=https://prehraj.to/25-let-neviny-25-lat-niewinnosci-25-years-of-innocence-2020-pl-cz-tit-mkv/11889c01f7970444
[18:29:11]   resolved in 1.1s → 720p (https://pf-storage3.premiumcdn.net/161610248/9q2IXLcQLS7QuqaF31HeaclqClvs5lIB5uy…)
[18:34:10]   downloaded 1,656.3 MB in 297.5s (5.6 MB/s)
[18:35:54]   upload done video_id=26100512 in 103.9s
[18:35:56] film cr_film_id=26490 OK in 406.5s
[18:35:56] iteration 8/20
[18:35:56] film cr_film_id=19694 name='200 metrů (2020) CZ Titulky' candidates=1
[18:35:56]   candidate upload_id=6176d27fd11f4 url=https://prehraj.to/200-metru-2020-cztitulky/6176d27fd11f4
[18:35:58]   resolved in 1.4s → 1080p (https://pf-storage1.premiumcdn.net/25857130/9easEycjaCwauxqiM7UXrcmwH7YIEvU90HNj…)
[18:38:15]   downloaded 2,698.7 MB in 135.7s (19.9 MB/s)
[18:41:28]   upload done video_id=26100604 in 192.2s
[18:41:29] film cr_film_id=19694 OK in 333.2s
[18:41:29] iteration 9/20
[18:41:29] film cr_film_id=7964 name='12 Hour Shift (2020) CZ Titulky' candidates=4
[18:41:29]   candidate upload_id=5f7f39b0d32bd url=https://prehraj.to/12-hour-shift-horor-thriller-komedie-2020-1080p-5-1-x264-s-cztitulky-44-sten-ok/5f7f39b0d32bd
[18:41:31]   resolved in 2.0s → 720p (https://pf-storage5.premiumcdn.net/19126943/XbauM3ILJuqnf4zt9ztXQI8XSn7sjwUx0cvq…)
[18:42:35]   downloaded 1,213.9 MB in 61.0s (19.9 MB/s)
[18:43:42]   upload done video_id=26100685 in 67.4s
[18:43:44] film cr_film_id=7964 OK in 134.2s
[18:43:44] iteration 10/20
[18:43:44] film cr_film_id=19622 name='#Žiju (2020) CZ Titulky' candidates=7
[18:43:44]   candidate upload_id=5f85b422493c7 url=https://prehraj.to/ziju-horor-thriller-2020-cz-tit-dublsoft/5f85b422493c7
[18:43:46]   resolved in 2.1s → 480p (https://pf-storage5.premiumcdn.net/19230074/kajuJ4i58Un5c0osweHDziXOSyeTZluvlU4a…)
[19:04:12]   downloaded 639.2 MB in 1224.7s (0.5 MB/s)
[19:04:57]   upload done video_id=26101118 in 45.0s
[19:05:01] film cr_film_id=19622 OK in 1277.0s
[19:05:01] iteration 11/20
[19:05:01] film cr_film_id=33568 name='Девятая (2019) CZ Titulky' candidates=1
[19:05:01]   candidate upload_id=5fadc96725c6a url=https://prehraj.to/devjataja-thriller-2019-720p-2-0-rus-s-cztitulky-sten-ok/5fadc96725c6a
[19:05:03]   resolved in 2.0s → 720p (https://pf-storage5.premiumcdn.net/19881321/lkMsPwSa8i7Zh5mCRaIazS5etomF9mHzWT2O…)
[19:06:00]   downloaded 1,114.7 MB in 55.3s (20.2 MB/s)
[19:07:23]   upload done video_id=26101172 in 82.9s
[19:07:25] film cr_film_id=33568 OK in 144.2s
[19:07:25] iteration 12/20
[19:07:25] film cr_film_id=33514 name='Žaluji! (2019) CZ Titulky' candidates=2
[19:07:25]   candidate upload_id=5f0f66400bcc5 url=https://prehraj.to/zaluji-krimi-thriller-2019-1080p-bluray-5-1-h264-fra-s-cztitulky-74-sten-ok/5f0f66400bcc5
[19:07:26]   resolved in 1.5s → 720p (https://pf-storage5.premiumcdn.net/17319534/emDhxqcxKtBwfwpSXxIKwcZBSb3SzGCmgC6O…)
[19:39:23]   downloaded 1,131.9 MB in 1915.2s (0.6 MB/s)
[19:40:33]   upload done video_id=26102009 in 69.4s
[19:40:36] film cr_film_id=33514 OK in 1991.2s
[19:40:36] iteration 13/20
[19:40:36] film cr_film_id=32100 name='Škola Hrůzy (2019) CZ Titulky' candidates=2
[19:40:36]   candidate upload_id=5d3e68d7b4660 url=https://prehraj.to/eerie-horor-thriller-filipiny-2018-1080p-5-1-x264-s-cztitulky-24-15-sten-ok/5d3e68d7b4660
[19:40:38]   resolved in 1.5s → 1080p (https://pf-storage5.premiumcdn.net/14505477/5pPT61S9LIGdCY1SjltWjSg7i96fZRT0giNL…)
[19:41:40]   downloaded 1,224.3 MB in 60.7s (20.2 MB/s)
[19:42:49]   upload done video_id=26102066 in 68.7s
[19:42:51] film cr_film_id=32100 OK in 134.6s
[19:42:51] iteration 14/20
[19:42:51] film cr_film_id=8256 name='Ďáblovi běžci (2019) CZ Titulky' candidates=2
[19:42:51]   candidate upload_id=5de9c50282623 url=https://prehraj.to/running-with-the-devil-2019-cz-tit/5de9c50282623
[19:42:53]   resolved in 2.2s → 720p (https://pf-storage5.premiumcdn.net/15406150/aAOsyvHL6sPphxAS8NTEdHlef1Gs8xUWbfAg…)
[20:00:11]   downloaded 1,828.2 MB in 1035.9s (1.8 MB/s)
[20:01:46]   upload done video_id=26102387 in 95.0s
[20:01:49] film cr_film_id=8256 OK in 1138.1s
[20:01:49] iteration 15/20
[20:01:49] film cr_film_id=19302 name='Čerkasy (2019) CZ Titulky' candidates=2
[20:01:49]   candidate upload_id=6237042b3f382 url=https://prehraj.to/cerkasy-2019-y-cz-titulky/6237042b3f382
[20:01:50]   resolved in 1.3s → 1080p (https://pf-storage4.premiumcdn.net/30144788/342IMDUgwu2aHAxuq2H7LUm9im3IrySnQSal…)
[20:10:38]   downloaded 1,933.4 MB in 525.8s (3.7 MB/s)
[20:12:36]   upload done video_id=26102633 in 118.3s
[20:12:39] film cr_film_id=19302 OK in 650.1s
[20:12:39] iteration 16/20
[20:12:39] film cr_film_id=30922 name='Zázračné houby (2019) CZ Titulky' candidates=5
[20:12:39]   candidate upload_id=6104218972833 url=https://prehraj.to/fantastic-fungi-2019-cztitulky-mp4/6104218972833
[20:12:40]   resolved in 1.5s → 1080p (https://pf-storage3.premiumcdn.net/24441845/0dlT7OCe6F5kcNgtwpUOpC48HKzF0NTg0SBa…)
[20:15:01]   downloaded 2,773.3 MB in 138.4s (20.0 MB/s)
[20:17:56]   upload done video_id=26102748 in 174.7s
[20:17:57] film cr_film_id=30922 OK in 318.5s
[20:17:57] iteration 17/20
[20:17:57] film cr_film_id=566 name='Zvuk metalu (2019) CZ Titulky' candidates=5
[20:17:57]   candidate upload_id=5fe4a9d7dabca url=https://prehraj.to/sound-of-metal-hudebni-2019-720p-5-1-x264-s-cztitulky-78-sten-ok/5fe4a9d7dabca
[20:17:59]   resolved in 1.2s → 480p (https://pf-storage1.premiumcdn.net/21003354/mZPijvhj7UQ6SlwFBWh2yhd6uLyIQvHDEHkx…)
[20:18:56]   downloaded 1,089.3 MB in 55.8s (19.5 MB/s)
[20:19:59]   upload done video_id=26102851 in 62.9s
[20:20:01] film cr_film_id=566 OK in 123.7s
[20:20:01] iteration 18/20
[20:20:01] film cr_film_id=30928 name='Zima (2019) CZ Titulky' candidates=7
[20:20:01]   candidate upload_id=61a03d578957a url=https://prehraj.to/zima-2019-cztitulky/61a03d578957a
[20:20:03]   resolved in 1.4s → 720p (https://pf-storage4.premiumcdn.net/26840056/XV1cgbI4YtzetmkFEKTw7I4Yhq2UoEfV6h98…)
[20:21:01]   downloaded 1,094.0 MB in 56.4s (19.4 MB/s)
[20:22:02]   upload done video_id=26102900 in 60.9s
[20:22:05] film cr_film_id=30928 OK in 123.4s
[20:22:05] iteration 19/20
[20:22:05] film cr_film_id=27752 name='Zeroville (2019) CZ Titulky' candidates=1
[20:22:05]   candidate upload_id=6241f8be55bb4 url=https://prehraj.to/zeroville-2019-cztitulky/6241f8be55bb4
[20:22:06]   resolved in 1.4s → 720p (https://pf-storage4.premiumcdn.net/30241034/akqcYRUGMs1ycWBcwPTmgUGwSk2TqBuk4hXx…)
[20:23:21]   downloaded 1,448.1 MB in 72.5s (20.0 MB/s)
[20:25:00]   upload done video_id=26102952 in 99.9s
[20:25:02] film cr_film_id=27752 OK in 177.8s
[20:25:02] iteration 20/20
[20:25:02] film cr_film_id=29852 name='Zachránit Leningrad (2019) CZ Titulky' candidates=6
[20:25:02]   candidate upload_id=5cdafdaf0d2f4 url=https://prehraj.to/zachranit-leningrad-valecny-rusko-2019-1080p-x264-s-cztitulky-60-sten-ok/5cdafdaf0d2f4
[20:25:04]   resolved in 2.1s → 720p (https://pf-storage2.premiumcdn.net/13364145/XWJioZsMQHLDcQpCO5H8xsx5HJKHzrU1DFXE…)
[20:27:26]   downloaded 2,162.2 MB in 139.4s (15.5 MB/s)
[20:29:46]   upload done video_id=26103045 in 140.4s
[20:29:48] film cr_film_id=29852 OK in 285.8s
[20:29:48] batch-end ok=20 failed=0 dur=8622.6s avg/film=431.1s remaining=8760 eta_hours=1049.0

===== run 2026-06-18T20:30:23Z shard=0/2 batch_size=20 (https://github.com/Olbrasoft/prehrajto-to-prehrajto/actions/runs/27787416061) =====
[20:30:23] batch-start shard=0/2 count=20 backlog=10210 uploads=1450 failed_attempts=65 description_overrides=0
[20:30:23] login
[20:30:25] login done
[20:30:25] iteration 1/20
[20:30:25] film cr_film_id=29870 name='Za soumraku (2019) CZ Titulky' candidates=1
[20:30:25]   candidate upload_id=61340aa9174db url=https://prehraj.to/za-soumraku-2019-cztitulky/61340aa9174db
[20:30:27]   resolved in 1.9s → 720p (https://pf-storage1.premiumcdn.net/24805850/lrJFGdUpPIewhapCLYfOoU3pIk8HYofjEuQ3…)
[20:31:30]   downloaded 1,118.9 MB in 61.2s (18.3 MB/s)
[20:32:55]   upload done video_id=26103146 in 85.0s
[20:32:57] film cr_film_id=29870 OK in 152.0s
[20:32:57] iteration 2/20
[20:32:57] film cr_film_id=17328 name='We Summon the Darkness (2019) CZ Titulky' candidates=1
[20:32:57]   candidate upload_id=5e9cb68fa8f1e url=https://prehraj.to/we-summon-the-darkness-2019-cztitulky/5e9cb68fa8f1e
[20:32:58]   resolved in 1.2s → 1080p (https://pf-storage5.premiumcdn.net/16284709/ZRWt63soOIXeFrkuzeSKBsz8CoXim6cyju9r…)
[20:34:03]   downloaded 1,188.4 MB in 62.5s (19.0 MB/s)
[20:35:32]   upload done video_id=26103223 in 89.0s
[20:35:34] film cr_film_id=17328 OK in 157.3s
[20:35:34] iteration 3/20
[20:35:34] film cr_film_id=30894 name='Všichni z mé rodiny (2019) CZ Titulky' candidates=1
[20:35:34]   candidate upload_id=6001d5cd5c5b5 url=https://prehraj.to/all-in-my-family-2019-cztitulky-mp4/6001d5cd5c5b5
[20:35:36]   resolved in 1.5s → 720p (https://pf-storage2.premiumcdn.net/21506814/XM5IGLCp5S3wCyzTEdF7ZC4WUD9iaBSMjSoa…)
[20:39:34]   downloaded 535.5 MB in 236.5s (2.3 MB/s)
[20:40:06]   upload done video_id=26103337 in 32.1s
[20:40:08] film cr_film_id=30894 OK in 274.2s
[20:40:08] iteration 4/20
[20:40:08] film cr_film_id=30926 name='Všechny pihy světa (2019) CZ Titulky' candidates=1
[20:40:08]   candidate upload_id=5e10d7aecb103 url=https://prehraj.to/vsechny-pihy-sveta-komedie-mexiko-2019-1080p-5-1-h264-s-cztitulky-sten-ok/5e10d7aecb103
[20:40:10]   resolved in 1.2s → 720p (https://pf-storage5.premiumcdn.net/15593920/EknFqLSAgI27tOVs1purxSKvsw7sRziV8tvX…)
[20:44:37]   downloaded 1,076.0 MB in 264.7s (4.1 MB/s)
[20:45:45]   upload done video_id=26103447 in 68.9s
[20:45:47] film cr_film_id=30926 OK in 339.0s
[20:45:47] iteration 5/20
[20:45:47] film cr_film_id=30706 name='Vysoko letící pták (2019) CZ Titulky' candidates=5
[20:45:47]   candidate upload_id=5d2e56a8ecfaf url=https://prehraj.to/high-flying-bird-spartovni-drama-2019-720p-x264-s-cztitulky-63-sten-ok-mp4/5d2e56a8ecfaf
[20:45:51]   resolved in 3.1s → 720p (https://pf-storage1.premiumcdn.net/14424507/xZosDwUBqc4AfJaSb8ieVUQou7aIrnHbPIPo…)
[20:46:37]   downloaded 809.0 MB in 43.7s (18.5 MB/s)
[20:47:21]   upload done video_id=26103485 in 44.7s
[20:47:24] film cr_film_id=30706 OK in 96.1s
[20:47:24] iteration 6/20
[20:47:24] film cr_film_id=33510 name='Virus (2019) CZ Titulky' candidates=2
[20:47:24]   candidate upload_id=5e8c6fe849d4d url=https://prehraj.to/virus-drama-thriller-indie-2019-1080p-5-1-h264-s-cztitulky-sten-ok/5e8c6fe849d4d
[20:47:24]   resolved in 1.0s → 720p (https://pf-storage5.premiumcdn.net/16165345/E1GsLqIp2T7xTZPFp2H1AIgRfmZfkmU5YfLq…)
[21:02:01]   downloaded 2,817.1 MB in 874.7s (3.2 MB/s)
[21:04:38]   upload done video_id=26103789 in 156.9s
[21:04:41] film cr_film_id=33510 OK in 1037.7s
[21:04:41] iteration 7/20
[21:04:41] film cr_film_id=17024 name='Villains (2019) CZ Titulky' candidates=2
[21:04:41]   candidate upload_id=5e1d880758cbc url=https://prehraj.to/villains-drama-komedie-2019-1080p-x264-s-cztitulky-51-sten-ok/5e1d880758cbc
[21:04:45]   resolved in 4.1s → 720p (https://pf-storage5.premiumcdn.net/15659578/V9VFerHPLT4Vhp5sXGie2HGMHl2TKPi57C6M…)
[21:14:44]   downloaded 1,340.1 MB in 596.4s (2.2 MB/s)
[21:16:17]   upload done video_id=26104012 in 92.7s
[21:16:19] film cr_film_id=17024 OK in 698.0s
[21:16:19] iteration 8/20
[21:16:19] film cr_film_id=5750 name='VFW (2019) CZ Titulky' candidates=3
[21:16:19]   candidate upload_id=5f5f4501118db url=https://prehraj.to/vfw-akcni-horor-thriller-2019-1080p-5-1-h-264-s-cztitulky-59-sten/5f5f4501118db
[21:16:20]   resolved in 1.2s → 1080p (https://pf-storage2.premiumcdn.net/18618408/Y7rFZgSkwU7rUdYt9Kfq9SBXf42i56u1dFAR…)
[21:20:20]   downloaded 3,141.8 MB in 237.1s (13.3 MB/s)
[21:24:25]   upload done video_id=26104162 in 245.5s
[21:24:28] film cr_film_id=5750 OK in 488.7s
[21:24:28] iteration 9/20
[21:24:28] film cr_film_id=26380 name='V té vodě něco je (2019) CZ Titulky' candidates=1
[21:24:28]   candidate upload_id=5f24bb5bb4ab6 url=https://prehraj.to/there-s-something-in-the-water-2019-cztit/5f24bb5bb4ab6
[21:24:29]   resolved in 1.2s → 480p (https://pf-storage2.premiumcdn.net/17689926/B9qc1YU86CX6ivWh18ugqUZVfeMILXhqPfQj…)
[21:25:38]   downloaded 586.3 MB in 66.7s (8.8 MB/s)
[21:26:12]   upload done video_id=26104292 in 34.6s
[21:26:14] film cr_film_id=26380 OK in 106.3s
[21:26:14] iteration 10/20
[21:26:14] film cr_film_id=30712 name='V kraji vína (2019) CZ Titulky' candidates=5
[21:26:14]   candidate upload_id=5cdbcb8eacadf url=https://prehraj.to/wine-country-komedie-2019-1080p-5-1-x264-s-cztitulky-48-sten-ok-mp4/5cdbcb8eacadf
[21:26:15]   resolved in 1.0s → 720p (https://pf-storage1.premiumcdn.net/13374198/jR9cg7SjbhwyIGMTxpirPSpvFg4tRdfzOHwb…)
[21:31:08]   downloaded 1,518.4 MB in 290.4s (5.2 MB/s)
[21:32:45]   upload done video_id=26104402 in 97.4s
[21:32:47] film cr_film_id=30712 OK in 392.8s
[21:32:47] iteration 11/20
[21:32:47] film cr_film_id=152 name='Uri: The Surgical Strike (2019) CZ Titulky' candidates=3
[21:32:47]   candidate upload_id=5d5820e1a5981 url=https://prehraj.to/uri-the-surgical-strike-akcni-drama-indie-2019-1080p-2-0-x264-s-cztitulky-65-sten-ok/5d5820e1a5981
[21:32:48]   resolved in 1.3s → 720p (https://pf-storage5.premiumcdn.net/14632212/WXGH3ViVehjBFX8TeaTBxiOVc0vh86c5xcXy…)
[21:34:43]   downloaded 2,116.8 MB in 112.2s (18.9 MB/s)
[21:36:46]   upload done video_id=26104474 in 123.1s
[21:36:48] film cr_film_id=152 OK in 241.3s
[21:36:48] iteration 12/20
[21:36:48] film cr_film_id=33464 name='Těžkých sedmnáct (2019) CZ Titulky' candidates=1
[21:36:48]   candidate upload_id=5db81ea7f2286 url=https://prehraj.to/tezkych-sedmnact-drama-2019-1080p-x264-s-cztitulky-sten-ok/5db81ea7f2286
[21:36:50]   resolved in 1.4s → 720p (https://pf-storage1.premiumcdn.net/15147781/6mZS6wfNdfq8UyKIlWT1Gf4jczjuM5hwpC2X…)
[21:38:32]   downloaded 1,256.8 MB in 100.4s (12.5 MB/s)
[21:39:43]   upload done video_id=26104555 in 70.4s
[21:39:45] film cr_film_id=33464 OK in 176.6s
[21:39:45] iteration 13/20
[21:39:45] film cr_film_id=9238 name='Trick (2019) CZ Titulky' candidates=5
[21:39:45]   candidate upload_id=5e52ff3346d0e url=https://prehraj.to/trick-horor-2019-720p-x264-s-cztitulky-46-sten/5e52ff3346d0e
[21:39:46]   resolved in 1.2s → 480p (https://pf-storage5.premiumcdn.net/15900706/jBmu5JTaXSPOUlpSwytYeTWYtlVIXyI5jc9M…)
[21:43:15]   downloaded 901.1 MB in 206.6s (4.4 MB/s)
[21:44:13]   upload done video_id=26104662 in 58.4s
[21:44:15] film cr_film_id=9238 OK in 270.1s
[21:44:15] iteration 14/20
[21:44:15] film cr_film_id=33508 name='Ticho ve sněžném městě (2019) CZ Titulky' candidates=1
[21:44:15]   candidate upload_id=5e65180632da5 url=https://prehraj.to/el-silencio-de-la-ciudad-blanca-drama-2019-cz-titulky/5e65180632da5
[21:44:16]   resolved in 1.5s → 720p (https://pf-storage5.premiumcdn.net/15978604/2pBSGLIZaSEMteRSvpiEmIBXtKRckYHDEuBv…)
[21:45:47]   downloaded 1,649.0 MB in 88.3s (18.7 MB/s)
[21:47:15]   upload done video_id=26104709 in 88.4s
[21:47:18] film cr_film_id=33508 OK in 182.7s
[21:47:18] iteration 15/20
[21:47:18] film cr_film_id=5470 name='The Wave (2019) CZ Titulky' candidates=5
[21:47:18]   candidate upload_id=6009afb156768 url=https://prehraj.to/the-wave-2019-1080p-cz-sub-bluray-x265-10bit/6009afb156768
[21:47:19]   resolved in 1.4s → 720p (https://pf-storage5.premiumcdn.net/21659835/nZEUGquL9UdpIQ1HOxiMduO9cRQH2WhKEFkl…)
[21:48:21]   downloaded 1,140.6 MB in 60.0s (19.0 MB/s)
[21:49:28]   upload done video_id=26104959 in 66.8s
[21:49:30] film cr_film_id=5470 OK in 132.0s
[21:49:30] iteration 16/20
[21:49:30] film cr_film_id=17358 name='The Short History of the Long Road (2019) CZ Titulky' candidates=1
[21:49:30]   candidate upload_id=5fb19c26edec4 url=https://prehraj.to/the-short-history-of-the-long-road-2019-cztitulky/5fb19c26edec4
[21:49:31]   resolved in 1.5s → 1080p (https://pf-storage5.premiumcdn.net/19947102/0B6f1NuQ2sZ5HvOSewIPMuQjCWASvWCXPfW3…)
[21:50:52]   downloaded 1,493.1 MB in 78.3s (19.1 MB/s)
[21:52:35]   upload done video_id=26105031 in 102.8s
[21:52:36] film cr_film_id=17358 OK in 186.5s
[21:52:36] iteration 17/20
[21:52:36] film cr_film_id=30930 name='The Mummy: Rebirth (2019) CZ Titulky' candidates=4
[21:52:36]   candidate upload_id=5d78fa58982bb url=https://prehraj.to/the-mummy-rebirth-akcni-horor-2019-1080p-5-1-x264-s-cztitulky-sten-ok/5d78fa58982bb
[21:52:38]   resolved in 1.4s → 720p (https://pf-storage5.premiumcdn.net/14818806/lQLcxJTJdUd0sWDckRfKyTXruz8Fjxhp7cRZ…)
[21:53:44]   downloaded 1,199.8 MB in 64.4s (18.6 MB/s)
[21:55:27]   upload done video_id=26105119 in 102.8s
[21:55:29] film cr_film_id=30930 OK in 172.5s
[21:55:29] iteration 18/20
[21:55:29] film cr_film_id=4610 name='The Mortuary Collection (2019) CZ Titulky' candidates=6
[21:55:29]   candidate upload_id=5f9877690d018 url=https://prehraj.to/the-mortuary-collection-povidkovy-horor-2019-720p-2-0-x264-s-cztitulky-72-sten-ok/5f9877690d018
[21:55:30]   resolved in 1.3s → 720p (https://pf-storage5.premiumcdn.net/19544741/zXbfybTw2HbKS3pIBjTGyToMF4du92U0NurW…)
[21:56:25]   downloaded 977.9 MB in 52.8s (18.5 MB/s)
[21:57:23]   upload done video_id=26105174 in 57.7s
[21:57:25] film cr_film_id=4610 OK in 116.0s
[21:57:25] iteration 19/20
[21:57:25] film cr_film_id=20902 name='The Mandela Effect (2019) CZ Titulky' candidates=2
[21:57:25]   candidate upload_id=5e595d82990ce url=https://prehraj.to/the-mandela-effect-drama-2019-cz-titulky/5e595d82990ce
[21:57:26]   resolved in 1.2s → 720p (https://pf-storage1.premiumcdn.net/15929779/1KbSQdfmNUaEU9ziJ0HDQf8QcWwSEqC9vhpL…)
[21:58:37]   downloaded 1,277.6 MB in 68.9s (18.5 MB/s)
[21:59:45]   upload done video_id=26105211 in 68.2s
[21:59:47] film cr_film_id=20902 OK in 142.6s
[21:59:47] iteration 20/20
[21:59:47] film cr_film_id=6624 name='The Kid (2019) CZ Titulky' candidates=6
[21:59:47]   candidate upload_id=5d5fdb8590e85 url=https://prehraj.to/the-kid-western-2019-1080p-bluray-5-1-h264-s-cztitulky-62-sten-ok/5d5fdb8590e85
[21:59:48]   resolved in 1.2s → 720p (https://pf-storage5.premiumcdn.net/14673819/yGlHnPue1cjPsNRioMUGyu9mfkNU1OCylIEd…)
[22:09:36]   downloaded 1,416.2 MB in 585.5s (2.4 MB/s)
[22:11:05]   upload done video_id=26105356 in 88.9s
[22:11:07] film cr_film_id=6624 OK in 680.1s
[22:11:07] batch-end ok=20 failed=0 dur=6042.5s avg/film=302.1s remaining=8740 eta_hours=733.4

===== run 2026-06-18T22:11:36Z shard=0/2 batch_size=20 (https://github.com/Olbrasoft/prehrajto-to-prehrajto/actions/runs/27792473673) =====
[22:11:36] batch-start shard=0/2 count=20 backlog=10210 uploads=1470 failed_attempts=65 description_overrides=0
[22:11:36] login
[22:11:37] login done
[22:11:37] iteration 1/20
[22:11:37] film cr_film_id=29620 name='The Immortal Wars: Resurgence (2019) CZ Titulky' candidates=1
[22:11:37]   candidate upload_id=5e8bffdb5f91e url=https://prehraj.to/the-immortal-2019-cztitulky/5e8bffdb5f91e
[22:15:52]   resolve FAILED: network error: HTTPConnectionPool(host='chobotnice.aspfree.cz', port=80): Max retries exceeded with url: /Proxy.ashx?key=sUIMHufRtGEFnDJeKcVQsPYSZEqtcZoutpFfi3bs&url=https%3A%2F%2Fprehraj.to%2Fthe-immortal-2019-cztitulky%2F5e8bffdb5f91e (Caused by ConnectTimeoutError(<HTTPConnection(host='chobotnice.aspfree.cz', port=80) at 0x7fa78fe30380>, 'Connection to chobotnice.aspfree.cz timed out. (connect timeout=30.0)')) after 5 attempts: https://prehraj.to/the-immortal-2019-cztitulky/5e8bffdb5f91e (permanent=False)
[22:15:52] film cr_film_id=29620 all candidates exhausted
[22:15:52] iteration 2/20
[22:15:52] film cr_film_id=20870 name='The Hole in the Ground (2019) CZ Titulky' candidates=4
[22:15:52]   candidate upload_id=5c61743709fcd url=https://prehraj.to/the-hole-in-the-ground-horor-irsko-2019-1080p-h264-s-cztitulky-60-sten-ok/5c61743709fcd
[22:20:07]   resolve FAILED: network error: HTTPConnectionPool(host='chobotnice.aspfree.cz', port=80): Max retries exceeded with url: /Proxy.ashx?key=sUIMHufRtGEFnDJeKcVQsPYSZEqtcZoutpFfi3bs&url=https%3A%2F%2Fprehraj.to%2Fthe-hole-in-the-ground-horor-irsko-2019-1080p-h264-s-cztitulky-60-sten-ok%2F5c61743709fcd (Caused by ConnectTimeoutError(<HTTPConnection(host='chobotnice.aspfree.cz', port=80) at 0x7fa78fe32e70>, 'Connection to chobotnice.aspfree.cz timed out. (connect timeout=30.0)')) after 5 attempts: https://prehraj.to/the-hole-in-the-ground-horor-irsko-2019-1080p-h264-s-cztitulky-60-sten-ok/5c61743709fcd (permanent=False)
[22:20:07]   candidate upload_id=5c61a4d3a4333 url=https://prehraj.to/the-hole-in-the-ground-2019-cz-titulky-vlozene/5c61a4d3a4333
[22:24:21]   resolve FAILED: network error: HTTPConnectionPool(host='chobotnice.aspfree.cz', port=80): Max retries exceeded with url: /Proxy.ashx?key=sUIMHufRtGEFnDJeKcVQsPYSZEqtcZoutpFfi3bs&url=https%3A%2F%2Fprehraj.to%2Fthe-hole-in-the-ground-2019-cz-titulky-vlozene%2F5c61a4d3a4333 (Caused by ConnectTimeoutError(<HTTPConnection(host='chobotnice.aspfree.cz', port=80) at 0x7fa78fe31e80>, 'Connection to chobotnice.aspfree.cz timed out. (connect timeout=30.0)')) after 5 attempts: https://prehraj.to/the-hole-in-the-ground-2019-cz-titulky-vlozene/5c61a4d3a4333 (permanent=False)
[22:24:21]   candidate upload_id=5c613779d79d2 url=https://prehraj.to/the-hole-in-the-ground-2019-1080p-web-dl-dd5-1-h264-fgt/5c613779d79d2
[22:28:36]   resolve FAILED: network error: HTTPConnectionPool(host='chobotnice.aspfree.cz', port=80): Max retries exceeded with url: /Proxy.ashx?key=sUIMHufRtGEFnDJeKcVQsPYSZEqtcZoutpFfi3bs&url=https%3A%2F%2Fprehraj.to%2Fthe-hole-in-the-ground-2019-1080p-web-dl-dd5-1-h264-fgt%2F5c613779d79d2 (Caused by ConnectTimeoutError(<HTTPConnection(host='chobotnice.aspfree.cz', port=80) at 0x7fa78fe33440>, 'Connection to chobotnice.aspfree.cz timed out. (connect timeout=30.0)')) after 5 attempts: https://prehraj.to/the-hole-in-the-ground-2019-1080p-web-dl-dd5-1-h264-fgt/5c613779d79d2 (permanent=False)
[22:28:36]   candidate upload_id=6070d0e3ae0f4 url=https://prehraj.to/the-hole-in-the-ground-horor-2019-cz-titulky/6070d0e3ae0f4
[22:32:50]   resolve FAILED: network error: HTTPConnectionPool(host='chobotnice.aspfree.cz', port=80): Max retries exceeded with url: /Proxy.ashx?key=sUIMHufRtGEFnDJeKcVQsPYSZEqtcZoutpFfi3bs&url=https%3A%2F%2Fprehraj.to%2Fthe-hole-in-the-ground-horor-2019-cz-titulky%2F6070d0e3ae0f4 (Caused by ConnectTimeoutError(<HTTPConnection(host='chobotnice.aspfree.cz', port=80) at 0x7fa78fe32900>, 'Connection to chobotnice.aspfree.cz timed out. (connect timeout=30.0)')) after 5 attempts: https://prehraj.to/the-hole-in-the-ground-horor-2019-cz-titulky/6070d0e3ae0f4 (permanent=False)
[22:32:50] film cr_film_id=20870 all candidates exhausted
[22:32:50] iteration 3/20
[22:32:50] film cr_film_id=32086 name='The Hard Way (2019) CZ Titulky' candidates=3
[22:32:50]   candidate upload_id=5caeffc4a872c url=https://prehraj.to/the-hard-way-akcni-2019-1080p-5-1-h264-s-cztitulky-43-sten-ok/5caeffc4a872c
[22:37:05]   resolve FAILED: network error: HTTPConnectionPool(host='chobotnice.aspfree.cz', port=80): Max retries exceeded with url: /Proxy.ashx?key=sUIMHufRtGEFnDJeKcVQsPYSZEqtcZoutpFfi3bs&url=https%3A%2F%2Fprehraj.to%2Fthe-hard-way-akcni-2019-1080p-5-1-h264-s-cztitulky-43-sten-ok%2F5caeffc4a872c (Caused by ConnectTimeoutError(<HTTPConnection(host='chobotnice.aspfree.cz', port=80) at 0x7fa78fe32c00>, 'Connection to chobotnice.aspfree.cz timed out. (connect timeout=30.0)')) after 5 attempts: https://prehraj.to/the-hard-way-akcni-2019-1080p-5-1-h264-s-cztitulky-43-sten-ok/5caeffc4a872c (permanent=False)
[22:37:05]   candidate upload_id=5cb5bc626fc7e url=https://prehraj.to/the-hard-way-akcni-2019-1080p-5-1-h264-s-cztitulky-43-sten-ok/5cb5bc626fc7e
[22:41:19]   resolve FAILED: network error: HTTPConnectionPool(host='chobotnice.aspfree.cz', port=80): Max retries exceeded with url: /Proxy.ashx?key=sUIMHufRtGEFnDJeKcVQsPYSZEqtcZoutpFfi3bs&url=https%3A%2F%2Fprehraj.to%2Fthe-hard-way-akcni-2019-1080p-5-1-h264-s-cztitulky-43-sten-ok%2F5cb5bc626fc7e (Caused by ConnectTimeoutError(<HTTPConnection(host='chobotnice.aspfree.cz', port=80) at 0x7fa78fe517f0>, 'Connection to chobotnice.aspfree.cz timed out. (connect timeout=30.0)')) after 5 attempts: https://prehraj.to/the-hard-way-akcni-2019-1080p-5-1-h264-s-cztitulky-43-sten-ok/5cb5bc626fc7e (permanent=False)
[22:41:19]   candidate upload_id=5d849dca6192f url=https://prehraj.to/the-hard-way-2019-1080p-cz-sub-web-dl-dd5-1-h264/5d849dca6192f
[22:45:34]   resolve FAILED: network error: HTTPConnectionPool(host='chobotnice.aspfree.cz', port=80): Max retries exceeded with url: /Proxy.ashx?key=sUIMHufRtGEFnDJeKcVQsPYSZEqtcZoutpFfi3bs&url=https%3A%2F%2Fprehraj.to%2Fthe-hard-way-2019-1080p-cz-sub-web-dl-dd5-1-h264%2F5d849dca6192f (Caused by ConnectTimeoutError(<HTTPConnection(host='chobotnice.aspfree.cz', port=80) at 0x7fa78fe30ce0>, 'Connection to chobotnice.aspfree.cz timed out. (connect timeout=30.0)')) after 5 attempts: https://prehraj.to/the-hard-way-2019-1080p-cz-sub-web-dl-dd5-1-h264/5d849dca6192f (permanent=False)
[22:45:34] film cr_film_id=32086 all candidates exhausted
[22:45:34] bail-out: 3 consecutive films exhausted (proxy likely down) — stopping batch early
[22:45:34] batch-end ok=0 failed=3 dur=2036.4s avg/film=0s remaining=8740 eta_hours=None

===== run 2026-06-18T22:50:42Z shard=0/2 batch_size=20 (https://github.com/Olbrasoft/prehrajto-to-prehrajto/actions/runs/27794134525) =====
[22:50:43] batch-start shard=0/2 count=20 backlog=10210 uploads=1470 failed_attempts=73 description_overrides=0
[22:50:43] login
[22:50:47] login done
[22:50:47] iteration 1/20
[22:50:47] film cr_film_id=29620 name='The Immortal Wars: Resurgence (2019) CZ Titulky' candidates=1
[22:50:47]   candidate upload_id=5e8bffdb5f91e url=https://prehraj.to/the-immortal-2019-cztitulky/5e8bffdb5f91e
[22:50:49]   resolved in 1.4s → 720p (https://pf-storage5.premiumcdn.net/16162066/p68FDBcBquJ6i2ZTpYUYjcJXhdBFvaFEnt3l…)
[22:52:12]   downloaded 1,676.7 MB in 81.4s (20.6 MB/s)
[22:53:57]   upload done video_id=26106354 in 104.7s
