Initial state for filmy.prehrajto@email.cz: 412 preexisting uploads matched from profile export.

===== run 2026-06-16T18:27:27Z shard=1/2 batch_size=20 (https://github.com/Olbrasoft/prehrajto-to-prehrajto/actions/runs/27639113653) =====
[18:27:28] batch-start shard=1/2 count=20 backlog=17650 uploads=412 failed_attempts=0
[18:27:28] login
[18:27:30] login done
[18:27:30] iteration 1/20
[18:27:30] film cr_film_id=5 name='Vykoupení z věznice Shawshank (1994) CZ Dabing' candidates=6
[18:27:30]   candidate upload_id=61b3fbed74d0b url=https://prehraj.to/vykoupeni-z-veznice-shawshank-1994-1080p-hq-cz-dabing/61b3fbed74d0b
[18:27:32]   resolved in 1.5s → 1080p (https://pf-storage4.premiumcdn.net/27300603/p1ZuXNSeki9GHzyuWgtLbSG3CpYHXmi82TLb…)
[18:30:49]   downloaded 3,675.7 MB in 195.5s (18.8 MB/s)
[18:34:20]   upload done video_id=26020778 in 211.0s
[18:34:22] film cr_film_id=5 OK in 411.6s
[18:34:22] iteration 2/20
[18:34:22] film cr_film_id=9 name='Temný rytíř (2008) CZ Dabing' candidates=15
[18:34:22]   candidate upload_id=22c5f898f8aa8e0f url=https://prehraj.to/temny-rytir-2008-cz-dab-1080p/22c5f898f8aa8e0f
[18:34:23]   resolve FAILED: HTTP 502 wrapping permanent upstream error: https://prehraj.to/temny-rytir-2008-cz-dab-1080p/22c5f898f8aa8e0f (permanent=True)
[18:34:23]   candidate upload_id=5abdf7754efa4 url=https://prehraj.to/batman-temny-rytir-2008-cz-dabing/5abdf7754efa4
[18:34:30]   resolved in 6.3s → 480p (https://pf-storage5.premiumcdn.net/3775724/95KhqAioAIeQCLxfAJtzailvsw5SgXIXet0Bs…)
[18:35:03]   downloaded 548.2 MB in 30.6s (17.9 MB/s)
[18:35:39]   upload done video_id=26020875 in 36.4s
[18:35:40] film cr_film_id=9 OK in 78.5s
[18:35:40] iteration 3/20
[18:35:40] film cr_film_id=11 name='Pán prstenů: Návrat krále (2003) CZ Dabing' candidates=31
[18:35:40]   candidate upload_id=5aa2d00c677b6 url=https://prehraj.to/pan-prstenov-3-navrat-krala-2003-hdrip-cz-dabing-m3/5aa2d00c677b6
[18:35:42]   resolved in 1.5s → 480p (https://pf-storage3.premiumcdn.net/3583042/OQesG8CWVtO6CVgcAbflMC1miw8hnBUeASPzt…)
[18:36:58]   downloaded 1,460.6 MB in 73.9s (19.8 MB/s)
[18:38:34]   upload done video_id=26020914 in 95.9s
[18:38:36] film cr_film_id=11 OK in 175.3s
[18:38:36] iteration 4/20
[18:38:36] film cr_film_id=13 name='Kmotr II (1974) CZ Dabing' candidates=6
[18:38:36]   candidate upload_id=67a96b6dd3d5e url=https://prehraj.to/kmotr-2-1974-krimi-drama-czdab/67a96b6dd3d5e
[18:38:37]   resolved in 1.4s → 1080p (https://pf-storage3.premiumcdn.net/129475073/E7rt07sw1HDPFoaIxefaZsb1cbzI7aUQ7uj…)
[18:41:34]   downloaded 4,214.9 MB in 175.1s (24.1 MB/s)
[18:46:17]   upload done video_id=26021035 in 283.1s
[18:46:19] film cr_film_id=13 OK in 463.1s
[18:46:19] iteration 5/20
[18:46:19] film cr_film_id=17 name='Pán prstenů: Společenstvo Prstenu (2001) CZ Dabing' candidates=52
[18:46:19]   candidate upload_id=5c3db7ceb0b34 url=https://prehraj.to/pan-prstenov-1-spolocenstvo-prstena-2001-hdrip-cz-dabing-m3/5c3db7ceb0b34
[18:46:20]   resolved in 1.3s → 480p (https://pf-storage2.premiumcdn.net/10969798/ezbuQ1fvMHEAH0aSADFJ2fGWtPEFldtz1FJW…)
[18:47:07]   downloaded 876.9 MB in 44.3s (19.8 MB/s)
[18:48:03]   upload done video_id=26021187 in 56.3s
[18:48:05] film cr_film_id=17 OK in 105.7s
[18:48:05] iteration 6/20
[18:48:05] film cr_film_id=19 name='Pulp Fiction: Historky z podsvětí (1994) CZ Dabing' candidates=8
[18:48:05]   candidate upload_id=f9826a1bd526eff0 url=https://prehraj.to/pulp-fiction-historky-z-podsveti-1994-cz-dabing-uhd/f9826a1bd526eff0
[18:48:06]   resolved in 1.7s → 1080p (https://pf-storage5.premiumcdn.net/164956685/l3duW5i37Hy9fo0Fk5SEbiZGULmCXQsb9CN…)
[18:50:34]   downloaded 3,615.4 MB in 145.7s (24.8 MB/s)
[18:54:28]   upload done video_id=26021296 in 234.3s
[18:54:30] film cr_film_id=19 OK in 385.3s
[18:54:30] iteration 7/20
[18:54:30] film cr_film_id=21 name='Klub rváčů (1999) CZ Dabing' candidates=22
[18:54:30]   candidate upload_id=61f40c4289f9d url=https://prehraj.to/klub-rvacu-fight-club-1999-hd-720p-cz-dabing/61f40c4289f9d
[18:54:31]   resolved in 1.2s → 480p (https://pf-storage5.premiumcdn.net/28805724/5d6s2ES6WuGjHqNF3qUZ9S2ZTRosLnIkqin8…)
[18:55:26]   downloaded 1,049.6 MB in 52.7s (19.9 MB/s)
[18:56:28]   upload done video_id=26021448 in 62.4s
[18:56:31] film cr_film_id=21 OK in 120.9s
[18:56:31] iteration 8/20
[18:56:31] film cr_film_id=23 name='Forrest Gump (1994) CZ Dabing' candidates=5
[18:56:31]   candidate upload_id=9382da0ecbeaff04 url=https://prehraj.to/forrest-gump-1994-cz-dab-1080p/9382da0ecbeaff04
[18:56:33]   resolved in 2.6s → 720p (https://pf-storage5.premiumcdn.net/167169305/pZaSMpf8ZC5DtyRTRytdXfyzCG0IpPFRgFx…)
[18:59:05]   downloaded 3,250.9 MB in 149.4s (21.8 MB/s)
[19:02:59]   upload done video_id=26021544 in 234.3s
[19:03:01] film cr_film_id=23 OK in 389.7s
[19:03:01] iteration 9/20
[19:03:01] film cr_film_id=25 name='Mafiáni (1990) CZ Dabing' candidates=13
[19:03:01]   candidate upload_id=55fee7873f97c url=https://prehraj.to/goodfellas-the-1990-cz-dabing-hit/55fee7873f97c
[19:03:02]   resolved in 1.4s → 480p (https://pf-storage2.premiumcdn.net/344194/0Q1FWeHqvUELUB9iWNcOeHZ8IrDS17ioPceWTK…)
[19:03:48]   downloaded 750.8 MB in 44.1s (17.0 MB/s)
[19:04:43]   upload done video_id=26021655 in 55.3s
[19:04:45] film cr_film_id=25 OK in 104.6s
[19:04:45] iteration 10/20
[19:04:45] film cr_film_id=33 name='Cesta do fantazie (2001) CZ Dabing' candidates=6
[19:04:45]   candidate upload_id=5a07dd767bc9a url=https://prehraj.to/cesta-do-fantazie-2001-cz-dabing/5a07dd767bc9a
[19:04:47]   resolved in 1.5s → 480p (https://pf-storage5.premiumcdn.net/2921693/koDtYnIJmiyVhaGcnrSJwIyZtn3cp6Fv8T6bC…)
[19:05:18]   downloaded 669.4 MB in 29.6s (22.6 MB/s)
[19:06:18]   upload done video_id=26021689 in 59.4s
[19:06:19] film cr_film_id=33 OK in 94.1s
[19:06:19] iteration 11/20
[19:06:19] film cr_film_id=35 name='Přelet nad kukaččím hnízdem (1975) CZ Dabing' candidates=16
[19:06:19]   candidate upload_id=5d0fef73155dc url=https://prehraj.to/prelet-nad-kukaccim-hnizdem-1975-hd-1080p-cz-dabing/5d0fef73155dc
[19:06:21]   resolved in 1.3s → 1080p (https://pf-storage1.premiumcdn.net/14080233/v01cOoi4EH8DhrQhBgiWPivwcEPFoWFPBIQx…)
[19:09:47]   downloaded 3,151.5 MB in 205.1s (15.4 MB/s)
[19:12:46]   upload done video_id=26021762 in 178.8s
[19:12:48] film cr_film_id=35 OK in 388.5s
[19:12:48] iteration 12/20
[19:12:48] film cr_film_id=41 name='Sedm (1995) CZ Dabing' candidates=14
[19:12:48]   candidate upload_id=5c5af867e6bda url=https://prehraj.to/sedm-1995-cz-dab/5c5af867e6bda
[19:12:49]   resolved in 1.3s → 720p (https://pf-storage1.premiumcdn.net/11598106/8pDh2ji4lHaATMJHe0INoizwCw1FrjcM0uRE…)
[19:31:00]   downloaded 1,730.6 MB in 1089.0s (1.6 MB/s)
[19:32:38]   upload done video_id=26022255 in 97.7s
[19:32:40] film cr_film_id=41 OK in 1192.0s
[19:32:40] iteration 13/20
[19:32:40] film cr_film_id=43 name='Zachraňte vojína Ryana (1998) CZ Dabing' candidates=7
[19:32:40]   candidate upload_id=6900490937379 url=https://prehraj.to/zachrante-vojina-ryana-1998-valecny-czdab-m/6900490937379
[19:32:41]   resolved in 1.6s → 480p (https://pf-storage3.premiumcdn.net/154016715/VgKfvEujGhMQfzZHeAS4Nur8CkZCgNHYzh0…)
[19:34:57]   downloaded 2,677.3 MB in 133.3s (20.1 MB/s)
[19:37:28]   upload done video_id=26022326 in 151.4s
[19:37:30] film cr_film_id=43 OK in 290.3s
[19:37:30] iteration 14/20
[19:37:30] film cr_film_id=45 name='Život je krásný (1997) CZ Dabing' candidates=2
[19:37:30]   candidate upload_id=46200561b833f6c3 url=https://prehraj.to/zivot-je-krasny-1997-cz-dab-1080p/46200561b833f6c3
[19:37:33]   resolved in 2.7s → 720p (https://pf-storage3.premiumcdn.net/167453801/vEjHVAs0qH4RfKdsmgUeZseXCY5HAnUEKUx…)
[19:38:51]   downloaded 1,790.4 MB in 75.8s (23.6 MB/s)
[19:40:47]   upload done video_id=26022400 in 115.8s
[19:40:49] film cr_film_id=45 OK in 198.7s
[19:40:49] iteration 15/20
[19:40:49] film cr_film_id=51 name='Leon (1994) CZ Dabing' candidates=7
[19:40:49]   candidate upload_id=633e28aeee9d3 url=https://prehraj.to/leon-1994-1080p-bluray-cz-dabing/633e28aeee9d3
[19:40:50]   resolved in 1.7s → 720p (https://pf-storage5.premiumcdn.net/33632623/Mxqs81CG1I5JcJoFbaUbKCRbt1XHEpCkvHdZ…)
[19:43:36]   downloaded 2,831.9 MB in 164.1s (17.3 MB/s)
[19:46:15]   upload done video_id=26022463 in 159.1s
[19:46:17] film cr_film_id=51 OK in 328.3s
[19:46:17] iteration 16/20
[19:46:17] film cr_film_id=53 name='Psycho (1960) CZ Dabing' candidates=3
[19:46:17]   candidate upload_id=6183fa161451e url=https://prehraj.to/psycho-1960-cz-dabing/6183fa161451e
[19:46:19]   resolved in 1.8s → 1080p (https://pf-storage3.premiumcdn.net/26192851/oJNUKMTWzc62SDPiAMIaMTyasdQHoNS8EUx6…)
[19:49:20]   downloaded 3,374.1 MB in 179.5s (18.8 MB/s)
[19:53:43]   upload done video_id=26022539 in 262.6s
[19:53:45] film cr_film_id=53 OK in 447.8s
[19:53:45] iteration 17/20
[19:53:45] film cr_film_id=55 name='Spider-Man: Napříč paralelními světy (2023) CZ Dabing' candidates=8
[19:53:45]   candidate upload_id=65b58017a78fe url=https://prehraj.to/spider-man-napric-paralelnimy-svety-1080p-cz-dabing-2023/65b58017a78fe
[19:53:46]   resolved in 1.5s → 720p (https://pf-storage3.premiumcdn.net/72728435/bb0U5RSvdIK7hvAsoGHnOS3Ac79s8bUDmslW…)
[20:07:41]   downloaded 3,080.5 MB in 832.1s (3.7 MB/s)
[20:10:54]   upload done video_id=26022750 in 194.0s
[20:10:56] film cr_film_id=55 OK in 1031.4s
[20:10:56] iteration 18/20
[20:10:56] film cr_film_id=59 name='Nedotknutelní (2011) CZ Dabing' candidates=26
[20:10:56]   candidate upload_id=678ef8bd82bfc url=https://prehraj.to/nedotknutelni-2011-cz-dabing-1080p/678ef8bd82bfc
[20:10:58]   resolved in 1.8s → 720p (https://pf-storage4.premiumcdn.net/127861835/EaVs6vTkXtryS4bfEzcpQTDvfezt51IJWtl…)
[20:17:25]   downloaded 1,331.2 MB in 384.5s (3.5 MB/s)
[20:19:12]   upload done video_id=26022875 in 106.8s
[20:19:13] film cr_film_id=59 OK in 497.0s
[20:19:13] iteration 19/20
[20:19:13] film cr_film_id=63 name='Dokonalý trik (2006) CZ Dabing' candidates=11
[20:19:13]   candidate upload_id=65ad7327d11ed url=https://prehraj.to/dokonaly-trik-the-prestige-2006-usa-mysteri-thriller-cz-dab-1080p-hd/65ad7327d11ed
[20:19:15]   resolved in 1.4s → 720p (https://pf-storage5.premiumcdn.net/72572555/ZY1Iz0FBQSOPF2Atq8H02FB3umziJzCJ1fvm…)
[20:20:47]   downloaded 1,970.8 MB in 89.9s (21.9 MB/s)
[20:22:58]   upload done video_id=26022927 in 131.5s
[20:23:00] film cr_film_id=63 OK in 226.7s
[20:23:00] iteration 20/20
[20:23:00] film cr_film_id=65 name='Kult hákového kříže (1998) CZ Dabing' candidates=8
[20:23:00]   candidate upload_id=68137ae3df223 url=https://prehraj.to/kult-hakoveho-krize-1998-cz-dab-fastmovie-cloud/68137ae3df223
[20:23:01]   resolved in 1.3s → 720p (https://pf-storage5.premiumcdn.net/136894889/JjQi74UELtyXSQJCZwsxBU61IK1fvgFZOH6…)
[20:25:56]   downloaded 1,745.4 MB in 173.2s (10.1 MB/s)
[20:27:34]   upload done video_id=26022992 in 97.4s
[20:27:36] film cr_film_id=65 OK in 275.8s
[20:27:36] batch-end ok=20 failed=0 dur=7205.4s avg/film=360.3s remaining=17218 eta_hours=1723.2

===== run 2026-06-16T20:28:16Z shard=1/2 batch_size=20 (https://github.com/Olbrasoft/prehrajto-to-prehrajto/actions/runs/27645991513) =====
[20:28:17] description overrides loaded: 65 from /home/runner/work/prehrajto-to-prehrajto/prehrajto-to-prehrajto/state/email-generated-descriptions-v3.jsonl
[20:28:17] batch-start shard=1/2 count=20 backlog=17650 uploads=432 failed_attempts=1 description_overrides=65
[20:28:17] login
[20:28:19] login done
[20:28:19] iteration 1/20
[20:28:19] film cr_film_id=67 name='Vetřelec (1979) CZ Dabing' candidates=17
[20:28:19]   candidate upload_id=6159966c03d1d url=https://prehraj.to/vetrelec-1-1080p-1979-predlzena-verzia-digitalne-remastrovane-cz-dabing/6159966c03d1d
[20:28:20]   resolved in 1.2s → 720p (https://pf-storage4.premiumcdn.net/25181096/Zd0SaDTPGUKmseyS01sdXTl7u6kslqF8wh1N…)
[20:29:14]   downloaded 1,359.7 MB in 52.0s (26.1 MB/s)
[20:30:18]   upload done video_id=26023036 in 63.9s
[20:30:19] film cr_film_id=67 OK in 120.3s
[20:30:19] iteration 2/20
[20:30:19] film cr_film_id=69 name='Pianista (2002) CZ Dabing' candidates=6
[20:30:19]   candidate upload_id=5b76d87d39d8e url=https://prehraj.to/pianista-valecny-cz-dab-2002-jad/5b76d87d39d8e
[20:30:20]   resolved in 0.8s → 480p (https://pf-storage2.premiumcdn.net/5325706/v2Ws07T1rU6Kfl5CAdUNETn5S5Bc8nhlvhKzf…)
[20:31:02]   downloaded 965.9 MB in 40.5s (23.8 MB/s)
[20:31:45]   upload done video_id=26023065 in 42.9s
[20:31:46] film cr_film_id=69 OK in 87.0s
[20:31:46] iteration 3/20
[20:31:46] film cr_film_id=75 name='Duna: Část druhá (2024) CZ Dabing' candidates=14
[20:31:46]   candidate upload_id=68320c5219626 url=https://prehraj.to/duna-2-2024-cz-dabing-1080p/68320c5219626
[20:31:47]   resolved in 1.1s → 1080p (https://pf-storage3.premiumcdn.net/138514544/BKghwoTdjuE9uyAHe8c6nTvytARCoYHMpC8…)
[20:33:11]   downloaded 2,593.8 MB in 82.2s (31.6 MB/s)
[20:35:12]   upload done video_id=26023089 in 120.9s
[20:35:14] film cr_film_id=75 OK in 207.6s
[20:35:14] iteration 4/20
[20:35:14] film cr_film_id=81 name='Vetřelci (1986) CZ Dabing' candidates=26
[20:35:14]   candidate upload_id=2a6436431e62df1f url=https://prehraj.to/vetrelec-2-1080p-1986-cz-dabing/2a6436431e62df1f
[20:35:16]   resolved in 2.7s → 720p (https://pf-storage5.premiumcdn.net/166861577/MdNHJ7FBoSWZsawsxLcdmFA4HZquPrIonib…)
[20:37:14]   downloaded 3,710.9 MB in 116.0s (32.0 MB/s)
[20:40:01]   upload done video_id=26023123 in 167.0s
[20:40:04] film cr_film_id=81 OK in 290.0s
[20:40:04] iteration 5/20
[20:40:04] film cr_film_id=85 name='Avengers: Infinity War (2018) CZ Dabing' candidates=3
[20:40:04]   candidate upload_id=5961798d64c552ab url=https://prehraj.to/avangers-infinity-war-2018-cz-dabing-1080p/5961798d64c552ab
[20:40:05]   resolved in 1.1s → 480p (https://pf-storage5.premiumcdn.net/170001781/wKPcPbSBnhAzSaZTY2fEXSeyCkBsxDuVYcq…)
[20:40:41]   downloaded 1,053.6 MB in 34.6s (30.5 MB/s)
[20:41:25]   upload done video_id=26023161 in 43.8s
[20:41:26] film cr_film_id=85 OK in 82.4s
[20:41:26] iteration 6/20
[20:41:26] film cr_film_id=91 name='Dobrý Will Hunting (1997) CZ Dabing' candidates=2
[20:41:26]   candidate upload_id=7140bdd380889eb7 url=https://prehraj.to/dobry-will-hunting-1997-cz-dab-1080p/7140bdd380889eb7
[20:41:27]   resolved in 1.2s → 720p (https://pf-storage4.premiumcdn.net/167137259/9xOS7QigQI41FQGC7QcOaivPIKYhEgU62tO…)
[20:42:27]   downloaded 1,835.9 MB in 58.3s (31.5 MB/s)
[20:43:58]   upload done video_id=26023193 in 90.8s
[20:43:59] film cr_film_id=91 OK in 152.9s
[20:43:59] iteration 7/20
[20:43:59] film cr_film_id=93 name='VALL-I (2008) CZ Dabing' candidates=17
[20:43:59]   candidate upload_id=6073ff9a12f49 url=https://prehraj.to/vall-i-2008-cz-dabing/6073ff9a12f49
[20:44:00]   resolved in 1.1s → 720p (https://pf-storage5.premiumcdn.net/23084094/620tPqI6JhlOSj6clbTvaIJ4iYbfaySz8hMj…)
[20:44:56]   downloaded 1,697.3 MB in 55.1s (30.8 MB/s)
[20:46:39]   upload done video_id=26023231 in 102.5s
[20:46:40] film cr_film_id=93 OK in 161.4s
[20:46:40] iteration 8/20
[20:46:40] film cr_film_id=95 name='Senna (2010) CZ Dabing' candidates=2
[20:46:40]   candidate upload_id=606354310069a url=https://prehraj.to/senna-2010-cz-dabing/606354310069a
[20:46:41]   resolved in 1.2s → 1080p (https://pf-storage5.premiumcdn.net/22891320/eaOueYF6LTneSj2Ua5Ul7Fb0cMkSrjtReswP…)
[20:46:43]   oversize: 8113695416 B > 6000000000 B, skip
[20:46:43]   candidate upload_id=61643b71ad843 url=https://prehraj.to/senna-2010-ac3-dvdrip-xvid-czdub/61643b71ad843
[20:46:47]   resolved in 4.8s → 480p (https://pf-storage1.premiumcdn.net/25428503/leGij4U0miQoTnXIPaU0KUk4CyLid9f9Bi3R…)
[20:47:29]   downloaded 965.2 MB in 40.2s (24.0 MB/s)
[20:48:11]   upload done video_id=26023259 in 42.4s
[20:48:13] film cr_film_id=95 OK in 92.4s
[20:48:13] iteration 9/20
[20:48:13] film cr_film_id=99 name='Princezna Mononoke (1997) CZ Dabing' candidates=2
[20:48:13]   candidate upload_id=671788ac81c7c url=https://prehraj.to/princezna-mononoke-1997-cz-dab/671788ac81c7c
[20:48:13]   resolved in 0.9s → 720p (https://pf-storage1.premiumcdn.net/103286528/AwGcDVIB9slPse8cP9I4ZIaDCQzSM2CyzsA…)
[20:50:06]   downloaded 1,577.6 MB in 111.6s (14.1 MB/s)
[20:51:37]   upload done video_id=26023285 in 90.5s
[20:51:38] film cr_film_id=99 OK in 205.5s
[20:51:38] iteration 10/20
[20:51:38] film cr_film_id=101 name='Amélie z Montmartru (2001) CZ Dabing' candidates=4
[20:51:38]   candidate upload_id=d2e24b56f0549fee url=https://prehraj.to/amelie-z-montmartru-2001-cz-dabing-2160p/d2e24b56f0549fee
[20:51:39]   resolved in 1.2s → 720p (https://pf-storage3.premiumcdn.net/165088301/vDYs8JFZasb9UBdUjkSYPFwouOZUAwC7zsP…)
[20:52:20]   downloaded 1,004.4 MB in 39.4s (25.5 MB/s)
[20:53:09]   upload done video_id=26023310 in 48.8s
[20:53:10] film cr_film_id=101 OK in 92.2s
[20:53:10] iteration 11/20
[20:53:10] film cr_film_id=105 name='Joker (2019) CZ Dabing' candidates=5
[20:53:10]   candidate upload_id=36dc0b8ea3efe7a8 url=https://prehraj.to/joker-2019-cz-dab-1080p/36dc0b8ea3efe7a8
[20:53:11]   resolve FAILED: HTTP 502 wrapping permanent upstream error: https://prehraj.to/joker-2019-cz-dab-1080p/36dc0b8ea3efe7a8 (permanent=True)
[20:53:11]   candidate upload_id=5ed139a07c665 url=https://prehraj.to/joker-2019-cz-dabing-1080p-a/5ed139a07c665
[20:53:17]   resolved in 6.2s → 1080p (https://pf-storage3.premiumcdn.net/16703916/WZOtAbFwlHoRTWEtlLsO5FK8iM9HlBIX5CON…)
[20:54:47]   downloaded 2,201.4 MB in 88.3s (24.9 MB/s)
[20:56:27]   upload done video_id=26023357 in 99.4s
[20:56:28] film cr_film_id=105 OK in 197.7s
[20:56:28] iteration 12/20
[20:56:28] film cr_film_id=107 name='Nelítostný souboj (1995) CZ Dabing' candidates=3
[20:56:28]   candidate upload_id=67c021ef3998b url=https://prehraj.to/nelitostny-souboj-al-pacino-robert-de-niro-val-kilmer-tom-sizemore-1995-akcni-drama-krimi-thriller-bdrip-1080p-cz-dabing/67c021ef3998b
[20:56:29]   resolved in 1.0s → 720p (https://pf-storage1.premiumcdn.net/130839944/paGtbwI3eUDyHYzI8DTrWIVnsdGHWGTL2C7…)
[20:57:35]   downloaded 1,468.3 MB in 64.2s (22.9 MB/s)
[20:58:45]   upload done video_id=26023403 in 70.3s
[20:58:47] film cr_film_id=107 OK in 138.6s
[20:58:47] iteration 13/20
[20:58:47] film cr_film_id=117 name='Hon (2012) CZ Dabing' candidates=8
[20:58:47]   candidate upload_id=6198d2de67d73 url=https://prehraj.to/jagten-hon-2012-cz-dabing-720p-mio-palmo-https-ulozto-cz-partner-11657968/6198d2de67d73
[20:58:48]   resolved in 1.1s → 480p (https://pf-storage1.premiumcdn.net/26667001/EK3sm8IdXu24FpdC71fpvIJAsj4HpQHKXu6A…)
[20:59:30]   downloaded 887.9 MB in 40.6s (21.9 MB/s)
[21:00:17]   upload done video_id=26023454 in 46.8s
[21:00:18] film cr_film_id=117 OK in 91.3s
[21:00:18] iteration 14/20
[21:00:18] film cr_film_id=121 name='Americká krása (1999) CZ Dabing' candidates=9
[21:00:18]   candidate upload_id=57c118be616e5 url=https://prehraj.to/americka-krasa-1999-czdab-x264/57c118be616e5
[21:00:19]   resolved in 1.1s → 480p (https://pf-storage4.premiumcdn.net/481262/G1yF9oTlMtxpS4OFx1CWOTE8hYVFmLc2nhr6FG…)
[21:05:26]   downloaded 849.0 MB in 305.7s (2.8 MB/s)
[21:06:18]   upload done video_id=26023605 in 51.5s
[21:06:19] film cr_film_id=121 OK in 361.4s
[21:06:19] iteration 15/20
[21:06:19] film cr_film_id=125 name='Requiem za sen (2000) CZ Dabing' candidates=22
[21:06:19]   candidate upload_id=5b01a60891216 url=https://prehraj.to/requiem-za-sen-2000-cz-dabing/5b01a60891216
[21:06:23]   resolved in 3.9s → 720p (https://pf-storage1.premiumcdn.net/4243115/w9RhG9u3GUlpFZeUQrUoDux2Iwlt8YtakSGoI…)
[21:07:04]   downloaded 1,194.6 MB in 38.8s (30.8 MB/s)
[21:08:18]   upload done video_id=26023653 in 73.8s
[21:08:19] film cr_film_id=125 OK in 119.7s
[21:08:19] iteration 16/20
[21:08:19] film cr_film_id=131 name='Kill Bill (2003) CZ Dabing' candidates=9
[21:08:19]   candidate upload_id=58210a96c7daa url=https://prehraj.to/kill-bill-1-cz-dabing-2003/58210a96c7daa
[21:08:20]   resolved in 1.0s → 480p (https://pf-storage2.premiumcdn.net/812322/803I61iDlIbOTPmT0ls60iaJIqnFDPH6NfayIb…)
[21:09:00]   downloaded 514.2 MB in 38.2s (13.5 MB/s)
[21:09:27]   upload done video_id=26023698 in 27.5s
[21:09:29] film cr_film_id=131 OK in 69.7s
[21:09:29] iteration 17/20
[21:09:29] film cr_film_id=135 name='Taxikář (1976) CZ Dabing' candidates=6
[21:09:29]   candidate upload_id=df869f1b8df3a5c4 url=https://prehraj.to/taxikar-taxi-driver-1976-en-cz-dabing-uhdrdv-mkv/df869f1b8df3a5c4
[21:09:30]   resolved in 1.0s → 1080p (https://pf-storage5.premiumcdn.net/155581598/qPztlaijrHWgfoGF5Qu6lij3TPasPjUedHj…)
[21:12:43]   downloaded 5,019.4 MB in 192.1s (26.1 MB/s)
[21:16:25]   upload done video_id=26023781 in 221.5s
[21:16:26] film cr_film_id=135 OK in 417.4s
[21:16:26] iteration 18/20
[21:16:26] film cr_film_id=137 name='Top Gun: Maverick (2022) CZ Dabing' candidates=10
[21:16:26]   candidate upload_id=66ca751a5715e url=https://prehraj.to/top-gun-2-2022-cz-dabing-imax-2160p/66ca751a5715e
[21:16:27]   resolved in 1.1s → 720p (https://pf-storage1.premiumcdn.net/92477411/xdLt25iNPiMmtdyUwYfBvijnTPLSr9IXWfRO…)
[21:17:19]   downloaded 1,522.9 MB in 49.9s (30.5 MB/s)
[21:18:21]   upload done video_id=26023850 in 61.7s
[21:18:22] film cr_film_id=137 OK in 115.9s
[21:18:22] iteration 19/20
[21:18:22] film cr_film_id=139 name='Faunův labyrint (2006) CZ Dabing' candidates=9
[21:18:22]   candidate upload_id=6901bbab5eb81 url=https://prehraj.to/faunuv-labyrint-2006-cz-dabing-1080p/6901bbab5eb81
[21:18:23]   resolved in 1.3s → 1080p (https://pf-storage5.premiumcdn.net/154206780/d1JHbNf64s2JTD1cGgHq2fwAu4bc0pc38hN…)
[21:19:59]   downloaded 2,845.2 MB in 94.1s (30.2 MB/s)
[21:22:19]   upload done video_id=26023905 in 139.8s
[21:22:20] film cr_film_id=139 OK in 237.9s
[21:22:20] iteration 20/20
[21:22:20] film cr_film_id=149 name='Klaus (2019) CZ Dabing' candidates=8
[21:22:20]   candidate upload_id=5dd7924b6e539 url=https://prehraj.to/klaus-la-leyenda-de-klaus-2019-span-anim-vanocni-cz-dab-5-1-1080p/5dd7924b6e539
[21:22:21]   resolved in 1.1s → 1080p (https://pf-storage5.premiumcdn.net/15319615/YWVSdQiBXTxgT2wHYPsZliknhzrUGOImqu5G…)
[21:23:29]   downloaded 1,699.5 MB in 65.7s (25.9 MB/s)
[21:24:46]   upload done video_id=26023978 in 77.4s
[21:24:47] film cr_film_id=149 OK in 147.3s
[21:24:47] batch-end ok=20 failed=0 dur=3388.6s avg/film=169.4s remaining=17198 eta_hours=809.3

===== run 2026-06-16T21:30:06Z shard=1/2 batch_size=20 (https://github.com/Olbrasoft/prehrajto-to-prehrajto/actions/runs/27649424590) =====
[21:30:08] description overrides loaded: 65 from /home/runner/work/prehrajto-to-prehrajto/prehrajto-to-prehrajto/state/email-generated-descriptions-v3.jsonl
[21:30:08] batch-start shard=1/2 count=20 backlog=17650 uploads=452 failed_attempts=3 description_overrides=65
[21:30:08] login
[21:30:10] login done
[21:30:10] iteration 1/20
[21:30:10] film cr_film_id=155 name='Šestý smysl (1999) CZ Dabing' candidates=21
[21:30:10]   candidate upload_id=67918904c4855 url=https://prehraj.to/sesty-smysl-bruce-willis-toni-collette-haley-joel-osment-1999-drama-thriller-mysteriozni-horor-bdrip-1080p-cz-dabing/67918904c4855
[21:30:11]   resolved in 1.2s → 720p (https://pf-storage5.premiumcdn.net/128000087/g5xhgXfpJHEGHeyhj8Ia0fMkSpdh2MCo8h5…)
[21:31:08]   downloaded 1,962.4 MB in 55.9s (35.1 MB/s)
[21:32:22]   upload done video_id=26024096 in 73.6s
[21:32:23] film cr_film_id=155 OK in 133.5s
[21:32:23] iteration 2/20
[21:32:23] film cr_film_id=161 name='Vlk z Wall Street (2013) CZ Dabing' candidates=8
[21:32:23]   candidate upload_id=fad827bb77c52e52 url=https://prehraj.to/vlk-z-wall-street-2016-cz-dabing-ultra-hd-mp4/fad827bb77c52e52
[21:32:24]   resolved in 1.1s → 720p (https://pf-storage4.premiumcdn.net/166855358/YG8cgwu29uNeiyQtE3UlPuXYUDEFYri82f0…)
[21:33:58]   downloaded 2,209.0 MB in 92.3s (23.9 MB/s)
[21:35:17]   upload done video_id=26024149 in 78.9s
[21:35:18] film cr_film_id=161 OK in 175.0s
[21:35:18] iteration 3/20
[21:35:18] film cr_film_id=167 name='Casino (1995) CZ Dabing' candidates=4
[21:35:18]   candidate upload_id=57755d60b6f48 url=https://prehraj.to/kasino-1995-cz-dabing/57755d60b6f48
[21:35:19]   resolved in 1.0s → 480p (https://pf-storage5.premiumcdn.net/228044/7RXh5pTK8IDgfm8sA9ikbTZnszrFRZH76SVmHB…)
[21:35:43]   downloaded 752.6 MB in 22.3s (33.7 MB/s)
[21:36:12]   upload done video_id=26024164 in 28.7s
[21:36:13] film cr_film_id=167 OK in 54.6s
[21:36:13] iteration 4/20
[21:36:13] film cr_film_id=169 name='Nesmiřitelní (1992) CZ Dabing' candidates=13
[21:36:13]   candidate upload_id=5591ccdd6b7a2 url=https://prehraj.to/nesmiritelni-1992-cz-dabing-western/5591ccdd6b7a2
[21:36:15]   resolved in 2.0s → 480p (https://pf-storage2.premiumcdn.net/415128/G5ESgkijRuxAHDxCrnsAxiKxUadt16CbBT82tP…)
[21:36:36]   downloaded 635.0 MB in 19.5s (32.6 MB/s)
[21:36:59]   upload done video_id=26024175 in 23.4s
[21:37:00] film cr_film_id=169 OK in 47.4s
[21:37:00] iteration 5/20
[21:37:00] film cr_film_id=171 name='Truman Show (1998) CZ Dabing' candidates=3
[21:37:00]   candidate upload_id=96d072fce0a639b9 url=https://prehraj.to/truman-show-1998-cz-dabing-full-hd-comedy-top-kvalita-37165/96d072fce0a639b9
[21:37:01]   resolved in 1.0s → 720p (https://pf-storage3.premiumcdn.net/166132034/mYNiK9UgdSLKTa1s8LS98UgBhjdSyLiZ0t9…)
[21:37:49]   downloaded 1,608.0 MB in 46.4s (34.7 MB/s)
[21:38:50]   upload done video_id=26024188 in 61.1s
[21:38:51] film cr_film_id=171 OK in 111.1s
[21:38:51] iteration 6/20
[21:38:51] film cr_film_id=173 name='Hledá se Nemo (2003) CZ Dabing' candidates=45
[21:38:51]   candidate upload_id=5c3cfdd67dc45 url=https://prehraj.to/hleda-se-nemo-2003-hdrip-cz-dabing-m3/5c3cfdd67dc45
[21:38:52]   resolved in 1.1s → 720p (https://pf-storage1.premiumcdn.net/10948444/oB5SwnIYGiJzf4ZT58cQXIOAhw6u5ehbys8Q…)
[21:39:58]   downloaded 1,856.2 MB in 64.3s (28.9 MB/s)
[21:41:07]   upload done video_id=26024217 in 68.8s
[21:41:08] film cr_film_id=173 OK in 136.8s
[21:41:08] iteration 7/20
[21:41:08] film cr_film_id=175 name='Mechanický pomeranč (1971) CZ Dabing' candidates=7
[21:41:08]   candidate upload_id=56a2a7716372d url=https://prehraj.to/mechanicky-pomeranc-cz-dabing-1971/56a2a7716372d
[21:41:09]   resolved in 0.9s → 480p (https://pf-storage2.premiumcdn.net/349783/gmZs68fqYuoYFOpu5mUx4fvnunKt42SyNiGNI9…)
[21:41:40]   downloaded 875.2 MB in 29.4s (29.8 MB/s)
[21:42:15]   upload done video_id=26024245 in 34.7s
[21:42:16] film cr_film_id=175 OK in 67.7s
[21:42:16] iteration 8/20
[21:42:16] film cr_film_id=177 name='Smrtonosná past (1988) CZ Dabing' candidates=4
[21:42:16]   candidate upload_id=66cf0e55241d2 url=https://prehraj.to/smrtonosna-past-1-die-hard-1988-cz-dabing-1080p-hq/66cf0e55241d2
[21:42:17]   resolved in 0.9s → 720p (https://pf-storage3.premiumcdn.net/93115649/NQ4iP7HJRf26ce7i0ofpaH5qTRzIkwcG5soe…)
[21:43:29]   downloaded 2,469.0 MB in 70.3s (35.1 MB/s)
[21:45:04]   upload done video_id=26024267 in 95.2s
[21:45:06] film cr_film_id=177 OK in 169.9s
[21:45:06] iteration 9/20
[21:45:06] film cr_film_id=179 name='Čistá duše (2001) CZ Dabing' candidates=37
[21:45:06]   candidate upload_id=68e3c9a112bb1 url=https://prehraj.to/cista-duse-2001-cz-dabing-1080p/68e3c9a112bb1
[21:45:07]   resolved in 1.2s → 720p (https://pf-storage5.premiumcdn.net/150130188/PGZidXHMGso4Tz2SPbHLwH84iAOcx7hPpSm…)
[21:45:53]   downloaded 1,532.7 MB in 44.2s (34.7 MB/s)
[21:46:55]   upload done video_id=26024297 in 62.8s
[21:46:57] film cr_film_id=179 OK in 110.8s
[21:46:57] iteration 10/20
[21:46:57] film cr_film_id=181 name='Pád Třetí říše (2004) CZ Dabing' candidates=9
[21:46:57]   candidate upload_id=690830dea7778 url=https://prehraj.to/pad-treti-rise-2004-cz-dabing-1080p/690830dea7778
[21:46:58]   resolved in 1.3s → 720p (https://pf-storage3.premiumcdn.net/155018412/EWotQPhDXuOmhDlcWBc3Phz8uVNCqVuA1Cv…)
[21:47:53]   downloaded 1,858.7 MB in 53.7s (34.6 MB/s)
[21:49:49]   upload done video_id=26024324 in 115.6s
[21:49:50] film cr_film_id=181 OK in 173.1s
[21:49:50] iteration 11/20
[21:49:50] film cr_film_id=185 name='Nenávist (1995) CZ' candidates=1
[21:49:50]   candidate upload_id=55b768b655135 url=https://prehraj.to/vrazedna-nenavist-1996-thriller-dvd-cz/55b768b655135
[21:49:51]   resolved in 1.0s → 480p (https://pf-storage2.premiumcdn.net/37903/J8vFLET1QCy8H8aUpVCZ5TWPfz0CyXsGMtRvSge…)
[21:50:15]   downloaded 586.8 MB in 22.4s (26.2 MB/s)
[21:50:38]   upload done video_id=26024360 in 23.6s
[21:50:39] film cr_film_id=185 OK in 49.6s
[21:50:39] iteration 12/20
[21:50:39] film cr_film_id=189 name='Šílený Max: Zběsilá cesta (2015) CZ Dabing' candidates=9
[21:50:39]   candidate upload_id=66943be085592 url=https://prehraj.to/sileny-max-zbesila-cesta-2015-cz-dabing/66943be085592
[21:50:40]   resolved in 1.2s → 1080p (https://pf-storage1.premiumcdn.net/84828806/KnPfZYcE9HYGuM2SeRUGqc6LCe9FzPuJ9h5M…)
[21:50:42]   oversize: 6410559613 B > 6000000000 B, skip
[21:50:42]   candidate upload_id=5821918007fb5 url=https://prehraj.to/sileny-max-cz-dabing-2015/5821918007fb5
[21:50:46]   resolved in 4.5s → 480p (https://pf-storage3.premiumcdn.net/814026/G0rHWJUg3HEzHyAIYLuv0UW3TObF6kS4zTMri2…)
[21:51:17]   downloaded 1,003.7 MB in 28.9s (34.7 MB/s)
[21:52:14]   upload done video_id=26024372 in 57.3s
[21:52:15] film cr_film_id=189 OK in 96.2s
[21:52:15] iteration 13/20
[21:52:15] film cr_film_id=191 name='Společnost mrtvých básníků (1989) CZ Dabing' candidates=7
[21:52:15]   candidate upload_id=680a4b775303f url=https://prehraj.to/spolecnost-mrtvych-basniku-1989-cz-dab/680a4b775303f
[21:52:17]   resolved in 1.3s → 480p (https://pf-storage4.premiumcdn.net/136089377/jOgHK4sxWtLESwluelUlvsQVCR4UVBubnTa…)
[21:52:42]   downloaded 627.0 MB in 23.6s (26.6 MB/s)
[21:53:10]   upload done video_id=26024389 in 28.0s
[21:53:11] film cr_film_id=191 OK in 55.4s
[21:53:11] iteration 14/20
[21:53:11] film cr_film_id=193 name='V jako Vendeta (2005) CZ Dabing' candidates=1
[21:53:11]   candidate upload_id=6117583a3e497 url=https://prehraj.to/v-jako-vendeta-2005-cz-dabing/6117583a3e497
[21:53:12]   resolved in 1.0s → 480p (https://pf-storage1.premiumcdn.net/24601574/BMqh0qT7zIgPfmkIWbSKoTGzIdkUKoUKPC3J…)
[21:53:45]   downloaded 1,074.1 MB in 31.7s (33.9 MB/s)
[21:54:52]   upload done video_id=26024406 in 67.1s
[21:54:53] film cr_film_id=193 OK in 102.2s
[21:54:53] iteration 15/20
[21:54:53] film cr_film_id=203 name="Le Mans '66 (2019) CZ Dabing" candidates=10
[21:54:53]   candidate upload_id=5e680ac9c2be9 url=https://prehraj.to/le-mans-66-ford-v-ferrari-2019-1080p-bluray-dd-7-1-x264-cz-dabing/5e680ac9c2be9
[21:54:54]   resolved in 1.0s → 720p (https://pf-storage5.premiumcdn.net/15990592/oBjigPhnZtzZsomIz2SO9hwbI9mU1jiwGiPA…)
[21:56:21]   downloaded 3,047.0 MB in 85.6s (35.6 MB/s)
[21:58:15]   upload done video_id=26024449 in 114.1s
[21:58:16] film cr_film_id=203 OK in 203.2s
[21:58:16] iteration 16/20
[21:58:16] film cr_film_id=205 name='Divoké historky (2014) CZ Dabing' candidates=2
[21:58:16]   candidate upload_id=5026d2b6537172b9 url=https://prehraj.to/divoke-historky-2014-cz-dab-1080p/5026d2b6537172b9
[21:58:17]   resolve FAILED: HTTP 502 wrapping permanent upstream error: https://prehraj.to/divoke-historky-2014-cz-dab-1080p/5026d2b6537172b9 (permanent=True)
[21:58:17]   candidate upload_id=599ca76c9f71a url=https://prehraj.to/divoke-historky-2014-cz-dabing/599ca76c9f71a
[21:58:23]   resolved in 6.1s → 480p (https://pf-storage3.premiumcdn.net/2572192/8VwFa9IoBS94HQrHv2hRqI1wCrgSy9SnbF6Nh…)
[21:58:44]   downloaded 626.8 MB in 19.4s (32.3 MB/s)
[21:59:11]   upload done video_id=26024482 in 27.5s
[21:59:12] film cr_film_id=205 OK in 56.3s
[21:59:12] iteration 17/20
[21:59:12] film cr_film_id=209 name='Před soumrakem (2004) CZ Dabing' candidates=8
[21:59:12]   candidate upload_id=58211b790e474 url=https://prehraj.to/pred-soumrakem-cz-dabing-2004/58211b790e474
[21:59:14]   resolved in 1.0s → 480p (https://pf-storage3.premiumcdn.net/812564/Zp9uroCnbcWRHRYSXVH0qCMYfDlt34IV4t7KF9…)
[21:59:31]   downloaded 501.7 MB in 16.0s (31.4 MB/s)
[21:59:52]   upload done video_id=26024493 in 21.0s
[21:59:53] film cr_film_id=209 OK in 40.2s
[21:59:53] iteration 18/20
[21:59:53] film cr_film_id=213 name='Rivalové (2013) CZ Dabing' candidates=7
[21:59:53]   candidate upload_id=56503b49be5d6 url=https://prehraj.to/rivali-2013-cz-dab-drama/56503b49be5d6
[21:59:54]   resolved in 1.3s → 720p (https://pf-storage5.premiumcdn.net/327263/8Z7cpQUjzIWdsJOfqAfJdUNoFD7HzvTPaHN0HK…)
[22:00:42]   downloaded 1,641.6 MB in 46.7s (35.2 MB/s)
[22:01:51]   upload done video_id=26024514 in 68.4s
[22:01:52] film cr_film_id=213 OK in 119.1s
[22:01:52] iteration 19/20
[22:01:52] film cr_film_id=223 name='Příšerky s.r.o. (2001) CZ Dabing' candidates=17
[22:01:52]   candidate upload_id=d4b6832f9ac3d81f url=https://prehraj.to/priserky-sro-2001-cz-dabing-mp4/d4b6832f9ac3d81f
[22:01:53]   resolved in 1.2s → 720p (https://pf-storage3.premiumcdn.net/166040099/rE2fYkTJaU0aIKgT8wtrDTlwcNmtY1uDlfw…)
[22:02:38]   downloaded 1,518.2 MB in 43.7s (34.7 MB/s)
[22:04:09]   upload done video_id=26024553 in 91.3s
[22:04:11] film cr_film_id=223 OK in 138.7s
[22:04:11] iteration 20/20
[22:04:11] film cr_film_id=225 name='V hlavě (2015) CZ Dabing' candidates=8
[22:04:11]   candidate upload_id=1d32936693e86f13 url=https://prehraj.to/v-hlave-2015-cz-dab-1080p/1d32936693e86f13
[22:04:12]   resolved in 1.1s → 1080p (https://pf-storage5.premiumcdn.net/167423270/qOQs5OcB0f64i8MtLQFdYc3nH1wtlAS4ZUj…)
[22:05:40]   downloaded 2,468.8 MB in 86.6s (28.5 MB/s)
[22:08:38]   upload done video_id=26024597 in 178.3s
[22:08:39] film cr_film_id=225 OK in 268.6s
[22:08:39] batch-end ok=20 failed=0 dur=2309.4s avg/film=115.5s remaining=17178 eta_hours=551.1

===== run 2026-06-16T22:09:18Z shard=1/2 batch_size=20 (https://github.com/Olbrasoft/prehrajto-to-prehrajto/actions/runs/27651402655) =====
[22:09:19] description overrides loaded: 65 from /home/runner/work/prehrajto-to-prehrajto/prehrajto-to-prehrajto/state/email-generated-descriptions-v3.jsonl
[22:09:19] batch-start shard=1/2 count=20 backlog=17650 uploads=472 failed_attempts=5 description_overrides=65
[22:09:19] login
[22:09:21] login done
[22:09:21] iteration 1/20
[22:09:21] film cr_film_id=227 name='Pokoj (2015) CZ Dabing' candidates=14
[22:09:21]   candidate upload_id=12cf362c263032a6 url=https://prehraj.to/room-2015-cz-dab-1080p/12cf362c263032a6
[22:09:22]   resolved in 1.1s → 720p (https://pf-storage1.premiumcdn.net/167355641/gaoTwrUw7HmQf85i6VfK8UoKCQnu0YfKLCQ…)
[22:10:23]   downloaded 1,619.6 MB in 58.5s (27.7 MB/s)
[22:11:55]   upload done video_id=26024685 in 92.0s
[22:11:56] film cr_film_id=227 OK in 154.9s
[22:11:56] iteration 2/20
[22:11:56] film cr_film_id=229 name='Chyť mě, když to dokážeš (2002) CZ Dabing' candidates=4
[22:11:56]   candidate upload_id=68aefe9c2ac76 url=https://prehraj.to/chyt-me-kdyz-to-dokazes-2002-cz-dab/68aefe9c2ac76
[22:11:58]   resolved in 1.6s → 720p (https://pf-storage1.premiumcdn.net/144708246/vb7FmqcgkTBxSLmSv6UoMcN6sgRTv1u4XCk…)
[22:13:05]   downloaded 1,806.2 MB in 66.0s (27.4 MB/s)
[22:14:30]   upload done video_id=26024727 in 85.0s
[22:14:32] film cr_film_id=229 OK in 155.5s
[22:14:32] iteration 3/20
[22:14:32] film cr_film_id=231 name='Terminátor (1984) CZ Dabing' candidates=17
[22:14:32]   candidate upload_id=59bf56f7f1a28 url=https://prehraj.to/terminator-1-cz-dabing-1984/59bf56f7f1a28
[22:14:33]   resolved in 1.1s → 480p (https://pf-storage5.premiumcdn.net/2639330/P3ZUWXfAjFMdUQwHpYcmdfBwT8LHayF2jTxds…)
[22:15:02]   downloaded 737.6 MB in 28.1s (26.2 MB/s)
[22:15:46]   upload done video_id=26024752 in 43.2s
[22:15:47] film cr_film_id=231 OK in 75.3s
[22:15:47] iteration 4/20
[22:15:47] film cr_film_id=235 name='12 let v řetězech (2013) CZ Dabing' candidates=3
[22:15:47]   candidate upload_id=55bc075f31010 url=https://prehraj.to/12-let-v-retezech-2003-czdab/55bc075f31010
[22:15:49]   resolved in 2.2s → 480p (https://pf-storage3.premiumcdn.net/61735/NY2Fz6c7bS05hymSB0cJecQlsEOiZPIelFx7u4x…)
[22:16:18]   downloaded 707.9 MB in 27.2s (26.0 MB/s)
[22:16:58]   upload done video_id=26024767 in 39.7s
[22:16:59] film cr_film_id=235 OK in 72.1s
[22:16:59] iteration 5/20
[22:16:59] film cr_film_id=237 name='Zmizelá (2014) CZ Dabing' candidates=43
[22:16:59]   candidate upload_id=59c29f8b7635e url=https://prehraj.to/zmizela-2014-hdrip-cz-dabing-m3/59c29f8b7635e
[22:17:00]   resolved in 1.1s → 480p (https://pf-storage2.premiumcdn.net/2659176/RoGtjnU2zUK2fXEIbPFwvUEJhejFZESkGCENf…)
[22:20:56]   downloaded 508.1 MB in 234.5s (2.2 MB/s)
[22:21:22]   upload done video_id=26024836 in 25.4s
[22:21:23] film cr_film_id=237 OK in 264.2s
[22:21:23] iteration 6/20
[22:21:23] film cr_film_id=239 name='Četa (1986) CZ Dabing' candidates=17
[22:21:23]   candidate upload_id=5a07dd9233e27 url=https://prehraj.to/ceta-platoon-1986-cz-dab-ok-kvalitka/5a07dd9233e27
[22:21:24]   resolved in 1.1s → 480p (https://pf-storage1.premiumcdn.net/2921852/jEdfkXSEnuXDFeRf30ilZSJlu2NcAYc2GHjLI…)
[22:22:06]   downloaded 876.5 MB in 40.2s (21.8 MB/s)
[22:23:00]   upload done video_id=26024856 in 54.1s
[22:23:02] film cr_film_id=239 OK in 98.6s
[22:23:02] iteration 7/20
[22:23:02] film cr_film_id=241 name='Rocky (1976) CZ Dabing' candidates=11
[22:23:02]   candidate upload_id=5a2678c6b680f url=https://prehraj.to/rocky-1-1976-hdrip-cz-dabing-m3/5a2678c6b680f
[22:23:03]   resolved in 1.1s → 480p (https://pf-storage4.premiumcdn.net/3043755/vvahOmHjkTYrfdWcMLcvoH7xiqkU5PhNjiZVS…)
[22:23:31]   downloaded 685.3 MB in 26.1s (26.3 MB/s)
[22:24:17]   upload done video_id=26024885 in 46.7s
[22:24:19] film cr_film_id=241 OK in 77.0s
[22:24:19] iteration 8/20
[22:24:19] film cr_film_id=243 name='Most přes řeku Kwai (1957) CZ Dabing' candidates=4
[22:24:19]   candidate upload_id=6722985909c09 url=https://prehraj.to/most-pres-reku-kwai-1957-dobrodruzny-valecny-czdab/6722985909c09
[22:24:20]   resolved in 1.2s → 1080p (https://pf-storage5.premiumcdn.net/104852642/pjpTqWU9nhwzfMXfVRCQLUNMID8Iykck7Fn…)
[22:27:05]   downloaded 4,509.8 MB in 162.9s (27.7 MB/s)
[22:30:38]   upload done video_id=26024957 in 213.3s
[22:30:39] film cr_film_id=243 OK in 380.6s
[22:30:39] iteration 9/20
[22:30:39] film cr_film_id=245 name='Černobílý svět (2011) CZ Dabing' candidates=11
[22:30:39]   candidate upload_id=6062cc2e57223 url=https://prehraj.to/cernobily-svet-2011-cz-dabing/6062cc2e57223
[22:30:40]   resolved in 1.1s → 1080p (https://pf-storage5.premiumcdn.net/22880448/2L9hlgcoJSYruOJSnqiq8c7RflYhV1ipMTdB…)
[22:52:51]   downloaded 4,447.7 MB in 1328.4s (3.3 MB/s)
[22:56:24]   upload done video_id=26025535 in 212.9s
[22:56:25] film cr_film_id=245 OK in 1545.7s
[22:56:25] iteration 10/20
[22:56:25] film cr_film_id=247 name='Hotel Rwanda (2004) CZ Dabing' candidates=8
[22:56:25]   candidate upload_id=62b43d03d1c0321e url=https://prehraj.to/hotel-rwanda-2004-cz-dab-1080p/62b43d03d1c0321e
[22:56:26]   resolved in 1.3s → 720p (https://pf-storage3.premiumcdn.net/167189357/4GLfvXTpntV4hBNio8s8RTqkC8ESyPf1ehz…)
[22:57:46]   downloaded 2,214.6 MB in 78.1s (28.4 MB/s)
[22:59:27]   upload done video_id=26025638 in 101.0s
[22:59:29] film cr_film_id=247 OK in 183.6s
[22:59:29] iteration 11/20
[22:59:29] film cr_film_id=249 name='Sbal prachy a vypadni (1998) CZ Dabing' candidates=3
[22:59:29]   candidate upload_id=67071cca34e5b url=https://prehraj.to/sbal-prachy-a-vypadni-jason-flemyng-dexter-fletcher-nick-moran-jason-statham-1998-krimi-thriller-komedie-dvdrip-1080p-cz-dabing/67071cca34e5b
[22:59:30]   resolved in 1.1s → 1080p (https://pf-storage4.premiumcdn.net/101028362/1vKTYxiA9FpXuz4S19H3wiqrH3btQBf23f9…)
[23:12:43]   downloaded 2,769.6 MB in 791.4s (3.5 MB/s)
[23:14:52]   upload done video_id=26025941 in 129.0s
[23:14:53] film cr_film_id=249 OK in 924.7s
[23:14:53] iteration 12/20
[23:14:53] film cr_film_id=257 name='Princezna nevěsta (1987) CZ Dabing' candidates=3
[23:14:53]   candidate upload_id=ade2c0d95ed44de3 url=https://prehraj.to/princezna-nevesta-the-princess-bride-1987-1080p-cz-dabing/ade2c0d95ed44de3
[23:14:54]   resolved in 1.1s → 1080p (https://pf-storage3.premiumcdn.net/169632937/m03ilWuQLHm0soGF7qHQ2uyDiOwSD9tagtk…)
[23:16:34]   downloaded 2,712.1 MB in 97.4s (27.8 MB/s)
[23:18:55]   upload done video_id=26026212 in 141.1s
[23:18:56] film cr_film_id=257 OK in 242.8s
[23:18:56] iteration 13/20
[23:18:56] film cr_film_id=259 name='Kill Bill 2 (2004) CZ Dabing' candidates=3
[23:18:56]   candidate upload_id=65c75942a6da4 url=https://prehraj.to/kill-bill-2-2004-cz-dabing-1080p/65c75942a6da4
[23:18:57]   resolved in 1.3s → 720p (https://pf-storage5.premiumcdn.net/73216676/Q0WUv7SNnSdeFz4tGatz4SENHRMsn0tqjUqg…)
[23:24:29]   downloaded 2,135.5 MB in 329.4s (6.5 MB/s)
[23:26:01]   upload done video_id=26026462 in 92.7s
[23:26:03] film cr_film_id=259 OK in 426.7s
[23:26:03] iteration 14/20
[23:26:03] film cr_film_id=263 name='V rytmu srdce (2021) CZ Dabing' candidates=2
[23:26:03]   candidate upload_id=31a03ca78d0d5db1 url=https://prehraj.to/v-rytmu-srdce-2021-cz-dab-1080p/31a03ca78d0d5db1
[23:26:04]   resolved in 1.1s → 720p (https://pf-storage5.premiumcdn.net/167423657/4NRIzDfjDTbOSnQSPdfv5fbQSNOuaviRVTg…)
[23:26:46]   downloaded 1,105.3 MB in 40.5s (27.3 MB/s)
[23:27:47]   upload done video_id=26026522 in 60.4s
[23:27:48] film cr_film_id=263 OK in 105.1s
[23:27:48] iteration 15/20
[23:27:48] film cr_film_id=267 name='Duna (2021) CZ Dabing' candidates=1
[23:27:48]   candidate upload_id=7f827293e6b09d31 url=https://prehraj.to/duna-cast-1-2021-1080p-cz-dabing/7f827293e6b09d31
[23:27:49]   resolve FAILED: HTTP 502 wrapping permanent upstream error: https://prehraj.to/duna-cast-1-2021-1080p-cz-dabing/7f827293e6b09d31 (permanent=True)
[23:27:49] film cr_film_id=267 all candidates exhausted
[23:27:49] iteration 16/20
[23:27:49] film cr_film_id=271 name='Duše (2020) CZ Dabing' candidates=6
[23:27:49]   candidate upload_id=61ff9cd7bd688 url=https://prehraj.to/dusa-2020-cz-dabing-hd-1080p/61ff9cd7bd688
[23:27:55]   resolved in 6.1s → 720p (https://pf-storage5.premiumcdn.net/29088036/QEaTOaFdXheqsXVf7Vt7LF8KCj8HZMCeySzX…)
[23:28:55]   downloaded 1,639.3 MB in 58.8s (27.9 MB/s)
[23:30:17]   upload done video_id=26026592 in 81.8s
[23:30:19] film cr_film_id=271 OK in 149.9s
[23:30:19] iteration 17/20
[23:30:19] film cr_film_id=281 name='Těžká váha (2005) CZ Dabing' candidates=5
[23:30:19]   candidate upload_id=6062cc2e5743a url=https://prehraj.to/tezka-vaha-cinderella-man-2005-cz-dabing/6062cc2e5743a
[23:30:20]   resolved in 1.3s → 1080p (https://pf-storage5.premiumcdn.net/22880343/YZ7I42U81HLPTYyUa1iqgUaAHyrHdXIK1T4w…)
[23:31:55]   downloaded 2,626.3 MB in 93.5s (28.1 MB/s)
[23:34:08]   upload done video_id=26026714 in 133.2s
[23:34:10] film cr_film_id=281 OK in 231.0s
[23:34:10] iteration 18/20
[23:34:10] film cr_film_id=283 name='Casino Royale (2006) CZ Dabing' candidates=8
[23:34:10]   candidate upload_id=68e442d3cf95a url=https://prehraj.to/casino-royale-2006-cz-dab-1080p/68e442d3cf95a
[23:34:11]   resolved in 1.3s → 1080p (https://pf-storage3.premiumcdn.net/150225723/gjludWH35Fa5txdSA9I1eHevSO1c2gikgSO…)
[23:36:52]   downloaded 4,440.8 MB in 159.1s (27.9 MB/s)
[23:40:17]   upload done video_id=26026849 in 205.6s
[23:40:19] film cr_film_id=283 OK in 369.1s
[23:40:19] iteration 19/20
[23:40:19] film cr_film_id=291 name='Lion (2016) CZ Dabing' candidates=12
[23:40:19]   candidate upload_id=5caf7c7fa9890 url=https://prehraj.to/lion-2016-hdrip-cz-dabing-m3/5caf7c7fa9890
[23:40:20]   resolved in 1.2s → 480p (https://pf-storage1.premiumcdn.net/12880560/AV9TaDFnmH9VCnGUzDf6EFNpU7OsOMsMjh8k…)
[23:40:43]   downloaded 488.6 MB in 21.1s (23.2 MB/s)
[23:41:07]   upload done video_id=26026957 in 24.3s
[23:41:08] film cr_film_id=291 OK in 49.5s
[23:41:08] iteration 20/20
[23:41:08] film cr_film_id=297 name='Králova řeč (2010) CZ Dabing' candidates=6
[23:41:08]   candidate upload_id=6062cc2e580db url=https://prehraj.to/kralova-rec-2010-cz-dabing/6062cc2e580db
[23:41:09]   resolved in 1.3s → 1080p (https://pf-storage5.premiumcdn.net/22880391/dj6sgphzRUlwIdPTJ8tgJhkRC01il6IjDcK9…)
[23:43:02]   downloaded 3,132.9 MB in 111.1s (28.2 MB/s)
[23:45:41]   upload done video_id=26027020 in 159.2s
[23:45:42] film cr_film_id=297 OK in 274.1s
[23:45:42] batch-end ok=19 failed=1 dur=5781.1s avg/film=304.3s remaining=17159 eta_hours=1450.4

===== run 2026-06-16T23:46:11Z shard=1/2 batch_size=20 (https://github.com/Olbrasoft/prehrajto-to-prehrajto/actions/runs/27655681064) =====
[23:46:12] description overrides loaded: 65 from /home/runner/work/prehrajto-to-prehrajto/prehrajto-to-prehrajto/state/email-generated-descriptions-v3.jsonl
[23:46:12] batch-start shard=1/2 count=20 backlog=17650 uploads=491 failed_attempts=6 description_overrides=65
[23:46:12] login
[23:46:14] login done
[23:46:14] iteration 1/20
[23:46:14] film cr_film_id=303 name='Deadpool (2016) CZ Dabing' candidates=13
[23:46:14]   candidate upload_id=620bb6637f57d url=https://prehraj.to/deadpool-2016-1080p-bluray-x264-dts-hd-ma-ac3-cz-dab/620bb6637f57d
[23:46:15]   resolved in 1.4s → 720p (https://pf-storage3.premiumcdn.net/29392430/rrQI9LflKFvMcQWH4yfPKf2RhlnuKrszPTd8…)
[23:47:50]   downloaded 2,076.4 MB in 92.3s (22.5 MB/s)
[23:49:42]   upload done video_id=26027161 in 112.5s
[23:49:44] film cr_film_id=303 OK in 209.8s
[23:49:44] iteration 2/20
[23:49:44] film cr_film_id=305 name='Donnie Darko (2001) CZ Dabing' candidates=5
[23:49:44]   candidate upload_id=5bad5c834d45a url=https://prehraj.to/donnie-darko-2001-cz-dabing/5bad5c834d45a
[23:49:45]   resolved in 1.2s → 480p (https://pf-storage5.premiumcdn.net/6577990/BrdudzcveU8MCMLSE1iZRcbxhk9SZnt4dujwH…)
[23:50:13]   downloaded 452.3 MB in 26.1s (17.3 MB/s)
[23:50:47]   upload done video_id=26027233 in 34.1s
[23:50:49] film cr_film_id=305 OK in 65.0s
[23:50:49] iteration 3/20
[23:50:49] film cr_film_id=307 name='Sherlock: Přízračná nevěsta (2016) CZ Dabing' candidates=4
[23:50:49]   candidate upload_id=57ea668162287 url=https://prehraj.to/sherlock-novorocni-special-2016-czdabing/57ea668162287
[23:50:50]   resolved in 1.2s → 480p (https://pf-storage2.premiumcdn.net/659401/QjbH2rF5RUmghrlTD1hVJF28c7jTp7S8rCjLSW…)
[23:51:15]   downloaded 400.5 MB in 23.1s (17.3 MB/s)
[23:51:47]   upload done video_id=26027250 in 31.5s
[23:51:48] film cr_film_id=307 OK in 59.4s
[23:51:48] iteration 4/20
[23:51:48] film cr_film_id=317 name='Černá labuť (2010) CZ Dabing' candidates=19
[23:51:48]   candidate upload_id=3fa55e8ff9e271d2 url=https://prehraj.to/black-swan-2010-cz-dabing-1080p-mkv/3fa55e8ff9e271d2
[23:51:49]   resolved in 1.1s → 720p (https://pf-storage1.premiumcdn.net/155729738/VR3uOgHNmHQbhAmTaqsp2HraTMKFqBIpyh6…)
[23:53:40]   downloaded 2,572.4 MB in 108.6s (23.7 MB/s)
[23:56:30]   upload done video_id=26027308 in 170.7s
[23:56:32] film cr_film_id=317 OK in 283.9s
[23:56:32] iteration 5/20
[23:56:32] film cr_film_id=319 name='Sin City – město hříchu (2005) CZ Dabing' candidates=3
[23:56:32]   candidate upload_id=68eaa33187b95 url=https://prehraj.to/sin-city-mesto-hrichu-2005-cz-dab-1080p/68eaa33187b95
[23:56:33]   resolved in 1.4s → 1080p (https://pf-storage4.premiumcdn.net/150965604/d6dfrEujkFvQTP4IwDiYVuAOh8LUP2cOdh8…)
[23:59:22]   downloaded 3,969.0 MB in 166.8s (23.8 MB/s)
[00:03:10]   upload done video_id=26027388 in 227.6s
[00:03:11] film cr_film_id=319 OK in 399.5s
[00:03:11] iteration 6/20
[00:03:11] film cr_film_id=321 name='Útěk do divočiny (2007) CZ Dabing' candidates=2
[00:03:11]   candidate upload_id=68ea309f6ab41 url=https://prehraj.to/utek-do-divociny-2007-cz-dabing-1080p/68ea309f6ab41
[00:03:12]   resolve FAILED: HTTP 502 wrapping permanent upstream error: https://prehraj.to/utek-do-divociny-2007-cz-dabing-1080p/68ea309f6ab41 (permanent=True)
[00:03:12]   candidate upload_id=68aace749eeb1 url=https://prehraj.to/utek-do-divociny-2007-fhd-1080p-cz-783/68aace749eeb1
[00:03:18]   resolve FAILED: HTTP 502 wrapping permanent upstream error: https://prehraj.to/utek-do-divociny-2007-fhd-1080p-cz-783/68aace749eeb1 (permanent=True)
[00:03:18] film cr_film_id=321 all candidates exhausted
[00:03:18] iteration 7/20
[00:03:18] film cr_film_id=323 name='Černá kočka, bílý kocour (1998) CZ Dabing' candidates=8
[00:03:18]   candidate upload_id=6365396de3f62 url=https://prehraj.to/cerna-kocka-bily-kocour-black-cat-white-cat-1998-1080p-web-dlrip-cz-dabing/6365396de3f62
[00:03:24]   resolved in 6.0s → 720p (https://pf-storage3.premiumcdn.net/34289281/rqGTPeuyYUZKHMvhYKFOMuNYsxZilMHVYUdL…)
[00:04:50]   downloaded 1,940.9 MB in 84.0s (23.1 MB/s)
[00:06:42]   upload done video_id=26027499 in 112.3s
[00:06:44] film cr_film_id=323 OK in 206.0s
[00:06:44] iteration 8/20
[00:06:44] film cr_film_id=325 name='Krvavý diamant (2006) CZ Dabing' candidates=9
[00:06:44]   candidate upload_id=5ec763c0e8ab5 url=https://prehraj.to/krvavy-diamant-2006-czdabing/5ec763c0e8ab5
[00:06:45]   resolved in 1.4s → 720p (https://pf-storage5.premiumcdn.net/16618749/JQacA1uwkTkdtDohaBi0Mu2bfkxI2YfAjskd…)
[00:08:54]   downloaded 2,992.6 MB in 127.1s (23.5 MB/s)
[00:11:38]   upload done video_id=26027560 in 164.1s
[00:11:40] film cr_film_id=325 OK in 296.0s
[00:11:40] iteration 9/20
[00:11:40] film cr_film_id=327 name='Štěstí na dosah (2006) CZ Dabing' candidates=18
[00:11:40]   candidate upload_id=5ff4ce64997cc url=https://prehraj.to/stesti-na-dosah-2019-ab-1080p-cz-dab/5ff4ce64997cc
[00:11:41]   resolved in 1.2s → 1080p (https://pf-storage5.premiumcdn.net/21274272/0JrIM4FnqSwasr4CApcLyF40c92FJMh7EfPb…)
[00:13:51]   downloaded 2,891.1 MB in 128.3s (22.5 MB/s)
[00:16:48]   upload done video_id=26027629 in 176.3s
[00:16:49] film cr_film_id=327 OK in 309.2s
[00:16:49] iteration 10/20
[00:16:49] film cr_film_id=331 name='Mladá srdce (2024) CZ Dabing' candidates=7
[00:16:49]   candidate upload_id=6845f3ea45f13 url=https://prehraj.to/mlada-srdce-2024-cz-dab-1080p/6845f3ea45f13
[00:16:50]   resolved in 1.4s → 1080p (https://pf-storage4.premiumcdn.net/139484753/pdbTnQcYrun0H37SrYtY1cMNuLzC8pIrgTR…)
[00:18:33]   downloaded 2,390.8 MB in 100.6s (23.8 MB/s)
[00:20:57]   upload done video_id=26027722 in 143.5s
[00:20:58] film cr_film_id=331 OK in 249.0s
[00:20:58] iteration 11/20
[00:20:58] film cr_film_id=341 name='Strážci Galaxie: Volume 3 (2023) CZ Dabing' candidates=3
[00:20:58]   candidate upload_id=68c735c564c81 url=https://prehraj.to/strazci-galaxie-volume-3-2023-cz-dabing/68c735c564c81
[00:20:59]   resolved in 1.2s → 720p (https://pf-storage4.premiumcdn.net/146726427/QQNse1U5vcRkcQECNAs2nUWXiL4So9fr6cd…)
[00:22:30]   downloaded 2,149.5 MB in 88.9s (24.2 MB/s)
[00:24:37]   upload done video_id=26027791 in 126.8s
[00:24:39] film cr_film_id=341 OK in 220.5s
[00:24:39] iteration 12/20
[00:24:39] film cr_film_id=345 name='Tajemná řeka (2003) CZ Dabing' candidates=15
[00:24:39]   candidate upload_id=6901c36aabd8e url=https://prehraj.to/tajemna-reka-2003-cz-dabing-1080p/6901c36aabd8e
[00:24:40]   resolved in 1.3s → 720p (https://pf-storage1.premiumcdn.net/154207494/9MlsEQiXrS4gh7JIwxT4Ni7lHklSGKs5zTG…)
[00:25:39]   downloaded 1,322.4 MB in 56.9s (23.2 MB/s)
[00:27:06]   upload done video_id=26027848 in 86.6s
[00:27:07] film cr_film_id=345 OK in 148.8s
[00:27:07] iteration 13/20
[00:27:07] film cr_film_id=347 name='Togo (2019) CZ Dabing' candidates=2
[00:27:07]   candidate upload_id=6268a705d67b8 url=https://prehraj.to/togo-2019-cz-dabing/6268a705d67b8
[00:27:09]   resolved in 1.4s → 480p (https://pf-storage3.premiumcdn.net/30618296/x81fxpC2ACz8t4bhW0s9nCKosLphVmS59sQg…)
[00:27:50]   downloaded 656.6 MB in 39.4s (16.7 MB/s)
[00:28:31]   upload done video_id=26027878 in 41.3s
[00:28:33] film cr_film_id=347 OK in 85.4s
[00:28:33] iteration 14/20
[00:28:33] film cr_film_id=351 name='13 minut (2021) CZ Dabing' candidates=1
[00:28:33]   candidate upload_id=60c7892fbe9c2 url=https://prehraj.to/13-minut-2021-czdab/60c7892fbe9c2
[00:28:34]   resolved in 1.0s → 720p (https://pf-storage3.premiumcdn.net/23898840/vywhx5TwVI57CzdtovfVkTERSM3UAaiLzHae…)
[00:29:13]   downloaded 846.9 MB in 37.5s (22.6 MB/s)
[00:30:13]   upload done video_id=26027898 in 60.2s
[00:30:15] film cr_film_id=351 OK in 102.1s
[00:30:15] iteration 15/20
[00:30:15] film cr_film_id=353 name='Pravda a spravedlnost (2019) CZ Dabing' candidates=2
[00:30:15]   candidate upload_id=60329e1c40528 url=https://prehraj.to/pravda-a-spravedlnost-2019-czdabing/60329e1c40528
[00:30:19]   resolved in 3.6s → 1080p (https://pf-storage3.premiumcdn.net/22365416/0dZfpwiVruYocLvSynUlNi8vUOqtn5UBYHPV…)
[00:31:40]   downloaded 1,835.9 MB in 79.3s (23.2 MB/s)
[00:33:20]   upload done video_id=26027927 in 99.7s
[00:33:21] film cr_film_id=353 OK in 186.3s
[00:33:21] iteration 16/20
[00:33:21] film cr_film_id=357 name='Králíček Jojo (2019) CZ Dabing' candidates=10
[00:33:21]   candidate upload_id=60e4524a6eecd url=https://prehraj.to/kralicek-jojo-2019-cz-dabing-1080p/60e4524a6eecd
[00:33:22]   resolved in 1.2s → 720p (https://pf-storage5.premiumcdn.net/24189912/XYotPZcbmh4BIzkTWkSeqcLWc1rSEPtWpCzx…)
[00:34:24]   downloaded 1,350.8 MB in 59.3s (22.8 MB/s)
[00:35:51]   upload done video_id=26027971 in 87.6s
[00:35:53] film cr_film_id=357 OK in 151.7s
[00:35:53] iteration 17/20
[00:35:53] film cr_film_id=363 name='Pí a jeho život (2012) CZ Dabing' candidates=2
[00:35:53]   candidate upload_id=bfeb28f754512421 url=https://prehraj.to/pi-a-jeho-zivot-2012-cz-dab-1080p-cz-dab-1080p/bfeb28f754512421
[00:35:54]   resolved in 1.1s → 720p (https://pf-storage3.premiumcdn.net/162416852/61rFN6IQwtZYS2zH3ki7rI6xFklhl6TaJcq…)
[00:37:31]   downloaded 2,233.1 MB in 94.8s (23.6 MB/s)
[00:39:54]   upload done video_id=26028014 in 143.0s
[00:39:55] film cr_film_id=363 OK in 242.4s
[00:39:55] iteration 18/20
[00:39:55] film cr_film_id=367 name='Thor: Ragnarok (2017) CZ Dabing' candidates=1
[00:39:55]   candidate upload_id=b2552a1006b15ab7 url=https://prehraj.to/thor-3-ragnarok-2017-cz-dabing-ultra-hd-2160p-4k/b2552a1006b15ab7
[00:39:57]   resolved in 1.4s → 1080p (https://pf-storage4.premiumcdn.net/162798770/RBqie4cbKH93ClxS8YHemczOf5EI4NTNoCa…)
[00:42:06]   downloaded 2,837.6 MB in 127.1s (22.3 MB/s)
[00:44:41]   upload done video_id=26028070 in 155.5s
[00:44:43] film cr_film_id=367 OK in 287.6s
[00:44:43] iteration 19/20
[00:44:43] film cr_film_id=375 name='Příchozí (2016) CZ Dabing' candidates=52
[00:44:43]   candidate upload_id=59071f5086dde url=https://prehraj.to/prichozi-prvy-kontakt-arrival-2016-1080p-bluray-x264-dts-5-1-en-cz-dab/59071f5086dde
[00:44:44]   resolved in 1.2s → 720p (https://pf-storage3.premiumcdn.net/2122542/3N5sXjUQlFNzCoEIRxczRUDNHNoSzQcaLureF…)
[00:45:30]   downloaded 984.2 MB in 43.2s (22.8 MB/s)
[00:46:28]   upload done video_id=26028114 in 58.7s
[00:46:30] film cr_film_id=375 OK in 107.0s
[00:46:30] iteration 20/20
[00:46:30] film cr_film_id=379 name='Na hraně zítřka (2014) CZ Dabing' candidates=24
[00:46:30]   candidate upload_id=5ad330ffa9959 url=https://prehraj.to/na-hrane-zitrka-cz-dabing-2014-full-hd-1080p/5ad330ffa9959
[00:46:33]   resolved in 2.8s → 720p (https://pf-storage3.premiumcdn.net/3878999/bazsLoHxeurNU98i4QHQEH7wsX8HLlFXRTEeC…)
[00:48:11]   downloaded 2,273.2 MB in 95.8s (23.7 MB/s)
[00:50:17]   upload done video_id=26028156 in 126.5s
[00:50:19] film cr_film_id=379 OK in 228.9s
[00:50:19] batch-end ok=19 failed=1 dur=3845.0s avg/film=202.4s remaining=17140 eta_hours=963.6

===== run 2026-06-17T00:50:48Z shard=1/2 batch_size=20 (https://github.com/Olbrasoft/prehrajto-to-prehrajto/actions/runs/27658189617) =====
[00:50:49] description overrides loaded: 65 from /home/runner/work/prehrajto-to-prehrajto/prehrajto-to-prehrajto/state/email-generated-descriptions-v3.jsonl
[00:50:49] batch-start shard=1/2 count=20 backlog=17650 uploads=510 failed_attempts=8 description_overrides=65
[00:50:49] login
[00:50:51] login done
[00:50:51] iteration 1/20
[00:50:51] film cr_film_id=381 name='Harry Potter a vězeň z Azkabanu (2004) CZ Dabing' candidates=16
[00:50:51]   candidate upload_id=7eca1aebc6a6744a url=https://prehraj.to/harry-potter-a-vezen-z-azkabanu-2004-cz-dabing-topppkvalita-1080p-full-hd-mkv/7eca1aebc6a6744a
[00:50:52]   resolved in 1.6s → 1080p (https://pf-storage1.premiumcdn.net/163741547/vyqSLxiReF9BC4kI1BsW7i9QHzlCNeIerck…)
[00:50:55]   oversize: 6192411043 B > 6000000000 B, skip
[00:50:55]   candidate upload_id=68dbfa530044e url=https://prehraj.to/harry-potter-3-vezen-z-azkabanu-2004-cz-dabing-topkvalita/68dbfa530044e
[00:50:59]   resolved in 3.9s → 1080p (https://pf-storage1.premiumcdn.net/149145069/1mZfv0uVLFaLS12UjMUrGuG6Fl7CQbFv8Uj…)
[00:51:00]   oversize: 6192411043 B > 6000000000 B, skip
[00:51:00]   candidate upload_id=68d9a56eb50bf url=https://prehraj.to/harry-potter-3-a-vezen-z-azkabanu-2004-cz-dabing-topkvalita4k/68d9a56eb50bf
[00:51:04]   resolve FAILED: HTTP 502 wrapping permanent upstream error: https://prehraj.to/harry-potter-3-a-vezen-z-azkabanu-2004-cz-dabing-topkvalita4k/68d9a56eb50bf (permanent=True)
[00:51:04]   candidate upload_id=aa388451a3856b04 url=https://prehraj.to/harry-potter-a-vezen-z-azkabanu-2004-en-cz-dabing-uhdrdv-mkv/aa388451a3856b04
[00:51:11]   resolved in 6.4s → 1080p (https://pf-storage4.premiumcdn.net/155234253/Yg3S6eUzBh81INauLotNQU1VsKkTq5uBPfK…)
[01:00:20]   downloaded 4,732.6 MB in 547.8s (8.6 MB/s)
[01:04:42]   upload done video_id=26028369 in 261.1s
[01:04:43] film cr_film_id=381 OK in 832.7s
[01:04:43] iteration 2/20
[01:04:43] film cr_film_id=383 name='District 9 (2009) CZ Dabing' candidates=23
[01:04:43]   candidate upload_id=59132308243d4 url=https://prehraj.to/district-9-cz-dabing-fullhd-1080p-2009-msdos/59132308243d4
[01:04:45]   resolved in 1.4s → 720p (https://pf-storage5.premiumcdn.net/2165534/7g1SPnUrNI7rI5aHZ9fx8UAku8yCdwCONTP7h…)
[01:08:36]   downloaded 2,450.0 MB in 228.9s (10.7 MB/s)
[01:11:09]   upload done video_id=26028961 in 152.8s
[01:11:10] film cr_film_id=383 OK in 387.0s
[01:11:10] iteration 3/20
[01:11:10] film cr_film_id=387 name='E.T. – Mimozemšťan (1982) CZ Dabing' candidates=6
[01:11:10]   candidate upload_id=4f0c2e10e4682dc7 url=https://prehraj.to/e-t-mimozemstan-1982-cz-dab-1080p/4f0c2e10e4682dc7
[01:11:12]   resolved in 1.4s → 1080p (https://pf-storage4.premiumcdn.net/161859878/qdRTweFWlUBDHyGudJSL5FP2h7QSrptXoHK…)
[01:12:44]   downloaded 2,171.1 MB in 90.1s (24.1 MB/s)
[01:14:46]   upload done video_id=26028990 in 122.0s
[01:14:48] film cr_film_id=387 OK in 217.0s
[01:14:48] iteration 4/20
[01:14:48] film cr_film_id=391 name='Toy Story 2: Příběh hraček (1999) CZ Dabing' candidates=17
[01:14:48]   candidate upload_id=592d1c63c1da0 url=https://prehraj.to/toy-story-pribeh-hracek-2-1999-cz-dabing/592d1c63c1da0
[01:14:49]   resolved in 1.2s → 480p (https://pf-storage5.premiumcdn.net/2277806/jDMfJgspaUa4UqPI29feQslecqgF2KUDNTnjF…)
[01:16:03]   downloaded 655.1 MB in 72.5s (9.0 MB/s)
[01:16:39]   upload done video_id=26029016 in 35.3s
[01:16:40] film cr_film_id=391 OK in 112.6s
[01:16:40] iteration 5/20
[01:16:40] film cr_film_id=395 name='Avatar (2009) CZ Dabing' candidates=9
[01:16:40]   candidate upload_id=68ee1e3710b7e url=https://prehraj.to/avatar-2009-cz-dabing-1080p/68ee1e3710b7e
[01:16:42]   resolved in 1.4s → 1080p (https://pf-storage3.premiumcdn.net/151529235/LN1SDYfWJT47i2aiX4sgKfbWSPOC7yf3gt5…)
[01:16:44]   oversize: 6734830680 B > 6000000000 B, skip
[01:16:44]   candidate upload_id=672da3361ed52 url=https://prehraj.to/avatar-2009-cz-dab/672da3361ed52
[01:16:48]   resolved in 4.3s → 720p (https://pf-storage3.premiumcdn.net/105521894/nzRcgyTB2FnyFkRu9Pi8dTn2UE5fWPI3jiW…)
[01:20:13]   downloaded 4,908.4 MB in 203.1s (24.2 MB/s)
[01:24:31]   upload done video_id=26029349 in 258.0s
[01:24:32] film cr_film_id=395 OK in 472.2s
[01:24:32] iteration 6/20
[01:24:32] film cr_film_id=397 name='Země nikoho (2001) CZ Dabing' candidates=4
[01:24:32]   candidate upload_id=5bbee0ed545b9 url=https://prehraj.to/zeme-nikoho-2001-cz-dabing/5bbee0ed545b9
[01:24:34]   resolved in 1.5s → 480p (https://pf-storage2.premiumcdn.net/7060568/Zm9T7MHJAcd4tzXhgwSjGHL0hMYunZS34iJqc…)
[01:24:59]   downloaded 506.8 MB in 22.8s (22.2 MB/s)
[01:25:42]   upload done video_id=26030121 in 43.5s
[01:25:44] film cr_film_id=397 OK in 71.4s
[01:25:44] iteration 7/20
[01:25:44] film cr_film_id=401 name='Iron Man (2008) CZ Dabing' candidates=1
[01:25:44]   candidate upload_id=9dea46e70106c476 url=https://prehraj.to/iron-man-1-cz-dabing-2008-mp4/9dea46e70106c476
[01:25:45]   resolve FAILED: HTTP 502 wrapping permanent upstream error: https://prehraj.to/iron-man-1-cz-dabing-2008-mp4/9dea46e70106c476 (permanent=True)
[01:25:45] film cr_film_id=401 all candidates exhausted
[01:25:45] iteration 8/20
[01:25:45] film cr_film_id=403 name='Pád do ticha (2003) CZ Dabing' candidates=8
[01:25:45]   candidate upload_id=5ac3cd8c642f1 url=https://prehraj.to/pad-do-ticha-2003-cz-dabing/5ac3cd8c642f1
[01:25:51]   resolved in 5.9s → 480p (https://pf-storage5.premiumcdn.net/3820993/zMzUeXIjVCvbhAzCOzs6LIDJSz9c6Qto7fnMU…)
[01:26:18]   downloaded 561.2 MB in 25.7s (21.8 MB/s)
[01:27:01]   upload done video_id=26030160 in 42.9s
[01:27:03] film cr_film_id=403 OK in 77.9s
[01:27:03] iteration 9/20
[01:27:03] film cr_film_id=405 name='Hamnet (2025) CZ Dabing' candidates=1
[01:27:03]   candidate upload_id=f759e1e96d6c686f url=https://prehraj.to/hamnet-2025-cz-dabing-full-hd-drama-top-kvalita-858024/f759e1e96d6c686f
[01:27:04]   resolved in 1.3s → 720p (https://pf-storage3.premiumcdn.net/164187083/OoRsgQFMXTjLfqWIvXTW3FRah2PU8vHd7Iq…)
[01:33:44]   downloaded 2,627.4 MB in 398.7s (6.6 MB/s)
[01:36:27]   upload done video_id=26030290 in 162.5s
[01:36:29] film cr_film_id=405 OK in 566.0s
[01:36:29] iteration 10/20
[01:36:29] film cr_film_id=407 name='Moon (2009) CZ Dabing' candidates=4
[01:36:29]   candidate upload_id=68c065a40a527 url=https://prehraj.to/moon-2009-en-a-cz-novinka-cz-dabing-full-hd-1080p-pucci-film/68c065a40a527
[01:36:30]   resolved in 1.4s → 1080p (https://pf-storage3.premiumcdn.net/145939986/Jx8FMeuzlsynTVDt9OHRNuB4CaBC5Xfrvt8…)
[01:38:43]   downloaded 2,439.6 MB in 130.8s (18.7 MB/s)
[01:41:06]   upload done video_id=26030381 in 143.4s
[01:41:08] film cr_film_id=407 OK in 279.5s
[01:41:08] iteration 11/20
[01:41:08] film cr_film_id=409 name='Kočičí odysea (2024) CZ Dabing' candidates=5
[01:41:08]   candidate upload_id=68606de983318 url=https://prehraj.to/kocici-odysea-flow-2024-1080p-cz-dab-animak/68606de983318
[01:41:10]   resolved in 1.6s → 720p (https://pf-storage5.premiumcdn.net/140888888/aYzSw7T8kCGgCxqUykcN6TO5CrkFmNiEJCB…)
[01:42:11]   downloaded 1,408.1 MB in 59.3s (23.7 MB/s)
[01:43:28]   upload done video_id=26030433 in 77.1s
[01:43:30] film cr_film_id=409 OK in 141.7s
[01:43:30] iteration 12/20
[01:43:30] film cr_film_id=411 name='Sám doma (1990) CZ Dabing' candidates=12
[01:43:30]   candidate upload_id=02b2aa4738f627fa url=https://prehraj.to/sam-doma-1-1990-cz-dabing/02b2aa4738f627fa
[01:43:31]   resolved in 1.7s → 1080p (https://pf-storage1.premiumcdn.net/166157252/ewEcNBUPmSKMf97fmdiGbUB1s1AS85TyoCD…)
[01:49:04]   downloaded 3,226.2 MB in 330.2s (9.8 MB/s)
[01:52:12]   upload done video_id=26030535 in 188.8s
[01:52:14] film cr_film_id=411 OK in 524.3s
[01:52:14] iteration 13/20
[01:52:14] film cr_film_id=413 name='Minulé životy (2023) CZ Dabing' candidates=2
[01:52:14]   candidate upload_id=68b2879c567e8 url=https://prehraj.to/minule-zivoty-2023-cz-dabing/68b2879c567e8
[01:52:15]   resolved in 1.2s → 720p (https://pf-storage5.premiumcdn.net/144925590/nk2tx4h1rfRrTY4hgQfd5hXjUy2FqPc0rfe…)
[01:53:23]   downloaded 1,340.0 MB in 66.0s (20.3 MB/s)
[01:54:59]   upload done video_id=26030598 in 95.7s
[01:55:01] film cr_film_id=413 OK in 166.7s
[01:55:01] iteration 14/20
[01:55:01] film cr_film_id=417 name='Sněžné bratrstvo (2023) CZ Dabing' candidates=3
[01:55:01]   candidate upload_id=65968f76dcc84 url=https://prehraj.to/snezne-bratrstvo-society-of-the-snow-2023-dobrodruzny-thriller-cz-dabing-1080p/65968f76dcc84
[01:55:02]   resolved in 1.3s → 1080p (https://pf-storage3.premiumcdn.net/72015623/1lYhBOHwkIXgsVRTq0FN2HAdtrBcWmIxgtPR…)
[02:01:14]   downloaded 3,279.5 MB in 369.7s (8.9 MB/s)
[02:04:12]   upload done video_id=26030742 in 177.8s
[02:04:13] film cr_film_id=417 OK in 552.6s
[02:04:13] iteration 15/20
[02:04:13] film cr_film_id=419 name='Chlapec, krtek, liška a kůň (2022) CZ' candidates=4
[02:04:13]   candidate upload_id=d0bb2590f746f86a url=https://prehraj.to/chlapec-krtek-liska-a-kun-the-boy-the-mole-the-fox-and-the-horse-2022-1080p-web-h264-mp4/d0bb2590f746f86a
[02:04:15]   resolved in 1.7s → 1080p (https://pf-storage5.premiumcdn.net/168589552/daGIm8HaofEVTKyHYKSokHN9uPySdPUvVuV…)
[02:05:12]   downloaded 895.8 MB in 54.9s (16.3 MB/s)
[02:06:10]   upload done video_id=26030795 in 57.8s
[02:06:11] film cr_film_id=419 OK in 118.0s
[02:06:11] iteration 16/20
[02:06:11] film cr_film_id=423 name='Hobit: Šmakova dračí poušť (2013) CZ Dabing' candidates=70
[02:06:11]   candidate upload_id=631035e77a111 url=https://prehraj.to/hobit-2-the-hobbit-the-desolation-of-smaug-2013-extended-1080p-cz-dabing/631035e77a111
[02:06:13]   resolved in 1.4s → 1080p (https://pf-storage3.premiumcdn.net/32536753/K9LTkvU4Vty0tKgU2KT2dUlPS1kuQKuBquWV…)
[02:14:39]   downloaded 4,092.3 MB in 503.8s (8.1 MB/s)
[02:18:11]   upload done video_id=26030955 in 212.4s
[02:18:13] film cr_film_id=423 OK in 721.4s
[02:18:13] iteration 17/20
[02:18:13] film cr_film_id=425 name='Kocour v botách: Poslední přání (2022) CZ Dabing' candidates=2
[02:18:13]   candidate upload_id=ff429bee6c46ddef url=https://prehraj.to/kocour-v-botach-posledni-prani-2022-cz-dabing-hd/ff429bee6c46ddef
[02:18:14]   resolve FAILED: HTTP 502 wrapping permanent upstream error: https://prehraj.to/kocour-v-botach-posledni-prani-2022-cz-dabing-hd/ff429bee6c46ddef (permanent=True)
[02:18:14]   candidate upload_id=6b0d1f886c18bc3d url=https://prehraj.to/kocur-v-cizmach-posledne-zelanie-puss-in-boots-the-last-wish-2022-sk-avi/6b0d1f886c18bc3d
[02:18:20]   resolved in 6.4s → 720p (https://pf-storage3.premiumcdn.net/164023961/REAIpdH9ohP9u8LsYRsljHX2HRzUkgF8ZcD…)
[02:19:57]   downloaded 1,743.4 MB in 94.3s (18.5 MB/s)
[02:21:37]   upload done video_id=26031031 in 100.9s
[02:21:39] film cr_film_id=425 OK in 206.3s
[02:21:39] iteration 18/20
[02:21:39] film cr_film_id=443 name='Training Day (2001) CZ Dabing' candidates=17
[02:21:39]   candidate upload_id=61967339ad5ba url=https://prehraj.to/training-day-2001-1080p-cz-dabing/61967339ad5ba
[02:21:40]   resolved in 1.2s → 720p (https://pf-storage3.premiumcdn.net/26612104/elmhJGforFKDS7JtlmTp7f7EuKehLKTRoTel…)
[02:23:45]   downloaded 2,059.1 MB in 122.7s (16.8 MB/s)
[02:25:49]   upload done video_id=26031106 in 123.9s
[02:25:51] film cr_film_id=443 OK in 251.7s
[02:25:51] iteration 19/20
[02:25:51] film cr_film_id=449 name='Irčan (2019) CZ Dabing' candidates=3
[02:25:51]   candidate upload_id=5ff7c22249401 url=https://prehraj.to/ircan-the-irishman-2019-1080p-webrip-cz-dab/5ff7c22249401
[02:25:51]   resolve FAILED: HTTP 502 wrapping permanent upstream error: https://prehraj.to/ircan-the-irishman-2019-1080p-webrip-cz-dab/5ff7c22249401 (permanent=True)
[02:25:51]   candidate upload_id=5df7a20ed6a19 url=https://prehraj.to/ircan-2019-cz-dabing/5df7a20ed6a19
[02:25:58]   resolved in 6.4s → 720p (https://pf-storage4.premiumcdn.net/15465346/Kk9hPRfabHxAsdvTnOSVef1MHg1CAWIW6UGg…)
[02:32:49]   downloaded 2,161.1 MB in 408.7s (5.3 MB/s)
[02:35:28]   upload done video_id=26031276 in 159.4s
[02:35:30] film cr_film_id=449 OK in 578.9s
[02:35:30] iteration 20/20
[02:35:30] film cr_film_id=451 name='Sláva (1989) CZ Dabing' candidates=3
[02:35:30]   candidate upload_id=5d523113c5f6e url=https://prehraj.to/slava-valecny-cz-dab-1989-jad/5d523113c5f6e
[02:35:31]   resolved in 1.3s → 480p (https://pf-storage1.premiumcdn.net/14600778/AoNSLQFe5tAVFb4sO4cj7F86IY4HGPiQMsGa…)
[02:35:59]   downloaded 592.2 MB in 26.4s (22.4 MB/s)
[02:36:40]   upload done video_id=26031336 in 40.6s
[02:36:42] film cr_film_id=451 OK in 71.9s
[02:36:42] batch-end ok=19 failed=1 dur=6350.8s avg/film=334.3s remaining=17121 eta_hours=1589.9

===== run 2026-06-17T02:37:12Z shard=1/2 batch_size=20 (https://github.com/Olbrasoft/prehrajto-to-prehrajto/actions/runs/27662029160) =====
[02:37:13] description overrides loaded: 65 from /home/runner/work/prehrajto-to-prehrajto/prehrajto-to-prehrajto/state/email-generated-descriptions-v3.jsonl
[02:37:13] batch-start shard=1/2 count=20 backlog=17650 uploads=529 failed_attempts=15 description_overrides=65
[02:37:13] login
[02:37:15] login done
[02:37:15] iteration 1/20
[02:37:15] film cr_film_id=453 name='Místo u moře (2016) CZ' candidates=1
[02:37:15]   candidate upload_id=20e51ff648bdf001 url=https://prehraj.to/misto-u-more-2016-1080p-bluray/20e51ff648bdf001
[02:37:16]   resolve FAILED: HTTP 502 wrapping permanent upstream error: https://prehraj.to/misto-u-more-2016-1080p-bluray/20e51ff648bdf001 (permanent=True)
[02:37:16] film cr_film_id=453 all candidates exhausted
[02:37:16] iteration 2/20
[02:37:16] film cr_film_id=455 name='Serenity (2005) CZ Dabing' candidates=5
[02:37:16]   candidate upload_id=64757acb2767c url=https://prehraj.to/serenity-2005-1080p-x264-ac3-5-1-cz-dab-alien007/64757acb2767c
[02:37:23]   resolved in 6.8s → 720p (https://pf-storage1.premiumcdn.net/41208544/pjMSGLfOwFAYfaktEBsJvfQWCL3SeQCVbtVq…)
[02:39:15]   downloaded 2,552.1 MB in 110.3s (23.1 MB/s)
[02:41:41]   upload done video_id=26031396 in 145.3s
[02:41:42] film cr_film_id=455 OK in 266.2s
[02:41:42] iteration 3/20
[02:41:42] film cr_film_id=459 name='S láskou Vincent (2017) CZ Dabing' candidates=9
[02:41:42]   candidate upload_id=5e52313e1dfa8 url=https://prehraj.to/s-laskou-vincent-cz-dabing-2017/5e52313e1dfa8
[02:41:44]   resolved in 1.3s → 720p (https://pf-storage5.premiumcdn.net/15896221/9wOIAwf7zskJSv7sz4TRYfdvSxwib8Fw4hWg…)
[02:43:03]   downloaded 1,767.0 MB in 77.7s (22.7 MB/s)
[02:44:46]   upload done video_id=26031479 in 102.2s
[02:44:47] film cr_film_id=459 OK in 184.8s
[02:44:47] iteration 4/20
[02:44:47] film cr_film_id=475 name='Rogue One: Star Wars Story (2016) CZ Dabing' candidates=2
[02:44:47]   candidate upload_id=311b4d826f559d24 url=https://prehraj.to/rogue-one-star-wars-story-2016-cz-dab/311b4d826f559d24
[02:44:49]   resolved in 1.4s → 720p (https://pf-storage5.premiumcdn.net/162501203/LOJi0OfoQuGlCEKUvnH64fzvI1ECPxtwoUl…)
[02:46:57]   downloaded 2,311.0 MB in 125.8s (18.4 MB/s)
[02:49:07]   upload done video_id=26031559 in 130.9s
[02:49:09] film cr_film_id=475 OK in 261.9s
[02:49:09] iteration 5/20
[02:49:09] film cr_film_id=481 name='Hon na pačlověky (2016) CZ Dabing' candidates=4
[02:49:09]   candidate upload_id=5a75a9e7e65f0 url=https://prehraj.to/hon-na-pacloveky-2016-brrip-cz-dabing/5a75a9e7e65f0
[02:49:10]   resolved in 1.2s → 720p (https://pf-storage1.premiumcdn.net/3355524/g5pUV3hxMFnycQlSrMHKQhX2SQRf5XHm1c8vS…)
[02:50:03]   downloaded 1,149.0 MB in 50.8s (22.6 MB/s)
[02:51:09]   upload done video_id=26031628 in 65.6s
[02:51:10] film cr_film_id=481 OK in 121.3s
[02:51:10] iteration 6/20
[02:51:10] film cr_film_id=483 name='Střihoruký Edward (1990) CZ Dabing' candidates=8
[02:51:10]   candidate upload_id=b75ae000abae1423 url=https://prehraj.to/strihoruky-edward-edward-scissorhands-1080p-x264-ac3-cz-dab-1990-avi/b75ae000abae1423
[02:51:11]   resolved in 1.0s → 720p (https://pf-storage3.premiumcdn.net/155133432/GJAiw2FJgsYas9PspGtw4FbaHGasA1f5Pfo…)
[02:52:24]   downloaded 1,647.9 MB in 70.1s (23.5 MB/s)
[02:52:24]   upload FAILED after 0.2s: ('Connection aborted.', RemoteDisconnected('Remote end closed connection without response'))
[02:52:24]   candidate upload_id=670a6a4035d1b url=https://prehraj.to/strihoruky-edward-cz-dabing-1990/670a6a4035d1b
[02:52:25]   resolved in 1.4s → 480p (https://pf-storage4.premiumcdn.net/101487734/qbEtJ8TREu1KtoaS7qcR1TM2Sovfq0hedfP…)
[02:52:55]   downloaded 606.5 MB in 28.3s (21.4 MB/s)
[02:53:30]   upload done video_id=26031683 in 34.9s
[02:53:32] film cr_film_id=483 OK in 141.5s
[02:53:32] iteration 7/20
[02:53:32] film cr_film_id=491 name='Pride (2014) CZ Dabing' candidates=5
[02:53:32]   candidate upload_id=5a44d55cec139 url=https://prehraj.to/pride-2014-cz-dabing-mp4/5a44d55cec139
[02:53:36]   resolved in 4.1s → 480p (https://pf-storage1.premiumcdn.net/3190111/bZeHYWhZlHr8FJLsj0s6lheEilXinDINMTQXh…)
[02:54:27]   downloaded 911.7 MB in 49.1s (18.6 MB/s)
[02:55:19]   upload done video_id=26031719 in 52.1s
[02:55:21] film cr_film_id=491 OK in 109.0s
[02:55:21] iteration 8/20
[02:55:21] film cr_film_id=495 name='Skyfall (2012) CZ Dabing' candidates=9
[02:55:21]   candidate upload_id=5dbf516a84ea9 url=https://prehraj.to/skyfall-cz-dabing-2012-full-hd-1080p/5dbf516a84ea9
[02:55:22]   resolved in 1.4s → 720p (https://pf-storage3.premiumcdn.net/15189955/GaYIv5Tl7tA3TNKFwbH42TAqcYLi45CvlUrK…)
[02:57:07]   downloaded 2,325.8 MB in 102.4s (22.7 MB/s)
[02:59:39]   upload done video_id=26031769 in 152.1s
[02:59:41] film cr_film_id=495 OK in 259.7s
[02:59:41] iteration 9/20
[02:59:41] film cr_film_id=497 name='Agent bez minulosti (2002) CZ Dabing' candidates=7
[02:59:41]   candidate upload_id=67e4c9d530657 url=https://prehraj.to/agent-bez-minulosti-2002-cz-dab-1080p/67e4c9d530657
[02:59:42]   resolved in 1.6s → 1080p (https://pf-storage1.premiumcdn.net/133400741/8rbhdWUlBIdYsM8s7KH6nU2ktE1iWNF6diP…)
[03:01:19]   downloaded 2,241.5 MB in 94.8s (23.6 MB/s)
[03:03:28]   upload done video_id=26031852 in 129.0s
[03:03:30] film cr_film_id=497 OK in 229.2s
[03:03:30] iteration 10/20
[03:03:30] film cr_film_id=499 name='Velká šestka (2014) CZ Dabing' candidates=4
[03:03:30]   candidate upload_id=6812e6269c113 url=https://prehraj.to/velka-sestka-2014-cz-dab/6812e6269c113
[03:03:31]   resolved in 1.6s → 720p (https://pf-storage3.premiumcdn.net/136871924/7gvT7vi3RtkASgVid3srJikLTZMUZOSAMCx…)
[03:04:48]   downloaded 1,753.5 MB in 74.7s (23.5 MB/s)
[03:06:30]   upload done video_id=26031913 in 101.9s
[03:06:32] film cr_film_id=499 OK in 181.9s
[03:06:32] iteration 11/20
[03:06:32] film cr_film_id=503 name='Soumrak mrtvých (2004) CZ Dabing' candidates=13
[03:06:32]   candidate upload_id=5bdd47b069b7c url=https://prehraj.to/soumrak-mrtvych-2004-cz-dabing/5bdd47b069b7c
[03:06:33]   resolved in 1.2s → 480p (https://pf-storage5.premiumcdn.net/7813711/QgmUqASO3iV7cDZcJAhlNSDBuOJUZxh97f4zH…)
[03:06:58]   downloaded 496.5 MB in 23.3s (21.3 MB/s)
[03:07:29]   upload done video_id=26031949 in 30.9s
[03:07:30] film cr_film_id=503 OK in 58.8s
[03:07:30] iteration 12/20
[03:07:30] film cr_film_id=505 name='Jak vytrhnout velrybě stoličku (1977) CZ Dabing' candidates=19
[03:07:30]   candidate upload_id=567db2483f681 url=https://prehraj.to/jak-vytrhnout-velrybe-stolicku-cz-dabing-1977/567db2483f681
[03:07:32]   resolved in 1.3s → 480p (https://pf-storage2.premiumcdn.net/343532/dpBsNBT8kS5Rt8xixrhWRTq7UeriKquXqUbghN…)
[03:08:06]   downloaded 527.2 MB in 32.3s (16.3 MB/s)
[03:08:40]   upload done video_id=26031970 in 33.6s
[03:08:41] film cr_film_id=505 OK in 70.8s
[03:08:41] iteration 13/20
[03:08:41] film cr_film_id=507 name='Jak vycvičit draka 2 (2014) CZ Dabing' candidates=2
[03:08:41]   candidate upload_id=57753d581eb67 url=https://prehraj.to/ako-si-vycvicit-draka-2-2014-cz-dabing/57753d581eb67
[03:08:42]   resolved in 1.2s → 480p (https://pf-storage4.premiumcdn.net/227876/zg1IoKh8jHAxhBRsAPFpkhxzIPZiPJIJPi4EHn…)
[03:09:24]   downloaded 668.8 MB in 38.9s (17.2 MB/s)
[03:10:03]   upload done video_id=26031983 in 39.6s
[03:10:05] film cr_film_id=507 OK in 83.6s
[03:10:05] iteration 14/20
[03:10:05] film cr_film_id=509 name='Predátor (1987) CZ Dabing' candidates=28
[03:10:05]   candidate upload_id=63822d5fa6d31 url=https://prehraj.to/predator-1987-1080p-cz-dabing/63822d5fa6d31
[03:10:06]   resolved in 1.5s → 720p (https://pf-storage5.premiumcdn.net/34854064/geWuYdTR6Ckgs1niB6TADTjMC8BimvSw4UGK…)
[03:11:32]   downloaded 1,974.1 MB in 84.0s (23.5 MB/s)
[03:13:26]   upload done video_id=26032008 in 114.1s
[03:13:28] film cr_film_id=509 OK in 203.2s
[03:13:28] iteration 15/20
[03:13:28] film cr_film_id=515 name='Koralína a svět za tajnými dveřmi (2009) CZ Dabing' candidates=25
[03:13:28]   candidate upload_id=6bd0e821acf8332b url=https://prehraj.to/koralina-a-svet-za-tajnymi-dvermi-coraline-2009-1080p-cz-dabing/6bd0e821acf8332b
[03:13:29]   resolved in 1.2s → 1080p (https://pf-storage3.premiumcdn.net/162203138/Ej1c3yTRlFgAfnwt1yHl9T8PueQcqoHortK…)
[03:16:01]   downloaded 3,507.7 MB in 150.0s (23.4 MB/s)
[03:19:12]   upload done video_id=26032090 in 191.1s
[03:19:14] film cr_film_id=515 OK in 346.0s
[03:19:14] iteration 16/20
[03:19:14] film cr_film_id=517 name='Lásky čas (2013) CZ Dabing' candidates=4
[03:19:14]   candidate upload_id=68d577e54da49 url=https://prehraj.to/lasky-cas-2013-czdab/68d577e54da49
[03:19:15]   resolved in 1.4s → 480p (https://pf-storage3.premiumcdn.net/148399266/Z69f9LHW8hGeC0KcVkC3eHqgsZ9hJ3seZCY…)
[03:19:45]   downloaded 607.8 MB in 27.7s (21.9 MB/s)
[03:20:19]   upload done video_id=26032139 in 34.4s
[03:20:21] film cr_film_id=517 OK in 66.9s
[03:20:21] iteration 17/20
[03:20:21] film cr_film_id=519 name='Vzpomínka na Titány (2000) CZ Dabing' candidates=12
[03:20:21]   candidate upload_id=5ac4a56bceb26 url=https://prehraj.to/vzpominka-na-titany-cz-dabing-2000-denzel-washington/5ac4a56bceb26
[03:20:22]   resolved in 1.2s → 480p (https://pf-storage3.premiumcdn.net/3825264/jGgslKIzjC6gHYgI2WsPgIzjT9VtVbforFoKf…)
[03:20:56]   downloaded 686.7 MB in 31.3s (21.9 MB/s)
[03:21:43]   upload done video_id=26032158 in 47.0s
[03:21:44] film cr_film_id=519 OK in 83.2s
[03:21:44] iteration 18/20
[03:21:44] film cr_film_id=521 name='Velký Marty (2025) CZ Dabing' candidates=4
[03:21:44]   candidate upload_id=34793c61ce012233 url=https://prehraj.to/marty-supreme-velky-marty-2025-cz-dabing-mkv/34793c61ce012233
[03:21:46]   resolved in 1.4s → 720p (https://pf-storage3.premiumcdn.net/165063638/rWAiPruOpcvoHEBTjksr6umNsoLfbZSlkCR…)
[03:23:19]   downloaded 2,170.1 MB in 91.5s (23.7 MB/s)
[03:25:28]   upload done video_id=26032185 in 128.9s
[03:25:29] film cr_film_id=521 OK in 225.3s
[03:25:29] iteration 19/20
[03:25:29] film cr_film_id=523 name='Jedna bitva za druhou (2025) CZ Dabing' candidates=16
[03:25:29]   candidate upload_id=c98ce987b772f237 url=https://prehraj.to/jedna-bitva-za-druhou-2025-cz-dabing-1080p-mkv/c98ce987b772f237
[03:25:30]   resolve FAILED: HTTP 502 wrapping permanent upstream error: https://prehraj.to/jedna-bitva-za-druhou-2025-cz-dabing-1080p-mkv/c98ce987b772f237 (permanent=True)
[03:25:30]   candidate upload_id=68e8206fc57d2 url=https://prehraj.to/jedna-bitva-za-druhou-2025-1080p-cz-dabing/68e8206fc57d2
[03:25:37]   resolved in 6.4s → 480p (https://pf-storage4.premiumcdn.net/150662031/AGRs0wuVmhGwC8pf7ytLauOvt8ac13IA2Uw…)
[03:27:04]   downloaded 1,638.0 MB in 85.6s (19.1 MB/s)
[03:28:48]   upload done video_id=26032232 in 103.8s
[03:28:50] film cr_film_id=523 OK in 200.3s
[03:28:50] iteration 20/20
[03:28:50] film cr_film_id=527 name='Jak vycvičit draka (2025) CZ Dabing' candidates=3
[03:28:50]   candidate upload_id=bd23b9c0bc4941b1 url=https://prehraj.to/jak-vycvicit-draka-2025-cz-dab-mkv/bd23b9c0bc4941b1
[03:28:50]   resolve FAILED: HTTP 502 wrapping permanent upstream error: https://prehraj.to/jak-vycvicit-draka-2025-cz-dab-mkv/bd23b9c0bc4941b1 (permanent=True)
[03:28:50]   candidate upload_id=68d1a92b41e49 url=https://prehraj.to/jak-vycvicit-draka-2025-cz-dabing/68d1a92b41e49
[03:28:56]   resolve FAILED: HTTP 502 wrapping permanent upstream error: https://prehraj.to/jak-vycvicit-draka-2025-cz-dabing/68d1a92b41e49 (permanent=True)
[03:28:56]   candidate upload_id=d119c8bfc6b7bc7b url=https://prehraj.to/jak-vycvicit-draka-2025-cz-dab-mkv/d119c8bfc6b7bc7b
[03:29:02]   resolve FAILED: HTTP 502 wrapping permanent upstream error: https://prehraj.to/jak-vycvicit-draka-2025-cz-dab-mkv/d119c8bfc6b7bc7b (permanent=True)
[03:29:02] film cr_film_id=527 all candidates exhausted
[03:29:02] batch-end ok=18 failed=2 dur=3106.8s avg/film=172.6s remaining=17103 eta_hours=820.0

===== run 2026-06-17T03:41:24Z shard=1/2 batch_size=20 (https://github.com/Olbrasoft/prehrajto-to-prehrajto/actions/runs/27664207624) =====
[03:41:25] description overrides loaded: 65 from /home/runner/work/prehrajto-to-prehrajto/prehrajto-to-prehrajto/state/email-generated-descriptions-v3.jsonl
[03:41:25] batch-start shard=1/2 count=20 backlog=17650 uploads=547 failed_attempts=21 description_overrides=65
[03:41:25] login
[03:41:27] login done
[03:41:27] iteration 1/20
[03:41:27] film cr_film_id=529 name='Hrabě Monte Cristo (2002) CZ Dabing' candidates=29
[03:41:27]   candidate upload_id=5c05caadabdf8 url=https://prehraj.to/hrabe-monte-christo-2002-cz-dabing/5c05caadabdf8
[03:41:28]   resolved in 1.0s → 480p (https://pf-storage1.premiumcdn.net/8972759/1xzSQPsQxI30spRho3TAksYWigESR2S8dT9KS…)
[03:41:47]   downloaded 592.7 MB in 17.6s (33.7 MB/s)
[03:42:18]   upload done video_id=26032405 in 30.6s
[03:42:19] film cr_film_id=529 OK in 51.6s
[03:42:19] iteration 2/20
[03:42:19] film cr_film_id=531 name='Nabít a zabít (2006) CZ Dabing' candidates=11
[03:42:19]   candidate upload_id=0e7292aeca35136d url=https://prehraj.to/nabit-a-zabit-2006-naj-kvalita-novinka-cz-dabing-full-hd-1080p-pucci-film-mp4/0e7292aeca35136d
[03:42:20]   resolved in 0.8s → 1080p (https://pf-storage3.premiumcdn.net/165795713/xO2FlxcPru4JSVNiGdsrRcQbh72izNUWzFv…)
[03:43:16]   downloaded 2,073.0 MB in 55.0s (37.7 MB/s)
[03:44:25]   upload done video_id=26032418 in 69.2s
[03:44:26] film cr_film_id=531 OK in 127.6s
[03:44:26] iteration 3/20
[03:44:26] film cr_film_id=533 name='Apollo 13 (1995) CZ Dabing' candidates=5
[03:44:26]   candidate upload_id=68d12bb16c650 url=https://prehraj.to/apollo-13-1995-cz-dab-1080p/68d12bb16c650
[03:44:27]   resolved in 1.1s → 720p (https://pf-storage5.premiumcdn.net/147866670/vkXHB9FRBhrBTDKI7dUMJFwmhqvCLJibWcL…)
[03:46:08]   downloaded 2,953.4 MB in 99.1s (29.8 MB/s)
[03:48:06]   upload done video_id=26032448 in 117.9s
[03:48:07] film cr_film_id=533 OK in 220.7s
[03:48:07] iteration 4/20
[03:48:07] film cr_film_id=571 name='Hra (1997) CZ Dabing' candidates=6
[03:48:07]   candidate upload_id=57ca69c97ab32 url=https://prehraj.to/hra-1997-czdab/57ca69c97ab32
[03:48:08]   resolved in 1.0s → 480p (https://pf-storage4.premiumcdn.net/495106/mwkTpYuL9TN1UOoIavfX1uKWuo7IpVsBoSPGip…)
[03:48:32]   downloaded 821.4 MB in 23.4s (35.1 MB/s)
[03:49:01]   upload done video_id=26032468 in 28.6s
[03:49:02] film cr_film_id=571 OK in 55.2s
[03:49:02] iteration 5/20
[03:49:02] film cr_film_id=575 name='Nikdy neodvracej zrak (2018) CZ Dabing' candidates=5
[03:49:02]   candidate upload_id=5fa35adad1d43 url=https://prehraj.to/nikdy-neodvracej-zrak-2018-czdabing/5fa35adad1d43
[03:49:03]   resolved in 1.0s → 1080p (https://pf-storage5.premiumcdn.net/19723956/MnkIv6U2XUrWTzeu3zfeDU38Fl9H8jslVH8V…)
[03:51:11]   downloaded 4,809.9 MB in 126.4s (38.1 MB/s)
[03:55:04]   upload done video_id=26032493 in 233.5s
[03:55:06] film cr_film_id=575 OK in 363.6s
[03:55:06] iteration 6/20
[03:55:06] film cr_film_id=577 name='Mission: Impossible - Fallout (2018) CZ Dabing' candidates=2
[03:55:06]   candidate upload_id=4e1669df6966b11f url=https://prehraj.to/mission-impossible-2018-hd-720p-cz-dabing-fallout-avi/4e1669df6966b11f
[03:55:07]   resolved in 1.0s → 720p (https://pf-storage5.premiumcdn.net/166766135/GrBSDZu64T3ju45tPBue6u1WhK9SWQUQ9hD…)
[03:55:54]   downloaded 1,694.5 MB in 46.1s (36.8 MB/s)
[03:57:06]   upload done video_id=26032542 in 72.4s
[03:57:07] film cr_film_id=577 OK in 121.6s
[03:57:07] iteration 7/20
[03:57:07] film cr_film_id=579 name='South Park: Peklo na Zemi (1999) CZ' candidates=1
[03:57:07]   candidate upload_id=5f749a0bedebc url=https://prehraj.to/mestecko-south-park-peklo-na-zemi-cz-1999/5f749a0bedebc
[03:57:08]   resolved in 1.0s → 1080p (https://pf-storage5.premiumcdn.net/18929819/elPFJ3sDVU89HbQtxVib0sw4SbDI1Vhk0Hgw…)
[03:58:09]   downloaded 2,243.4 MB in 59.4s (37.8 MB/s)
[03:59:51]   upload done video_id=26032570 in 101.6s
[03:59:52] film cr_film_id=579 OK in 164.6s
[03:59:52] iteration 8/20
[03:59:52] film cr_film_id=581 name='Neznámý voják (2017) CZ Dabing' candidates=4
[03:59:52]   candidate upload_id=62a915b8242e8 url=https://prehraj.to/neznamy-vojak-2017-czdabing/62a915b8242e8
[03:59:53]   resolved in 0.8s → 720p (https://pf-storage4.premiumcdn.net/31213016/VPGi2bHkRhObHQZS6RTYyHv7sLDTAMfAQS3D…)
[04:00:44]   downloaded 1,421.1 MB in 50.3s (28.3 MB/s)
[04:01:44]   upload done video_id=26032611 in 59.9s
[04:01:45] film cr_film_id=581 OK in 113.6s
[04:01:45] iteration 9/20
[04:01:45] film cr_film_id=587 name='Na vlásku (2010) CZ Dabing' candidates=17
[04:01:45]   candidate upload_id=6898459b093e4 url=https://prehraj.to/na-vlasku-tangled-2010-fullhd-1080p-h264-cz-dabing-ac3-dd-5-1-audio-tw1nky/6898459b093e4
[04:01:47]   resolved in 1.3s → 1080p (https://pf-storage3.premiumcdn.net/143375531/qvjiRgFRVT5ycegirKtKMFQ8Sk9covC7Phr…)
[04:03:02]   downloaded 2,807.9 MB in 74.2s (37.8 MB/s)
[04:05:02]   upload done video_id=26032639 in 119.5s
[04:05:03] film cr_film_id=587 OK in 197.4s
[04:05:03] iteration 10/20
[04:05:03] film cr_film_id=589 name='Ray (2004) CZ Dabing' candidates=6
[04:05:03]   candidate upload_id=68ebfe3944afa url=https://prehraj.to/ray-2004-cz-dabing-1080p/68ebfe3944afa
[04:05:04]   resolved in 0.9s → 1080p (https://pf-storage4.premiumcdn.net/151144749/07GTpJiQdtJ4hN8t1QfgbiK3cVZHWnivpSp…)
[04:06:50]   downloaded 3,958.9 MB in 104.8s (37.8 MB/s)
[04:09:29]   upload done video_id=26032679 in 159.8s
[04:09:31] film cr_film_id=589 OK in 267.7s
[04:09:31] iteration 11/20
[04:09:31] film cr_film_id=593 name='Crash (2004) CZ Dabing' candidates=2
[04:09:31]   candidate upload_id=55bee30236256 url=https://prehraj.to/crash-2004-czdab/55bee30236256
[04:09:32]   resolved in 1.2s → 480p (https://pf-storage2.premiumcdn.net/67592/6Ozc2Pi46IkqI0df7Ptw3i3aUk6ILbUYJhedt3x…)
[04:09:57]   downloaded 633.4 MB in 23.5s (27.0 MB/s)
[04:10:31]   upload done video_id=26032719 in 34.0s
[04:10:32] film cr_film_id=593 OK in 61.2s
[04:10:32] iteration 12/20
[04:10:32] film cr_film_id=597 name='Hamlet (1996) CZ Dabing' candidates=8
[04:10:32]   candidate upload_id=58c281b1da6f6 url=https://prehraj.to/hamlet-1996-czdub/58c281b1da6f6
[04:10:33]   resolved in 0.8s → 480p (https://pf-storage2.premiumcdn.net/1819355/BpGcDaSONIEoi4PHNlcNYS5rf0LTpWC5gsZNs…)
[04:10:45]   downloaded 299.8 MB in 11.8s (25.4 MB/s)
[04:10:59]   upload done video_id=26032731 in 13.6s
[04:11:00] film cr_film_id=597 OK in 28.3s
[04:11:00] iteration 13/20
[04:11:00] film cr_film_id=601 name='Zkrocená hora (2005) CZ Dabing' candidates=9
[04:11:00]   candidate upload_id=5bbf14dd55628 url=https://prehraj.to/zkrocena-hora-2005-cz-dabing/5bbf14dd55628
[04:11:01]   resolved in 0.9s → 480p (https://pf-storage2.premiumcdn.net/7067714/MKQUqmI8NuQ8TAeiq4SqLI5Ac9KhDjSonSRBI…)
[04:11:19]   downloaded 585.5 MB in 17.6s (33.3 MB/s)
[04:11:41]   upload done video_id=26032738 in 21.3s
[04:11:42] film cr_film_id=601 OK in 41.7s
[04:11:42] iteration 14/20
[04:11:42] film cr_film_id=607 name='Kubo a kouzelný meč (2016) CZ Dabing' candidates=4
[04:11:42]   candidate upload_id=c404ea5c367a39f0 url=https://prehraj.to/kubo-a-kouzelny-mec-2016-cz-dab-1080p/c404ea5c367a39f0
[04:11:43]   resolved in 0.9s → 720p (https://pf-storage5.premiumcdn.net/168235147/PbrsLgI31SO6IqzfY7TaOI15C2gs6guGyuP…)
[04:12:38]   downloaded 2,047.8 MB in 53.9s (38.0 MB/s)
[04:13:55]   upload done video_id=26032755 in 77.2s
[04:13:56] film cr_film_id=607 OK in 134.3s
[04:13:56] iteration 15/20
[04:13:56] film cr_film_id=619 name='X-Men: První třída (2011) CZ Dabing' candidates=19
[04:13:56]   candidate upload_id=51c39feedce0bdea url=https://prehraj.to/x-men-prvni-trida-2011-cz-dab-1080p/51c39feedce0bdea
[04:13:57]   resolved in 0.9s → 720p (https://pf-storage4.premiumcdn.net/167314643/dVgsW5S3VHlMFJBfnLfNGSPVsMOTlMTYptE…)
[04:15:23]   downloaded 2,551.7 MB in 85.1s (30.0 MB/s)
[04:17:10]   upload done video_id=26032797 in 106.6s
[04:17:11] film cr_film_id=619 OK in 195.2s
[04:17:11] iteration 16/20
[04:17:11] film cr_film_id=621 name='Oddělen (2011) CZ Dabing' candidates=4
[04:17:11]   candidate upload_id=58213ebf5959c url=https://prehraj.to/oddelen-cz-dabing-2011/58213ebf5959c
[04:17:12]   resolved in 0.9s → 480p (https://pf-storage5.premiumcdn.net/813119/o5riJATOwU95FJ8sM7tKRTVMHm3FXzfQbiKwse…)
[04:17:33]   downloaded 543.4 MB in 19.9s (27.3 MB/s)
[04:17:56]   upload done video_id=26032830 in 22.2s
[04:17:57] film cr_film_id=621 OK in 45.3s
[04:17:57] iteration 17/20
[04:17:57] film cr_film_id=623 name='Sicario: Nájemný vrah (2015) CZ Dabing' candidates=26
[04:17:57]   candidate upload_id=5ba55a995d2aa url=https://prehraj.to/sicario-2015-720p-bluray-czdubb/5ba55a995d2aa
[04:17:58]   resolved in 1.0s → 480p (https://pf-storage1.premiumcdn.net/6401614/d2qTbLhw2F2XUxpS02cRoh0aIR9TbpTY3SGNF…)
[04:18:28]   downloaded 813.8 MB in 29.3s (27.8 MB/s)
[04:19:08]   upload done video_id=26032841 in 39.5s
[04:19:09] film cr_film_id=623 OK in 72.1s
[04:19:09] iteration 18/20
[04:19:09] film cr_film_id=629 name='Harry Potter a Kámen mudrců (2001) CZ Dabing' candidates=24
[04:19:09]   candidate upload_id=da814a07a6040014 url=https://prehraj.to/harry-potter-a-kamen-mudrcu-2001-1080p-cz-dabing-mkv/da814a07a6040014
[04:19:10]   resolved in 1.1s → 720p (https://pf-storage5.premiumcdn.net/155806445/EKjinWSMEhQVuwlHJzfyKSz1inJi84sORTp…)
[04:20:23]   downloaded 2,688.1 MB in 72.0s (37.3 MB/s)
[04:22:56]   upload done video_id=26032862 in 152.6s
[04:22:57] film cr_film_id=629 OK in 228.3s
[04:22:57] iteration 19/20
[04:22:57] film cr_film_id=631 name='Bournův mýtus (2004) CZ Dabing' candidates=20
[04:22:57]   candidate upload_id=62ee9445e20bc url=https://prehraj.to/bournuv-mytus-2004-cz-dabing-1080p/62ee9445e20bc
[04:22:58]   resolved in 1.2s → 1080p (https://pf-storage3.premiumcdn.net/31972957/6VXsGrUNEUjmFqMhmwixBU0LFMYua8SWosVw…)
[04:24:17]   downloaded 2,952.0 MB in 77.6s (38.0 MB/s)
[04:26:08]   upload done video_id=26032901 in 110.7s
[04:26:09] film cr_film_id=631 OK in 192.2s
[04:26:09] iteration 20/20
[04:26:09] film cr_film_id=633 name='Teorie všeho (2014) CZ Dabing' candidates=12
[04:26:09]   candidate upload_id=55922a9dbfa44 url=https://prehraj.to/teorie-vseho-2014-cz-dabing-drama-zivotopisny/55922a9dbfa44
[04:26:10]   resolved in 1.0s → 480p (https://pf-storage2.premiumcdn.net/440064/y0Dtk1F2vFenUJDI6nUDKF07fDeuw1fMNunahG…)
[04:26:27]   downloaded 523.8 MB in 16.1s (32.5 MB/s)
[04:26:52]   upload done video_id=26032921 in 24.5s
[04:26:53] film cr_film_id=633 OK in 44.0s
[04:26:53] batch-end ok=20 failed=0 dur=2726.0s avg/film=136.3s remaining=17083 eta_hours=646.8

===== run 2026-06-17T04:27:26Z shard=1/2 batch_size=20 (https://github.com/Olbrasoft/prehrajto-to-prehrajto/actions/runs/27665767812) =====
[04:27:27] description overrides loaded: 65 from /home/runner/work/prehrajto-to-prehrajto/prehrajto-to-prehrajto/state/email-generated-descriptions-v3.jsonl
[04:27:27] batch-start shard=1/2 count=20 backlog=17650 uploads=567 failed_attempts=21 description_overrides=65
[04:27:27] login
[04:27:28] login done
[04:27:28] iteration 1/20
[04:27:28] film cr_film_id=635 name='Harry Potter a Relikvie smrti – část 1 (2010) CZ Dabing' candidates=13
[04:27:28]   candidate upload_id=cdc5a19a82dd829c url=https://prehraj.to/harry-potter-7-a-relikvie-smrti-cast-1-2010-uhdr-dv-cz-en-mkv/cdc5a19a82dd829c
[04:27:29]   resolved in 1.0s → 1080p (https://pf-storage1.premiumcdn.net/163421597/Yw0S5MiQDuWbHvdT3wtkQix2TKXhVKuJRCM…)
[04:29:05]   downloaded 3,374.3 MB in 94.7s (35.6 MB/s)
[04:31:22]   upload done video_id=26032961 in 136.3s
[04:31:23] film cr_film_id=635 OK in 234.6s
[04:31:23] iteration 2/20
[04:31:23] film cr_film_id=641 name='Chlapec v pruhovaném pyžamu (2008) CZ Dabing' candidates=12
[04:31:23]   candidate upload_id=acefc3ec3d8f0cbc url=https://prehraj.to/chlapec-v-pruhovanem-pyzamu-2008-cz-dab-1080p/acefc3ec3d8f0cbc
[04:31:24]   resolved in 1.2s → 720p (https://pf-storage1.premiumcdn.net/167193389/5M8F8EsbWTkyS86HVZCLZsEbHrnTbKTWXT6…)
[04:32:13]   downloaded 1,337.3 MB in 47.5s (28.2 MB/s)
[04:33:16]   upload done video_id=26033016 in 63.4s
[04:33:18] film cr_film_id=641 OK in 114.8s
[04:33:18] iteration 3/20
[04:33:18] film cr_film_id=643 name='Star Trek: Do temnoty (2013) CZ Dabing' candidates=4
[04:33:18]   candidate upload_id=562cf9d8f03f8 url=https://prehraj.to/startrek-do-temnoty-cz-dabing-2013/562cf9d8f03f8
[04:33:19]   resolved in 1.0s → 480p (https://pf-storage3.premiumcdn.net/466202/GO9uRnHqVTMru42hp0fw9H9ghlkuO3iXrTMeij…)
[04:33:46]   downloaded 872.5 MB in 25.7s (34.0 MB/s)
[04:34:21]   upload done video_id=26033044 in 35.3s
[04:34:22] film cr_film_id=643 OK in 64.6s
[04:34:22] iteration 4/20
[04:34:22] film cr_film_id=647 name='Zodiac (2007) CZ Dabing' candidates=13
[04:34:22]   candidate upload_id=68fd0aa8c2d3e url=https://prehraj.to/zodiac-2007-cz-dabing-1080p/68fd0aa8c2d3e
[04:34:23]   resolved in 1.1s → 1080p (https://pf-storage3.premiumcdn.net/153393345/OJaIg2spZtvmu2Xh15TjMsXbc9xInqhwYCL…)
[04:35:53]   downloaded 3,187.4 MB in 88.2s (36.1 MB/s)
[04:37:48]   upload done video_id=26033086 in 115.3s
[04:37:49] film cr_film_id=647 OK in 206.9s
[04:37:49] iteration 5/20
[04:37:49] film cr_film_id=649 name='Až vyjde měsíc (2012) CZ Dabing' candidates=6
[04:37:49]   candidate upload_id=55bd286798710 url=https://prehraj.to/az-vyjde-mesic-2012-czdab-x264/55bd286798710
[04:37:50]   resolved in 1.0s → 480p (https://pf-storage2.premiumcdn.net/64468/N6VFaghPgt2JCMat4Mh3ph5qUykI5mc3dUMpHxz…)
[04:38:12]   downloaded 523.5 MB in 20.4s (25.7 MB/s)
[04:38:36]   upload done video_id=26033128 in 24.7s
[04:38:37] film cr_film_id=649 OK in 48.4s
[04:38:37] iteration 6/20
[04:38:37] film cr_film_id=651 name='Dannyho parťáci (2001) CZ Dabing' candidates=17
[04:38:37]   candidate upload_id=580e7743c7e0d url=https://prehraj.to/dannyho-partaci-1-2001-cz-dabing/580e7743c7e0d
[04:38:38]   resolved in 0.8s → 480p (https://pf-storage2.premiumcdn.net/748427/Gd5iN1SX0T9jueyiDaUOxS4GTG0c3OcMdtn6CZ…)
[04:38:52]   downloaded 376.0 MB in 12.2s (30.8 MB/s)
[04:39:07]   upload done video_id=26033137 in 15.6s
[04:39:08] film cr_film_id=651 OK in 30.7s
[04:39:08] iteration 7/20
[04:39:08] film cr_film_id=653 name='Pařba ve Vegas (2009) CZ Dabing' candidates=15
[04:39:08]   candidate upload_id=6341d6bc168bb url=https://prehraj.to/parba-ve-vegas-2009-komedie-road-movie-cz-dab-fullhd-1080p/6341d6bc168bb
[04:39:09]   resolved in 0.8s → 720p (https://pf-storage1.premiumcdn.net/33683380/Z10Fm3czmHVlIBGFmaCZ3cpwspgHqBIrxFg1…)
[04:40:07]   downloaded 2,034.7 MB in 56.9s (35.8 MB/s)
[04:41:22]   upload done video_id=26033146 in 75.5s
[04:41:24] film cr_film_id=653 OK in 135.4s
[04:41:24] iteration 8/20
[04:41:24] film cr_film_id=655 name='Gravitace (2013) CZ Dabing' candidates=6
[04:41:24]   candidate upload_id=621ad8c8b1539 url=https://prehraj.to/gravity-2013-bluray-1080p-dts-hd-ma-5-1-avc-remux-cz-dab/621ad8c8b1539
[04:41:24]   resolved in 0.9s → 1080p (https://pf-storage1.premiumcdn.net/29758130/lvdSrzsjdiD3trgTlPcrnsaGT3gfqQCBZT3g…)
[04:42:45]   downloaded 2,786.1 MB in 79.4s (35.1 MB/s)
[04:44:54]   upload done video_id=26033181 in 128.2s
[04:44:55] film cr_film_id=655 OK in 211.0s
[04:44:55] iteration 9/20
[04:44:55] film cr_film_id=657 name='Rodina k pronájmu (2025) CZ' candidates=5
[04:44:55]   candidate upload_id=1abc6ab9e40f6629 url=https://prehraj.to/rodina-k-pronajmu-2025-cz-2160p-mkv/1abc6ab9e40f6629
[04:44:56]   resolved in 1.0s → 1080p (https://pf-storage5.premiumcdn.net/166636187/dL6crLuJpTxzflqtoBSpvurph3AhLEhNVtL…)
[04:46:14]   downloaded 2,549.1 MB in 77.2s (33.0 MB/s)
[04:48:01]   upload done video_id=26033216 in 107.6s
[04:48:02] film cr_film_id=657 OK in 187.9s
[04:48:02] iteration 10/20
[04:48:02] film cr_film_id=663 name='F1 (2025) CZ Dabing' candidates=12
[04:48:02]   candidate upload_id=68d50f37db752 url=https://prehraj.to/f1-2025-cz-dab-1080p/68d50f37db752
[04:48:04]   resolved in 1.2s → 720p (https://pf-storage4.premiumcdn.net/148364034/NGKFJOcmnTBMSd3izWUWGcAxHg2uEbhBEtl…)
[04:49:30]   downloaded 3,059.5 MB in 85.3s (35.9 MB/s)
[04:51:56]   upload done video_id=26033282 in 146.3s
[04:51:58] film cr_film_id=663 OK in 235.1s
[04:51:58] iteration 11/20
[04:51:58] film cr_film_id=671 name='Hrabě Monte Christo (2024) CZ Dabing' candidates=6
[04:51:58]   candidate upload_id=673d1fcb1997e url=https://prehraj.to/hrabe-monte-christo-grof-monte-christo-2024-1080p-cz-dabing/673d1fcb1997e
[04:51:59]   resolved in 1.0s → 720p (https://pf-storage1.premiumcdn.net/108768059/KWKcV5fvlURYFP3sW4hENfblUARcmeHO2sw…)
[04:53:33]   downloaded 3,328.6 MB in 92.8s (35.9 MB/s)
[04:56:27]   upload done video_id=26033368 in 174.2s
[04:56:29] film cr_film_id=671 OK in 271.2s
[04:56:29] iteration 12/20
[04:56:29] film cr_film_id=675 name='Anatomie pádu (2023) CZ Dabing' candidates=2
[04:56:29]   candidate upload_id=667ecd5b17cc8 url=https://prehraj.to/anatomy-of-a-fall-2023-cz-dabing-1080p/667ecd5b17cc8
[04:56:30]   resolved in 1.0s → 1080p (https://pf-storage5.premiumcdn.net/81157847/94LfbJhPRsrosMjsDgsEzhlDCJbhPoCmKIpV…)
[04:58:39]   downloaded 4,596.2 MB in 127.9s (35.9 MB/s)
[05:01:50]   upload done video_id=26033482 in 191.8s
[05:01:52] film cr_film_id=675 OK in 323.0s
[05:01:52] iteration 13/20
[05:01:52] film cr_film_id=677 name='Šílený Max 2: Bojovník silnic (1981) CZ Dabing' candidates=10
[05:01:52]   candidate upload_id=64cedefbb461a url=https://prehraj.to/sileny-max-2-bojovnik-silnic-1981-1080p-cz-dab/64cedefbb461a
[05:01:53]   resolved in 1.2s → 720p (https://pf-storage1.premiumcdn.net/43091195/NEBulrIeEH0wUOAHjEhjDIdACezhNkcrVfkQ…)
[05:03:20]   downloaded 3,000.7 MB in 85.6s (35.1 MB/s)
[05:07:10]   upload done video_id=26033588 in 230.6s
[05:07:11] film cr_film_id=677 OK in 319.8s
[05:07:11] iteration 14/20
[05:07:11] film cr_film_id=679 name='Godzilla Minus One (2023) CZ Dabing' candidates=6
[05:07:11]   candidate upload_id=665c147acc80c url=https://prehraj.to/godzilla-minus-one-2023-cz-dabing-1080p/665c147acc80c
[05:07:12]   resolved in 1.0s → 1080p (https://pf-storage1.premiumcdn.net/77974622/64NTAwF9rIQDCJntdxtP2F5ecNyfMvfB0iQn…)
[05:08:35]   downloaded 2,946.8 MB in 80.8s (36.5 MB/s)
[05:10:30]   upload done video_id=26033716 in 115.8s
[05:10:32] film cr_film_id=679 OK in 200.1s
[05:10:32] iteration 15/20
[05:10:32] film cr_film_id=683 name='Hurikán v ringu (1999) CZ Dabing' candidates=7
[05:10:32]   candidate upload_id=55feef2d5416d url=https://prehraj.to/hurikan-v-ringu-1999-cz-dabing-hit/55feef2d5416d
[05:10:33]   resolved in 1.0s → 480p (https://pf-storage5.premiumcdn.net/344688/r1zhlzUQEsmnHbKuEMsRKUbMC94FZMHVXHJytM…)
[05:10:51]   downloaded 540.9 MB in 16.8s (32.2 MB/s)
[05:11:15]   upload done video_id=26033762 in 23.9s
[05:11:16] film cr_film_id=683 OK in 44.5s
[05:11:16] iteration 16/20
[05:11:16] film cr_film_id=691 name='Velryba (2022) CZ Dabing' candidates=4
[05:11:16]   candidate upload_id=68bddb6bd3808 url=https://prehraj.to/velryba-2022-cz-dabing-1080p-full-hd/68bddb6bd3808
[05:11:17]   resolved in 1.1s → 1080p (https://pf-storage4.premiumcdn.net/145714137/Q7XfpVi6KhM6fe2fDWFRPiqGIDMU5dI29CB…)
[05:12:10]   downloaded 1,749.2 MB in 51.4s (34.0 MB/s)
[05:14:10]   upload done video_id=26033778 in 120.4s
[05:14:11] film cr_film_id=691 OK in 175.2s
[05:14:11] iteration 17/20
[05:14:11] film cr_film_id=693 name='Černí baroni (1992) CZ Dabing' candidates=10
[05:14:11]   candidate upload_id=66b832a4c3d48 url=https://prehraj.to/cerni-baroni-the-black-barons-1992-cz-dabing-fullhd-1080p-komedie/66b832a4c3d48
[05:14:12]   resolved in 1.0s → 720p (https://pf-storage4.premiumcdn.net/89991521/4yXfkqcDguWgH3jILEtOecgNuk4hNdFnrimb…)
[05:15:00]   downloaded 1,640.6 MB in 46.4s (35.4 MB/s)
[05:16:54]   upload done video_id=26033836 in 113.9s
[05:16:55] film cr_film_id=693 OK in 164.1s
[05:16:55] iteration 18/20
[05:16:55] film cr_film_id=699 name='Aftersun (2022) CZ Dabing' candidates=1
[05:16:55]   candidate upload_id=64ecb51084b30 url=https://prehraj.to/aftersun-2022-cz-dabing-hd-1080p/64ecb51084b30
[05:16:56]   resolved in 1.0s → 720p (https://pf-storage3.premiumcdn.net/43794356/xXeiLjsj9hBNHAoh0pFjWs09TJ3hLRioJCdA…)
[05:17:38]   downloaded 1,405.2 MB in 40.3s (34.9 MB/s)
[05:19:06]   upload done video_id=26033889 in 88.3s
[05:19:07] film cr_film_id=699 OK in 131.7s
[05:19:07] iteration 19/20
[05:19:07] film cr_film_id=711 name='Vlak do Busanu (2016) CZ Dabing' candidates=10
[05:19:07]   candidate upload_id=68bddcdc5df7e url=https://prehraj.to/vlak-do-pusanu-2016-cz-dabing-1080p-full-hd/68bddcdc5df7e
[05:19:08]   resolved in 1.0s → 720p (https://pf-storage1.premiumcdn.net/145717140/x7bsKJigoT5yfk2TJ6cNyi4BC6LUOzCOdIz…)
[05:20:22]   downloaded 1,914.1 MB in 72.8s (26.3 MB/s)
[05:21:41]   upload done video_id=26033948 in 79.3s
[05:21:43] film cr_film_id=711 OK in 155.9s
[05:21:43] iteration 20/20
[05:21:43] film cr_film_id=713 name='Volyň (2016) CZ Dabing' candidates=5
[05:21:43]   candidate upload_id=618915b236783 url=https://prehraj.to/volyn-2016-cz-dabing-720p/618915b236783
[05:21:44]   resolved in 1.3s → 480p (https://pf-storage4.premiumcdn.net/26287333/6jmS41TNAT0esAGt6yIK7TrDfZDCpZS19t6o…)
[05:22:27]   downloaded 1,398.8 MB in 41.4s (33.8 MB/s)
[05:23:25]   upload done video_id=26033999 in 58.2s
[05:23:26] film cr_film_id=713 OK in 103.2s
[05:23:26] batch-end ok=20 failed=0 dur=3357.7s avg/film=167.9s remaining=17063 eta_hours=795.8

===== run 2026-06-17T05:40:03Z shard=1/2 batch_size=20 (https://github.com/Olbrasoft/prehrajto-to-prehrajto/actions/runs/27668306590) =====
[05:40:04] description overrides loaded: 262 from /home/runner/work/prehrajto-to-prehrajto/prehrajto-to-prehrajto/state/email-generated-descriptions-v3.jsonl
[05:40:04] batch-start shard=1/2 count=20 backlog=17650 uploads=587 failed_attempts=21 description_overrides=262
[05:40:04] login
[05:40:09] login done
[05:40:09] iteration 1/20
[05:40:09] film cr_film_id=715 name='S tebou mě baví svět (1982) CZ' candidates=4
[05:40:09]   candidate upload_id=65bd90398bf13 url=https://prehraj.to/s-tebou-me-bavi-svet-s-tebou-ma-bavi-svet-i-enjoy-the-world-with-you-you-take-the-kids-1982-cz/65bd90398bf13
[05:40:10]   resolved in 1.3s → 1080p (https://pf-storage1.premiumcdn.net/72978719/4AgIroFVxfEQU7GfzLHkYFmvfv6C9QfKbUbr…)
[05:42:17]   downloaded 3,418.9 MB in 125.4s (27.3 MB/s)
[05:45:24]   upload done video_id=26034314 in 186.1s
[05:45:25] film cr_film_id=715 OK in 316.3s
[05:45:25] iteration 2/20
[05:45:25] film cr_film_id=717 name='Tři oříšky pro Popelku (1973) CZ Dabing' candidates=2
[05:45:25]   candidate upload_id=f5a3dd9b8456ee17 url=https://prehraj.to/tri-orisky-pro-popelku-1973-cz-dab-1080p/f5a3dd9b8456ee17
[05:45:26]   resolve FAILED: HTTP 502 wrapping permanent upstream error: https://prehraj.to/tri-orisky-pro-popelku-1973-cz-dab-1080p/f5a3dd9b8456ee17 (permanent=True)
[05:45:26]   candidate upload_id=6844cd2b95c27 url=https://prehraj.to/tr-orisky-pro-popelku-1973-cz/6844cd2b95c27
[05:45:32]   resolved in 6.2s → 480p (https://pf-storage5.premiumcdn.net/139416713/gmOf61S2rS7mck5c0gtZjSPwFA5UznukQId…)
[05:46:08]   downloaded 843.3 MB in 33.9s (24.9 MB/s)
[05:46:55]   upload done video_id=26034361 in 46.8s
[05:46:56] film cr_film_id=717 OK in 91.0s
[05:46:56] iteration 3/20
[05:46:56] film cr_film_id=723 name='Osudový dotek (2004) CZ Dabing' candidates=6
[05:46:56]   candidate upload_id=68e5203c7a24d url=https://prehraj.to/osudovy-dotek-2004-cz-dabing-1080p/68e5203c7a24d
[05:46:57]   resolved in 1.4s → 1080p (https://pf-storage4.premiumcdn.net/150287490/GbdHGxubAtANu4KUL3f1Zuz0S3EC80fD9ij…)
[05:48:44]   downloaded 2,782.4 MB in 105.3s (26.4 MB/s)
[05:51:23]   upload done video_id=26034377 in 158.3s
[05:51:24] film cr_film_id=723 OK in 268.1s
[05:51:24] iteration 4/20
[05:51:24] film cr_film_id=725 name='Dokud se tančí (2019) CZ' candidates=4
[05:51:24]   candidate upload_id=5fc437276ad25 url=https://prehraj.to/dokud-se-tanci-2019-cz-1080p/5fc437276ad25
[05:51:25]   resolved in 1.3s → 1080p (https://pf-storage5.premiumcdn.net/20418060/MQDF5rU53Tz4SBAIEpTwkU27TMPIP0splsa5…)
[05:53:42]   downloaded 2,829.7 MB in 134.3s (21.1 MB/s)
[05:56:24]   upload done video_id=26034419 in 161.8s
[05:56:25] film cr_film_id=725 OK in 300.9s
[05:56:25] iteration 5/20
[05:56:25] film cr_film_id=727 name='Obhájce nevinných (2019) CZ Dabing' candidates=8
[05:56:25]   candidate upload_id=5f15782eb8deb url=https://prehraj.to/obhajce-nevinnych-2019-cz-dabing/5f15782eb8deb
[05:56:27]   resolved in 1.5s → 720p (https://pf-storage3.premiumcdn.net/17386209/2qVTQqia2tzafdghgzUOmi42C2nIGrhzMtax…)
[05:57:43]   downloaded 1,516.6 MB in 74.0s (20.5 MB/s)
[05:58:55]   upload done video_id=26034450 in 72.8s
[05:58:57] film cr_film_id=727 OK in 151.8s
[05:58:57] iteration 6/20
[05:58:57] film cr_film_id=731 name='Tenkrát v Hollywoodu (2019) CZ Dabing' candidates=5
[05:58:57]   candidate upload_id=fad1a0c0e9bc6d2e url=https://prehraj.to/tenkrat-v-hollywoodu-2019-cz-dab-1080p/fad1a0c0e9bc6d2e
[05:58:58]   resolve FAILED: HTTP 502 wrapping permanent upstream error: https://prehraj.to/tenkrat-v-hollywoodu-2019-cz-dab-1080p/fad1a0c0e9bc6d2e (permanent=True)
[05:58:58]   candidate upload_id=6384c0906599d url=https://prehraj.to/tenkrat-v-hollywoodu-2019-cz-dabing/6384c0906599d
[05:59:04]   resolved in 6.2s → 480p (https://pf-storage1.premiumcdn.net/34884778/8vqIQdTWAsjZhzQi9ziAyTk1iQ6cy1CVMFzN…)
[05:59:36]   downloaded 736.6 MB in 30.5s (24.2 MB/s)
[06:00:19]   upload done video_id=26034466 in 42.7s
[06:00:20] film cr_film_id=731 OK in 83.6s
[06:00:20] iteration 7/20
[06:00:20] film cr_film_id=733 name='Toy Story 4: Příběh hraček (2019) CZ Dabing' candidates=7
[06:00:20]   candidate upload_id=60c4f6c91b238 url=https://prehraj.to/pribeh-hracek-4-2019-cz-dabing-animovany/60c4f6c91b238
[06:00:22]   resolved in 1.1s → 720p (https://pf-storage1.premiumcdn.net/23877063/74lTpQFlwi7qiYJF9NSK8FzESxWhZEuz0fZ9…)
[06:01:29]   downloaded 1,711.5 MB in 66.3s (25.8 MB/s)
[06:02:54]   upload done video_id=26034474 in 84.3s
[06:02:55] film cr_film_id=733 OK in 154.5s
[06:02:55] iteration 8/20
[06:02:55] film cr_film_id=737 name='Konkurenti (1992) CZ Dabing' candidates=6
[06:02:55]   candidate upload_id=5ddfb281b43f0 url=https://prehraj.to/konkurenti-cz-dabing-1992/5ddfb281b43f0
[06:02:57]   resolved in 1.5s → 480p (https://pf-storage2.premiumcdn.net/15360868/QyztOjuQrUpBTxlhqySrGubJh7vsmKiAvInN…)
[06:03:24]   downloaded 492.7 MB in 25.8s (19.1 MB/s)
[06:03:55]   upload done video_id=26034493 in 30.8s
[06:03:57] film cr_film_id=737 OK in 61.8s
[06:03:57] iteration 9/20
[06:03:57] film cr_film_id=741 name='Pátrání (2018) CZ Dabing' candidates=6
[06:03:57]   candidate upload_id=5d291ad3eb152 url=https://prehraj.to/patrani-2018-hdrip-cz-dabing-m3/5d291ad3eb152
[06:03:58]   resolved in 1.2s → 480p (https://pf-storage1.premiumcdn.net/14397840/ynViZWS8WCxAuY4SPLS0DS1PsbgT06I6btN2…)
[06:04:28]   downloaded 661.0 MB in 27.7s (23.9 MB/s)
[06:05:01]   upload done video_id=26034504 in 33.8s
[06:05:03] film cr_film_id=741 OK in 65.9s
[06:05:03] iteration 10/20
[06:05:03] film cr_film_id=743 name='Malý princ (2015) CZ Dabing' candidates=3
[06:05:03]   candidate upload_id=598f1ba39f254 url=https://prehraj.to/maly-princ-2015-cz-dabing/598f1ba39f254
[06:05:04]   resolved in 1.2s → 480p (https://pf-storage2.premiumcdn.net/2551933/GZpUVGIDQsb4uxvuMwTKVIDKs4bfW2cy4HLbS…)
[06:05:38]   downloaded 616.1 MB in 32.1s (19.2 MB/s)
[06:06:10]   upload done video_id=26034507 in 31.9s
[06:06:11] film cr_film_id=743 OK in 68.2s
[06:06:11] iteration 11/20
[06:06:11] film cr_film_id=745 name='Sbohem, baby (2007) CZ Dabing' candidates=6
[06:06:11]   candidate upload_id=68ed52db1055d url=https://prehraj.to/sbohem-baby-2007-cz-dabing-1080p/68ed52db1055d
[06:06:12]   resolved in 1.3s → 720p (https://pf-storage4.premiumcdn.net/151336134/WLyte8Sw1F1jtDGczGir1SNjFjqHpvf2PiM…)
[06:07:00]   downloaded 1,163.8 MB in 46.2s (25.2 MB/s)
[06:08:10]   upload done video_id=26034517 in 70.3s
[06:08:12] film cr_film_id=745 OK in 120.9s
[06:08:12] iteration 12/20
[06:08:12] film cr_film_id=751 name='Most špiónů (2015) CZ Dabing' candidates=21
[06:08:12]   candidate upload_id=4fe46ef255c9f url=https://prehraj.to/most-spionu-2015-czdab-720p/4fe46ef255c9f
[06:08:13]   resolved in 1.2s → 480p (https://pf-storage2.premiumcdn.net/24576/zVEuNqhzaUJ1F7YfVgHm2hN3c5WFOwSy1CnEIXq…)
[06:09:07]   downloaded 1,054.9 MB in 52.7s (20.0 MB/s)
[06:10:28]   upload done video_id=26034533 in 80.7s
[06:10:29] film cr_film_id=751 OK in 137.6s
[06:10:29] iteration 13/20
[06:10:29] film cr_film_id=753 name='Hrdinové ohně (2017) CZ Dabing' candidates=14
[06:10:29]   candidate upload_id=5fa11563edfc4 url=https://prehraj.to/hrdinove-ohne-2017-cz-dabing/5fa11563edfc4
[06:10:31]   resolved in 1.2s → 1080p (https://pf-storage2.premiumcdn.net/19685019/E6wfW5umJTBjiv4IEjsKYuMVSR8TzrIN6C2W…)
[06:13:02]   downloaded 3,942.1 MB in 149.7s (26.3 MB/s)
[06:16:42]   upload done video_id=26034556 in 220.0s
[06:16:44] film cr_film_id=753 OK in 374.7s
[06:16:44] iteration 14/20
[06:16:44] film cr_film_id=755 name='Moneyball (2011) CZ Dabing' candidates=6
[06:16:44]   candidate upload_id=cfa77ad4fba3e0a6 url=https://prehraj.to/moneyball-2011-cz-dab-1920x1080p/cfa77ad4fba3e0a6
[06:16:45]   resolved in 1.2s → 720p (https://pf-storage5.premiumcdn.net/168776641/p0JUNncpYUEBUvxSJ3FLbc7OIAOSwET56im…)
[06:18:29]   downloaded 2,110.1 MB in 101.7s (20.7 MB/s)
[06:20:20]   upload done video_id=26034590 in 111.3s
[06:20:22] film cr_film_id=755 OK in 218.1s
[06:20:22] iteration 15/20
[06:20:22] film cr_film_id=769 name='Stuart: Život pozpátku (2007) CZ' candidates=1
[06:20:22]   candidate upload_id=673368ed74fc6 url=https://prehraj.to/stuart-zivot-pozpatku-web-dl-cz-en-2007-1080p/673368ed74fc6
[06:20:24]   resolved in 1.3s → 1080p (https://pf-storage1.premiumcdn.net/105624974/90OsrQSxQsoxI5bCaeFkmSVKtyBi8oH7buz…)
[06:22:09]   downloaded 2,621.2 MB in 103.4s (25.3 MB/s)
[06:24:29]   upload done video_id=26034621 in 140.5s
[06:24:31] film cr_film_id=769 OK in 248.5s
[06:24:31] iteration 16/20
[06:24:31] film cr_film_id=777 name='Revizoři (2003) CZ Dabing' candidates=5
[06:24:31]   candidate upload_id=5bc9e3b488e43 url=https://prehraj.to/revizori-2003-cz-dabing/5bc9e3b488e43
[06:24:32]   resolved in 1.3s → 480p (https://pf-storage1.premiumcdn.net/7271648/7xrHWKhZeH7oi1PIEwSvkhgECmOTA4IlzSpYC…)
[06:24:53]   downloaded 359.9 MB in 19.8s (18.2 MB/s)
[06:25:14]   upload done video_id=26034645 in 20.5s
[06:25:15] film cr_film_id=777 OK in 44.5s
[06:25:15] iteration 17/20
[06:25:15] film cr_film_id=781 name='Pokrevní bratři (1999) CZ Dabing' candidates=1
[06:25:15]   candidate upload_id=55fec27b85c5c url=https://prehraj.to/the-boondock-saints-1-1999-cz-dabing-top-hit/55fec27b85c5c
[06:25:16]   resolved in 1.0s → 480p (https://pf-storage4.premiumcdn.net/342897/1D6HLQfwPhMVHlgso0U6pfAgS35h8gi80i7XsR…)
[06:25:38]   downloaded 456.4 MB in 19.8s (23.1 MB/s)
[06:26:04]   upload done video_id=26034647 in 25.9s
[06:26:05] film cr_film_id=781 OK in 50.0s
[06:26:05] iteration 18/20
[06:26:05] film cr_film_id=787 name='Hvězdný prach (2007) CZ Dabing' candidates=6
[06:26:05]   candidate upload_id=55d26183a7f23 url=https://prehraj.to/hvezdny-prach-2007-cz-dab-fantas-romant-p-p/55d26183a7f23
[06:26:06]   resolved in 1.2s → 480p (https://pf-storage2.premiumcdn.net/195975/8Y2hdQi9oF4VcxKfodU71iOLIE5C94u60TyVTy…)
[06:26:42]   downloaded 642.1 MB in 33.7s (19.1 MB/s)
[06:27:20]   upload done video_id=26034659 in 37.8s
[06:27:21] film cr_film_id=787 OK in 76.0s
[06:27:21] iteration 19/20
[06:27:21] film cr_film_id=793 name='Creed (2015) CZ Dabing' candidates=1
[06:27:21]   candidate upload_id=68d9bb9543249 url=https://prehraj.to/creed-1-2015-cz-dabing-topkvalita/68d9bb9543249
[06:27:22]   resolve FAILED: HTTP 502 wrapping permanent upstream error: https://prehraj.to/creed-1-2015-cz-dabing-topkvalita/68d9bb9543249 (permanent=True)
[06:27:22] film cr_film_id=793 all candidates exhausted
[06:27:22] iteration 20/20
[06:27:22] film cr_film_id=799 name='Harry Potter a Princ dvojí krve (2009) CZ Dabing' candidates=10
[06:27:22]   candidate upload_id=68f3db8bb1ac1 url=https://prehraj.to/harry-potter-6-a-princ-dvoji-krve-2009-cz-dabing/68f3db8bb1ac1
[06:27:28]   resolved in 6.2s → 1080p (https://pf-storage3.premiumcdn.net/152303322/e1JhK3fGwcZaHPOhQziBRfNDU96s0eFlLC4…)
[06:28:45]   downloaded 1,925.7 MB in 74.9s (25.7 MB/s)
[06:30:28]   upload done video_id=26034680 in 103.4s
[06:30:30] film cr_film_id=799 OK in 187.8s
[06:30:30] batch-end ok=19 failed=1 dur=3021.1s avg/film=159.0s remaining=17044 eta_hours=752.8

===== run 2026-06-17T06:30:55Z shard=1/2 batch_size=20 (https://github.com/Olbrasoft/prehrajto-to-prehrajto/actions/runs/27670342550) =====
[06:30:57] description overrides loaded: 262 from /home/runner/work/prehrajto-to-prehrajto/prehrajto-to-prehrajto/state/email-generated-descriptions-v3.jsonl
[06:30:57] batch-start shard=1/2 count=20 backlog=17650 uploads=606 failed_attempts=24 description_overrides=262
[06:30:57] login
[06:30:58] login done
[06:30:58] iteration 1/20
[06:30:58] film cr_film_id=801 name='Strážci – Watchmen (2009) CZ Dabing' candidates=6
[06:30:58]   candidate upload_id=680aff554e5cf url=https://prehraj.to/strazci-watchmen-2009-cz-dab-1080p/680aff554e5cf
[06:30:59]   resolved in 1.0s → 1080p (https://pf-storage5.premiumcdn.net/136136396/70jIoGhngImYSJ5cRlS8xhqJCb8CXYUKDFj…)
[06:32:25]   downloaded 2,956.4 MB in 84.1s (35.2 MB/s)
[06:35:38]   upload done video_id=26034706 in 193.5s
[06:35:40] film cr_film_id=801 OK in 282.1s
[06:35:40] iteration 2/20
[06:35:40] film cr_film_id=803 name='Já, padouch (2010) CZ Dabing' candidates=2
[06:35:40]   candidate upload_id=5668b75c48a38 url=https://prehraj.to/ja-padouch-cz-dabing-2010/5668b75c48a38
[06:35:41]   resolved in 1.1s → 480p (https://pf-storage2.premiumcdn.net/509697/NGPiMnfM5SJ9HVEcl1S4bf4PUd8hM6h2ASZLUz…)
[06:36:07]   downloaded 648.6 MB in 24.7s (26.3 MB/s)
[06:36:39]   upload done video_id=26034744 in 31.5s
[06:36:40] film cr_film_id=803 OK in 59.3s
[06:36:40] iteration 3/20
[06:36:40] film cr_film_id=805 name='Železná srdce (2014) CZ Dabing' candidates=46
[06:36:40]   candidate upload_id=5e11aedab6865 url=https://prehraj.to/zelezna-srdce-fury-2014-hd-720p-cz-dabing/5e11aedab6865
[06:36:41]   resolved in 1.0s → 480p (https://pf-storage2.premiumcdn.net/15597562/DvqTP3FjbtKwIm2idKS9XFJqcWnfYkIJDC3o…)
[06:37:25]   downloaded 1,183.0 MB in 43.6s (27.1 MB/s)
[06:38:22]   upload done video_id=26034754 in 57.0s
[06:38:23] film cr_film_id=805 OK in 104.0s
[06:38:23] iteration 4/20
[06:38:23] film cr_film_id=809 name='Opravdová kuráž (2010) CZ Dabing' candidates=8
[06:38:23]   candidate upload_id=631cf263e4c9a url=https://prehraj.to/opravdova-kuraz-true-grit-2010-usa-western-cz-dab-1080p-hd/631cf263e4c9a
[06:38:25]   resolved in 1.0s → 720p (https://pf-storage2.premiumcdn.net/32868880/ZvgI7BsV1umoC3JfonhOVsZ4SKbH37td1cmA…)
[06:39:30]   downloaded 2,196.0 MB in 64.3s (34.2 MB/s)
[06:40:49]   upload done video_id=26034775 in 78.3s
[06:40:50] film cr_film_id=809 OK in 146.3s
[06:40:50] iteration 5/20
[06:40:50] film cr_film_id=811 name='Kůže, kterou nosím (2011) CZ Dabing' candidates=6
[06:40:50]   candidate upload_id=65a681b3ea15e url=https://prehraj.to/kuze-kterou-nosim-la-piel-que-habito-2011-span-thriller-cz-dab-1080p-hd/65a681b3ea15e
[06:40:51]   resolved in 1.1s → 720p (https://pf-storage4.premiumcdn.net/72439574/PyYF8gCjdiXESkeiwMsYRCP1HNVFJksMRIvz…)
[06:41:39]   downloaded 1,669.9 MB in 46.7s (35.8 MB/s)
[06:43:00]   upload done video_id=26034794 in 80.7s
[06:43:01] film cr_film_id=811 OK in 131.0s
[06:43:01] iteration 6/20
[06:43:01] film cr_film_id=813 name='Obávaný bojovník (2006) CZ Dabing' candidates=12
[06:43:01]   candidate upload_id=6745d688d0703 url=https://prehraj.to/obavany-bojovnik-jet-li-sido-nakamura-betty-sun-2006-akcni-drama-zivotopisny-bdrip-1080p-cz-dabing/6745d688d0703
[06:43:02]   resolved in 0.8s → 720p (https://pf-storage5.premiumcdn.net/112357703/5oBH12c3DuyOt8bil9FwpcrmT4jHmKIZoSY…)
[06:43:48]   downloaded 1,614.0 MB in 45.6s (35.4 MB/s)
[06:44:54]   upload done video_id=26034818 in 65.8s
[06:44:55] film cr_film_id=813 OK in 114.3s
[06:44:55] iteration 7/20
[06:44:55] film cr_film_id=815 name='Patrola (2012) CZ Dabing' candidates=4
[06:44:55]   candidate upload_id=5ae2fa8b58575 url=https://prehraj.to/patrola-krimi-cz-dab-2012-jad/5ae2fa8b58575
[06:44:56]   resolved in 1.1s → 480p (https://pf-storage2.premiumcdn.net/3969220/qdJfgZiQKc4kTknh0WFX0ioQIDmI2jI7PIlxS…)
[06:45:21]   downloaded 777.7 MB in 23.1s (33.7 MB/s)
[06:46:00]   upload done video_id=26034836 in 39.3s
[06:46:03] film cr_film_id=815 OK in 67.8s
[06:46:03] iteration 8/20
[06:46:03] film cr_film_id=817 name='Minority Report (2002) CZ Dabing' candidates=6
[06:46:03]   candidate upload_id=60b8839abf99f url=https://prehraj.to/minority-report-1080p-x264-ac3-5-1-cz-dab-2002/60b8839abf99f
[06:46:04]   resolved in 1.3s → 720p (https://pf-storage5.premiumcdn.net/23740026/ldpSvYIN6IlxcDgUG0TywIxjHv3UBzTLgFed…)
[06:47:45]   downloaded 3,512.8 MB in 99.2s (35.4 MB/s)
[06:50:05]   upload done video_id=26034859 in 140.4s
[06:50:07] film cr_film_id=817 OK in 243.6s
[06:50:07] iteration 9/20
[06:50:07] film cr_film_id=819 name='Tenká červená linie (1998) CZ Dabing' candidates=9
[06:50:07]   candidate upload_id=64cf766e12718 url=https://prehraj.to/tenka-cervena-linie-1998-hd-cz-dabing/64cf766e12718
[06:50:08]   resolved in 1.0s → 720p (https://pf-storage1.premiumcdn.net/43099565/N9Xtods20sB2IzXTEdf5gsBycDoCdet6rila…)
[06:52:19]   downloaded 3,781.3 MB in 129.7s (29.2 MB/s)
[06:55:23]   upload done video_id=26034905 in 184.6s
[06:55:24] film cr_film_id=819 OK in 317.9s
[06:55:24] iteration 10/20
[06:55:24] film cr_film_id=821 name='21 gramů (2003) CZ Dabing' candidates=1
[06:55:24]   candidate upload_id=68ea53684252b url=https://prehraj.to/21-gramu-2003-cz-dabing-1080p/68ea53684252b
[06:55:25]   resolved in 0.9s → 720p (https://pf-storage4.premiumcdn.net/150921627/wWVFqQik5sZWTxkSkNHPYi79t6MUdAt28T3…)
[06:56:26]   downloaded 2,203.2 MB in 60.0s (36.7 MB/s)
[06:57:53]   upload done video_id=26034952 in 86.5s
[06:57:54] film cr_film_id=821 OK in 149.5s
[06:57:54] iteration 11/20
[06:57:54] film cr_film_id=823 name='Smrtonosná zbraň (1987) CZ Dabing' candidates=3
[06:57:54]   candidate upload_id=6718357fa541c url=https://prehraj.to/smrtonosna-zbran-1987-cz-dab/6718357fa541c
[06:57:55]   resolved in 1.1s → 1080p (https://pf-storage5.premiumcdn.net/103382045/nJ1fjqsr3t4ZF1MTgKTmbs95hG2Cg9ukQU4…)
[06:59:26]   downloaded 3,181.0 MB in 89.7s (35.5 MB/s)
[07:01:56]   upload done video_id=26034979 in 150.5s
[07:01:58] film cr_film_id=823 OK in 243.7s
[07:01:58] iteration 12/20
[07:01:58] film cr_film_id=825 name='Cela 211: Vězeňské peklo (2009) CZ Dabing' candidates=14
[07:01:58]   candidate upload_id=5ce741cc8e64b url=https://prehraj.to/cela-211-2009-hdrip-cz-dabing-m3/5ce741cc8e64b
[07:01:59]   resolved in 1.1s → 480p (https://pf-storage2.premiumcdn.net/13593606/A85s6ESlxtyZTbxcnWUWwSmYcx7HPec6AuW0…)
[07:02:20]   downloaded 635.1 MB in 19.9s (31.9 MB/s)
[07:02:49]   upload done video_id=26034998 in 28.7s
[07:02:50] film cr_film_id=825 OK in 52.1s
[07:02:50] iteration 13/20
[07:02:50] film cr_film_id=827 name='Dědictví aneb Kurvahošigutntag (1992) CZ Dabing' candidates=15
[07:02:50]   candidate upload_id=688c550051d58 url=https://prehraj.to/dedictvi-aneb-kurvahosigutntag-1992-cz-dab-1080p/688c550051d58
[07:02:51]   resolved in 1.5s → 1080p (https://pf-storage1.premiumcdn.net/142666802/kK6FGxc2VcnBSk3HBacGZc25uZRiLPh41hN…)
[07:04:44]   downloaded 3,228.3 MB in 111.4s (29.0 MB/s)
[07:07:21]   upload done video_id=26035013 in 156.6s
[07:07:22] film cr_film_id=827 OK in 272.2s
[07:07:22] iteration 14/20
[07:07:22] film cr_film_id=829 name='Saw: Hra o přežití (2004) CZ Dabing' candidates=41
[07:07:22]   candidate upload_id=5aa358780391e url=https://prehraj.to/saw-1-2004-hdrip-cz-dabing-m3/5aa358780391e
[07:07:23]   resolved in 1.2s → 480p (https://pf-storage4.premiumcdn.net/3586709/NBQiE9uDotEqtzrIWbhKdu9qFvKSaet58H9Dt…)
[07:07:41]   downloaded 544.7 MB in 16.6s (32.8 MB/s)
[07:08:09]   upload done video_id=26035039 in 27.5s
[07:08:10] film cr_film_id=829 OK in 47.8s
[07:08:10] iteration 15/20
[07:08:10] film cr_film_id=835 name='Kung Fu Panda (2008) CZ Dabing' candidates=4
[07:08:10]   candidate upload_id=63008c3e78ec1 url=https://prehraj.to/kung-fu-panda-2008-cz-dabing/63008c3e78ec1
[07:08:11]   resolved in 1.1s → 1080p (https://pf-storage3.premiumcdn.net/32344648/aAMc1vUJVupxsErCpkTpKU2YFqkSJ1t07Sq3…)
[07:09:02]   downloaded 1,740.7 MB in 50.2s (34.7 MB/s)
[07:10:12]   upload done video_id=26035050 in 69.5s
[07:10:13] film cr_film_id=835 OK in 123.4s
[07:10:13] iteration 16/20
[07:10:13] film cr_film_id=837 name='Sny o vlacích (2025) CZ Dabing' candidates=4
[07:10:13]   candidate upload_id=820e5b69199e5da5 url=https://prehraj.to/sny-o-vlacich-2025-cz-dabing-1080p-mkv/820e5b69199e5da5
[07:10:14]   resolved in 1.1s → 1080p (https://pf-storage3.premiumcdn.net/155772764/ZkLse9S91cg7UqVukgtvNSBkf7MhQqsm4T4…)
[07:11:08]   downloaded 1,845.2 MB in 52.3s (35.3 MB/s)
[07:12:19]   upload done video_id=26035074 in 71.1s
[07:12:20] film cr_film_id=837 OK in 127.1s
[07:12:20] iteration 17/20
[07:12:20] film cr_film_id=841 name='Battle Royale (2000) CZ Dabing' candidates=10
[07:12:20]   candidate upload_id=60b33627e3d7d url=https://prehraj.to/battle-royale-cz-dabing-2000-phdteam/60b33627e3d7d
[07:12:21]   resolved in 1.0s → 480p (https://pf-storage1.premiumcdn.net/23697276/DQXuKoCeJT5JtwgFeVfp2CnGcE8uxnfKVhGx…)
[07:12:45]   downloaded 743.5 MB in 22.9s (32.5 MB/s)
[07:13:20]   upload done video_id=26035089 in 34.4s
[07:13:21] film cr_film_id=841 OK in 60.6s
[07:13:21] iteration 18/20
[07:13:21] film cr_film_id=843 name='Woman Haters (1981) CZ Dabing' candidates=4
[07:13:21]   candidate upload_id=67bcba9a3f17c url=https://prehraj.to/my-deti-ze-stanice-1981-z-oo-hd-cz-dab/67bcba9a3f17c
[07:13:22]   resolved in 1.0s → 720p (https://pf-storage5.premiumcdn.net/130581998/alOuAlTaAiEPIepu9Bik4TDOSaJuyQIbzcW…)
[07:14:04]   downloaded 1,425.4 MB in 40.5s (35.2 MB/s)
[07:14:56]   upload done video_id=26035099 in 51.9s
[07:14:58] film cr_film_id=843 OK in 96.7s
[07:14:58] iteration 19/20
[07:14:58] film cr_film_id=845 name='Stalingrad (1993) CZ Dabing' candidates=2
[07:14:58]   candidate upload_id=66c3800e1ac9c url=https://prehraj.to/stalingrad-1993-cz-dabing-1080p/66c3800e1ac9c
[07:14:59]   resolved in 1.1s → 720p (https://pf-storage1.premiumcdn.net/91509821/op8uMZiNriBnUyahlqH1GiWyIlJudOtRbSJ7…)
[07:16:04]   downloaded 2,238.3 MB in 63.8s (35.1 MB/s)
[07:17:33]   upload done video_id=26035125 in 89.7s
[07:17:35] film cr_film_id=845 OK in 157.1s
[07:17:35] iteration 20/20
[07:17:35] film cr_film_id=847 name='Zvířata (2022) CZ Dabing' candidates=9
[07:17:35]   candidate upload_id=0c4cd7f405a0250d url=https://prehraj.to/fantasticka-zvirata-brumbalovo-tajemstvi-2022-cz-dabing-mp4/0c4cd7f405a0250d
[07:17:36]   resolved in 1.1s → 720p (https://pf-storage4.premiumcdn.net/166796672/BLai8mIl4SwNfB9FyzT1MImyUDnhdEfd4ig…)
[07:18:08]   downloaded 1,050.8 MB in 30.2s (34.8 MB/s)
[07:19:05]   upload done video_id=26035150 in 57.9s
[07:19:06] film cr_film_id=847 OK in 91.8s
[07:19:06] batch-end ok=20 failed=0 dur=2888.4s avg/film=144.4s remaining=17024 eta_hours=682.9

===== run 2026-06-17T07:20:25Z shard=1/2 batch_size=20 (https://github.com/Olbrasoft/prehrajto-to-prehrajto/actions/runs/27672577659) =====
[07:20:26] description overrides loaded: 262 from /home/runner/work/prehrajto-to-prehrajto/prehrajto-to-prehrajto/state/email-generated-descriptions-v3.jsonl
[07:20:26] batch-start shard=1/2 count=20 backlog=17650 uploads=626 failed_attempts=24 description_overrides=262
[07:20:26] login
[07:20:27] login done
[07:20:27] iteration 1/20
[07:20:27] film cr_film_id=849 name='Better Man (2024) CZ Dabing' candidates=1
[07:20:27]   candidate upload_id=68c2ce24dfd24 url=https://prehraj.to/polepseny-robbie-williams-2024-cz-dab-1080p/68c2ce24dfd24
[07:20:28]   resolved in 1.2s → 1080p (https://pf-storage5.premiumcdn.net/146174322/vK8TmRFlasb8S0lcB4FqoFXYIm0fAeu2acJ…)
[07:22:06]   downloaded 2,904.5 MB in 96.0s (30.3 MB/s)
[07:24:14]   upload done video_id=26035203 in 127.8s
[07:24:15] film cr_film_id=849 OK in 228.0s
[07:24:15] iteration 2/20
[07:24:15] film cr_film_id=853 name='Hříšníci (2025) CZ Dabing' candidates=9
[07:24:15]   candidate upload_id=450c17a80b45105c url=https://prehraj.to/hrisnici-2025-1080p-cz-dabing/450c17a80b45105c
[07:24:16]   resolved in 1.3s → 1080p (https://pf-storage3.premiumcdn.net/167786995/B28TPJIbYFGRCkbF2BT3eIW1FO1ig8UmzHd…)
[07:26:23]   downloaded 3,200.4 MB in 124.6s (25.7 MB/s)
[07:28:53]   upload done video_id=26035264 in 150.5s
[07:28:55] film cr_film_id=853 OK in 279.4s
[07:28:55] iteration 3/20
[07:28:55] film cr_film_id=855 name='Guy Ritchie: Pouto (2023) CZ Dabing' candidates=4
[07:28:55]   candidate upload_id=b343ede2c3d78f42 url=https://prehraj.to/the-covenant-2023-cz-dabing-1080p-mkv/b343ede2c3d78f42
[07:28:55]   resolved in 0.9s → 1080p (https://pf-storage5.premiumcdn.net/156799847/0KJhPmfWnHV7cbZHL2tWPfgaSGztLPSK1FE…)
[07:30:55]   downloaded 3,705.8 MB in 118.5s (31.3 MB/s)
[07:33:43]   upload done video_id=26035321 in 167.9s
[07:33:45] film cr_film_id=855 OK in 290.1s
[07:33:45] iteration 4/20
[07:33:45] film cr_film_id=859 name='Smrtihlav (1998) CZ Dabing' candidates=1
[07:33:45]   candidate upload_id=615c538a79fa328d url=https://prehraj.to/smrtihlav-1998-cz-dab-1080p/615c538a79fa328d
[07:33:46]   resolved in 1.0s → 1080p (https://pf-storage5.premiumcdn.net/165846359/PR8u1Os5McP0F3McNMu2qsrgHpjt0WudwFq…)
[07:35:29]   downloaded 3,225.0 MB in 102.0s (31.6 MB/s)
[07:37:44]   upload done video_id=26035375 in 134.8s
[07:37:45] film cr_film_id=859 OK in 240.6s
[07:37:45] iteration 5/20
[07:37:45] film cr_film_id=865 name='V hlavě 2 (2024) CZ' candidates=3
[07:37:45]   candidate upload_id=66c63e5b10f69 url=https://prehraj.to/v-hlave-2-2024/66c63e5b10f69
[07:37:46]   resolve FAILED: HTTP 502 wrapping permanent upstream error: https://prehraj.to/v-hlave-2-2024/66c63e5b10f69 (permanent=True)
[07:37:46]   candidate upload_id=687bfcd689797 url=https://prehraj.to/v-hlave-2-2024-3/687bfcd689797
[07:37:52]   resolve FAILED: HTTP 502 wrapping permanent upstream error: https://prehraj.to/v-hlave-2-2024-3/687bfcd689797 (permanent=True)
[07:37:52]   candidate upload_id=66c644323aab3 url=https://prehraj.to/v-hlave-2-2024/66c644323aab3
[07:37:58]   resolve FAILED: HTTP 502 wrapping permanent upstream error: https://prehraj.to/v-hlave-2-2024/66c644323aab3 (permanent=True)
[07:37:58] film cr_film_id=865 all candidates exhausted
[07:37:58] iteration 6/20
[07:37:58] film cr_film_id=867 name='Scott Pilgrim proti zbytku světa (2010) CZ Dabing' candidates=1
[07:37:58]   candidate upload_id=5e9941f4e59b0 url=https://prehraj.to/scott-pilgrim-proti-zbytku-sveta-scott-pilgrim-vs-the-world-1080p-x264-ac3-5-1-cz-dab-2010/5e9941f4e59b0
[07:38:04]   resolved in 6.3s → 720p (https://pf-storage5.premiumcdn.net/16252387/V42t0Kf1KcmoIgof7lHlrfBmtxBUdNuoDSKl…)
[07:38:57]   downloaded 1,564.5 MB in 51.8s (30.2 MB/s)
[07:40:12]   upload done video_id=26035410 in 74.9s
[07:40:13] film cr_film_id=867 OK in 135.7s
[07:40:13] iteration 7/20
[07:40:13] film cr_film_id=869 name='Furiosa: Sága Šíleného Maxe (2024) CZ Dabing' candidates=11
[07:40:13]   candidate upload_id=668ade10775b1 url=https://prehraj.to/furiosa-saga-sileneho-maxe-2024-cz-dabing-1080p/668ade10775b1
[07:40:14]   resolved in 1.2s → 1080p (https://pf-storage1.premiumcdn.net/82964414/62kte0IXqTvlUMLUPxI8jIezt9mTw4HBotLk…)
[07:42:50]   downloaded 4,742.5 MB in 154.3s (30.7 MB/s)
[07:46:30]   upload done video_id=26035445 in 220.0s
[07:46:32] film cr_film_id=869 OK in 378.6s
[07:46:32] iteration 8/20
[07:46:32] film cr_film_id=875 name='Wallace & Gromit: Prokletí králíkodlaka (2005) CZ' candidates=13
[07:46:32]   candidate upload_id=559b993f575ac url=https://prehraj.to/wallace-a-gromit-prokleti-kralikodlaka-2005-cz-pimonium-animovany/559b993f575ac
[07:46:34]   resolved in 1.6s → 480p (https://pf-storage2.premiumcdn.net/496327/g7kTO0CyNhEOh9AiOkUM6CbPslmcr6I56h7ohZ…)
[07:46:55]   downloaded 428.3 MB in 20.1s (21.3 MB/s)
[07:47:15]   upload done video_id=26035475 in 19.8s
[07:47:16] film cr_film_id=875 OK in 44.6s
[07:47:16] iteration 9/20
[07:47:16] film cr_film_id=877 name='Gangy New Yorku (2002) CZ Dabing' candidates=2
[07:47:16]   candidate upload_id=55c1d2b0efb27 url=https://prehraj.to/gangy-v-new-yorku-2002-czdab/55c1d2b0efb27
[07:47:17]   resolved in 1.0s → 480p (https://pf-storage2.premiumcdn.net/71967/kM3FXjTnpUXBh79cR8HlLTM5Un9IqQH7wUoluJZ…)
[07:47:52]   downloaded 953.7 MB in 33.1s (28.8 MB/s)
[07:48:47]   upload done video_id=26035481 in 55.1s
[07:48:48] film cr_film_id=877 OK in 91.6s
[07:48:48] iteration 10/20
[07:48:48] film cr_film_id=879 name='Milli Vanilli (2023) CZ Dabing' candidates=1
[07:48:48]   candidate upload_id=66c1c7b25efd2 url=https://prehraj.to/milli-vanilli-2023-cz-dabing-1080p/66c1c7b25efd2
[07:48:49]   resolved in 1.0s → 1080p (https://pf-storage3.premiumcdn.net/91269584/aVJHWNFBQSyXSaZUxvf3kF3YUBYiNQtBJhb8…)
[07:51:28]   downloaded 2,991.7 MB in 156.9s (19.1 MB/s)
[07:53:37]   upload done video_id=26035515 in 129.0s
[07:53:38] film cr_film_id=879 OK in 290.0s
[07:53:38] iteration 11/20
[07:53:38] film cr_film_id=883 name='Mastičkář (2023) CZ Dabing' candidates=3
[07:53:38]   candidate upload_id=6550d2497a296 url=https://prehraj.to/mastickar-2023-cz-dabing-hd-1080p/6550d2497a296
[07:53:39]   resolved in 1.2s → 1080p (https://pf-storage1.premiumcdn.net/51568694/o62tAds9OFByceYt3nHmos7qf21UXxF20H3O…)
[07:57:38]   downloaded 2,557.3 MB in 236.9s (10.8 MB/s)
[07:59:33]   upload done video_id=26035595 in 114.9s
[07:59:34] film cr_film_id=883 OK in 355.8s
[07:59:34] iteration 12/20
[07:59:34] film cr_film_id=889 name='Nimona (2023) CZ Dabing' candidates=2
[07:59:34]   candidate upload_id=6710a6d6a820a url=https://prehraj.to/nimona-2023-cz-dabing-1080p-animovany-film-by-eduard-eddy/6710a6d6a820a
[07:59:35]   resolved in 1.1s → 1080p (https://pf-storage3.premiumcdn.net/102340601/372uNESoxIV4hgKSG6sxpSZDfA6ImbUZjcE…)
[08:00:38]   downloaded 1,864.7 MB in 61.6s (30.3 MB/s)
[08:01:58]   upload done video_id=26035628 in 80.3s
[08:02:00] film cr_film_id=889 OK in 145.9s
[08:02:00] iteration 13/20
[08:02:00] film cr_film_id=891 name='Muž jménem Otto (2022) CZ Dabing' candidates=1
[08:02:00]   candidate upload_id=7fce734ee748baf7 url=https://prehraj.to/muz-jmenem-otto-2022-czdab/7fce734ee748baf7
[08:02:02]   resolve FAILED: HTTP 502 wrapping permanent upstream error: https://prehraj.to/muz-jmenem-otto-2022-czdab/7fce734ee748baf7 (permanent=True)
[08:02:02] film cr_film_id=891 all candidates exhausted
[08:02:02] iteration 14/20
[08:02:02] film cr_film_id=895 name='Propast (1989) CZ Dabing' candidates=11
[08:02:02]   candidate upload_id=5eeb61855db13 url=https://prehraj.to/propast-prodlouzena-verze-cz-dab-the-abyss-1989-se-171min-digitalne-remastrovane-1080p/5eeb61855db13
[08:02:08]   resolved in 6.0s → 720p (https://pf-storage1.premiumcdn.net/16961448/6POtEoHW4fGWCWmtEeiWZHY8tn5Fa9sO7SbX…)
[08:03:52]   downloaded 3,275.8 MB in 102.6s (31.9 MB/s)
[08:06:32]   upload done video_id=26035663 in 160.3s
[08:06:34] film cr_film_id=895 OK in 272.1s
[08:06:34] iteration 15/20
[08:06:34] film cr_film_id=899 name='Bod varu (2021) CZ Dabing' candidates=3
[08:06:34]   candidate upload_id=6723cd09b4517 url=https://prehraj.to/bod-varu-boiling-point-drama-thriller-2021-cz-dab/6723cd09b4517
[08:06:35]   resolved in 1.2s → 1080p (https://pf-storage4.premiumcdn.net/105013961/ZGmt04ckVszAfE0Uv9FZjc4QhlqS5wUkOCr…)
[08:07:33]   downloaded 1,691.2 MB in 55.9s (30.3 MB/s)
[08:08:53]   upload done video_id=26035713 in 80.1s
[08:08:54] film cr_film_id=899 OK in 140.3s
[08:08:54] iteration 16/20
[08:08:54] film cr_film_id=923 name='Malá lež (2019) CZ Dabing' candidates=1
[08:08:54]   candidate upload_id=60a968da89a95 url=https://prehraj.to/mala-lez-cz-dabing-2019/60a968da89a95
[08:08:55]   resolved in 1.1s → 480p (https://pf-storage5.premiumcdn.net/23620302/EEJTmvS29SXEFgdSOaiX7SQmHBOh2pFr0Fgo…)
[08:09:24]   downloaded 593.6 MB in 26.7s (22.2 MB/s)
[08:10:03]   upload done video_id=26035742 in 39.7s
[08:10:05] film cr_film_id=923 OK in 70.6s
[08:10:05] iteration 17/20
[08:10:05] film cr_film_id=931 name='Špatné básně (2018) CZ Dabing' candidates=2
[08:10:05]   candidate upload_id=670dff40f0403 url=https://prehraj.to/na-spatne-strane-mel-gibson-vince-vaughn-tory-kittles-2018-krimi-drama-thriller-bdrip-1080p-cz-dabing/670dff40f0403
[08:10:06]   resolved in 1.1s → 720p (https://pf-storage1.premiumcdn.net/101986007/027TEduZ7TBPtd7HQYtx6uo4Czbi2XTnOiz…)
[08:10:46]   downloaded 949.0 MB in 38.9s (24.4 MB/s)
[08:11:30]   upload done video_id=26035781 in 43.4s
[08:11:31] film cr_film_id=931 OK in 86.0s
[08:11:31] iteration 18/20
[08:11:31] film cr_film_id=933 name='Psí poslání 2 (2019) CZ Dabing' candidates=14
[08:11:31]   candidate upload_id=63026b0f4b4fb url=https://prehraj.to/psi-poslani-2-2019-ab-1080p-cz-dab/63026b0f4b4fb
[08:11:32]   resolved in 1.3s → 720p (https://pf-storage1.premiumcdn.net/32365666/nxDczGI1bh9GSyMTYkizKI3pi6ocbWU8Ytm1…)
[08:12:35]   downloaded 1,784.1 MB in 61.0s (29.2 MB/s)
[08:13:59]   upload done video_id=26035804 in 84.5s
[08:14:00] film cr_film_id=933 OK in 149.8s
[08:14:00] iteration 19/20
[08:14:00] film cr_film_id=939 name='Síla slova (2007) CZ Dabing' candidates=4
[08:14:00]   candidate upload_id=5b3e901c3e784 url=https://prehraj.to/sila-slova-cz-dabing-2007-drama-the-great-debaters-denzel-washington/5b3e901c3e784
[08:14:02]   resolved in 1.1s → 480p (https://pf-storage2.premiumcdn.net/4683290/NpaHLPFxATe3IdPu7mfgjFjxsyPCA2ijAH2qC…)
[08:14:29]   downloaded 602.7 MB in 25.8s (23.4 MB/s)
[08:14:56]   upload done video_id=26035830 in 26.8s
[08:14:57] film cr_film_id=939 OK in 56.7s
[08:14:57] iteration 20/20
[08:14:57] film cr_film_id=941 name='Horší to už nebude (2006) CZ Dabing' candidates=7
[08:14:57]   candidate upload_id=55c3268b8bdd7 url=https://prehraj.to/horsi-uz-to-nebude-2006-czdab/55c3268b8bdd7
[08:14:59]   resolved in 2.3s → 480p (https://pf-storage2.premiumcdn.net/78820/nmNUoyIDZF5Of4biORsGbI4GuRJTAYtwPubyuvR…)
[08:15:20]   downloaded 513.8 MB in 19.1s (26.9 MB/s)
[08:15:43]   upload done video_id=26035842 in 23.1s
[08:15:44] film cr_film_id=941 OK in 47.1s
[08:15:44] batch-end ok=18 failed=2 dur=3317.1s avg/film=184.3s remaining=17006 eta_hours=870.6

===== run 2026-06-17T08:16:11Z shard=1/2 batch_size=20 (https://github.com/Olbrasoft/prehrajto-to-prehrajto/actions/runs/27675396064) =====
[08:16:12] description overrides loaded: 262 from /home/runner/work/prehrajto-to-prehrajto/prehrajto-to-prehrajto/state/email-generated-descriptions-v3.jsonl
[08:16:12] batch-start shard=1/2 count=20 backlog=17650 uploads=644 failed_attempts=28 description_overrides=262
[08:16:12] login
[08:16:14] login done
[08:16:14] iteration 1/20
[08:16:14] film cr_film_id=943 name='Tiché místo (2018) CZ Dabing' candidates=4
[08:16:14]   candidate upload_id=1419f4e14dd65c68 url=https://prehraj.to/tiche-miesto-tiche-misto-2018-cz-dabing/1419f4e14dd65c68
[08:16:15]   resolved in 1.3s → 720p (https://pf-storage5.premiumcdn.net/167770003/R9GtMwTpKSwLcomsKgfAaTAXu0wCw4cNAt1…)
[08:17:12]   downloaded 1,389.2 MB in 54.6s (25.4 MB/s)
[08:18:36]   upload done video_id=26035864 in 83.7s
[08:18:37] film cr_film_id=943 OK in 143.2s
[08:18:37] iteration 2/20
[08:18:37] film cr_film_id=945 name='Master & Commander: Odvrácená strana světa (2003) CZ Dabing' candidates=11
[08:18:37]   candidate upload_id=5eb4551b329fa url=https://prehraj.to/master-commander-odvracena-strana-sveta-valecny-cz-dab-2003-jad/5eb4551b329fa
[08:18:39]   resolved in 1.3s → 480p (https://pf-storage3.premiumcdn.net/16464562/L8af5GIZdf9AC6MhJ6cwaIMduD5fJef8OtrZ…)
[08:19:09]   downloaded 535.7 MB in 28.1s (19.1 MB/s)
[08:19:46]   upload done video_id=26035890 in 37.3s
[08:19:48] film cr_film_id=945 OK in 70.4s
[08:19:48] iteration 3/20
[08:19:48] film cr_film_id=947 name='Odpojit (2012) CZ Dabing' candidates=12
[08:19:48]   candidate upload_id=5c68bb125af05 url=https://prehraj.to/odpojit-2012-hdrip-cz-dabing-m3/5c68bb125af05
[08:19:49]   resolved in 1.0s → 720p (https://pf-storage1.premiumcdn.net/11848840/738IQYH4Bc6yuAQF2aID2HGvIP0T51sE4szR…)
[08:20:42]   downloaded 1,253.3 MB in 50.9s (24.6 MB/s)
[08:21:49]   upload done video_id=26035909 in 67.6s
[08:21:51] film cr_film_id=947 OK in 123.2s
[08:21:51] iteration 4/20
[08:21:51] film cr_film_id=953 name='Hodiny (2002) CZ Dabing' candidates=1
[08:21:51]   candidate upload_id=71fb4aedc5489106 url=https://prehraj.to/hodiny-2002-cz-dab-380p/71fb4aedc5489106
[08:21:52]   resolved in 1.2s → 480p (https://pf-storage5.premiumcdn.net/170133796/za8uNlHPlhG2C7bTr6t5DH1EsOpCBWiQmin…)
[08:22:20]   downloaded 630.8 MB in 26.3s (24.0 MB/s)
[08:22:52]   upload done video_id=26035931 in 32.5s
[08:22:54] film cr_film_id=953 OK in 62.9s
[08:22:54] iteration 5/20
[08:22:54] film cr_film_id=957 name='Zombieland (2009) CZ Dabing' candidates=35
[08:22:54]   candidate upload_id=5d85ed233002c url=https://prehraj.to/zombieland-cz-dabing-2009-1080p/5d85ed233002c
[08:22:55]   resolved in 1.1s → 720p (https://pf-storage5.premiumcdn.net/14898013/ZmehB5frzHN7UQDCDvTnafNeS7LH5whdeSJ0…)
[08:24:05]   downloaded 1,750.4 MB in 68.0s (25.7 MB/s)
[08:25:48]   upload done video_id=26035956 in 103.2s
[08:25:50] film cr_film_id=957 OK in 176.1s
[08:25:50] iteration 6/20
[08:25:50] film cr_film_id=961 name='Já, Tonya (2017) CZ Dabing' candidates=2
[08:25:50]   candidate upload_id=66a8315d19053 url=https://prehraj.to/ja-tonya-2017-czdab/66a8315d19053
[08:25:51]   resolved in 1.2s → 720p (https://pf-storage5.premiumcdn.net/87733496/nnNuJ9T0ZurQCBZHXJiOaTa3UXrcpOI46HJ8…)
[08:26:44]   downloaded 1,276.8 MB in 50.8s (25.1 MB/s)
[08:27:48]   upload done video_id=26035986 in 64.0s
[08:27:49] film cr_film_id=961 OK in 119.7s
[08:27:49] iteration 7/20
[08:27:49] film cr_film_id=963 name='Volný pád (1993) CZ Dabing' candidates=2
[08:27:49]   candidate upload_id=68afbf4574dd3 url=https://prehraj.to/volny-pad-1993-1080p-cz-dab/68afbf4574dd3
[08:27:51]   resolved in 1.3s → 720p (https://pf-storage4.premiumcdn.net/144762819/9Wgiwas06iQvf0WUwrSOAsoZIeVfBYIWNHv…)
[08:29:23]   downloaded 2,224.4 MB in 90.0s (24.7 MB/s)
[08:31:47]   upload done video_id=26036010 in 144.7s
[08:31:49] film cr_film_id=963 OK in 239.6s
[08:31:49] iteration 8/20
[08:31:49] film cr_film_id=965 name='Já, Simon (2018) CZ Dabing' candidates=16
[08:31:49]   candidate upload_id=5b571067388aa url=https://prehraj.to/ja-simon-2018-cz-dabing-1080p-fullhd/5b571067388aa
[08:31:51]   resolved in 1.5s → 1080p (https://pf-storage1.premiumcdn.net/4996166/dZpiVWsbwHr9UBoTRaUqDs6JS1ycnwSaOHBRC…)
[08:33:46]   downloaded 2,392.3 MB in 113.7s (21.0 MB/s)
[08:35:55]   upload done video_id=26036056 in 129.0s
[08:35:57] film cr_film_id=965 OK in 247.4s
[08:35:57] iteration 9/20
[08:35:57] film cr_film_id=969 name='Doktor Smrt (2010) CZ Dabing' candidates=7
[08:35:57]   candidate upload_id=58212e315d226 url=https://prehraj.to/doktor-smrt-cz-dabing-2010/58212e315d226
[08:35:58]   resolved in 1.2s → 480p (https://pf-storage2.premiumcdn.net/812848/w9MUO2fKnTZQTKbfjqIanfzkupwSkGtZMIVzu2…)
[08:36:26]   downloaded 616.3 MB in 26.7s (23.1 MB/s)
[08:36:57]   upload done video_id=26036085 in 31.4s
[08:36:59] film cr_film_id=969 OK in 62.4s
[08:36:59] iteration 10/20
[08:36:59] film cr_film_id=977 name='Baby Driver (2017) CZ Dabing' candidates=25
[08:36:59]   candidate upload_id=5fc3ee3fe555b url=https://prehraj.to/baby-driver-2017-1080p-cz-dab-mkv-cz/5fc3ee3fe555b
[08:37:00]   resolved in 1.1s → 720p (https://pf-storage5.premiumcdn.net/20408694/0RYfLdSZ9fl6sG9FqKhjmSaGinZt8nt6KUbD…)
[08:38:22]   downloaded 2,080.2 MB in 80.7s (25.8 MB/s)
[08:40:03]   upload done video_id=26036113 in 100.7s
[08:40:05] film cr_film_id=977 OK in 185.7s
[08:40:05] iteration 11/20
[08:40:05] film cr_film_id=991 name='Ghost Dog – Cesta samuraje (1999) CZ Dabing' candidates=5
[08:40:05]   candidate upload_id=5828c65db6a9a url=https://prehraj.to/ghost-dog-cesta-samuraje-cz-dabing-1999-by-kamer/5828c65db6a9a
[08:40:06]   resolved in 1.5s → 480p (https://pf-storage4.premiumcdn.net/860906/65mhXMUpwsylup0i5dSvLUpGIXLf0psJ0IKGib…)
[08:40:41]   downloaded 790.5 MB in 32.4s (24.4 MB/s)
[08:41:29]   upload done video_id=26036134 in 48.3s
[08:41:30] film cr_film_id=991 OK in 85.5s
[08:41:30] iteration 12/20
[08:41:30] film cr_film_id=993 name='Hugo a jeho velký objev (2011) CZ Dabing' candidates=2
[08:41:30]   candidate upload_id=661a5c57693ff370 url=https://prehraj.to/hugo-a-jeho-velky-objev-2011-cz-dab-1080p/661a5c57693ff370
[08:41:31]   resolved in 1.2s → 1080p (https://pf-storage3.premiumcdn.net/155671424/3RLiZQhEKHVGcbPu1eUkPhbwUGZT0pc1pcV…)
[08:43:31]   downloaded 3,126.9 MB in 117.9s (26.5 MB/s)
[08:46:22]   upload done video_id=26036168 in 171.8s
[08:46:24] film cr_film_id=993 OK in 294.0s
[08:46:24] iteration 13/20
[08:46:24] film cr_film_id=995 name='Edith Piaf (2007) CZ Dabing' candidates=3
[08:46:24]   candidate upload_id=5e10a289281dd url=https://prehraj.to/edith-piaf-drama-cz-dab-2006-jad/5e10a289281dd
[08:46:25]   resolved in 1.1s → 480p (https://pf-storage5.premiumcdn.net/15592786/bdKFebT0PFrxUPBu0jSAvTvbsWGsDqfo7sND…)
[08:47:03]   downloaded 688.4 MB in 35.9s (19.2 MB/s)
[08:47:38]   upload done video_id=26036199 in 34.7s
[08:47:40] film cr_film_id=995 OK in 75.3s
[08:47:40] iteration 14/20
[08:47:40] film cr_film_id=997 name='Doctor Strange (2016) CZ Dabing' candidates=7
[08:47:40]   candidate upload_id=6887da5f8c475 url=https://prehraj.to/doktor-strange-doctor-strange-2016-fullhd-1080p-h264-cz-dabing-ac3-audio-tw1nky/6887da5f8c475
[08:47:41]   resolved in 1.1s → 720p (https://pf-storage3.premiumcdn.net/142370915/5oNSVAcansbOsJVU4lcm0cJWF9mhL5i2VCb…)
[08:48:58]   downloaded 1,896.7 MB in 75.8s (25.0 MB/s)
[08:50:43]   upload done video_id=26036220 in 104.9s
[08:50:45] film cr_film_id=997 OK in 185.1s
[08:50:45] iteration 15/20
[08:50:45] film cr_film_id=999 name='Kontakt (1997) CZ Dabing' candidates=2
[08:50:45]   candidate upload_id=61435c2b21e69 url=https://prehraj.to/kontakt-1997-1080p-cz-dabing/61435c2b21e69
[08:50:46]   resolved in 1.3s → 720p (https://pf-storage3.premiumcdn.net/24931628/jL1TkpFdNcoRfANca2iDRFywI5NSQKsngSlk…)
[08:52:42]   downloaded 2,759.3 MB in 114.2s (24.2 MB/s)
[08:55:23]   upload done video_id=26036269 in 161.7s
[08:55:25] film cr_film_id=999 OK in 280.6s
[08:55:25] iteration 16/20
[08:55:25] film cr_film_id=1007 name='V zajetí démonů (2013) CZ Dabing' candidates=9
[08:55:25]   candidate upload_id=6766b8686ddc9 url=https://prehraj.to/v-zajeti-demonu-1-2013-cz-dabing/6766b8686ddc9
[08:55:26]   resolved in 1.3s → 720p (https://pf-storage5.premiumcdn.net/126571319/k93HpbI6oigmUl2T2VH7PIGyhBph3ocoqiJ…)
[08:56:37]   downloaded 1,774.3 MB in 68.4s (25.9 MB/s)
[08:58:04]   upload done video_id=26036307 in 87.4s
[08:58:06] film cr_film_id=1007 OK in 160.8s
[08:58:06] iteration 17/20
[08:58:06] film cr_film_id=1009 name='Brooklyn (2015) CZ Dabing' candidates=6
[08:58:06]   candidate upload_id=597d04aeee9d9 url=https://prehraj.to/brooklyn-2015-cz-dabing/597d04aeee9d9
[08:58:07]   resolved in 1.2s → 480p (https://pf-storage5.premiumcdn.net/2495196/KB8t5Xha3iR2cPLidLTbZh1bHawHk2uDOsBvI…)
[08:58:38]   downloaded 554.1 MB in 29.1s (19.0 MB/s)
[08:59:08]   upload done video_id=26036337 in 29.9s
[08:59:10] film cr_film_id=1009 OK in 63.8s
[08:59:10] iteration 18/20
[08:59:10] film cr_film_id=1011 name='Tucker & Dale vs. Zlo (2010) CZ Dabing' candidates=10
[08:59:10]   candidate upload_id=adee293938aae4f1 url=https://prehraj.to/tucker-dale-vs-zlo-2010-cz-dab-1080p/adee293938aae4f1
[08:59:11]   resolved in 0.9s → 720p (https://pf-storage2.premiumcdn.net/168156175/poQSNWHGWhKYidDuyPfy3HBMhXRSDMF6vHN…)
[09:00:14]   downloaded 1,507.9 MB in 61.1s (24.7 MB/s)
[09:01:44]   upload done video_id=26036344 in 90.7s
[09:01:46] film cr_film_id=1011 OK in 156.0s
[09:01:46] iteration 19/20
[09:01:46] film cr_film_id=1013 name='Chaplin (1992) CZ Dabing' candidates=2
[09:01:46]   candidate upload_id=5c848a29c5bd8 url=https://prehraj.to/charlie-chaplin-drama-cz-dab-1992-jad/5c848a29c5bd8
[09:01:47]   resolved in 1.3s → 480p (https://pf-storage5.premiumcdn.net/12346459/JKVcWxfmViE9iJXhmjhpxf7nFjDHRGidgCRl…)
[09:02:28]   downloaded 745.4 MB in 39.0s (19.1 MB/s)
[09:03:08]   upload done video_id=26036361 in 39.8s
[09:03:10] film cr_film_id=1013 OK in 83.9s
[09:03:10] iteration 20/20
[09:03:10] film cr_film_id=1017 name='Kokain (2001) CZ Dabing' candidates=22
[09:03:10]   candidate upload_id=60fb0a343a906 url=https://prehraj.to/kokain-blow-2001-720p-cz-dabing/60fb0a343a906
[09:03:11]   resolved in 1.2s → 480p (https://pf-storage2.premiumcdn.net/24374243/rrvcwDILQcYOf43hWdSnyI6KFv4S8rf6zILY…)
[09:04:18]   downloaded 1,303.6 MB in 65.2s (20.0 MB/s)
[09:05:36]   upload done video_id=26036377 in 78.1s
[09:05:38] film cr_film_id=1017 OK in 148.2s
[09:05:38] batch-end ok=20 failed=0 dur=2963.8s avg/film=148.2s remaining=16986 eta_hours=699.3

===== run 2026-06-17T09:09:29Z shard=1/2 batch_size=20 (https://github.com/Olbrasoft/prehrajto-to-prehrajto/actions/runs/27678256230) =====
[09:09:31] description overrides loaded: 487 from /home/runner/work/prehrajto-to-prehrajto/prehrajto-to-prehrajto/state/email-generated-descriptions-v3.jsonl
[09:09:31] batch-start shard=1/2 count=20 backlog=17650 uploads=664 failed_attempts=28 description_overrides=487
[09:09:31] login
[09:09:34] login done
[09:09:34] iteration 1/20
[09:09:34] film cr_film_id=1019 name='Harry Potter a Tajemná komnata (2002) CZ Dabing' candidates=14
[09:09:34]   candidate upload_id=996b11c8ab9b0d3f url=https://prehraj.to/harry-potter-a-tajemna-komnata-2002-en-cz-dabing-uhdrdv-mkv/996b11c8ab9b0d3f
[09:09:34]   resolve FAILED: HTTP 502 wrapping permanent upstream error: https://prehraj.to/harry-potter-a-tajemna-komnata-2002-en-cz-dabing-uhdrdv-mkv/996b11c8ab9b0d3f (permanent=True)
[09:09:34]   candidate upload_id=671e30fb4c51e url=https://prehraj.to/harry-potter-a-tajemna-komnata-2002-czdab/671e30fb4c51e
[09:09:41]   resolved in 6.6s → 720p (https://pf-storage5.premiumcdn.net/104224493/DlQSLMFr6I5vfaJt5binNFkvs8duY1HrMh1…)
[09:11:37]   downloaded 2,531.1 MB in 113.7s (22.3 MB/s)
[09:14:03]   upload done video_id=26036480 in 145.7s
[09:14:04] film cr_film_id=1019 OK in 270.7s
[09:14:04] iteration 2/20
[09:14:04] film cr_film_id=1021 name='Bídníci (2012) CZ' candidates=2
[09:14:04]   candidate upload_id=653dc8335b3ca url=https://prehraj.to/les-miserables-2012-1080p-bluray-hevc-10bit-x265-r-i-h/653dc8335b3ca
[09:14:06]   resolved in 1.3s → 720p (https://pf-storage3.premiumcdn.net/49926287/On4IkPUa1ubQuwdu9OuB5UA9tX6cmWFQZuRK…)
[09:15:49]   downloaded 2,264.3 MB in 100.9s (22.4 MB/s)
[09:17:51]   upload done video_id=26036548 in 122.7s
[09:17:53] film cr_film_id=1021 OK in 228.9s
[09:17:53] iteration 3/20
[09:17:53] film cr_film_id=1025 name='John Wick (2014) CZ Dabing' candidates=1
[09:17:53]   candidate upload_id=9cc36f97587731a8 url=https://prehraj.to/john-wick-1-keanu-reeves-michael-nyqvist-2014-cz-dab-avi/9cc36f97587731a8
[09:17:55]   resolved in 1.4s → 480p (https://pf-storage3.premiumcdn.net/156257774/6xXSpKIgnU31IyetW7cDoI3ytr5cz5UJkFR…)
[09:18:19]   downloaded 466.2 MB in 22.7s (20.5 MB/s)
[09:18:48]   upload done video_id=26036585 in 28.9s
[09:18:50] film cr_film_id=1025 OK in 56.8s
[09:18:50] iteration 4/20
[09:18:50] film cr_film_id=1027 name='Hokejový zázrak (2004) CZ Dabing' candidates=19
[09:18:50]   candidate upload_id=fb84414c5ae4fbd1 url=https://prehraj.to/hokejovy-zazrak-2004-cz-dabing-1080p-mkv/fb84414c5ae4fbd1
[09:18:52]   resolved in 1.5s → 720p (https://pf-storage3.premiumcdn.net/164691248/XDMFyXIb9tWwcgVIl8TbGIdgHams0mF4vcA…)
[09:21:08]   downloaded 3,076.0 MB in 134.6s (22.9 MB/s)
[09:24:11]   upload done video_id=26036640 in 182.8s
[09:24:12] film cr_film_id=1027 OK in 322.4s
[09:24:12] iteration 5/20
[09:24:12] film cr_film_id=1029 name='28 dní poté (2002) CZ Dabing' candidates=15
[09:24:12]   candidate upload_id=5b52646013ff3 url=https://prehraj.to/28-dni-pote-2002-hdrip-cz-dabing-m3/5b52646013ff3
[09:24:14]   resolved in 1.4s → 480p (https://pf-storage5.premiumcdn.net/4930413/61JFAXuApIBOIyeF09fw1uVguBRfqMH0KsnDh…)
[09:24:53]   downloaded 616.3 MB in 36.9s (16.7 MB/s)
[09:25:30]   upload done video_id=26036699 in 37.3s
[09:25:32] film cr_film_id=1029 OK in 79.6s
[09:25:32] iteration 6/20
[09:25:32] film cr_film_id=1033 name='Nepřítel před branami (2001) CZ Dabing' candidates=10
[09:25:32]   candidate upload_id=68f4ab7805124 url=https://prehraj.to/nepritel-pred-branami-2001-cz-dabing-1080p/68f4ab7805124
[09:25:33]   resolved in 1.3s → 1080p (https://pf-storage3.premiumcdn.net/152405403/wM5h6zTQRF8efZ6IREtb8T8eh6Zf14Fqmil…)
[09:28:35]   downloaded 4,040.1 MB in 180.0s (22.4 MB/s)
[09:32:45]   upload done video_id=26036811 in 249.7s
[09:32:47] film cr_film_id=1033 OK in 434.9s
[09:32:47] iteration 7/20
[09:32:47] film cr_film_id=1035 name='Indiana Jones a Chrám zkázy (1984) CZ Dabing' candidates=1
[09:32:47]   candidate upload_id=6757e4b4dbaee url=https://prehraj.to/chram-zkazy-1984-cz-dabing-1080p/6757e4b4dbaee
[09:32:48]   resolved in 1.3s → 480p (https://pf-storage1.premiumcdn.net/120145253/mpefVysbri8MtwgtLlUJ8sljIamIAvIewIj…)
[09:34:15]   downloaded 1,799.0 MB in 84.7s (21.2 MB/s)
[09:36:02]   upload done video_id=26037001 in 106.9s
[09:36:04] film cr_film_id=1035 OK in 196.8s
[09:36:04] iteration 8/20
[09:36:04] film cr_film_id=1037 name='Spider-Man 2 (2004) CZ Dabing' candidates=42
[09:36:04]   candidate upload_id=e42c1b5ac46c5945 url=https://prehraj.to/spider-man-2-cz-dabing-2004-1080p-100/e42c1b5ac46c5945
[09:36:04]   resolve FAILED: HTTP 502 wrapping permanent upstream error: https://prehraj.to/spider-man-2-cz-dabing-2004-1080p-100/e42c1b5ac46c5945 (permanent=True)
[09:36:04]   candidate upload_id=98fff95436514ec7 url=https://prehraj.to/spider-man-2-cz-dabing-2004-1080p-novinka/98fff95436514ec7
[09:36:10]   resolve FAILED: HTTP 502 wrapping permanent upstream error: https://prehraj.to/spider-man-2-cz-dabing-2004-1080p-novinka/98fff95436514ec7 (permanent=True)
[09:36:10]   candidate upload_id=5b365decd48ff052 url=https://prehraj.to/spiderman-2-2004-cz-dabing-ultra-hd-2160p-4k-mp4/5b365decd48ff052
[09:36:17]   resolved in 6.5s → 720p (https://pf-storage4.premiumcdn.net/166128368/jjbc3dT6dIgPfLVirpH8lTlrHnrIK0HxGuj…)
[09:38:05]   downloaded 2,358.0 MB in 106.1s (22.2 MB/s)
[09:40:15]   upload done video_id=26037059 in 130.5s
[09:40:17] film cr_film_id=1037 OK in 253.2s
[09:40:17] iteration 9/20
[09:40:17] film cr_film_id=1041 name='Ďáblův advokát (1997) CZ Dabing' candidates=9
[09:40:17]   candidate upload_id=58e80839006b2 url=https://prehraj.to/dabluv-advokat-1997-hdrip-cz-dabing-m3/58e80839006b2
[09:40:18]   resolved in 1.4s → 480p (https://pf-storage2.premiumcdn.net/1988056/BZYu68hZRueotKjhdzHp5h8ZcEniGbImDipxC…)
[09:40:53]   downloaded 533.3 MB in 32.2s (16.6 MB/s)
[09:41:25]   upload done video_id=26037073 in 32.0s
[09:41:26] film cr_film_id=1041 OK in 69.5s
[09:41:26] iteration 10/20
[09:41:26] film cr_film_id=1043 name='Smrt čeká všude (2008) CZ Dabing' candidates=16
[09:41:26]   candidate upload_id=63be36f8770ec url=https://prehraj.to/smrt-ceka-vsude-2008-valecny-drama-thriller-1080p-avc-en-cz-dabing/63be36f8770ec
[09:41:28]   resolved in 1.4s → 1080p (https://pf-storage3.premiumcdn.net/36179353/8mDhbZHYltDdc0rtZ0irAHqpFMRswqTpZiE4…)
[09:46:15]   downloaded 5,153.7 MB in 285.3s (18.1 MB/s)
[09:51:25]   upload done video_id=26037124 in 310.0s
[09:51:27] film cr_film_id=1043 OK in 600.8s
[09:51:27] iteration 11/20
[09:51:27] film cr_film_id=1051 name='Sherlock Holmes (2009) CZ Dabing' candidates=1
[09:51:27]   candidate upload_id=55d47e6663835 url=https://prehraj.to/sherlock-holmes-2009-dvdrip-cz-dabing/55d47e6663835
[09:51:28]   resolved in 1.2s → 480p (https://pf-storage4.premiumcdn.net/205561/RkmSArTqKugahEyFLyfxyTWjiyEiQafGBFmeIV…)
[09:52:09]   downloaded 639.7 MB in 38.6s (16.6 MB/s)
[09:52:47]   upload done video_id=26037195 in 38.0s
[09:52:49] film cr_film_id=1051 OK in 81.3s
[09:52:49] iteration 12/20
[09:52:49] film cr_film_id=1053 name='Útěk z Alcatrazu (1979) CZ' candidates=3
[09:52:49]   candidate upload_id=5a9f76cb8b3ed url=https://prehraj.to/utek-z-alcatrazu-1979/5a9f76cb8b3ed
[09:52:50]   resolved in 1.2s → 720p (https://pf-storage5.premiumcdn.net/3557466/J9RHD0uOwCRWU42F3rIJyunlFAyHgOCazfdvI…)
[09:54:01]   downloaded 1,500.1 MB in 69.1s (21.7 MB/s)
[09:55:29]   upload done video_id=26037210 in 88.0s
[09:55:31] film cr_film_id=1053 OK in 162.4s
[09:55:31] iteration 13/20
[09:55:31] film cr_film_id=1055 name='Zlodějka knih (2013) CZ Dabing' candidates=7
[09:55:31]   candidate upload_id=605fba084f5ba url=https://prehraj.to/zlodejka-knih-2013-czdab/605fba084f5ba
[09:55:33]   resolved in 1.7s → 720p (https://pf-storage5.premiumcdn.net/22848315/8nvu6rhaETOWhWeuZDcJAhG8FgZua9I2VFBM…)
[09:57:17]   downloaded 2,286.9 MB in 102.2s (22.4 MB/s)
[09:59:51]   upload done video_id=26037231 in 154.0s
[09:59:53] film cr_film_id=1055 OK in 261.7s
[09:59:53] iteration 14/20
[09:59:53] film cr_film_id=1059 name='Norimberk (2025) CZ Dabing' candidates=27
[09:59:53]   candidate upload_id=8b75817e085199d5 url=https://prehraj.to/norimberg-2025-1080p-cz-dabing/8b75817e085199d5
[09:59:54]   resolved in 1.4s → 720p (https://pf-storage5.premiumcdn.net/167878408/YB1fNVSmVFzptanuA2cwDSr5FYnTpXCj8CK…)
[10:01:19]   downloaded 1,798.5 MB in 82.6s (21.8 MB/s)
[10:04:45]   upload done video_id=26037258 in 205.4s
[10:04:46] film cr_film_id=1059 OK in 293.4s
[10:04:46] iteration 15/20
[10:04:46] film cr_film_id=1061 name='Bugonia (2025) CZ Dabing' candidates=3
[10:04:46]   candidate upload_id=137e4c7c25e0044e url=https://prehraj.to/bugonia-2025-1080p-cz-dabing/137e4c7c25e0044e
[10:04:47]   resolve FAILED: HTTP 502 wrapping permanent upstream error: https://prehraj.to/bugonia-2025-1080p-cz-dabing/137e4c7c25e0044e (permanent=True)
[10:04:47]   candidate upload_id=d9aa626c70f07d0b url=https://prehraj.to/novinka-bugonia-2025-czdabing1080p/d9aa626c70f07d0b
[10:04:53]   resolve FAILED: HTTP 502 wrapping permanent upstream error: https://prehraj.to/novinka-bugonia-2025-czdabing1080p/d9aa626c70f07d0b (permanent=True)
[10:04:53]   candidate upload_id=81bce7b5480b1de5 url=https://prehraj.to/bugonia-2025-cz-dabing-topkvalita/81bce7b5480b1de5
[10:05:00]   resolve FAILED: HTTP 502 wrapping permanent upstream error: https://prehraj.to/bugonia-2025-cz-dabing-topkvalita/81bce7b5480b1de5 (permanent=True)
[10:05:00] film cr_film_id=1061 all candidates exhausted
[10:05:00] iteration 16/20
[10:05:00] film cr_film_id=1065 name='Syn tisíce otců (2025) CZ Dabing' candidates=5
[10:05:00]   candidate upload_id=2b981f7fafb383d9 url=https://prehraj.to/syn-tisice-otcu-2025-cz-dab-1080p/2b981f7fafb383d9
[10:05:06]   resolved in 6.8s → 1080p (https://pf-storage5.premiumcdn.net/157022621/oNRIKWF9Pc3bFwMfdVs1DFA1CqkCVNIk9HO…)
[10:07:07]   downloaded 2,178.5 MB in 118.7s (18.4 MB/s)
[10:09:14]   upload done video_id=26037288 in 126.5s
[10:09:16] film cr_film_id=1065 OK in 255.9s
[10:09:16] iteration 17/20
[10:09:16] film cr_film_id=1067 name='Policajt v Beverly Hills (1984) CZ Dabing' candidates=1
[10:09:16]   candidate upload_id=6317726c42f58 url=https://prehraj.to/policajt-v-beverly-hills-beverly-hills-cop-1984-2x-cz-dab-tit-1080p-bluray/6317726c42f58
[10:09:16]   resolve FAILED: HTTP 502 wrapping permanent upstream error: https://prehraj.to/policajt-v-beverly-hills-beverly-hills-cop-1984-2x-cz-dab-tit-1080p-bluray/6317726c42f58 (permanent=True)
[10:09:16] film cr_film_id=1067 all candidates exhausted
[10:09:16] iteration 18/20
[10:09:16] film cr_film_id=1069 name='Hodina zmizení (2025) CZ Dabing' candidates=14
[10:09:16]   candidate upload_id=68d2ca5917b72 url=https://prehraj.to/hodina-zmizeni-weapons-zbrane-2025-cz-dabing-full-hd-1080p/68d2ca5917b72
[10:09:23]   resolved in 6.5s → 720p (https://pf-storage4.premiumcdn.net/148080336/6P2s7rFadU51H8RS3mfAbFbvIyGCbxf5Aua…)
[10:10:44]   downloaded 1,748.9 MB in 79.0s (22.1 MB/s)
[10:12:49]   upload done video_id=26037307 in 125.0s
[10:12:51] film cr_film_id=1069 OK in 214.2s
[10:12:51] iteration 19/20
[10:12:51] film cr_film_id=1071 name='Superman (1978) CZ Dabing' candidates=18
[10:12:51]   candidate upload_id=5ffa73280084d url=https://prehraj.to/superman-1978-czdab/5ffa73280084d
[10:12:52]   resolved in 1.7s → 720p (https://pf-storage5.premiumcdn.net/21374013/2XpIMzcEdFbgF79TWotjGc2wtgyFAlfMlFjz…)
[10:15:08]   downloaded 2,970.4 MB in 133.4s (22.3 MB/s)
[10:17:56]   upload done video_id=26037335 in 168.5s
[10:17:58] film cr_film_id=1071 OK in 307.3s
[10:17:58] iteration 20/20
[10:17:58] film cr_film_id=1073 name='K-pop: Lovkyně démonů (2025) CZ Dabing' candidates=20
[10:17:58]   candidate upload_id=db23b3ab36c8be9d url=https://prehraj.to/k-pop-lovkyne-demonu-kpop-demon-hunters-cz-dabing-2025-1080p-mkv/db23b3ab36c8be9d
[10:17:59]   resolved in 1.4s → 1080p (https://pf-storage5.premiumcdn.net/161550017/GnETmQI2oIogSzYFQpHXBI34hQdCNMCjzUq…)
[10:19:26]   downloaded 1,870.3 MB in 85.1s (22.0 MB/s)
[10:21:12]   upload done video_id=26037385 in 105.7s
[10:21:14] film cr_film_id=1073 OK in 196.0s
[10:21:14] batch-end ok=18 failed=2 dur=4300.2s avg/film=238.9s remaining=16968 eta_hours=1126.0

===== run 2026-06-17T10:21:58Z shard=1/2 batch_size=20 (https://github.com/Olbrasoft/prehrajto-to-prehrajto/actions/runs/27682173571) =====
[10:21:59] description overrides loaded: 934 from /home/runner/work/prehrajto-to-prehrajto/prehrajto-to-prehrajto/state/email-generated-descriptions-v3.jsonl
[10:21:59] batch-start shard=1/2 count=20 backlog=17650 uploads=682 failed_attempts=35 description_overrides=934
[10:21:59] login
[10:22:00] login done
[10:22:00] iteration 1/20
[10:22:00] film cr_film_id=1077 name='Brestská pevnost (2010) CZ' candidates=1
[10:22:00]   candidate upload_id=60054cb55ff89 url=https://prehraj.to/brestska-pevnost-drama-akcni-valecny-historicky-2010-cz-titulky-vlozit-do-prehr/60054cb55ff89
[10:22:01]   resolved in 1.1s → 480p (https://pf-storage5.premiumcdn.net/21569418/n9buPrSZru1JuOZCzMI9PSKzCBki59IeGtyd…)
[10:22:37]   downloaded 1,003.2 MB in 34.4s (29.2 MB/s)
[10:23:22]   upload done video_id=26037437 in 44.5s
[10:23:23] film cr_film_id=1077 OK in 83.1s
[10:23:23] iteration 2/20
[10:23:23] film cr_film_id=1081 name='Anora (2024) CZ Dabing' candidates=3
[10:23:23]   candidate upload_id=c2827b944448bbed url=https://prehraj.to/anora-2024-cz-dabing/c2827b944448bbed
[10:23:24]   resolve FAILED: HTTP 502 wrapping permanent upstream error: https://prehraj.to/anora-2024-cz-dabing/c2827b944448bbed (permanent=True)
[10:23:24]   candidate upload_id=229b59035002d447 url=https://prehraj.to/anora-2024-cz-dabing/229b59035002d447
[10:23:30]   resolve FAILED: HTTP 502 wrapping permanent upstream error: https://prehraj.to/anora-2024-cz-dabing/229b59035002d447 (permanent=True)
[10:23:30]   candidate upload_id=84801e99a762f69c url=https://prehraj.to/anora-2024-hd-cz-mp4/84801e99a762f69c
[10:23:35]   resolve FAILED: HTTP 502 wrapping permanent upstream error: https://prehraj.to/anora-2024-hd-cz-mp4/84801e99a762f69c (permanent=True)
[10:23:35] film cr_film_id=1081 all candidates exhausted
[10:23:35] iteration 3/20
[10:23:35] film cr_film_id=1085 name='Zázračná mysl (2024) CZ Dabing' candidates=1
[10:23:35]   candidate upload_id=6740d60b36a50 url=https://prehraj.to/zazracna-mysl-2024-cz-dabing-1080p/6740d60b36a50
[10:23:43]   resolved in 7.7s → 1080p (https://pf-storage5.premiumcdn.net/110327201/QX3FZJIR3SwzcWgFRec79IG3tpQHKqhzouq…)
[10:24:58]   downloaded 2,201.4 MB in 72.8s (30.2 MB/s)
[10:26:42]   upload done video_id=26037480 in 104.2s
[10:26:43] film cr_film_id=1085 OK in 187.9s
[10:26:43] iteration 4/20
[10:26:43] film cr_film_id=1093 name='Andělé mezi námi (2024) CZ Dabing' candidates=9
[10:26:43]   candidate upload_id=00f9c4ce9679a78c url=https://prehraj.to/andele-mezi-nami-2024-cz-dab-1080p/00f9c4ce9679a78c
[10:26:44]   resolve FAILED: HTTP 502 wrapping permanent upstream error: https://prehraj.to/andele-mezi-nami-2024-cz-dab-1080p/00f9c4ce9679a78c (permanent=True)
[10:26:44]   candidate upload_id=fce77845069cfc3c url=https://prehraj.to/andele-mezi-nami-2024-cz-dab-1080p/fce77845069cfc3c
[10:26:49]   resolve FAILED: HTTP 502 wrapping permanent upstream error: https://prehraj.to/andele-mezi-nami-2024-cz-dab-1080p/fce77845069cfc3c (permanent=True)
[10:26:49]   candidate upload_id=2bcd998a44c3e41e url=https://prehraj.to/andele-mezi-nami-2024-cz-dabing-1080p-topkvalita-mkv/2bcd998a44c3e41e
[10:26:56]   resolved in 6.2s → 1080p (https://pf-storage4.premiumcdn.net/164764340/opxs6Bi7QIDNSxvI7DSpXinLIJ6uw5tgQhQ…)
[10:28:19]   downloaded 1,991.5 MB in 81.9s (24.3 MB/s)
[10:29:42]   upload done video_id=26037517 in 83.1s
[10:29:43] film cr_film_id=1093 OK in 180.2s
[10:29:43] iteration 5/20
[10:29:43] film cr_film_id=1103 name='Black Clover: Meč Krále čarodějů (2023) CZ Dabing' candidates=1
[10:29:43]   candidate upload_id=65d3856b17f36 url=https://prehraj.to/black-clover-mec-krale-carodeju-2023-cz-dab/65d3856b17f36
[10:29:44]   resolved in 0.8s → 480p (https://pf-storage3.premiumcdn.net/73679603/nPvFXYHG9hbYS1eIEytrJHEmfdLf6PFBxFN7…)
[10:30:16]   downloaded 733.9 MB in 30.7s (23.9 MB/s)
[10:30:58]   upload done video_id=26037546 in 41.4s
[10:30:59] film cr_film_id=1103 OK in 75.8s
[10:30:59] iteration 6/20
[10:30:59] film cr_film_id=1107 name='Hobit: Bitva pěti armád (2014) CZ Dabing' candidates=11
[10:30:59]   candidate upload_id=63103740977a6 url=https://prehraj.to/hobit-3-the-hobbit-the-battle-of-the-five-armies-2014-extended-1080p-cz-dabing/63103740977a6
[10:31:00]   resolved in 1.0s → 1080p (https://pf-storage3.premiumcdn.net/32536825/Y8nfOkTw9i1OfkZil5sJnTxgFZnFDJULwu2B…)
[10:34:13]   downloaded 4,733.7 MB in 191.3s (24.7 MB/s)
[10:37:48]   upload done video_id=26037604 in 215.0s
[10:37:50] film cr_film_id=1107 OK in 410.4s
[10:37:50] iteration 7/20
[10:37:50] film cr_film_id=1111 name='Plavkyně (2022) CZ Dabing' candidates=3
[10:37:50]   candidate upload_id=637fe50dc3142 url=https://prehraj.to/plavkyne-2022-czdabing/637fe50dc3142
[10:37:51]   resolved in 1.2s → 720p (https://pf-storage3.premiumcdn.net/34824586/K26tA0fEWu17tM3H21tBqfgWUaqhExIdRSgj…)
[10:38:55]   downloaded 1,953.0 MB in 62.9s (31.0 MB/s)
[10:40:19]   upload done video_id=26037643 in 83.3s
[10:40:20] film cr_film_id=1111 OK in 150.8s
[10:40:20] iteration 8/20
[10:40:20] film cr_film_id=1113 name='Holka z 20. století (2022) CZ Dabing' candidates=7
[10:40:20]   candidate upload_id=639b49f30599f url=https://prehraj.to/holka-z-20-stoleti-20th-century-girl-2022-1080p-cz-dabing/639b49f30599f
[10:40:23]   resolved in 2.6s → 1080p (https://pf-storage4.premiumcdn.net/35562043/634u65sVMiJAFxlfXAiL0s3qib3UkAibySmP…)
[10:41:36]   downloaded 2,234.5 MB in 71.9s (31.1 MB/s)
[10:43:07]   upload done video_id=26037666 in 90.7s
[10:43:08] film cr_film_id=1113 OK in 167.9s
[10:43:08] iteration 9/20
[10:43:08] film cr_film_id=1117 name='Entergalactic (2022) CZ Dabing' candidates=2
[10:43:08]   candidate upload_id=6748fe764866e url=https://prehraj.to/entergalactic-2022-cz-dab-1080p/6748fe764866e
[10:43:09]   resolved in 1.1s → 1080p (https://pf-storage1.premiumcdn.net/113555993/M6BfXyhLPfgyIQOClBcbQhALSk9H8wSwDH2…)
[10:44:40]   downloaded 2,641.1 MB in 88.7s (29.8 MB/s)
[10:46:29]   upload done video_id=26037692 in 109.4s
[10:46:30] film cr_film_id=1117 OK in 202.2s
[10:46:30] iteration 10/20
[10:46:30] film cr_film_id=1121 name='Palm Springs (2020) CZ Dabing' candidates=4
[10:46:30]   candidate upload_id=617727962685b url=https://prehraj.to/palm-springs-2020-czdab/617727962685b
[10:46:31]   resolved in 1.0s → 720p (https://pf-storage3.premiumcdn.net/25864426/MeGiZwTA1S79IW9izqhpWTl1Ir2HbzHzgIa7…)
[10:47:24]   downloaded 1,552.4 MB in 51.1s (30.4 MB/s)
[10:48:29]   upload done video_id=26037721 in 64.5s
[10:48:30] film cr_film_id=1121 OK in 120.0s
[10:48:30] iteration 11/20
[10:48:30] film cr_film_id=1131 name='Veřejný nepřítel č. 1: Epilog (2008) CZ' candidates=1
[10:48:30]   candidate upload_id=5a9c2887d63d5 url=https://prehraj.to/verejny-nepritel-c-1-epilog-2008/5a9c2887d63d5
[10:48:31]   resolved in 1.1s → 480p (https://pf-storage5.premiumcdn.net/3534311/OpytZ6sjniOWs14UYRT6Ws3Ef7qtWvf5xTB7U…)
[10:49:23]   downloaded 1,126.9 MB in 50.0s (22.5 MB/s)
[10:50:15]   upload done video_id=26037729 in 52.3s
[10:50:17] film cr_film_id=1131 OK in 106.4s
[10:50:17] iteration 12/20
[10:50:17] film cr_film_id=1133 name='Na prahu války (2019) CZ Dabing' candidates=8
[10:50:17]   candidate upload_id=5ffe05b2651ae url=https://prehraj.to/a-hidden-life-2019-1080p-cz-dabing/5ffe05b2651ae
[10:50:18]   resolved in 1.4s → 720p (https://pf-storage3.premiumcdn.net/21439155/zlAcpXsGotdNfz6UOPSv3s9OhEdUYKSQDcLd…)
[10:52:44]   downloaded 3,651.0 MB in 144.7s (25.2 MB/s)
[10:55:11]   upload done video_id=26037756 in 147.0s
[10:55:13] film cr_film_id=1133 OK in 296.1s
[10:55:13] iteration 13/20
[10:55:13] film cr_film_id=1135 name='Sully: Zázrak na řece Hudson (2016) CZ Dabing' candidates=5
[10:55:13]   candidate upload_id=7a456392e06fd585 url=https://prehraj.to/sully-zazrak-na-rece-hudson-2016-cz-dab-1080p/7a456392e06fd585
[10:55:13]   resolve FAILED: HTTP 502 wrapping permanent upstream error: https://prehraj.to/sully-zazrak-na-rece-hudson-2016-cz-dab-1080p/7a456392e06fd585 (permanent=True)
[10:55:13]   candidate upload_id=5c43d8e885999 url=https://prehraj.to/zazrak-na-rece-hudson-2016-cz-dabing/5c43d8e885999
[10:55:19]   resolved in 6.1s → 480p (https://pf-storage5.premiumcdn.net/11112235/QK9t69HarIKgiq7I6ZfkmHeVh02hN6CmvsRP…)
[10:55:43]   downloaded 479.2 MB in 21.7s (22.1 MB/s)
[10:56:05]   upload done video_id=26037775 in 22.0s
[10:56:06] film cr_film_id=1135 OK in 53.0s
[10:56:06] iteration 14/20
[10:56:06] film cr_film_id=1137 name='Výjimeční (2019) CZ Dabing' candidates=7
[10:56:06]   candidate upload_id=6020952c6f13d url=https://prehraj.to/vyjimecni-2019-1080p-cz-dab/6020952c6f13d
[10:56:07]   resolved in 1.0s → 720p (https://pf-storage3.premiumcdn.net/22057404/8OPsGBi97CmqU1wFbLIndiJDi2WHaLtzDIwm…)
[10:57:06]   downloaded 1,426.4 MB in 57.9s (24.6 MB/s)
[10:58:10]   upload done video_id=26037789 in 63.8s
[10:58:11] film cr_film_id=1137 OK in 125.2s
[10:58:11] iteration 15/20
[10:58:11] film cr_film_id=1139 name='Panství Downton (2019) CZ Dabing' candidates=18
[10:58:11]   candidate upload_id=5e213cabd4949 url=https://prehraj.to/panstvi-downton-2019-1080p-bluray-cz-dabing/5e213cabd4949
[10:58:12]   resolved in 1.4s → 720p (https://pf-storage5.premiumcdn.net/15676255/drPTxRspPINmfkpIqZfRnsK8fGyhjvCWKtxd…)
[10:59:10]   downloaded 1,731.2 MB in 56.0s (30.9 MB/s)
[11:00:40]   upload done video_id=26037814 in 89.4s
[11:00:41] film cr_film_id=1139 OK in 149.6s
[11:00:41] iteration 16/20
[11:00:41] film cr_film_id=1141 name='Maják (2019) CZ Dabing' candidates=3
[11:00:41]   candidate upload_id=c46ecea092d1ef84 url=https://prehraj.to/majak-2019-cz-dab-1080p/c46ecea092d1ef84
[11:00:42]   resolved in 1.3s → 1080p (https://pf-storage4.premiumcdn.net/168165103/8DXuJQTKwHeVImEsALSydTj1idoIbAUQpH9…)
[11:01:35]   downloaded 1,553.1 MB in 52.1s (29.8 MB/s)
[11:02:40]   upload done video_id=26037856 in 64.2s
[11:02:41] film cr_film_id=1141 OK in 120.4s
[11:02:41] iteration 17/20
[11:02:41] film cr_film_id=1143 name='John Wick 3 (2019) CZ Dabing' candidates=8
[11:02:41]   candidate upload_id=fb4e599260bcbccf url=https://prehraj.to/john-wick-3-2019-cz-dab-1080p/fb4e599260bcbccf
[11:02:42]   resolved in 1.1s → 720p (https://pf-storage1.premiumcdn.net/167205407/p65SZ8FmJcAzFo4slvHNLFzaUgXsGlIa0t7…)
[11:04:08]   downloaded 2,581.6 MB in 84.1s (30.7 MB/s)
[11:05:57]   upload done video_id=26037887 in 109.4s
[11:05:59] film cr_film_id=1143 OK in 197.7s
[11:05:59] iteration 18/20
[11:05:59] film cr_film_id=1151 name='Dějiny násilí (2005) CZ Dabing' candidates=7
[11:05:59]   candidate upload_id=5f15fe9c855ad url=https://prehraj.to/dejiny-nasili-2005-czdabing/5f15fe9c855ad
[11:06:00]   resolved in 1.1s → 720p (https://pf-storage3.premiumcdn.net/17394408/kKYFxru3ecRyTKxuN1FnluA1sz8hQqI7xiAN…)
[11:06:39]   downloaded 1,109.1 MB in 37.7s (29.4 MB/s)
[11:07:27]   upload done video_id=26037915 in 47.7s
[11:07:28] film cr_film_id=1151 OK in 89.4s
[11:07:28] iteration 19/20
[11:07:28] film cr_film_id=1157 name='Volání netvora: Příběh života (2016) CZ Dabing' candidates=2
[11:07:28]   candidate upload_id=612a483f08562 url=https://prehraj.to/volani-netvora-pribeh-zivota-a-monster-calls-2016-1080p-bluray-dts-x264-cz-dabing/612a483f08562
[11:07:29]   resolved in 1.1s → 720p (https://pf-storage1.premiumcdn.net/24746336/NP6FYQIoXiNzcL4CNgFQeI6vTZ5To5hYOTm3…)
[11:08:33]   downloaded 1,745.3 MB in 62.7s (27.8 MB/s)
[11:09:53]   upload done video_id=26037931 in 79.7s
[11:09:54] film cr_film_id=1157 OK in 146.0s
[11:09:54] iteration 20/20
[11:09:54] film cr_film_id=1163 name='Vřískot (1996) CZ Dabing' candidates=8
[11:09:54]   candidate upload_id=fcd757ad87301b5c url=https://prehraj.to/vriskot-1-1996-uhdrdv-cz-dabing/fcd757ad87301b5c
[11:09:55]   resolved in 1.1s → 1080p (https://pf-storage3.premiumcdn.net/166494749/BoxcjLTe4uGkC6Lh7dH2BTrYsp5FJdfwZCr…)
[11:11:25]   downloaded 2,684.0 MB in 88.5s (30.3 MB/s)
[11:13:32]   upload done video_id=26037973 in 127.1s
[11:13:33] film cr_film_id=1163 OK in 219.2s
[11:13:33] batch-end ok=19 failed=1 dur=3093.1s avg/film=162.8s remaining=16949 eta_hours=766.5

===== run 2026-06-17T11:14:09Z shard=1/2 batch_size=20 (https://github.com/Olbrasoft/prehrajto-to-prehrajto/actions/runs/27684882550) =====
[11:14:11] description overrides loaded: 1050 from /home/runner/work/prehrajto-to-prehrajto/prehrajto-to-prehrajto/state/email-generated-descriptions-v3.jsonl
[11:14:11] batch-start shard=1/2 count=20 backlog=17650 uploads=701 failed_attempts=41 description_overrides=1050
[11:14:11] login
[11:14:12] login done
[11:14:12] iteration 1/20
[11:14:12] film cr_film_id=1169 name='Nejtemnější hodina (2017) CZ Dabing' candidates=14
[11:14:12]   candidate upload_id=5e14d9092bc42 url=https://prehraj.to/nejtemnejsi-hodina-cz-dabing-2017/5e14d9092bc42
[11:14:14]   resolved in 1.2s → 720p (https://pf-storage5.premiumcdn.net/15615679/odVfpWul9Fpjs9lTO0hgnulYt5dSqPtokHmA…)
[11:14:58]   downloaded 1,117.4 MB in 42.4s (26.4 MB/s)
[11:15:48]   upload done video_id=26038009 in 50.4s
[11:15:50] film cr_film_id=1169 OK in 97.3s
[11:15:50] iteration 2/20
[11:15:50] film cr_film_id=1171 name='Ready Player One: Hra začíná (2018) CZ Dabing' candidates=8
[11:15:50]   candidate upload_id=5be85428a064e url=https://prehraj.to/ready-player-one-hra-zacina-2018-bluray-cz-dabing/5be85428a064e
[11:15:51]   resolved in 1.2s → 480p (https://pf-storage1.premiumcdn.net/8115533/mzEuJQHNbHJeiNysyRcZ7HgeUAOidxSN4iaZc…)
[11:17:02]   downloaded 1,889.3 MB in 69.5s (27.2 MB/s)
[11:18:28]   upload done video_id=26038023 in 86.2s
[11:18:30] film cr_film_id=1171 OK in 160.2s
[11:18:30] iteration 3/20
[11:18:30] film cr_film_id=1185 name='Spider-Man: Homecoming (2017) CZ Dabing' candidates=15
[11:18:30]   candidate upload_id=6424863b05078 url=https://prehraj.to/spiderman-homecoming-2017-cz-dabing-1080p/6424863b05078
[11:18:31]   resolved in 1.1s → 720p (https://pf-storage3.premiumcdn.net/38822725/wg8s8oinJt2AUbYuMeHeYi1rs7BfeoS5pse9…)
[11:19:54]   downloaded 2,294.0 MB in 80.9s (28.4 MB/s)
[11:21:56]   upload done video_id=26038046 in 122.3s
[11:21:57] film cr_film_id=1185 OK in 207.5s
[11:21:57] iteration 4/20
[11:21:57] film cr_film_id=1197 name='Mistrův syn (1978) CZ Dabing' candidates=1
[11:21:57]   candidate upload_id=680464c81b384 url=https://prehraj.to/mistruv-syn-1978-cz-dab/680464c81b384
[11:21:59]   resolved in 1.3s → 720p (https://pf-storage3.premiumcdn.net/135665825/Yryt4oTByfmNfkWcdaiN3Ty7IXpFd0UJPiN…)
[11:22:54]   downloaded 1,353.7 MB in 53.6s (25.3 MB/s)
[11:24:09]   upload done video_id=26038076 in 75.3s
[11:24:11] film cr_film_id=1197 OK in 133.1s
[11:24:11] iteration 5/20
[11:24:11] film cr_film_id=1201 name='Strach a hnus v Las Vegas (1998) CZ Dabing' candidates=12
[11:24:11]   candidate upload_id=67e58172b68d4 url=https://prehraj.to/strach-a-hnus-v-las-vegas-johnny-depp-benicio-del-toro-ellen-barkin-1998-komedie-road-movie-bdrip-1080p-cz-dabing/67e58172b68d4
[11:24:12]   resolved in 1.1s → 720p (https://pf-storage3.premiumcdn.net/133455296/N43hMXIYaHKmUZ1SzVcBKIpRimjf73INEix…)
[11:25:24]   downloaded 2,013.5 MB in 70.7s (28.5 MB/s)
[11:26:59]   upload done video_id=26038100 in 94.6s
[11:27:00] film cr_film_id=1201 OK in 169.7s
[11:27:00] iteration 6/20
[11:27:00] film cr_film_id=1209 name='Mission: Impossible - Ghost Protocol (2011) CZ Dabing' candidates=2
[11:27:00]   candidate upload_id=570655132986aee7 url=https://prehraj.to/mission-impossible-ghost-protocol-2011-cz-dab-720p/570655132986aee7
[11:27:01]   resolve FAILED: HTTP 502 wrapping permanent upstream error: https://prehraj.to/mission-impossible-ghost-protocol-2011-cz-dab-720p/570655132986aee7 (permanent=True)
[11:27:01]   candidate upload_id=3beef4c6a917c693 url=https://prehraj.to/mission-impossible-ghost-protocol-2011-cz-dab/3beef4c6a917c693
[11:27:07]   resolve FAILED: HTTP 502 wrapping permanent upstream error: https://prehraj.to/mission-impossible-ghost-protocol-2011-cz-dab/3beef4c6a917c693 (permanent=True)
[11:27:07] film cr_film_id=1209 all candidates exhausted
[11:27:07] iteration 7/20
[11:27:07] film cr_film_id=1213 name='Lilo & Stitch (2002) CZ Dabing' candidates=1
[11:27:07]   candidate upload_id=543bed091cec8140 url=https://prehraj.to/lilo-a-stich-2025-cz-dab-68c433bc5b6d0/543bed091cec8140
[11:27:13]   resolve FAILED: HTTP 502 wrapping permanent upstream error: https://prehraj.to/lilo-a-stich-2025-cz-dab-68c433bc5b6d0/543bed091cec8140 (permanent=True)
[11:27:13] film cr_film_id=1213 all candidates exhausted
[11:27:13] iteration 8/20
[11:27:13] film cr_film_id=1221 name='Správní chlapi (2016) CZ Dabing' candidates=2
[11:27:13]   candidate upload_id=9a036846f8ae7cd5 url=https://prehraj.to/spravni-chlapi-2016-cz-dab-2160p/9a036846f8ae7cd5
[11:27:18]   resolve FAILED: HTTP 502 wrapping permanent upstream error: https://prehraj.to/spravni-chlapi-2016-cz-dab-2160p/9a036846f8ae7cd5 (permanent=True)
[11:27:18]   candidate upload_id=491b2bded6e53f97 url=https://prehraj.to/novinka-spravni-chlapi-2016-mysteriozni-komedie-cz-dabing/491b2bded6e53f97
[11:27:24]   resolve FAILED: HTTP 502 wrapping permanent upstream error: https://prehraj.to/novinka-spravni-chlapi-2016-mysteriozni-komedie-cz-dabing/491b2bded6e53f97 (permanent=True)
[11:27:24] film cr_film_id=1221 all candidates exhausted
[11:27:24] bail-out: 3 consecutive films exhausted (proxy likely down) — stopping batch early
[11:27:24] batch-end ok=5 failed=3 dur=791.3s avg/film=158.3s remaining=16944 eta_hours=745.1

===== run 2026-06-17T11:56:32Z shard=1/2 batch_size=20 (https://github.com/Olbrasoft/prehrajto-to-prehrajto/actions/runs/27687141157) =====
[11:56:34] description overrides loaded: 1050 from /home/runner/work/prehrajto-to-prehrajto/prehrajto-to-prehrajto/state/email-generated-descriptions-v3.jsonl
[11:56:34] batch-start shard=1/2 count=20 backlog=17650 uploads=706 failed_attempts=46 description_overrides=1050
[11:56:34] login
[11:56:36] login done
[11:56:36] iteration 1/20
[11:56:36] film cr_film_id=1225 name='Suburra (2015) CZ Dabing' candidates=15
[11:56:36]   candidate upload_id=592c5dce3d149 url=https://prehraj.to/suburra-2015-cz-dabing/592c5dce3d149
[11:56:37]   resolved in 1.3s → 480p (https://pf-storage3.premiumcdn.net/2277101/zdVty7hJzumpsnzfMmcxQhP5CAKCWGsnqsxeH…)
[11:57:33]   downloaded 992.5 MB in 54.2s (18.3 MB/s)
[11:58:27]   upload done video_id=26038418 in 54.3s
[11:58:29] film cr_film_id=1225 OK in 113.4s
[11:58:29] iteration 2/20
[11:58:29] film cr_film_id=1229 name='X-Men 2 (2003) CZ Dabing' candidates=10
[11:58:29]   candidate upload_id=674e131c9a794 url=https://prehraj.to/x-men-2-2003-cz-dab/674e131c9a794
[11:58:31]   resolved in 1.9s → 720p (https://pf-storage5.premiumcdn.net/115698080/0mLcPAfzKIDbHN2HpntBqfNJuj0FlXc2qFJ…)
[12:00:10]   downloaded 2,191.2 MB in 96.7s (22.7 MB/s)
[12:02:09]   upload done video_id=26038436 in 119.2s
[12:02:11] film cr_film_id=1229 OK in 222.1s
[12:02:11] iteration 3/20
[12:02:11] film cr_film_id=1231 name='Paradox času (2014) CZ Dabing' candidates=15
[12:02:11]   candidate upload_id=5787f1f29dd64 url=https://prehraj.to/predestination-2014-1080p-cz-dabing/5787f1f29dd64
[12:02:12]   resolved in 1.2s → 720p (https://pf-storage5.premiumcdn.net/271250/NpAUOZcM6sQqfAlTMyu8pcZMIqgT03iYOTwKTe…)
[12:03:16]   downloaded 1,373.3 MB in 61.3s (22.4 MB/s)
[12:04:30]   upload done video_id=26038477 in 74.0s
[12:04:32] film cr_film_id=1231 OK in 140.4s
[12:04:32] iteration 4/20
[12:04:32] film cr_film_id=1249 name='Soudce (2014) CZ Dabing' candidates=10
[12:04:32]   candidate upload_id=cedb08ae922171a0 url=https://prehraj.to/soudce-2014-cz-dab-1080p/cedb08ae922171a0
[12:04:33]   resolved in 1.3s → 1080p (https://pf-storage1.premiumcdn.net/168066367/Jg5iEyUNPU5acYEUQBIvyUZxtAVTLRF0NC5…)
[12:06:29]   downloaded 2,665.1 MB in 113.8s (23.4 MB/s)
[12:08:55]   upload done video_id=26038501 in 146.5s
[12:08:57] film cr_film_id=1249 OK in 265.7s
[12:08:57] iteration 5/20
[12:08:57] film cr_film_id=1253 name='Sherlock Holmes: Hra stínů (2011) CZ Dabing' candidates=3
[12:08:57]   candidate upload_id=f480c8c84f788eee url=https://prehraj.to/sherlock-holmes-hra-stinu-2011-cz-dab-1080p/f480c8c84f788eee
[12:08:58]   resolve FAILED: HTTP 502 wrapping permanent upstream error: https://prehraj.to/sherlock-holmes-hra-stinu-2011-cz-dab-1080p/f480c8c84f788eee (permanent=True)
[12:08:58]   candidate upload_id=69078b2c9c00f url=https://prehraj.to/sherlock-holmes-hra-stinu-2011-uhdrdv-cz-en/69078b2c9c00f
[12:09:04]   resolve FAILED: HTTP 502 wrapping permanent upstream error: https://prehraj.to/sherlock-holmes-hra-stinu-2011-uhdrdv-cz-en/69078b2c9c00f (permanent=True)
[12:09:04]   candidate upload_id=690799b3d835d url=https://prehraj.to/sherlock-holmes-2-hra-stinu-2011/690799b3d835d
[12:09:10]   resolved in 6.2s → 480p (https://pf-storage1.premiumcdn.net/154990860/RvaT7aUlmhRZiJwFvGF1GUB2Fl4CX9fDoF9…)
[12:09:39]   downloaded 565.5 MB in 27.3s (20.7 MB/s)
[12:10:22]   upload done video_id=26038528 in 43.0s
[12:10:24] film cr_film_id=1253 OK in 86.9s
[12:10:24] iteration 6/20
[12:10:24] film cr_film_id=1255 name='Piráti z Karibiku: Truhla mrtvého muže (2006) CZ Dabing' candidates=39
[12:10:24]   candidate upload_id=60016e35cdaf2 url=https://prehraj.to/pirati-z-karibiku-truhla-mrtveho-muze-2006-cz-dabing/60016e35cdaf2
[12:10:25]   resolved in 1.3s → 480p (https://pf-storage5.premiumcdn.net/21503676/n8zIpgFwZTjYSMySNjIVOF3jIlrCW2COLcyO…)
[12:11:23]   downloaded 1,006.2 MB in 55.6s (18.1 MB/s)
[12:12:24]   upload done video_id=26038538 in 61.0s
[12:12:26] film cr_film_id=1255 OK in 121.6s
[12:12:26] iteration 7/20
[12:12:26] film cr_film_id=1261 name='Všemocný (2011) CZ Dabing' candidates=13
[12:12:26]   candidate upload_id=55c666df2a7fd url=https://prehraj.to/vsemocny-limitless-cz-dabing-2011/55c666df2a7fd
[12:12:27]   resolved in 1.0s → 480p (https://pf-storage2.premiumcdn.net/105560/pGpsJvIDOSg8TybiqYf8VINKineCe9UrNcnyhE…)
[12:12:58]   downloaded 521.6 MB in 29.4s (17.7 MB/s)
[12:13:29]   upload done video_id=26038656 in 30.9s
[12:13:30] film cr_film_id=1261 OK in 64.7s
[12:13:30] iteration 8/20
[12:13:30] film cr_film_id=1263 name='Nezapomenutelné prázdniny (2013) CZ Dabing' candidates=1
[12:13:30]   candidate upload_id=a2a033a8260ff1b6 url=https://prehraj.to/nezapomenutelne-prazdniny-2013-cz-dab-720p/a2a033a8260ff1b6
[12:13:32]   resolved in 1.2s → 480p (https://pf-storage5.premiumcdn.net/168252211/QgJtKxIwkiJ1TdxUnmSDgI7dSe2cb3HNkCo…)
[12:14:21]   downloaded 1,055.2 MB in 47.7s (22.1 MB/s)
[12:15:26]   upload done video_id=26038744 in 64.1s
[12:15:27] film cr_film_id=1263 OK in 116.9s
[12:15:27] iteration 9/20
[12:15:27] film cr_film_id=1265 name='Avatar: Oheň a popel (2025) CZ Dabing' candidates=13
[12:15:27]   candidate upload_id=5ec9e710dc92ea4d url=https://prehraj.to/avatar-ohen-a-popel-2025-1080p-cz-dabing-mkv/5ec9e710dc92ea4d
[12:15:28]   resolve FAILED: HTTP 502 wrapping permanent upstream error: https://prehraj.to/avatar-ohen-a-popel-2025-1080p-cz-dabing-mkv/5ec9e710dc92ea4d (permanent=True)
[12:15:28]   candidate upload_id=853eb497790954cf url=https://prehraj.to/avatar-ohen-a-popel-2025-cz-dab-kvalita-100/853eb497790954cf
[12:15:34]   resolve FAILED: HTTP 502 wrapping permanent upstream error: https://prehraj.to/avatar-ohen-a-popel-2025-cz-dab-kvalita-100/853eb497790954cf (permanent=True)
[12:15:34]   candidate upload_id=c5a4fb5681d11a92 url=https://prehraj.to/avatar-ohen-a-popel-2025-cz-dab-kvalita-100-mkv/c5a4fb5681d11a92
[12:15:39]   resolve FAILED: HTTP 502 wrapping permanent upstream error: https://prehraj.to/avatar-ohen-a-popel-2025-cz-dab-kvalita-100-mkv/c5a4fb5681d11a92 (permanent=True)
[12:15:39]   candidate upload_id=52b21db5ceedde95 url=https://prehraj.to/avatar-ohen-a-popel-avatar-fire-and-ash-cz-dabing-2026-mkv/52b21db5ceedde95
[12:15:46]   resolved in 6.3s → 720p (https://pf-storage5.premiumcdn.net/169428187/547T8MHdoFJ0UZJuYNU0vH36CWbH0ESkDuD…)
[12:19:39]   downloaded 5,590.7 MB in 231.6s (24.1 MB/s)
[12:24:55]   upload done video_id=26038791 in 315.4s
[12:24:57] film cr_film_id=1265 OK in 569.5s
[12:24:57] iteration 10/20
[12:24:57] film cr_film_id=1267 name='Ospalá díra (1999) CZ Dabing' candidates=18
[12:24:57]   candidate upload_id=4693b9547285c19c url=https://prehraj.to/ospala-dira-1999-cz-dabing-2160p-ultra-hd/4693b9547285c19c
[12:24:59]   resolved in 1.8s → 1080p (https://pf-storage4.premiumcdn.net/167868691/X09IEASoLIyqcZzHNRslWS5aUlaHe6Iz0Tw…)
[12:26:34]   downloaded 2,206.5 MB in 93.1s (23.7 MB/s)
[12:28:37]   upload done video_id=26038848 in 123.2s
[12:28:39] film cr_film_id=1267 OK in 222.2s
[12:28:39] iteration 11/20
[12:28:39] film cr_film_id=1275 name='Dealer 3 (2005) CZ Dabing' candidates=1
[12:28:39]   candidate upload_id=12671666fb041654 url=https://prehraj.to/dealer-3-2005-cz-dab-1080p/12671666fb041654
[12:28:40]   resolved in 1.2s → 1080p (https://pf-storage5.premiumcdn.net/167123585/G7acyjfq1F8aTDrh6XIZ0fNQigBCjzCB1Ua…)
[12:31:34]   downloaded 3,902.4 MB in 172.0s (22.7 MB/s)
[12:35:02]   upload done video_id=26038892 in 208.0s
[12:35:04] film cr_film_id=1275 OK in 385.2s
[12:35:04] iteration 12/20
[12:35:04] film cr_film_id=1279 name='Knoflíkáři (1997) CZ' candidates=5
[12:35:04]   candidate upload_id=5a9741ede84bd url=https://prehraj.to/knoflikari-1997/5a9741ede84bd
[12:35:06]   resolved in 1.4s → 720p (https://pf-storage1.premiumcdn.net/3505782/9kjTeRHy6ixotNbFa4F9lHObSKGieWsxqiBGT…)
[12:36:13]   downloaded 1,512.2 MB in 65.4s (23.1 MB/s)
[12:37:35]   upload done video_id=26038926 in 81.8s
[12:37:36] film cr_film_id=1279 OK in 152.0s
[12:37:36] iteration 13/20
[12:37:36] film cr_film_id=1281 name='Mé jméno je Nikdo (1973) CZ' candidates=3
[12:37:36]   candidate upload_id=5ef8a0bdef18d url=https://prehraj.to/me-jmeno-je-nikdo-western-komedie-1973-1080p-2-0-x264-t-hill-cz-76-sten-ok/5ef8a0bdef18d
[12:37:37]   resolved in 1.2s → 1080p (https://pf-storage3.premiumcdn.net/17085268/M3OtvBFlOHnXhd3uB0FO1FLxsWpS5MtDPTwo…)
[12:40:34]   downloaded 4,154.1 MB in 174.5s (23.8 MB/s)
[12:44:14]   upload done video_id=26038961 in 219.6s
[12:44:15] film cr_film_id=1281 OK in 399.2s
[12:44:15] iteration 14/20
[12:44:15] film cr_film_id=1285 name='Čarodějka (2024) CZ Dabing' candidates=3
[12:44:15]   candidate upload_id=689ce322a1a7d url=https://prehraj.to/wicked-1-2024-czdab/689ce322a1a7d
[12:44:17]   resolved in 1.1s → 720p (https://pf-storage1.premiumcdn.net/143569103/jvxcdMid6tenuwvsl8SD7ijNCVYclPSgptQ…)
[12:46:40]   downloaded 3,175.2 MB in 141.2s (22.5 MB/s)
[12:49:43]   upload done video_id=26038999 in 183.3s
[12:49:45] film cr_film_id=1285 OK in 329.5s
[12:49:45] iteration 15/20
[12:49:45] film cr_film_id=1287 name='Velký (1988) CZ Dabing' candidates=10
[12:49:45]   candidate upload_id=5c18607e344ec url=https://prehraj.to/velky-1988-dvdrip-cz-dabing-m3/5c18607e344ec
[12:49:46]   resolved in 1.2s → 480p (https://pf-storage3.premiumcdn.net/9591302/xvef6ksV9uNOt2nizptAOsVxcxmImrUy6IOPf…)
[12:50:20]   downloaded 539.3 MB in 31.6s (17.1 MB/s)
[12:50:53]   upload done video_id=26039122 in 33.0s
[12:50:54] film cr_film_id=1287 OK in 69.4s
[12:50:54] iteration 16/20
[12:50:54] film cr_film_id=1289 name='Chlapec a volavka (2023) CZ Dabing' candidates=1
[12:50:54]   candidate upload_id=75c7f396db268c62 url=https://prehraj.to/chlapec-a-volavka-2023-cz-dab/75c7f396db268c62
[12:50:56]   resolved in 1.3s → 720p (https://pf-storage4.premiumcdn.net/155679911/EXKT3RIlXt7LtX8izPiKMIaZTbvc5ecXwFP…)
[12:52:04]   downloaded 1,487.1 MB in 66.6s (22.3 MB/s)
[12:53:36]   upload done video_id=26039176 in 91.3s
[12:53:37] film cr_film_id=1289 OK in 163.0s
[12:53:37] iteration 17/20
[12:53:37] film cr_film_id=1293 name='Alita: Bojový anděl (2019) CZ Dabing' candidates=30
[12:53:37]   candidate upload_id=5d849f9c02c92 url=https://prehraj.to/alita-bojovy-andel-cz-dabing-akcni-sci-fi-1080p-bluray-2019/5d849f9c02c92
[12:53:39]   resolved in 1.2s → 1080p (https://pf-storage5.premiumcdn.net/14891317/GEptQLHZYtD1iNni5RSqGHkDUmzFraF3dCyW…)
[12:56:43]   downloaded 4,401.4 MB in 182.7s (24.1 MB/s)
[13:01:02]   upload done video_id=26039313 in 258.4s
[13:01:04] film cr_film_id=1293 OK in 446.4s
[13:01:04] iteration 18/20
[13:01:04] film cr_film_id=1301 name='Bohové musejí být šílení (1980) CZ Dabing' candidates=3
[13:01:04]   candidate upload_id=68a6043360930 url=https://prehraj.to/bohove-musi-byt-sileni-i-1980-komedie-hdtv-cz-dabing/68a6043360930
[13:01:05]   resolved in 1.2s → 720p (https://pf-storage4.premiumcdn.net/144069813/mjPi8OT92IaqcRaIjztkoTLET6gU9nhn6c3…)
[13:02:21]   downloaded 1,727.4 MB in 73.6s (23.5 MB/s)
[13:03:59]   upload done video_id=26039500 in 98.0s
[13:04:01] film cr_film_id=1301 OK in 176.9s
[13:04:01] iteration 19/20
[13:04:01] film cr_film_id=1309 name='Fenomén BlackBerry (2023) CZ Dabing' candidates=5
[13:04:01]   candidate upload_id=0e22c2405b398571 url=https://prehraj.to/fenomen-blackberry-2023-cz-dabing-1080p-mkv/0e22c2405b398571
[13:04:02]   resolved in 1.1s → 1080p (https://pf-storage5.premiumcdn.net/155436386/7WpTA5H5mSY3UODtBpHJzHBzsAOCPat6Dtn…)
[13:06:02]   downloaded 2,199.3 MB in 118.5s (18.6 MB/s)
[13:08:02]   upload done video_id=26039745 in 119.9s
[13:08:07] film cr_film_id=1309 OK in 246.2s
[13:08:07] iteration 20/20
[13:08:07] film cr_film_id=1327 name='Jiná smečka (2021) CZ Dabing' candidates=1
[13:08:07]   candidate upload_id=628be26fe513e url=https://prehraj.to/jina-smecka-2021-czdab/628be26fe513e
[13:08:08]   resolved in 1.2s → 1080p (https://pf-storage3.premiumcdn.net/30934790/v3AHZ0IjyhN6CXLCZ3cXwI4lUq1Sd6hoai60…)
[13:10:39]   downloaded 2,852.8 MB in 149.1s (19.1 MB/s)
[13:13:12]   upload done video_id=26040128 in 152.3s
[13:13:14] film cr_film_id=1327 OK in 306.7s
[13:13:14] batch-end ok=20 failed=0 dur=4597.8s avg/film=229.9s remaining=16924 eta_hours=1080.8

===== run 2026-06-17T13:13:52Z shard=1/2 batch_size=20 (https://github.com/Olbrasoft/prehrajto-to-prehrajto/actions/runs/27691564335) =====
[13:13:54] description overrides loaded: 1050 from /home/runner/work/prehrajto-to-prehrajto/prehrajto-to-prehrajto/state/email-generated-descriptions-v3.jsonl
[13:13:54] batch-start shard=1/2 count=20 backlog=17650 uploads=726 failed_attempts=51 description_overrides=1050
[13:13:54] login
[13:13:56] login done
[13:13:56] iteration 1/20
[13:13:56] film cr_film_id=1331 name='Poslední souboj (2021) CZ Dabing' candidates=3
[13:13:56]   candidate upload_id=68f7b5563f191 url=https://prehraj.to/posledni-souboj-2021-cz-dab-last-duel-dd/68f7b5563f191
[13:13:57]   resolved in 1.6s → 1080p (https://pf-storage3.premiumcdn.net/152753613/8rPIdesqjFpGTGdhqYHyOsz9FwpHJrh4xIY…)
[13:17:54]   downloaded 3,065.5 MB in 234.4s (13.1 MB/s)
[13:20:45]   upload done video_id=26040333 in 171.2s
[13:20:47] film cr_film_id=1331 OK in 411.4s
[13:20:47] iteration 2/20
[13:20:47] film cr_film_id=1335 name='Shang-Chi a legenda o deseti prstenech (2021) CZ Dabing' candidates=1
[13:20:47]   candidate upload_id=623367d165b77 url=https://prehraj.to/film-legend-of-the-ten-rings-2021-cz-dabing/623367d165b77
[13:20:49]   resolved in 1.5s → 1080p (https://pf-storage2.premiumcdn.net/30110910/VXZIG5U2DUDnCJQFXAf0JU9VfeVIOvs0gCmZ…)
[13:23:29]   downloaded 3,159.9 MB in 157.7s (20.0 MB/s)
[13:26:26]   upload done video_id=26040492 in 177.9s
[13:26:28] film cr_film_id=1335 OK in 341.5s
[13:26:28] iteration 3/20
[13:26:28] film cr_film_id=1345 name='Shiny_Flakes: Náctiletý drogový baron (2021) CZ Dabing' candidates=10
[13:26:28]   candidate upload_id=6133d6a173ea3 url=https://prehraj.to/shiny-flakes-nactilety-drogovy-baron-2021-1080p-web-ddp-5-1-x264-cz-dabing/6133d6a173ea3
[13:26:30]   resolved in 1.7s → 720p (https://pf-storage2.premiumcdn.net/24804380/OlXcaRi6bU9AH4mfMXtqjiOzUNpFm9I9Nhv2…)
[13:27:26]   downloaded 961.1 MB in 53.0s (18.1 MB/s)
[13:28:18]   upload done video_id=26040620 in 51.9s
[13:28:20] film cr_film_id=1345 OK in 111.0s
[13:28:20] iteration 4/20
[13:28:20] film cr_film_id=1347 name='Návrat oživlých mrtvol (1985) CZ Dabing' candidates=10
[13:28:20]   candidate upload_id=5b548abb7b1fd url=https://prehraj.to/navrat-ozivlych-mrtvol-1-1985-cz-dabing/5b548abb7b1fd
[13:28:21]   resolved in 1.4s → 480p (https://pf-storage4.premiumcdn.net/4971926/M6qU7BTa1hOWTb6tyNs7NTeaseaFG2Ty9Cx4u…)
[13:28:47]   downloaded 455.4 MB in 24.4s (18.7 MB/s)
[13:29:21]   upload done video_id=26040664 in 33.4s
[13:29:23] film cr_film_id=1347 OK in 63.1s
[13:29:23] iteration 5/20
[13:29:23] film cr_film_id=1351 name='Hlas našich předků (2019) CZ Dabing' candidates=2
[13:29:23]   candidate upload_id=5ffe953e4fb4b url=https://prehraj.to/hlas-nasich-predku-2019-czdabing/5ffe953e4fb4b
[13:29:24]   resolved in 1.5s → 1080p (https://pf-storage5.premiumcdn.net/21443982/L8yhvkSJni0rTW7hw4cpYSBDsaounGfgPc3x…)
[13:31:20]   downloaded 1,848.8 MB in 113.7s (16.3 MB/s)
[13:33:13]   upload done video_id=26040731 in 113.4s
[13:33:15] film cr_film_id=1351 OK in 232.6s
[13:33:15] iteration 6/20
[13:33:15] film cr_film_id=1353 name='Opilí láskou (2002) CZ Dabing' candidates=9
[13:33:15]   candidate upload_id=5b3166b5d1f14 url=https://prehraj.to/opili-laskou-2002-cz-dabing/5b3166b5d1f14
[13:33:17]   resolved in 1.3s → 480p (https://pf-storage2.premiumcdn.net/4517360/xjvTGWflMH3Mfj5FDbh7wfdliz2F01c4LH3QT…)
[13:33:43]   downloaded 423.4 MB in 24.4s (17.4 MB/s)
[13:34:12]   upload done video_id=26040786 in 28.6s
[13:34:13] film cr_film_id=1353 OK in 58.1s
[13:34:13] iteration 7/20
[13:34:13] film cr_film_id=1361 name='Equilibrium (2002) CZ Dabing' candidates=5
[13:34:13]   candidate upload_id=595932c5224e3 url=https://prehraj.to/equilibrium-2002-cz-dabing/595932c5224e3
[13:34:15]   resolved in 1.3s → 720p (https://pf-storage5.premiumcdn.net/2389150/61nTBMFbkIm1CORINrtd7FKPh0PHJnU9XSAbh…)
[13:35:23]   downloaded 1,536.1 MB in 65.7s (23.4 MB/s)
[13:36:56]   upload done video_id=26040832 in 92.9s
[13:36:57] film cr_film_id=1361 OK in 164.1s
[13:36:57] iteration 8/20
[13:36:57] film cr_film_id=1367 name='Nabarvené ptáče (2019) CZ Dabing' candidates=12
[13:36:57]   candidate upload_id=6867889608268 url=https://prehraj.to/nabarvene-ptace-pomalovane-vtaca-2019-1080p-2x-cz-dabing/6867889608268
[13:36:59]   resolved in 1.5s → 720p (https://pf-storage5.premiumcdn.net/141212594/OakH7VfowFvKcjAsZntxKfX7ix6TngS9ztj…)
[13:39:35]   downloaded 3,758.3 MB in 154.4s (24.3 MB/s)
[13:43:07]   upload done video_id=26040987 in 212.3s
[13:43:09] film cr_film_id=1367 OK in 372.0s
[13:43:09] iteration 9/20
[13:43:09] film cr_film_id=1369 name='The Best of Enemies (2019) CZ Dabing' candidates=1
[13:43:09]   candidate upload_id=5e4d0ffadaea1 url=https://prehraj.to/the-best-of-enemies-drama-cz-dab-2019-jad/5e4d0ffadaea1
[13:43:11]   resolved in 1.8s → 720p (https://pf-storage2.premiumcdn.net/15876739/Xv4i6xSVqUOqSkzTzohxeSPzUXjh6xhGyhLq…)
[13:45:45]   downloaded 1,826.3 MB in 151.6s (12.0 MB/s)
[13:47:34]   upload done video_id=26041189 in 108.9s
[13:47:36] film cr_film_id=1369 OK in 266.2s
[13:47:36] iteration 10/20
[13:47:36] film cr_film_id=1371 name='Jak vycvičit draka: Návrat (2019) CZ Dabing' candidates=3
[13:47:36]   candidate upload_id=648732e0e024a url=https://prehraj.to/jak-vycvicit-draka-navrat-2019-cz-dabing-animovany/648732e0e024a
[13:47:38]   resolved in 2.4s → 1080p (https://pf-storage1.premiumcdn.net/41588683/J4VsXNf2kfYjhqMuL7hMEfLph7Bi8EhgjHx8…)
[13:48:05]   downloaded 552.1 MB in 25.4s (21.7 MB/s)
[13:48:46]   upload done video_id=26041270 in 40.9s
[13:48:48] film cr_film_id=1371 OK in 72.4s
[13:48:48] iteration 11/20
[13:48:48] film cr_film_id=1373 name='Černobílá spravedlnost (2017) CZ Dabing' candidates=6
[13:48:48]   candidate upload_id=5e04dbb32a695 url=https://prehraj.to/cernobila-spravedlnost-detroit-2017-bluray-cz-dabing/5e04dbb32a695
[13:48:49]   resolved in 1.4s → 720p (https://pf-storage2.premiumcdn.net/15530884/9x7SMlUMKFkgtG9Im9FpjUKzt3ecrMIVDI4z…)
[13:50:37]   downloaded 1,905.1 MB in 105.4s (18.1 MB/s)
[13:52:23]   upload done video_id=26041358 in 105.6s
[13:52:25] film cr_film_id=1373 OK in 216.6s
[13:52:25] iteration 12/20
[13:52:25] film cr_film_id=1375 name='Král (2019) CZ Dabing' candidates=7
[13:52:25]   candidate upload_id=5dbca65b99f92 url=https://prehraj.to/kral-2019-the-king-2019-cz-dabing/5dbca65b99f92
[13:52:26]   resolved in 1.6s → 720p (https://pf-storage5.premiumcdn.net/15172639/QqjtarFzPiAnFOjiGzU4xFmNCdNiJYFV2sgp…)
[13:53:53]   downloaded 1,744.1 MB in 84.7s (20.6 MB/s)
[13:55:49]   upload done video_id=26041475 in 115.5s
[13:55:51] film cr_film_id=1375 OK in 206.0s
[13:55:51] iteration 13/20
[13:55:51] film cr_film_id=1385 name='Najednou jsme rodina (2018) CZ Dabing' candidates=2
[13:55:51]   candidate upload_id=134f1caa373ef892 url=https://prehraj.to/najednou-jsme-rodina-2018-cz-dab-1080p/134f1caa373ef892
[13:55:52]   resolved in 1.2s → 1080p (https://pf-storage4.premiumcdn.net/167848375/YAjI1eT8nC2aspAfAaso8TOPiYoUvDcn9C1…)
[13:58:01]   downloaded 2,454.1 MB in 126.7s (19.4 MB/s)
[14:00:22]   upload done video_id=26041616 in 141.0s
[14:00:24] film cr_film_id=1385 OK in 273.2s
[14:00:24] iteration 14/20
[14:00:24] film cr_film_id=1391 name='Sweeney Todd: Ďábelský holič z Fleet Street (2007) CZ Dabing' candidates=2
[14:00:24]   candidate upload_id=5423b1712bcfa33b url=https://prehraj.to/sweeney-todd-dabelsky-holic-z-fleet-street-2007-cz-dab-2160p/5423b1712bcfa33b
[14:00:25]   resolved in 1.5s → 1080p (https://pf-storage4.premiumcdn.net/168409519/DazfBxIkKSo7HEoF1YT9YIRLu4YFZKC02Tz…)
[14:03:50]   downloaded 2,412.0 MB in 202.9s (11.9 MB/s)
[14:06:17]   upload done video_id=26041807 in 146.8s
[14:06:19] film cr_film_id=1391 OK in 355.5s
[14:06:19] iteration 15/20
[14:06:19] film cr_film_id=1395 name='Hráči (1998) CZ Dabing' candidates=4
[14:06:19]   candidate upload_id=55c365da032f0 url=https://prehraj.to/hraci-1998-czdab/55c365da032f0
[14:06:20]   resolved in 1.2s → 480p (https://pf-storage2.premiumcdn.net/81141/XL5sPGI7XH92FxRHPzI0lIb3crKuPWCBwfYJcvD…)
[14:07:09]   downloaded 832.3 MB in 45.6s (18.3 MB/s)
[14:07:57]   upload done video_id=26041904 in 48.4s
[14:07:59] film cr_film_id=1395 OK in 99.3s
[14:07:59] iteration 16/20
[14:07:59] film cr_film_id=1397 name='Ztratili jsme Stalina (2017) CZ Dabing' candidates=18
[14:07:59]   candidate upload_id=5c21528e24258 url=https://prehraj.to/ztratili-jsme-stalina-2017-cz-dabing/5c21528e24258
[14:08:00]   resolved in 1.4s → 720p (https://pf-storage1.premiumcdn.net/9923144/y2YuwGcNMcRYiX6UoRUlec2YiYofaBIa2s6nS…)
[14:09:02]   downloaded 1,394.5 MB in 60.8s (22.9 MB/s)
[14:10:21]   upload done video_id=26041965 in 79.1s
[14:10:23] film cr_film_id=1397 OK in 144.6s
[14:10:23] iteration 17/20
[14:10:23] film cr_film_id=1399 name='Útěk ze Sibiře (2010) CZ Dabing' candidates=26
[14:10:23]   candidate upload_id=4be2613f710f72dc url=https://prehraj.to/utek-ze-sibire-2010-cz-dab-1080p/4be2613f710f72dc
[14:10:25]   resolved in 1.4s → 1080p (https://pf-storage5.premiumcdn.net/168775603/wAoI2zSvbUrecZYfe8t5rSM7I1ru4jt1BCe…)
[14:13:47]   downloaded 3,383.2 MB in 199.7s (16.9 MB/s)
[14:16:51]   upload done video_id=26042120 in 184.2s
[14:16:53] film cr_film_id=1399 OK in 389.6s
[14:16:53] iteration 18/20
[14:16:53] film cr_film_id=1401 name='Equalizer (2014) CZ Dabing' candidates=7
[14:16:53]   candidate upload_id=924cb3051d9d24ba url=https://prehraj.to/equalizer-2014-cz-dab-720p/924cb3051d9d24ba
[14:16:54]   resolve FAILED: HTTP 502 wrapping permanent upstream error: https://prehraj.to/equalizer-2014-cz-dab-720p/924cb3051d9d24ba (permanent=True)
[14:16:54]   candidate upload_id=34daedac5daaa47d url=https://prehraj.to/equalizer-2014-cz-dab-720p/34daedac5daaa47d
[14:17:01]   resolved in 7.7s → 480p (https://pf-storage5.premiumcdn.net/168379306/29xi2jux0tjDSKXuzoTLGu3kCPxCkOh0xhZ…)
[14:18:07]   downloaded 872.8 MB in 63.4s (13.8 MB/s)
[14:18:55]   upload done video_id=26042258 in 48.2s
[14:18:57] film cr_film_id=1401 OK in 124.0s
[14:18:57] iteration 19/20
[14:18:57] film cr_film_id=1405 name='12 podmínek k dědictví (2006) CZ' candidates=1
[14:18:57]   candidate upload_id=5c3a6543de3f7 url=https://prehraj.to/12-podminek-k-dedictvi-2006/5c3a6543de3f7
[14:18:58]   resolved in 1.3s → 720p (https://pf-storage1.premiumcdn.net/10900229/1k3ceqU8MCaju3DHe6Fk6ULns2MsR5iZaHZ4…)
[14:20:43]   downloaded 1,585.7 MB in 102.6s (15.5 MB/s)
[14:22:06]   upload done video_id=26042352 in 83.2s
[14:22:08] film cr_film_id=1405 OK in 191.3s
[14:22:08] iteration 20/20
[14:22:08] film cr_film_id=1415 name='To (2017) CZ Dabing' candidates=12
[14:22:08]   candidate upload_id=5c69f4db235fa url=https://prehraj.to/to-it-2017-hdrip-cz-dabing-m3/5c69f4db235fa
[14:22:09]   resolved in 1.2s → 480p (https://pf-storage5.premiumcdn.net/11884342/dQyIwrU0lI3rUzLF2NIWYUjAsdGFzOh3Zh09…)
[14:23:19]   downloaded 1,287.3 MB in 67.0s (19.2 MB/s)
[14:24:31]   upload done video_id=26042457 in 71.9s
[14:24:33] film cr_film_id=1415 OK in 144.6s
[14:24:33] batch-end ok=20 failed=0 dur=4237.1s avg/film=211.9s remaining=16904 eta_hours=995.0

===== run 2026-06-17T14:25:20Z shard=1/2 batch_size=20 (https://github.com/Olbrasoft/prehrajto-to-prehrajto/actions/runs/27696156167) =====
[14:25:22] description overrides loaded: 1050 from /home/runner/work/prehrajto-to-prehrajto/prehrajto-to-prehrajto/state/email-generated-descriptions-v3.jsonl
[14:25:22] batch-start shard=1/2 count=20 backlog=17650 uploads=746 failed_attempts=52 description_overrides=1050
[14:25:22] login
[14:25:23] login done
[14:25:23] iteration 1/20
[14:25:23] film cr_film_id=1427 name='Midnight Runners (2017) CZ' candidates=1
[14:25:23]   candidate upload_id=5aa7aa5176140 url=https://prehraj.to/midnight-runners-akcni-krimi-komedie-2017-1080p-s-cz-titulky-sten-ok/5aa7aa5176140
[14:25:25]   resolved in 1.1s → 720p (https://pf-storage5.premiumcdn.net/3622764/KrlUREfarhwNuvNh89inxfZrfdguoPUo2SarS…)
[14:26:40]   downloaded 2,010.9 MB in 73.1s (27.5 MB/s)
[14:28:20]   upload done video_id=26042575 in 100.8s
[14:28:22] film cr_film_id=1427 OK in 178.6s
[14:28:22] iteration 2/20
[14:28:22] film cr_film_id=1433 name='Dívka, která kopla do vosího hnízda (2009) CZ Dabing' candidates=19
[14:28:22]   candidate upload_id=676c56a01537f url=https://prehraj.to/divka-ktera-kopla-do-vosiho-hnizda-michael-nyqvist-noomi-rapace-lena-endre-2009-krimi-drama-thriller-bdrip-1080p-cz-dabing/676c56a01537f
[14:28:23]   resolved in 1.1s → 720p (https://pf-storage5.premiumcdn.net/126677999/8XKiAqHaPtPehQ3CrKU4yHlQTRdi0OtM4fv…)
[14:30:08]   downloaded 2,844.2 MB in 102.7s (27.7 MB/s)
[14:32:26]   upload done video_id=26042716 in 138.0s
[14:32:27] film cr_film_id=1433 OK in 245.1s
[14:32:27] iteration 3/20
[14:32:27] film cr_film_id=1435 name='Wonder Woman (2017) CZ Dabing' candidates=3
[14:32:27]   candidate upload_id=68e7b7c012cd2 url=https://prehraj.to/wonder-woman-2017-cz-dab-1080p/68e7b7c012cd2
[14:32:28]   resolved in 1.3s → 720p (https://pf-storage1.premiumcdn.net/150608889/yEXuBeSxmsp3TlgtL5UzpSnDtQLiPrh6zSy…)
[14:34:12]   downloaded 2,902.7 MB in 101.6s (28.6 MB/s)
[14:36:17]   upload done video_id=26042878 in 124.7s
[14:36:18] film cr_film_id=1435 OK in 231.2s
[14:36:18] iteration 4/20
[14:36:18] film cr_film_id=1437 name='Dívka v modrém (1939) CZ' candidates=2
[14:36:18]   candidate upload_id=62714ee012277 url=https://prehraj.to/divka-v-modrem-1939-cesky-film-pro-pametniky-komedie/62714ee012277
[14:36:20]   resolved in 1.3s → 1080p (https://pf-storage5.premiumcdn.net/30705668/dp0I4Vf9msR4T4ztE8TKJfEAsA5tw2CDpiGg…)
[14:38:45]   downloaded 3,899.5 MB in 144.0s (27.1 MB/s)
[14:41:32]   upload done video_id=26043030 in 166.2s
[14:41:33] film cr_film_id=1437 OK in 314.8s
[14:41:33] iteration 5/20
[14:41:33] film cr_film_id=1443 name='I dva jsou rodina (2016) CZ Dabing' candidates=18
[14:41:33]   candidate upload_id=5c4e562cf0a39 url=https://prehraj.to/i-dva-jsou-rodina-2016-hdrip-cz-dabing-m3/5c4e562cf0a39
[14:41:34]   resolved in 1.1s → 480p (https://pf-storage4.premiumcdn.net/11398513/9QkIWziEnSdGh2AHnRF8niv7C5audzuBbuez…)
[14:42:16]   downloaded 1,045.5 MB in 40.1s (26.1 MB/s)
[14:43:06]   upload done video_id=26043118 in 49.8s
[14:43:08] film cr_film_id=1443 OK in 94.6s
[14:43:08] iteration 6/20
[14:43:08] film cr_film_id=1447 name='Lid versus Larry Flynt (1996) CZ Dabing' candidates=1
[14:43:08]   candidate upload_id=5cc9e5a91b30b url=https://prehraj.to/lid-versus-larry-flynt-1996-cz-dabing/5cc9e5a91b30b
[14:43:09]   resolved in 1.1s → 480p (https://pf-storage1.premiumcdn.net/13147197/bv1tRrHDoIY3coAi7Ls3mH7GFnruWrsPycW4…)
[14:43:42]   downloaded 803.6 MB in 31.3s (25.7 MB/s)
[14:44:19]   upload done video_id=26043151 in 36.8s
[14:44:20] film cr_film_id=1447 OK in 72.6s
[14:44:20] iteration 7/20
[14:44:20] film cr_film_id=1449 name='Max Manus (2008) CZ Dabing' candidates=14
[14:44:20]   candidate upload_id=608eaf7f1e19d url=https://prehraj.to/max-manus-2008-1080p-br-x264-cz-dab/608eaf7f1e19d
[14:44:21]   resolved in 1.1s → 720p (https://pf-storage1.premiumcdn.net/23362212/7Z0Td1u9rUyKFd9f6ZFaguM9Ug4fgZS2VHEz…)
[14:45:57]   downloaded 2,530.4 MB in 93.8s (27.0 MB/s)
[14:47:49]   upload done video_id=26043209 in 112.3s
[14:47:51] film cr_film_id=1449 OK in 211.1s
[14:47:51] iteration 8/20
[14:47:51] film cr_film_id=1455 name='Nouzový východ (2008) CZ Dabing' candidates=6
[14:47:51]   candidate upload_id=5a05487f915a2 url=https://prehraj.to/nouzovy-vychod-cz-dabing-2008/5a05487f915a2
[14:47:53]   resolved in 1.2s → 480p (https://pf-storage2.premiumcdn.net/2912938/YkRtg1IOwfNxF6lUbMi26IDvck6U9yF5bs2JT…)
[14:48:18]   downloaded 577.2 MB in 23.4s (24.7 MB/s)
[14:48:48]   upload done video_id=26043266 in 30.0s
[14:48:49] film cr_film_id=1455 OK in 58.0s
[14:48:49] iteration 9/20
[14:48:49] film cr_film_id=1457 name='Mlha v srpnu (2016) CZ Dabing' candidates=10
[14:48:49]   candidate upload_id=5de96474b2455 url=https://prehraj.to/mlha-v-srpnu-hd-1080p-cz-dabing-2016-nebel-im-august/5de96474b2455
[14:48:51]   resolved in 1.1s → 720p (https://pf-storage1.premiumcdn.net/15404164/oyqHWvhgaSz8F8LiBXhJOhalCK7iKwf9Jixl…)
[14:49:53]   downloaded 1,694.3 MB in 60.1s (28.2 MB/s)
[14:51:24]   upload done video_id=26043310 in 91.3s
[14:51:25] film cr_film_id=1457 OK in 156.0s
[14:51:25] iteration 10/20
[14:51:25] film cr_film_id=1459 name='Horší než smrt (2007) CZ Dabing' candidates=3
[14:51:25]   candidate upload_id=60295dc4e9f5b url=https://prehraj.to/horsi-nez-smrt-death-at-a-funeral-2007-brrip-czdabing/60295dc4e9f5b
[14:51:27]   resolved in 1.1s → 480p (https://pf-storage3.premiumcdn.net/22215977/8vptXZS0nt5WcLzhMRUjZSKQHmOHaduA7HRk…)
[14:51:57]   downloaded 565.8 MB in 28.1s (20.1 MB/s)
[14:52:26]   upload done video_id=26043366 in 29.7s
[14:52:28] film cr_film_id=1459 OK in 62.5s
[14:52:28] iteration 11/20
[14:52:28] film cr_film_id=1467 name='Zúčtování (2016) CZ Dabing' candidates=10
[14:52:28]   candidate upload_id=5d771ef71e614 url=https://prehraj.to/4k-zuctovani-cz-dabing-2016-the-accountant/5d771ef71e614
[14:52:29]   resolved in 1.1s → 1080p (https://pf-storage1.premiumcdn.net/14807931/DmEtNDcl5TVpIzGHmMUAocbDTRbCMEtYkHoB…)
[14:55:02]   downloaded 4,155.0 MB in 151.2s (27.5 MB/s)
[14:58:14]   upload done video_id=26043441 in 192.1s
[14:58:16] film cr_film_id=1467 OK in 348.1s
[14:58:16] iteration 12/20
[14:58:16] film cr_film_id=1469 name='Vyvolený (2000) CZ Dabing' candidates=13
[14:58:16]   candidate upload_id=2a702e9cdd9fb8cb url=https://prehraj.to/vyvoleny-2000-cz-dab-1080p/2a702e9cdd9fb8cb
[14:58:17]   resolved in 1.3s → 720p (https://pf-storage5.premiumcdn.net/155687237/1GNIewFNDFOdF32Tm2t7QF1MilEsY7cO7sZ…)
[14:59:17]   downloaded 1,531.1 MB in 57.8s (26.5 MB/s)
[15:00:24]   upload done video_id=26043543 in 66.9s
[15:00:26] film cr_film_id=1469 OK in 129.6s
[15:00:26] iteration 13/20
[15:00:26] film cr_film_id=1483 name='Teror (2016) CZ Dabing' candidates=1
[15:00:26]   candidate upload_id=592ca527b41cd url=https://prehraj.to/teror-2016-cz-dabing/592ca527b41cd
[15:00:27]   resolved in 1.1s → 480p (https://pf-storage1.premiumcdn.net/2277379/ddjhpzs15tVeCkrI1bcYgsVotx0F0rF1jH0kc…)
[15:00:48]   downloaded 370.7 MB in 19.4s (19.1 MB/s)
[15:01:10]   upload done video_id=26043581 in 21.9s
[15:01:11] film cr_film_id=1483 OK in 45.6s
[15:01:11] iteration 14/20
[15:01:11] film cr_film_id=1485 name='V zajetí démonů 2 (2016) CZ Dabing' candidates=11
[15:01:11]   candidate upload_id=9ea3d6873b5cccaa url=https://prehraj.to/the-conjuring-2-v-zajeti-demonu-2-2016-1080p-cz-dabing/9ea3d6873b5cccaa
[15:01:12]   resolve FAILED: HTTP 502 wrapping permanent upstream error: https://prehraj.to/the-conjuring-2-v-zajeti-demonu-2-2016-1080p-cz-dabing/9ea3d6873b5cccaa (permanent=True)
[15:01:12]   candidate upload_id=aae1fcede6799f4b url=https://prehraj.to/v-zajeti-demonu-2-the-conjuring-2-2016-en-cz-dabing-uhdrdv-mkv/aae1fcede6799f4b
[15:01:18]   resolved in 6.0s → 1080p (https://pf-storage5.premiumcdn.net/155500637/roLFlvHJ1hvEIn2SkeUKQHWYuZPuB8tEvFj…)
[15:03:01]   downloaded 2,802.4 MB in 101.0s (27.7 MB/s)
[15:05:15]   upload done video_id=26043638 in 134.6s
[15:05:17] film cr_film_id=1485 OK in 245.9s
[15:05:17] iteration 15/20
[15:05:17] film cr_film_id=1493 name='Výchozí bod (2014) CZ Dabing' candidates=19
[15:05:17]   candidate upload_id=55e48ac583e68 url=https://prehraj.to/vychozi-bod-2014-cz-dabing/55e48ac583e68
[15:05:19]   resolved in 1.3s → 480p (https://pf-storage2.premiumcdn.net/263225/NRkhebfX4T2mtYVfkntn0f6NIblHeaIzdINZtW…)
[15:05:39]   downloaded 442.5 MB in 18.8s (23.5 MB/s)
[15:06:01]   upload done video_id=26043709 in 21.7s
[15:06:02] film cr_film_id=1493 OK in 45.2s
[15:06:02] iteration 16/20
[15:06:02] film cr_film_id=1495 name='X-Men (2000) CZ Dabing' candidates=24
[15:06:02]   candidate upload_id=5859620fa015a url=https://prehraj.to/x-men-1-2000-czdab/5859620fa015a
[15:06:04]   resolved in 1.1s → 720p (https://pf-storage2.premiumcdn.net/1213188/1bJhGkc6pFQbSqRTnDUNEcjGTqKI1vTVpIJ5f…)
[15:07:14]   downloaded 1,548.6 MB in 69.4s (22.3 MB/s)
[15:08:26]   upload done video_id=26043744 in 72.2s
[15:08:28] film cr_film_id=1495 OK in 145.4s
[15:08:28] iteration 17/20
[15:08:28] film cr_film_id=1499 name='Troja (2004) CZ Dabing' candidates=4
[15:08:28]   candidate upload_id=604c4a78ac106 url=https://prehraj.to/troja-cz-dabing-historicky-dobrodruzny-usa-malta-2004/604c4a78ac106
[15:08:29]   resolved in 1.2s → 480p (https://pf-storage3.premiumcdn.net/22654550/GexslkI2NIWPfoVS10hXnIjdHRafkptOYh6R…)
[15:09:06]   downloaded 896.4 MB in 35.0s (25.6 MB/s)
[15:09:47]   upload done video_id=26043788 in 41.0s
[15:09:48] film cr_film_id=1499 OK in 80.5s
[15:09:48] iteration 18/20
[15:09:48] film cr_film_id=1501 name='Rychle a zběsile 5 (2011) CZ Dabing' candidates=13
[15:09:48]   candidate upload_id=04bcf71c9801b468 url=https://prehraj.to/rychle-a-zbesile-5-2011-cz-dabing-2160p/04bcf71c9801b468
[15:09:50]   resolved in 1.1s → 1080p (https://pf-storage4.premiumcdn.net/167072366/j9DFnATL4FPqcQvComiKPT7KSldC0ZCZAh6…)
[15:12:15]   downloaded 4,139.3 MB in 143.4s (28.9 MB/s)
[15:15:27]   upload done video_id=26043868 in 192.1s
[15:15:29] film cr_film_id=1501 OK in 340.2s
[15:15:29] iteration 19/20
[15:15:29] film cr_film_id=1503 name='Lesní duch (1981) CZ Dabing' candidates=2
[15:15:29]   candidate upload_id=15ee57dcef588760 url=https://prehraj.to/zdgvytgvzbmkgzhvjacatiev2awwgrgvhzcaomtk4mskgq1ogzgfilkreifjlbwf/15ee57dcef588760
[15:15:30]   resolved in 1.2s → 1080p (https://pf-storage6.premiumcdn.net/169893991/AZ0iBEux5TBmHLZH4VuKLu0MUdeTN3t6bso…)
[15:16:31]   downloaded 1,632.6 MB in 59.4s (27.5 MB/s)
[15:17:53]   upload done video_id=26043970 in 81.8s
[15:17:54] film cr_film_id=1503 OK in 145.6s
[15:17:54] iteration 20/20
[15:17:54] film cr_film_id=1505 name='To nejsi Ty (2014) CZ Dabing' candidates=5
[15:17:54]   candidate upload_id=566b36e6222d9 url=https://prehraj.to/to-nejsi-ty-2014-cz-dabing/566b36e6222d9
[15:17:55]   resolved in 1.1s → 480p (https://pf-storage4.premiumcdn.net/339394/depfAvhqLFYQTQ0SGvU6ZhyWT7ASMEFB6smYtZ…)
[15:18:23]   downloaded 534.5 MB in 25.6s (20.9 MB/s)
[15:18:48]   upload done video_id=26044017 in 25.7s
[15:18:50] film cr_film_id=1505 OK in 55.7s
[15:18:50] batch-end ok=20 failed=0 dur=3206.4s avg/film=160.3s remaining=16884 eta_hours=751.8

===== run 2026-06-17T15:19:32Z shard=1/2 batch_size=20 (https://github.com/Olbrasoft/prehrajto-to-prehrajto/actions/runs/27699732745) =====
[15:19:33] description overrides loaded: 1050 from /home/runner/work/prehrajto-to-prehrajto/prehrajto-to-prehrajto/state/email-generated-descriptions-v3.jsonl
[15:19:33] batch-start shard=1/2 count=20 backlog=17650 uploads=766 failed_attempts=53 description_overrides=1050
[15:19:33] login
[15:19:35] login done
[15:19:35] iteration 1/20
[15:19:35] film cr_film_id=1507 name='Bojovník (2015) CZ Dabing' candidates=28
[15:19:35]   candidate upload_id=a1b4729ab2db590b url=https://prehraj.to/bojovnik-2015-cz-dab-1080p/a1b4729ab2db590b
[15:19:36]   resolved in 1.2s → 720p (https://pf-storage5.premiumcdn.net/168124921/85LiQ9SEwTRLfAGt62sP8Smoiw0smQiONFL…)
[15:21:01]   downloaded 2,257.6 MB in 83.2s (27.1 MB/s)
[15:22:59]   upload done video_id=26044079 in 118.2s
[15:23:01] film cr_film_id=1507 OK in 206.2s
[15:23:01] iteration 2/20
[15:23:01] film cr_film_id=1509 name='Bahno z Mississippi (2012) CZ Dabing' candidates=3
[15:23:01]   candidate upload_id=55c8d0ed5a640 url=https://prehraj.to/bahno-z-mississippi-2012-cz-dab-drama-koko/55c8d0ed5a640
[15:23:02]   resolved in 1.0s → 480p (https://pf-storage3.premiumcdn.net/127092/l2ofDJcA6SJ9iOVHXAhbzcezh7MhlGC21IowC6…)
[15:23:26]   downloaded 561.3 MB in 22.4s (25.1 MB/s)
[15:23:56]   upload done video_id=26044142 in 29.5s
[15:23:57] film cr_film_id=1509 OK in 56.0s
[15:23:57] iteration 3/20
[15:23:57] film cr_film_id=1511 name='Muži v černém (1997) CZ Dabing' candidates=9
[15:23:57]   candidate upload_id=67ac163a2f37f url=https://prehraj.to/muzi-v-cernem-1997-cz-dab-1080p/67ac163a2f37f
[15:23:58]   resolved in 1.3s → 720p (https://pf-storage3.premiumcdn.net/129609734/B2KHjviqjI16HagTJqTOYiBvf6gukZuedtY…)
[15:24:54]   downloaded 1,475.0 MB in 54.0s (27.3 MB/s)
[15:26:04]   upload done video_id=26044177 in 70.5s
[15:26:06] film cr_film_id=1511 OK in 128.6s
[15:26:06] iteration 4/20
[15:26:06] film cr_film_id=1513 name='Já, padouch 2 (2013) CZ Dabing' candidates=8
[15:26:06]   candidate upload_id=ec23d2feec168973 url=https://prehraj.to/ja-padouch-2-2013-cz-dabing-1080p-mkv/ec23d2feec168973
[15:26:07]   resolved in 1.8s → 720p (https://pf-storage3.premiumcdn.net/166389056/BklirLFAluJnTGOcZXcwmFO6HYKFyGSBrc0…)
[15:27:04]   downloaded 1,504.1 MB in 54.4s (27.6 MB/s)
[15:28:30]   upload done video_id=26044232 in 85.8s
[15:28:31] film cr_film_id=1513 OK in 145.4s
[15:28:31] iteration 5/20
[15:28:31] film cr_film_id=1515 name='Americký Sniper (2014) CZ Dabing' candidates=17
[15:28:31]   candidate upload_id=64cfa0bc6f4e7 url=https://prehraj.to/americky-sniper-2014-1080p-bluray-dd5-1-en-cz-dabing/64cfa0bc6f4e7
[15:28:32]   resolved in 1.1s → 720p (https://pf-storage1.premiumcdn.net/43103594/qNks2DFOmHoeIrOiDbINgFvgCWGtApUx7uR9…)
[15:30:26]   downloaded 2,456.6 MB in 111.9s (22.0 MB/s)
[15:32:45]   upload done video_id=26044315 in 138.3s
[15:32:46] film cr_film_id=1515 OK in 255.1s
[15:32:46] iteration 6/20
[15:32:46] film cr_film_id=1521 name='Umučení Krista (2004) CZ' candidates=7
[15:32:46]   candidate upload_id=68fbb92883e20 url=https://prehraj.to/umuceni-krista-usa-2004-1080p/68fbb92883e20
[15:32:47]   resolved in 1.1s → 720p (https://pf-storage4.premiumcdn.net/153239349/4XZIlQfbpHRwsPRhzRS8bf4QC3NCbOHJXSg…)
[15:34:18]   downloaded 1,810.2 MB in 88.9s (20.4 MB/s)
[15:35:52]   upload done video_id=26044412 in 93.8s
[15:35:53] film cr_film_id=1521 OK in 187.2s
[15:35:53] iteration 7/20
[15:35:53] film cr_film_id=1531 name='Auta (2006) CZ Dabing' candidates=6
[15:35:53]   candidate upload_id=ff1e62f114f05d77 url=https://prehraj.to/auta-1-2006-cz-dabing-topkvalita-mkv/ff1e62f114f05d77
[15:35:55]   resolved in 1.3s → 1080p (https://pf-storage4.premiumcdn.net/163760153/LxVTVwikPcvMfGoukZtKPiQdh1GC6KsXDc2…)
[15:38:43]   downloaded 4,233.3 MB in 166.3s (25.5 MB/s)
[15:41:53]   upload done video_id=26044517 in 190.1s
[15:41:55] film cr_film_id=1531 OK in 361.3s
[15:41:55] iteration 8/20
[15:41:55] film cr_film_id=1535 name='Smrtonosná zbraň 2 (1989) CZ Dabing' candidates=4
[15:41:55]   candidate upload_id=65c2e221d6eb9 url=https://prehraj.to/smrtonosna-zbran-2-1989-czdab/65c2e221d6eb9
[15:41:56]   resolved in 1.2s → 480p (https://pf-storage3.premiumcdn.net/73086875/9m5T5Ni7PF3ViQ3uMetmYibwFmMtqLTjoFQv…)
[15:42:22]   downloaded 594.5 MB in 24.1s (24.7 MB/s)
[15:42:56]   upload done video_id=26044601 in 34.4s
[15:42:58] film cr_film_id=1535 OK in 63.0s
[15:42:58] iteration 9/20
[15:42:58] film cr_film_id=1537 name='Hvězdná pěchota (1997) CZ Dabing' candidates=8
[15:42:58]   candidate upload_id=68dd772634fff url=https://prehraj.to/hvezdna-pechota-1-1997-cz-dabing-topkvalita/68dd772634fff
[15:42:59]   resolved in 1.2s → 720p (https://pf-storage5.premiumcdn.net/149343132/jovTPOS0bT2bH3dUxEH49S7QiP1hPaC5kFM…)
[15:44:50]   downloaded 3,100.6 MB in 109.2s (28.4 MB/s)
[15:47:17]   upload done video_id=26044668 in 147.2s
[15:47:19] film cr_film_id=1537 OK in 261.2s
[15:47:19] iteration 10/20
[15:47:19] film cr_film_id=1539 name='Její případ (2005) CZ Dabing' candidates=10
[15:47:19]   candidate upload_id=56062a6babec8b94 url=https://prehraj.to/jeji-pripad-2005-cz-dab-1080p/56062a6babec8b94
[15:47:20]   resolved in 1.2s → 720p (https://pf-storage3.premiumcdn.net/168164191/7D8HEPfPnIaBTW8HK1ca7fa5I51teNHYvUX…)
[15:48:57]   downloaded 2,199.7 MB in 94.7s (23.2 MB/s)
[15:50:43]   upload done video_id=26044766 in 106.3s
[15:50:45] film cr_film_id=1539 OK in 205.6s
[15:50:45] iteration 11/20
[15:50:45] film cr_film_id=1547 name='Let (2012) CZ Dabing' candidates=1
[15:50:45]   candidate upload_id=6780275645d65 url=https://prehraj.to/let-cz-dabing-2012/6780275645d65
[15:50:46]   resolved in 1.2s → 480p (https://pf-storage3.premiumcdn.net/127434707/04QtQbcXeTbBsByseQUxEcmoI02U48CoBuy…)
[15:51:10]   downloaded 551.9 MB in 22.3s (24.7 MB/s)
[15:51:37]   upload done video_id=26044827 in 27.6s
[15:51:39] film cr_film_id=1547 OK in 54.5s
[15:51:39] iteration 12/20
[15:51:39] film cr_film_id=1549 name='Jasmíniny slzy (2013) CZ Dabing' candidates=5
[15:51:39]   candidate upload_id=5682ab69e7cc8 url=https://prehraj.to/jasmininy-slzy-blue-jasmine-2013-cz-dab-drama-komedie-p-p/5682ab69e7cc8
[15:51:40]   resolved in 1.0s → 480p (https://pf-storage2.premiumcdn.net/522325/Wnbce0HvPuBOfymse3TzNHjySlPTqKfyKTBVc4…)
[15:52:09]   downloaded 548.7 MB in 26.8s (20.5 MB/s)
[15:52:38]   upload done video_id=26044863 in 28.9s
[15:52:39] film cr_film_id=1549 OK in 60.2s
[15:52:39] iteration 13/20
[15:52:39] film cr_film_id=1551 name='Nekonečný příběh (1984) CZ Dabing' candidates=7
[15:52:39]   candidate upload_id=58efab591c281 url=https://prehraj.to/nekonecny-pribeh-1-cz-dabing-1984-the-neverending-story-1/58efab591c281
[15:52:40]   resolved in 1.1s → 480p (https://pf-storage1.premiumcdn.net/2008900/4MKT6XhxdFKGtPouklS9phVnf20FP9U9YcrXF…)
[15:53:00]   downloaded 439.5 MB in 18.2s (24.1 MB/s)
[15:53:22]   upload done video_id=26044890 in 22.1s
[15:53:24] film cr_film_id=1551 OK in 44.9s
[15:53:24] iteration 14/20
[15:53:24] film cr_film_id=1553 name='Atlas mraků (2012) CZ Dabing' candidates=1
[15:53:24]   candidate upload_id=33923bb624f4d19f url=https://prehraj.to/atlas-mraku-cloud-atlas-2012-cz-dabing/33923bb624f4d19f
[15:53:25]   resolve FAILED: HTTP 502 wrapping permanent upstream error: https://prehraj.to/atlas-mraku-cloud-atlas-2012-cz-dabing/33923bb624f4d19f (permanent=True)
[15:53:25] film cr_film_id=1553 all candidates exhausted
[15:53:25] iteration 15/20
[15:53:25] film cr_film_id=1555 name='Simpsonovi ve filmu (2007) CZ Dabing' candidates=19
[15:53:25]   candidate upload_id=63beb37e3df22 url=https://prehraj.to/simpsonovi-ve-filmu-2007-1080p-cz-dabing/63beb37e3df22
[15:53:31]   resolved in 6.2s → 720p (https://pf-storage3.premiumcdn.net/36192067/4QwiVkudRtZYh8YfyVH59ux5c84io5S6Jhv7…)
[15:54:24]   downloaded 1,392.9 MB in 51.7s (26.9 MB/s)
[15:55:37]   upload done video_id=26044941 in 73.1s
[15:55:39] film cr_film_id=1555 OK in 134.2s
[15:55:39] iteration 16/20
[15:55:39] film cr_film_id=1561 name='Neporazitelní (2025) CZ Dabing' candidates=2
[15:55:39]   candidate upload_id=a5cb4ae20c84f5df url=https://prehraj.to/neporazitelni-2026-cz-dab/a5cb4ae20c84f5df
[15:55:40]   resolved in 1.3s → 1080p (https://pf-storage3.premiumcdn.net/165684266/xg6sQeuJDS3Qup9FKdUEMu8bIW3fY6UQbSj…)
[15:56:59]   downloaded 2,163.7 MB in 77.3s (28.0 MB/s)
[15:58:59]   upload done video_id=26045014 in 120.1s
[15:59:01] film cr_film_id=1561 OK in 201.9s
[15:59:01] iteration 17/20
[15:59:01] film cr_film_id=1563 name='Proutníci (1996) CZ Dabing' candidates=1
[15:59:01]   candidate upload_id=7b43c967ad295271 url=https://prehraj.to/swingers-web-dl-cz-en-1996-1080p-mkv/7b43c967ad295271
[15:59:02]   resolved in 1.1s → 1080p (https://pf-storage5.premiumcdn.net/162759818/MA6TqyHoPSmRF5kCR4F7NHagI1xSo4IVNU8…)
[16:00:48]   downloaded 2,858.7 MB in 104.6s (27.3 MB/s)
[16:03:28]   upload done video_id=26045130 in 160.0s
[16:03:30] film cr_film_id=1563 OK in 268.9s
[16:03:30] iteration 18/20
[16:03:30] film cr_film_id=1565 name='Predátor: Nebezpečné území (2025) CZ Dabing' candidates=5
[16:03:30]   candidate upload_id=2ca858df94c818e8 url=https://prehraj.to/predator-nebezpecne-uzemi-2025-cz-dabing-mkv/2ca858df94c818e8
[16:03:31]   resolved in 1.1s → 720p (https://pf-storage3.premiumcdn.net/170463137/MOwc2lh30uz9UZOuBbhr7hBbsozCDwsZzS1…)
[16:04:27]   downloaded 1,498.9 MB in 54.4s (27.6 MB/s)
[16:05:34]   upload done video_id=26045242 in 67.3s
[16:05:36] film cr_film_id=1565 OK in 126.4s
[16:05:36] iteration 19/20
[16:05:36] film cr_film_id=1569 name='Jsou mezi námi (1988) CZ Dabing' candidates=8
[16:05:36]   candidate upload_id=5d9b49f7bbe35 url=https://prehraj.to/jsou-mezi-nami-1988-cz-dab/5d9b49f7bbe35
[16:05:37]   resolved in 1.1s → 480p (https://pf-storage1.premiumcdn.net/15014950/8zlTaAuqMtvEUwPs1QSZ4uPRcQAhzniraSVx…)
[16:06:03]   downloaded 494.8 MB in 24.5s (20.2 MB/s)
[16:06:30]   upload done video_id=26045294 in 26.8s
[16:06:32] film cr_film_id=1569 OK in 55.5s
[16:06:32] iteration 20/20
[16:06:32] film cr_film_id=1571 name='Hvězdná brána: Archa pravdy (2008) CZ Dabing' candidates=2
[16:06:32]   candidate upload_id=361245487d34a445 url=https://prehraj.to/hvezdna-brana-archa-pravdy-2008-cz-dab-1080p/361245487d34a445
[16:06:33]   resolved in 1.2s → 1080p (https://pf-storage3.premiumcdn.net/167420822/bnVSwRTEQsVnhd0fw6irRTMwHPXiLjsVbT2…)
[16:08:49]   downloaded 3,837.9 MB in 134.3s (28.6 MB/s)
[16:12:12]   upload done video_id=26045375 in 203.5s
[16:12:14] film cr_film_id=1571 OK in 342.7s
[16:12:14] batch-end ok=19 failed=1 dur=3159.3s avg/film=166.3s remaining=16865 eta_hours=779.1

===== run 2026-06-17T16:13:17Z shard=1/2 batch_size=20 (https://github.com/Olbrasoft/prehrajto-to-prehrajto/actions/runs/27703106420) =====
[16:13:18] description overrides loaded: 1050 from /home/runner/work/prehrajto-to-prehrajto/prehrajto-to-prehrajto/state/email-generated-descriptions-v3.jsonl
[16:13:18] batch-start shard=1/2 count=20 backlog=17650 uploads=785 failed_attempts=54 description_overrides=1050
[16:13:18] login
[16:13:20] login done
[16:13:20] iteration 1/20
[16:13:20] film cr_film_id=1573 name='Substance (2024) CZ Dabing' candidates=9
[16:13:20]   candidate upload_id=684bf644b4e4f url=https://prehraj.to/substance-cz-dabing-2024-1080p/684bf644b4e4f
[16:13:21]   resolved in 1.1s → 1080p (https://pf-storage5.premiumcdn.net/139819742/nrpfe7sNrs06tjXHBRsWbsMgcrxiYySreI8…)
[16:14:42]   downloaded 2,525.1 MB in 79.1s (31.9 MB/s)
[16:16:21]   upload done video_id=26045545 in 99.3s
[16:16:23] film cr_film_id=1573 OK in 182.9s
[16:16:23] iteration 2/20
[16:16:23] film cr_film_id=1575 name='Bezstarostná jízda (1969) CZ' candidates=5
[16:16:23]   candidate upload_id=6263b2f87e005 url=https://prehraj.to/bezstarostna-jizda-easy-rider-1969-1080p-cz-en-cz/6263b2f87e005
[16:16:24]   resolved in 1.0s → 1080p (https://pf-storage3.premiumcdn.net/30572543/RbNFpAC9LsMDFPpTX4H0OCXduVniNDi79CxQ…)
[16:17:31]   downloaded 2,375.5 MB in 65.0s (36.5 MB/s)
[16:19:16]   upload done video_id=26045632 in 105.1s
[16:19:17] film cr_film_id=1575 OK in 173.9s
[16:19:17] iteration 3/20
[16:19:17] film cr_film_id=1577 name='Ong Bak (2003) CZ Dabing' candidates=26
[16:19:17]   candidate upload_id=5821149022c6d url=https://prehraj.to/ong-bak-1-cz-dabing-2003/5821149022c6d
[16:19:18]   resolved in 1.3s → 480p (https://pf-storage3.premiumcdn.net/812459/yR2T0oumDC7pC5NFMriwGuxyfkXCWntZnFD7uY…)
[16:19:47]   downloaded 696.7 MB in 27.5s (25.3 MB/s)
[16:20:13]   upload done video_id=26045705 in 25.6s
[16:20:14] film cr_film_id=1577 OK in 56.7s
[16:20:14] iteration 4/20
[16:20:14] film cr_film_id=1587 name='Jen ať je to chlapec (2023) CZ Dabing' candidates=3
[16:20:14]   candidate upload_id=348642e3d63c1e6f url=https://prehraj.to/jen-at-je-to-chlapec-2023-cz-dab-720p-mp4/348642e3d63c1e6f
[16:20:15]   resolved in 1.2s → 720p (https://pf-storage5.premiumcdn.net/168532084/aB4TMnsbwUJwSQwC7MtnksV1I1OCMrtobiR…)
[16:20:57]   downloaded 1,188.6 MB in 41.2s (28.9 MB/s)
[16:21:53]   upload done video_id=26045749 in 55.5s
[16:21:54] film cr_film_id=1587 OK in 100.4s
[16:21:54] iteration 5/20
[16:21:54] film cr_film_id=1593 name='Aristoteles a Dante odhalují záhady vesmíru (2022) CZ Dabing' candidates=2
[16:21:54]   candidate upload_id=65edebe02f0c2 url=https://prehraj.to/aristoteles-a-dante-odhaluji-zahady-vesmiru-2022-czdabing/65edebe02f0c2
[16:21:55]   resolved in 1.0s → 1080p (https://pf-storage4.premiumcdn.net/74378339/K54I91i16Fg4TdvcDBTBMix2IGqIqPuJQcvN…)
[16:23:07]   downloaded 2,032.3 MB in 70.2s (28.9 MB/s)
[16:24:32]   upload done video_id=26045821 in 85.2s
[16:24:33] film cr_film_id=1593 OK in 159.2s
[16:24:33] iteration 6/20
[16:24:33] film cr_film_id=1597 name='Zillion (2022) CZ Dabing' candidates=6
[16:24:33]   candidate upload_id=6750345566161 url=https://prehraj.to/zillion-2022-cz-dab-720p/6750345566161
[16:24:34]   resolved in 0.9s → 720p (https://pf-storage5.premiumcdn.net/116579855/a1qhe2uO5U7pFlGhzjcD9uy4FVNio1I7nF9…)
[16:25:23]   downloaded 1,661.6 MB in 47.0s (35.4 MB/s)
[16:27:40]   upload done video_id=26045895 in 137.1s
[16:27:41] film cr_film_id=1597 OK in 187.6s
[16:27:41] iteration 7/20
[16:27:41] film cr_film_id=1599 name='Nový Olymp (2023) CZ Dabing' candidates=1
[16:27:41]   candidate upload_id=654452813caca url=https://prehraj.to/novy-olymp-2023-czdab/654452813caca
[16:27:42]   resolved in 1.0s → 1080p (https://pf-storage1.premiumcdn.net/50454449/AYMcJDS9QukwIQbhrJir2S3ghMXt1Zu97TXE…)
[16:28:30]   downloaded 1,651.3 MB in 47.1s (35.1 MB/s)
[16:29:32]   upload done video_id=26045979 in 61.1s
[16:29:33] film cr_film_id=1599 OK in 111.9s
[16:29:33] iteration 8/20
[16:29:33] film cr_film_id=1601 name='Malá mořská víla (2023) CZ Dabing' candidates=3
[16:29:33]   candidate upload_id=4a6f607ad9d56484 url=https://prehraj.to/mala-morska-vila-2023-cz-dab-1080p/4a6f607ad9d56484
[16:29:34]   resolve FAILED: HTTP 502 wrapping permanent upstream error: https://prehraj.to/mala-morska-vila-2023-cz-dab-1080p/4a6f607ad9d56484 (permanent=True)
[16:29:34]   candidate upload_id=9848add519bb7e63 url=https://prehraj.to/mala-morska-vila-2023/9848add519bb7e63
[16:29:40]   resolved in 5.7s → 720p (https://pf-storage3.premiumcdn.net/162358781/yDoTwQcQztRgtdVuMpuaKcqEsxrhjPCkVs2…)
[16:30:59]   downloaded 2,324.0 MB in 77.3s (30.1 MB/s)
[16:32:52]   upload done video_id=26046066 in 113.1s
[16:32:53] film cr_film_id=1601 OK in 200.1s
[16:32:53] iteration 9/20
[16:32:53] film cr_film_id=1605 name='Dungeons & Dragons: Čest zlodějů (2023) CZ Dabing' candidates=3
[16:32:53]   candidate upload_id=d410c582230db789 url=https://prehraj.to/2023-cest-zlodeju-cz-dabing-dobrodruzny-fantasy-m-v-avi/d410c582230db789
[16:32:54]   resolved in 1.0s → 480p (https://pf-storage3.premiumcdn.net/162147746/gxetXqT6OH8AS2Qcq8FReT9XtwZulMcx4IA…)
[16:34:04]   downloaded 1,609.7 MB in 69.5s (23.2 MB/s)
[16:35:07]   upload done video_id=26046172 in 62.6s
[16:35:08] film cr_film_id=1605 OK in 135.4s
[16:35:08] iteration 10/20
[16:35:08] film cr_film_id=1609 name='S nasazením života (1993) CZ Dabing' candidates=8
[16:35:08]   candidate upload_id=63363194a60af url=https://prehraj.to/s-nasazenim-zivota-1993-krimi-drama-thriller-akcni-mysteriozni-1080p-bdrip-cz-dabing-title-https-uloz-to-partner-314657/63363194a60af
[16:35:09]   resolved in 1.0s → 720p (https://pf-storage1.premiumcdn.net/33527302/345cBjUlPTVwI08Cg5HWgUZkfy3hvoTBESQo…)
[16:37:03]   downloaded 1,934.3 MB in 112.0s (17.3 MB/s)
[16:38:08]   upload done video_id=26046274 in 65.4s
[16:38:10] film cr_film_id=1609 OK in 181.3s
[16:38:10] iteration 11/20
[16:38:10] film cr_film_id=1611 name='Žít (2022) CZ' candidates=1
[16:38:10]   candidate upload_id=5868182ba0d5f574 url=https://prehraj.to/zit-az-do-konce-2021-cz-mp4/5868182ba0d5f574
[16:38:11]   resolved in 1.0s → 1080p (https://pf-storage1.premiumcdn.net/156098195/yZofV4F10HKLU76i9AukyFOzcLOs12tMdHP…)
[16:39:20]   downloaded 2,001.0 MB in 68.2s (29.3 MB/s)
[16:40:42]   upload done video_id=26046345 in 82.0s
[16:40:44] film cr_film_id=1611 OK in 154.1s
[16:40:44] iteration 12/20
[16:40:44] film cr_film_id=1615 name='Kde zpívají raci (2022) CZ Dabing' candidates=4
[16:40:44]   candidate upload_id=bfe36796e1de678a url=https://prehraj.to/kde-zpivaji-raci-2022-cz-dab-1080p/bfe36796e1de678a
[16:40:45]   resolved in 1.2s → 1080p (https://pf-storage5.premiumcdn.net/162131282/zbgHGyfBNtz0tD9hr8iqjfGpsOKC85C1RTG…)
[16:42:13]   downloaded 1,865.6 MB in 86.9s (21.5 MB/s)
[16:43:20]   upload done video_id=26046438 in 67.3s
[16:43:22] film cr_film_id=1615 OK in 158.1s
[16:43:22] iteration 13/20
[16:43:22] film cr_film_id=1619 name='Hra špiónů (2020) CZ' candidates=1
[16:43:22]   candidate upload_id=6807f0957dfe6 url=https://prehraj.to/hra-spionu-2020-cz-1080p/6807f0957dfe6
[16:43:23]   resolved in 0.8s → 720p (https://pf-storage3.premiumcdn.net/135892916/KZ0h1JSj6u1ehaoIXEIVJSo1fMQhkQT9Phm…)
[16:44:02]   downloaded 1,209.3 MB in 37.8s (32.0 MB/s)
[16:44:46]   upload done video_id=26046491 in 44.8s
[16:44:48] film cr_film_id=1619 OK in 85.7s
[16:44:48] iteration 14/20
[16:44:48] film cr_film_id=1625 name='Apollo 10 ½: Dítě kosmického věku (2022) CZ Dabing' candidates=1
[16:44:48]   candidate upload_id=624879c63f58d url=https://prehraj.to/apollo-10-12-dite-kosmickeho-veku-2022-czdab/624879c63f58d
[16:44:49]   resolved in 1.1s → 1080p (https://pf-storage4.premiumcdn.net/30303611/7vZfYxineFdDTY0ieyIr4i78HOjtP7hDvHj3…)
[16:46:26]   downloaded 2,359.3 MB in 96.3s (24.5 MB/s)
[16:48:10]   upload done video_id=26046574 in 104.1s
[16:48:12] film cr_film_id=1625 OK in 204.1s
[16:48:12] iteration 15/20
[16:48:12] film cr_film_id=1631 name='Ovečka Shaun: Vánoční příběh (2021) CZ' candidates=2
[16:48:12]   candidate upload_id=3b901340d0050846 url=https://prehraj.to/ovecka-shaun-vanocni-pribeh-2021-mp4/3b901340d0050846
[16:48:13]   resolved in 0.8s → 1080p (https://pf-storage4.premiumcdn.net/155021754/qgOtqmuZntWNf7NfnEhzeu0GFxofr7HNnS8…)
[16:50:12]   downloaded 747.4 MB in 117.9s (6.3 MB/s)
[16:50:39]   upload done video_id=26046696 in 27.1s
[16:50:41] film cr_film_id=1631 OK in 149.1s
[16:50:41] iteration 16/20
[16:50:41] film cr_film_id=1637 name='Zaklínač: Vlčí sen (2021) CZ Dabing' candidates=8
[16:50:41]   candidate upload_id=6124d070e0ee2 url=https://prehraj.to/zaklinac-vlci-sen-the-witcher-nightmare-of-the-wolf-2021-1080p-webrip-ac3-5-1-cz-dab/6124d070e0ee2
[16:50:43]   resolved in 2.0s → 1080p (https://pf-storage1.premiumcdn.net/24692255/mn1tAQsoYuj5fAxuGxIpLsq6hMAtaxfQASOL…)
[16:51:42]   downloaded 1,692.8 MB in 57.9s (29.2 MB/s)
[16:52:55]   upload done video_id=26046746 in 73.0s
[16:52:57] film cr_film_id=1637 OK in 135.7s
[16:52:57] iteration 17/20
[16:52:57] film cr_film_id=1643 name='Minamata (2020) CZ Dabing' candidates=1
[16:52:57]   candidate upload_id=fab8baa5fca045c9 url=https://prehraj.to/minamata-2020-cz-dabing/fab8baa5fca045c9
[16:52:57]   resolve FAILED: HTTP 502 wrapping permanent upstream error: https://prehraj.to/minamata-2020-cz-dabing/fab8baa5fca045c9 (permanent=True)
[16:52:57] film cr_film_id=1643 all candidates exhausted
[16:52:57] iteration 18/20
[16:52:57] film cr_film_id=1645 name='Zpráva (2019) CZ Dabing' candidates=2
[16:52:57]   candidate upload_id=1c9fc8bd4b40f7ad url=https://prehraj.to/zprava-2019-cz-dab-1080p/1c9fc8bd4b40f7ad
[16:53:03]   resolved in 5.8s → 720p (https://pf-storage3.premiumcdn.net/166762844/rL1H0af9vhm9tKjfRxtnNfd9T1pU6rIdbSo…)
[16:53:52]   downloaded 1,200.0 MB in 47.3s (25.4 MB/s)
[16:54:44]   upload done video_id=26046814 in 52.5s
[16:54:45] film cr_film_id=1645 OK in 108.0s
[16:54:45] iteration 19/20
[16:54:45] film cr_film_id=1647 name='Princezna se zlatou hvězdou (1959) CZ Dabing' candidates=12
[16:54:45]   candidate upload_id=5fe288b2743f5 url=https://prehraj.to/princezna-se-zlatou-hvezdou-cz-dabing-1959/5fe288b2743f5
[16:54:47]   resolved in 1.4s → 480p (https://pf-storage4.premiumcdn.net/20975313/X6VUNMuKAhNRsGXSYwFKwuk2igMi51HvkSR5…)
[16:55:05]   downloaded 576.1 MB in 17.3s (33.3 MB/s)
[16:55:33]   upload done video_id=26046860 in 27.3s
[16:55:34] film cr_film_id=1647 OK in 48.6s
[16:55:34] iteration 20/20
[16:55:34] film cr_film_id=1649 name='Bouře duší (2019) CZ Dabing' candidates=11
[16:55:34]   candidate upload_id=5ff0f1a106ff3 url=https://prehraj.to/boure-dusi-2019-cz-dabing/5ff0f1a106ff3
[16:55:35]   resolved in 0.9s → 720p (https://pf-storage3.premiumcdn.net/21210930/RMnFxlhmkC7mC8mcONUVohJgimotRoiE8tgb…)
[16:57:25]   downloaded 3,246.8 MB in 109.2s (29.7 MB/s)
[16:59:44]   upload done video_id=26046940 in 138.8s
[16:59:46] film cr_film_id=1649 OK in 251.9s
[16:59:46] batch-end ok=19 failed=1 dur=2785.5s avg/film=146.6s remaining=16846 eta_hours=686.0

===== run 2026-06-17T17:00:15Z shard=1/2 batch_size=20 (https://github.com/Olbrasoft/prehrajto-to-prehrajto/actions/runs/27705852114) =====
[17:00:17] description overrides loaded: 1287 from /home/runner/work/prehrajto-to-prehrajto/prehrajto-to-prehrajto/state/email-generated-descriptions-v3.jsonl
[17:00:17] batch-start shard=1/2 count=20 backlog=17650 uploads=804 failed_attempts=56 description_overrides=1287
[17:00:17] login
[17:00:18] login done
[17:00:18] iteration 1/20
[17:00:18] film cr_film_id=1659 name='Sladký chlapec (2019) CZ Dabing' candidates=1
[17:00:18]   candidate upload_id=5f37ba7c99602 url=https://prehraj.to/honey-boy-2019-cz-dabing-bst/5f37ba7c99602
[17:00:19]   resolved in 1.1s → 480p (https://pf-storage1.premiumcdn.net/18029058/bBDc73HwjSKzIRkuBmHGYHb3f89TqnfDWTGk…)
[17:00:40]   downloaded 400.3 MB in 18.4s (21.8 MB/s)
[17:00:58]   upload done video_id=26047043 in 18.4s
[17:01:00] film cr_film_id=1659 OK in 41.3s
[17:01:00] iteration 2/20
[17:01:00] film cr_film_id=1663 name='Most do země Terabithia (2007) CZ Dabing' candidates=2
[17:01:00]   candidate upload_id=5cdc51f376278 url=https://prehraj.to/most-do-zeme-terabithia-2007-czdab/5cdc51f376278
[17:01:01]   resolved in 1.1s → 480p (https://pf-storage5.premiumcdn.net/13384197/4mLfW3iGkFwXs62FdRTKZiZdHObfExc4WhbE…)
[17:01:32]   downloaded 692.0 MB in 29.1s (23.8 MB/s)
[17:02:02]   upload done video_id=26047076 in 30.2s
[17:02:03] film cr_film_id=1663 OK in 63.6s
[17:02:03] iteration 3/20
[17:02:03] film cr_film_id=1669 name='Vysoká dívka (2019) CZ Dabing' candidates=1
[17:02:03]   candidate upload_id=5d852e397f4e9 url=https://prehraj.to/vysoka-divka-tall-girl-2019-cz-dabing/5d852e397f4e9
[17:02:04]   resolved in 1.2s → 1080p (https://pf-storage1.premiumcdn.net/14893825/zqQcMxh47UY8tqVfoBT2XhQ8IDdsYBC3eC0Q…)
[17:04:25]   downloaded 2,177.3 MB in 138.8s (15.7 MB/s)
[17:06:17]   upload done video_id=26047159 in 112.1s
[17:06:19] film cr_film_id=1669 OK in 255.5s
[17:06:19] iteration 4/20
[17:06:19] film cr_film_id=1673 name='Jmenuju se Dolemite (2019) CZ Dabing' candidates=2
[17:06:19]   candidate upload_id=5db5d67de3011 url=https://prehraj.to/jmenuju-se-dolemite-2019-cz-dabing/5db5d67de3011
[17:06:20]   resolved in 1.0s → 1080p (https://pf-storage2.premiumcdn.net/15138052/yrZtmlh7DHVGcKqhZDiY4hVXt8nUqeFbqcXB…)
[17:09:02]   downloaded 4,285.1 MB in 161.0s (26.6 MB/s)
[17:11:58]   upload done video_id=26047296 in 176.2s
[17:12:00] film cr_film_id=1673 OK in 341.5s
[17:12:00] iteration 5/20
[17:12:00] film cr_film_id=1675 name='Tři kroky od sebe (2019) CZ Dabing' candidates=3
[17:12:00]   candidate upload_id=6214c4a77fbb6 url=https://prehraj.to/tri-kroky-od-sebe-five-feet-apart-2019-hd-cz-dabing/6214c4a77fbb6
[17:12:01]   resolved in 1.2s → 720p (https://pf-storage3.premiumcdn.net/29603957/gE4hZkTj5SOlTXyfkxf8jTKluNxHVeiMkU5l…)
[17:13:01]   downloaded 1,792.9 MB in 58.3s (30.8 MB/s)
[17:14:21]   upload done video_id=26047413 in 80.0s
[17:14:23] film cr_film_id=1675 OK in 142.6s
[17:14:23] iteration 6/20
[17:14:23] film cr_film_id=1681 name='Motýlek (2017) CZ Dabing' candidates=16
[17:14:23]   candidate upload_id=60659a02bc109 url=https://prehraj.to/motyl-utek-z-vazenia-2017-1080p-cz-dabing/60659a02bc109
[17:14:26]   resolved in 2.9s → 720p (https://pf-storage1.premiumcdn.net/22909179/1P0cMgijwUKLFp9sz1f7ViqVCbnhR1TL5F7V…)
[17:16:34]   downloaded 2,599.4 MB in 125.8s (20.7 MB/s)
[17:18:24]   upload done video_id=26047518 in 110.8s
[17:18:26] film cr_film_id=1681 OK in 243.2s
[17:18:26] iteration 7/20
[17:18:26] film cr_film_id=1683 name='Lovec démonů (2001) CZ Dabing' candidates=5
[17:18:26]   candidate upload_id=5ec444a87c00c url=https://prehraj.to/lovec-demonu-2001-czdabing/5ec444a87c00c
[17:18:27]   resolved in 1.1s → 1080p (https://pf-storage1.premiumcdn.net/16594647/POgFVEsOaceYf6VhegUgjsRPSwztokSj7Cmn…)
[17:19:39]   downloaded 2,116.6 MB in 70.2s (30.2 MB/s)
[17:19:39]   upload FAILED after 0.1s: ('Connection aborted.', RemoteDisconnected('Remote end closed connection without response'))
[17:19:39]   candidate upload_id=5b9c2cb73a506 url=https://prehraj.to/lovec-demonu-2001-cz-dabing/5b9c2cb73a506
[17:19:41]   resolved in 2.3s → 720p (https://pf-storage5.premiumcdn.net/6161404/1QdiOaflOhD8cyJu3DS7KfpQhwkuXoCG9SK8S…)
[17:21:01]   downloaded 1,013.3 MB in 78.0s (13.0 MB/s)
[17:21:46]   upload done video_id=26047648 in 45.4s
[17:21:48] film cr_film_id=1683 OK in 202.1s
[17:21:48] iteration 8/20
[17:21:48] film cr_film_id=1685 name='Šampióni (2018) CZ Dabing' candidates=1
[17:21:48]   candidate upload_id=68ec50d00f149 url=https://prehraj.to/sampioni-2018-cz-dab-1080p/68ec50d00f149
[17:21:49]   resolved in 1.2s → 1080p (https://pf-storage5.premiumcdn.net/151186560/bwPIZJFmZuDEtrkU5JiP3FmQIovs1gtjLho…)
[17:23:18]   downloaded 2,667.6 MB in 87.0s (30.7 MB/s)
[17:25:08]   upload done video_id=26047715 in 110.2s
[17:25:10] film cr_film_id=1685 OK in 201.8s
[17:25:10] iteration 9/20
[17:25:10] film cr_film_id=1687 name='Seznamte se, Joe Black (1998) CZ Dabing' candidates=16
[17:25:10]   candidate upload_id=636555ea04148 url=https://prehraj.to/seznamte-se-joe-black-meet-joe-black-1998-cz-dab-tit-1080p-bluray/636555ea04148
[17:25:11]   resolved in 1.1s → 720p (https://pf-storage1.premiumcdn.net/34291315/6w4fWNFVKCbzUNLtl3s8EFMDSW0CX3hDZSxq…)
[17:26:37]   downloaded 2,652.5 MB in 85.1s (31.2 MB/s)
[17:28:53]   upload done video_id=26047811 in 135.8s
[17:28:54] film cr_film_id=1687 OK in 224.8s
[17:28:54] iteration 10/20
[17:28:54] film cr_film_id=1691 name='Mongol - Čingischán (2007) CZ Dabing' candidates=7
[17:28:54]   candidate upload_id=5a5e87e2c5d23 url=https://prehraj.to/mongol-cingischan-2007-cz-dabing/5a5e87e2c5d23
[17:28:56]   resolved in 1.1s → 480p (https://pf-storage1.premiumcdn.net/3295089/4d5fyDsg5i05cyVhr5UM0sl0IRoFyoiEaFaEI…)
[17:29:34]   downloaded 889.9 MB in 36.7s (24.2 MB/s)
[17:30:14]   upload done video_id=26047894 in 39.6s
[17:30:15] film cr_film_id=1691 OK in 80.8s
[17:30:15] iteration 11/20
[17:30:15] film cr_film_id=1693 name='Od soumraku do úsvitu (1996) CZ Dabing' candidates=5
[17:30:15]   candidate upload_id=67279f191b7f9 url=https://prehraj.to/od-soumraku-do-usvitu-akcni-horor-thriller-krimi-1996-cz-dab/67279f191b7f9
[17:30:16]   resolved in 1.0s → 1080p (https://pf-storage1.premiumcdn.net/105417698/rRMc4DTZ2ceyFPBsx0fB7TMbC3msL5SP8cN…)
[17:31:41]   downloaded 2,538.6 MB in 82.8s (30.7 MB/s)
[17:33:28]   upload done video_id=26047953 in 107.1s
[17:33:30] film cr_film_id=1693 OK in 194.3s
[17:33:30] iteration 12/20
[17:33:30] film cr_film_id=1695 name='Muž ve stínu (2010) CZ Dabing' candidates=3
[17:33:30]   candidate upload_id=421ac2958f6909a8 url=https://prehraj.to/muz-ve-stinu-2010-cz-dab-1080p/421ac2958f6909a8
[17:33:30]   resolve FAILED: HTTP 502 wrapping permanent upstream error: https://prehraj.to/muz-ve-stinu-2010-cz-dab-1080p/421ac2958f6909a8 (permanent=True)
[17:33:30]   candidate upload_id=1b538876f3d57cfe url=https://prehraj.to/muz-ve-stinu-2010-cz-dab-1080p-mp4/1b538876f3d57cfe
[17:33:36]   resolve FAILED: HTTP 502 wrapping permanent upstream error: https://prehraj.to/muz-ve-stinu-2010-cz-dab-1080p-mp4/1b538876f3d57cfe (permanent=True)
[17:33:36]   candidate upload_id=68820dc4e6ab5 url=https://prehraj.to/roman-polanski-muz-ve-stinu-cz-dabing-mp4/68820dc4e6ab5
[17:33:42]   resolved in 5.9s → 480p (https://pf-storage4.premiumcdn.net/142085924/eoyfBDhk2S3whv0F4xhZQh0yTDrf1kFv0U4…)
[17:34:07]   downloaded 695.6 MB in 24.3s (28.6 MB/s)
[17:34:45]   upload done video_id=26048025 in 37.5s
[17:34:46] film cr_film_id=1695 OK in 76.7s
[17:34:46] iteration 13/20
[17:34:46] film cr_film_id=1699 name='Velký Gatsby (2013) CZ Dabing' candidates=2
[17:34:46]   candidate upload_id=67f1bb45ea4df url=https://prehraj.to/velky-gatsby-2013-fullhd-czdabing/67f1bb45ea4df
[17:34:47]   resolved in 0.8s → 720p (https://pf-storage4.premiumcdn.net/134284637/yyKsN8H8nCL1UGniYLtrJH07TDyUwmud6C2…)
[17:38:41]   downloaded 3,704.5 MB in 232.7s (15.9 MB/s)
[17:41:34]   upload done video_id=26048149 in 173.1s
[17:41:36] film cr_film_id=1699 OK in 410.0s
[17:41:36] iteration 14/20
[17:41:36] film cr_film_id=1707 name='Nepřátelé (2017) CZ Dabing' candidates=7
[17:41:36]   candidate upload_id=670516083edbb url=https://prehraj.to/nepratele-hostiles-2017-cz-dabing-fullhd-1080p/670516083edbb
[17:41:37]   resolved in 1.0s → 720p (https://pf-storage3.premiumcdn.net/100735340/dKWuX0fxjIdmUjoHAPskAfDVSMXFjDT2zco…)
[17:42:17]   downloaded 1,117.8 MB in 38.3s (29.2 MB/s)
[17:43:06]   upload done video_id=26048258 in 49.1s
[17:43:07] film cr_film_id=1707 OK in 91.2s
[17:43:07] iteration 15/20
[17:43:07] film cr_film_id=1709 name='Saljut-7 (2017) CZ' candidates=1
[17:43:07]   candidate upload_id=5ff7dd3dcb1ca url=https://prehraj.to/prvni-2017-historicky-film-rusko/5ff7dd3dcb1ca
[17:43:08]   resolved in 0.9s → 480p (https://pf-storage1.premiumcdn.net/21328275/2dLhyWsoWuz5CdAUBYs8jsr8HXaUqESLNTpk…)
[17:43:32]   downloaded 635.6 MB in 22.6s (28.1 MB/s)
[17:44:01]   upload done video_id=26048289 in 29.0s
[17:44:03] film cr_film_id=1709 OK in 55.6s
[17:44:03] iteration 16/20
[17:44:03] film cr_film_id=1713 name='Vratné lahve (2007) CZ' candidates=16
[17:44:03]   candidate upload_id=5c3298c2420a6 url=https://prehraj.to/vratne-lahve-cz-film-2007-vanocni/5c3298c2420a6
[17:44:04]   resolved in 0.8s → 480p (https://pf-storage1.premiumcdn.net/10617254/APys5BinltDgU93FbOt6LiZ5uRLFaDC3ZTJ2…)
[17:45:49]   downloaded 762.6 MB in 103.9s (7.3 MB/s)
[17:46:28]   upload done video_id=26048346 in 38.8s
[17:46:29] film cr_film_id=1713 OK in 146.1s
[17:46:29] iteration 17/20
[17:46:29] film cr_film_id=1719 name='Anthropoid (2016) CZ Dabing' candidates=35
[17:46:29]   candidate upload_id=5eb8b677c503e url=https://prehraj.to/anthropoid-2016-czdabing/5eb8b677c503e
[17:46:30]   resolved in 1.0s → 720p (https://pf-storage1.premiumcdn.net/16495000/V3yI8qFr8snWSEZcmwHajFVbH23cL0hA2tXj…)
[17:49:36]   downloaded 2,355.6 MB in 184.4s (12.8 MB/s)
[17:51:13]   upload done video_id=26048446 in 97.1s
[17:51:15] film cr_film_id=1719 OK in 285.8s
[17:51:15] iteration 18/20
[17:51:15] film cr_film_id=1721 name='Menu (2022) CZ Dabing' candidates=5
[17:51:15]   candidate upload_id=6f74ac4c26342d3b url=https://prehraj.to/menu-1080p-2022-cz-dabing/6f74ac4c26342d3b
[17:51:16]   resolved in 1.4s → 720p (https://pf-storage3.premiumcdn.net/168951445/z1qSJ6IMvUJeu4LSxNUVKILzfR7HlBHG8cd…)
[17:52:42]   downloaded 830.8 MB in 83.9s (9.9 MB/s)
[17:53:18]   upload done video_id=26048555 in 36.1s
[17:53:19] film cr_film_id=1721 OK in 124.3s
[17:53:19] iteration 19/20
[17:53:19] film cr_film_id=1733 name='Fantastická zvířata a kde je najít (2016) CZ Dabing' candidates=5
[17:53:19]   candidate upload_id=67ec916644bfd url=https://prehraj.to/fantasticka-zvirata-a-kde-je-najit-1-2016-cz-dabing/67ec916644bfd
[17:53:20]   resolve FAILED: HTTP 502 wrapping permanent upstream error: https://prehraj.to/fantasticka-zvirata-a-kde-je-najit-1-2016-cz-dabing/67ec916644bfd (permanent=True)
[17:53:20]   candidate upload_id=0283d56b42477532 url=https://prehraj.to/fantasticka-zvirata-1-a-kde-je-najit-2016-uhdrdv-cz-sk-en-mkv/0283d56b42477532
[17:53:27]   resolved in 7.4s → 1080p (https://pf-storage1.premiumcdn.net/163415804/pn6FlzsOnSxeIPnUV8C5ZsA8hZMh07hXlUo…)
[17:57:35]   downloaded 3,511.3 MB in 246.3s (14.3 MB/s)
[17:59:59]   upload done video_id=26048689 in 144.2s
[18:00:01] film cr_film_id=1733 OK in 401.4s
[18:00:01] iteration 20/20
[18:00:01] film cr_film_id=1735 name='Ať žije nebožtík (1935) CZ' candidates=2
[18:00:01]   candidate upload_id=64905f5bb6f2b url=https://prehraj.to/at-zije-neboztik-1935-1080p-web-dl-x264-r-i-h/64905f5bb6f2b
[18:00:02]   resolved in 1.3s → 1080p (https://pf-storage3.premiumcdn.net/41751655/71LHlZhy4U6eFaNsXRsakhmpHKNUozck2UMa…)
[18:16:33]   downloaded 1,664.4 MB in 989.4s (1.7 MB/s)
[18:17:40]   upload done video_id=26049351 in 66.8s
[18:17:42] film cr_film_id=1735 OK in 1061.1s
[18:17:42] batch-end ok=20 failed=0 dur=4643.5s avg/film=232.2s remaining=16826 eta_hours=1085.3

===== run 2026-06-17T18:18:19Z shard=1/2 batch_size=20 (https://github.com/Olbrasoft/prehrajto-to-prehrajto/actions/runs/27710313175) =====
[18:18:20] description overrides loaded: 1886 from /home/runner/work/prehrajto-to-prehrajto/prehrajto-to-prehrajto/state/email-generated-descriptions-v3.jsonl
[18:18:20] batch-start shard=1/2 count=20 backlog=17650 uploads=824 failed_attempts=60 description_overrides=1886
[18:18:20] login
[18:18:21] login done
[18:18:21] iteration 1/20
[18:18:21] film cr_film_id=1751 name='Spirit - divoký hřebec (2002) CZ Dabing' candidates=2
[18:18:21]   candidate upload_id=605e683436111 url=https://prehraj.to/spirit-divoky-hrebec-2002-czdab/605e683436111
[18:18:23]   resolved in 1.3s → 720p (https://pf-storage5.premiumcdn.net/22831401/admszkcmWhDGTQJHl5FZvcq0TyNTQzsJgiYZ…)
[18:22:19]   downloaded 1,301.7 MB in 235.1s (5.5 MB/s)
[18:23:21]   upload done video_id=26049567 in 62.0s
[18:23:23] film cr_film_id=1751 OK in 301.9s
[18:23:23] iteration 2/20
[18:23:23] film cr_film_id=1759 name='Učitelka (2016) CZ' candidates=1
[18:23:23]   candidate upload_id=5fe2b0e594b85 url=https://prehraj.to/ucitelka-2016-cesky-film/5fe2b0e594b85
[18:23:25]   resolved in 1.5s → 480p (https://pf-storage2.premiumcdn.net/20977521/398sGnhR0Ca2CY1hVkHP9hAPCDRtP6HrlHEb…)
[18:23:49]   downloaded 469.7 MB in 22.4s (21.0 MB/s)
[18:24:15]   upload done video_id=26049619 in 25.7s
[18:24:16] film cr_film_id=1759 OK in 52.8s
[18:24:16] iteration 3/20
[18:24:16] film cr_film_id=1763 name='Hledá se Dory (2016) CZ Dabing' candidates=62
[18:24:16]   candidate upload_id=597522769828b url=https://prehraj.to/hleda-se-dori-hd-1080p-cz-dabing-2015-animovany-lehi/597522769828b
[18:24:17]   resolved in 1.1s → 1080p (https://pf-storage1.premiumcdn.net/2459382/n2Qtk4FjZcRNuD0S0ViAWFWYFgLHREfRMfJNH…)
[18:26:13]   downloaded 2,647.3 MB in 114.2s (23.2 MB/s)
[18:28:34]   upload done video_id=26049714 in 140.8s
[18:28:35] film cr_film_id=1763 OK in 259.4s
[18:28:35] iteration 4/20
[18:28:35] film cr_film_id=1767 name='Muž, který poznal nekonečno (2015) CZ Dabing' candidates=6
[18:28:35]   candidate upload_id=60f54a027b066 url=https://prehraj.to/muz-ktery-poznal-nekonecno-2015-cz-dabing-1080p/60f54a027b066
[18:28:37]   resolved in 1.3s → 720p (https://pf-storage5.premiumcdn.net/24325926/08dIY1ho2T98H1OskDsRjhXeCnPCblfmvIoj…)
[18:29:46]   downloaded 1,549.3 MB in 67.8s (22.9 MB/s)
[18:31:00]   upload done video_id=26049829 in 73.6s
[18:31:02] film cr_film_id=1767 OK in 146.1s
[18:31:02] iteration 5/20
[18:31:02] film cr_film_id=1769 name='Komorník (2013) CZ Dabing' candidates=4
[18:31:02]   candidate upload_id=55c6c0cc18006 url=https://prehraj.to/komornik-2013-czdab-x264/55c6c0cc18006
[18:31:03]   resolved in 1.1s → 480p (https://pf-storage2.premiumcdn.net/112115/DQXF1wTK6t8BuQ8CErUY4TmjFK6TW8i7qcxbtm…)
[18:48:21]   downloaded 605.3 MB in 1036.4s (0.6 MB/s)
[18:48:58]   upload done video_id=26050393 in 37.2s
[18:49:00] film cr_film_id=1769 OK in 1078.3s
[18:49:00] iteration 6/20
[18:49:00] film cr_film_id=1775 name='Pokojný bojovník (2006) CZ Dabing' candidates=21
[18:49:00]   candidate upload_id=5abde1d0d4104 url=https://prehraj.to/pokojny-bojovnik-2006-cz-dabing/5abde1d0d4104
[18:49:01]   resolved in 1.1s → 480p (https://pf-storage5.premiumcdn.net/3774721/66YhNVsMVfyECXpfPmsEasKZSM9u4mS7qf28u…)
[19:00:28]   downloaded 459.6 MB in 685.0s (0.7 MB/s)
[19:01:01]   upload done video_id=26050746 in 33.6s
[19:01:03] film cr_film_id=1775 OK in 723.4s
[19:01:03] iteration 7/20
[19:01:03] film cr_film_id=1785 name='Čistá práce (2008) CZ Dabing' candidates=10
[19:01:03]   candidate upload_id=637e06f736089 url=https://prehraj.to/cista-prace-the-bank-job-2008-akcni-krimi-drama-1080p-cz-dabing/637e06f736089
[19:01:04]   resolved in 1.2s → 720p (https://pf-storage3.premiumcdn.net/34798486/ozWT7pHaYFN7h4wFAdhKwHPbFKmtv7S9QSxo…)
[19:02:17]   downloaded 1,986.9 MB in 71.1s (27.9 MB/s)
[19:04:17]   upload done video_id=26050800 in 119.5s
[19:04:18] film cr_film_id=1785 OK in 195.0s
[19:04:18] iteration 8/20
[19:04:18] film cr_film_id=1787 name='Divoká stvoření jižních krajin (2012) CZ Dabing' candidates=6
[19:04:18]   candidate upload_id=59fdcb747f768 url=https://prehraj.to/bozi-stvoreni-2013-bdrip-cz-dabing/59fdcb747f768
[19:04:20]   resolved in 1.6s → 720p (https://pf-storage1.premiumcdn.net/2892567/eDAS6zUwqt5kTlnsy8fdEUeYtoZsLMtVnu5lu…)
[19:05:10]   downloaded 1,094.8 MB in 48.6s (22.5 MB/s)
[19:06:16]   upload done video_id=26050886 in 65.1s
[19:06:17] film cr_film_id=1787 OK in 118.9s
[19:06:17] iteration 9/20
[19:06:17] film cr_film_id=1789 name='Věčně mladá (2015) CZ Dabing' candidates=32
[19:06:17]   candidate upload_id=64760e42b10d1 url=https://prehraj.to/vecne-mlada-the-age-of-adaline-2015-1080p-x264-cz-dabing/64760e42b10d1
[19:06:18]   resolved in 1.3s → 1080p (https://pf-storage3.premiumcdn.net/41218375/9qoFVPs4dUPXI5dcdYHqksDOfOPiRYF9dhJk…)
[19:08:18]   downloaded 3,297.4 MB in 117.7s (28.0 MB/s)
[19:11:40]   upload done video_id=26050985 in 202.1s
[19:11:41] film cr_film_id=1789 OK in 324.3s
[19:11:41] iteration 10/20
[19:11:41] film cr_film_id=1791 name='Krycí jméno U.N.C.L.E. (2015) CZ Dabing' candidates=29
[19:11:41]   candidate upload_id=5ab504082ce55 url=https://prehraj.to/kryci-jmeno-u-n-c-l-e-akcni-cz-dab-2015-jad/5ab504082ce55
[19:11:42]   resolved in 1.0s → 480p (https://pf-storage4.premiumcdn.net/3708723/KKziaDCN3C0zh2kFzqINlCe8fWluD7hokTmMh…)
[19:18:46]   downloaded 595.4 MB in 422.0s (1.4 MB/s)
[19:19:36]   upload done video_id=26051295 in 49.3s
[19:19:37] film cr_film_id=1791 OK in 475.8s
[19:19:37] iteration 11/20
[19:19:37] film cr_film_id=1797 name='Královna Viktorie (2009) CZ Dabing' candidates=6
[19:19:37]   candidate upload_id=592d2811ce970 url=https://prehraj.to/kralovna-viktorie-2009-cz-dabing/592d2811ce970
[19:19:38]   resolved in 1.1s → 480p (https://pf-storage2.premiumcdn.net/2277895/NGLIv8uj0SvVtGMhLGh1KuN7F7Wi1ESXrFbXf…)
[19:20:07]   downloaded 628.4 MB in 27.3s (23.0 MB/s)
[19:20:39]   upload done video_id=26051329 in 31.1s
[19:20:40] film cr_film_id=1797 OK in 62.8s
[19:20:40] iteration 12/20
[19:20:40] film cr_film_id=1799 name='Žena v kleci (2013) CZ Dabing' candidates=7
[19:20:40]   candidate upload_id=658d001e33e36 url=https://prehraj.to/zena-v-kleci-2013-krimi-czdab/658d001e33e36
[19:20:41]   resolved in 1.1s → 480p (https://pf-storage5.premiumcdn.net/71849072/k1mTAWFavTAKFJDtq8tYwFybt1xS8yS0BI9K…)
[19:22:31]   downloaded 556.4 MB in 108.6s (5.1 MB/s)
[19:23:00]   upload done video_id=26051399 in 29.3s
[19:23:02] film cr_film_id=1799 OK in 142.0s
[19:23:02] iteration 13/20
[19:23:02] film cr_film_id=1803 name='A.I.: Umělá inteligence (2001) CZ Dabing' candidates=3
[19:23:02]   candidate upload_id=665c76f60ba51 url=https://prehraj.to/a-i-umela-inteligence-2001-cz-dab/665c76f60ba51
[19:23:03]   resolved in 1.2s → 720p (https://pf-storage3.premiumcdn.net/77990504/MrDHXxFDZS39FpAh26HQgF50IvXTkEu6KTgA…)
[19:27:21]   downloaded 1,904.4 MB in 256.7s (7.4 MB/s)
[19:28:59]   upload done video_id=26051585 in 97.9s
[19:29:01] film cr_film_id=1803 OK in 358.9s
[19:29:01] iteration 14/20
[19:29:01] film cr_film_id=1805 name='Patriot (2000) CZ Dabing' candidates=3
[19:29:01]   candidate upload_id=566574723ce83f36 url=https://prehraj.to/patriot-2000-hist-czdab-mkv/566574723ce83f36
[19:29:02]   resolved in 1.3s → 720p (https://pf-storage4.premiumcdn.net/161655782/2m1HymU8yCK2fJYcPLUD7UYkcexcboCaos7…)
[19:31:47]   downloaded 4,316.2 MB in 162.7s (26.5 MB/s)
[19:35:28]   upload done video_id=26051869 in 220.8s
[19:35:29] film cr_film_id=1805 OK in 388.3s
[19:35:29] iteration 15/20
[19:35:29] film cr_film_id=1807 name='Nezlomný (2014) CZ Dabing' candidates=21
[19:35:29]   candidate upload_id=55fad0150f791 url=https://prehraj.to/nezlomny-unbroken-2014-bdrip-cz-dabing-novinka-hit/55fad0150f791
[19:35:31]   resolved in 1.5s → 480p (https://pf-storage2.premiumcdn.net/321589/kDYtbaTwWIX0H5eS2dtbNTY2hdntkdH3Ktb7S6…)
[19:36:00]   downloaded 681.7 MB in 27.4s (24.9 MB/s)
[19:36:33]   upload done video_id=26052086 in 33.1s
[19:36:34] film cr_film_id=1807 OK in 65.3s
[19:36:34] iteration 16/20
[19:36:34] film cr_film_id=1817 name='Žena (2017) CZ' candidates=2
[19:36:34]   candidate upload_id=5d2722bd08f1d url=https://prehraj.to/zena-jde-napred-western-2017-1080p-x264-cz-62-sten-ok/5d2722bd08f1d
[19:36:36]   resolved in 1.1s → 720p (https://pf-storage5.premiumcdn.net/14388399/Mw6fbEhkatxeuDEIgOTY0hBzig0tyrTQoU2Q…)
[19:37:54]   downloaded 1,752.8 MB in 76.9s (22.8 MB/s)
[19:39:18]   upload done video_id=26052142 in 83.3s
[19:39:19] film cr_film_id=1817 OK in 164.4s
[19:39:19] iteration 17/20
[19:39:19] film cr_film_id=1819 name='Smrtonosná past 2 (1990) CZ Dabing' candidates=19
[19:39:19]   candidate upload_id=5cd13f3a0f717 url=https://prehraj.to/smrtonosna-past-2-1990-hdrip-cz-dabing-m3/5cd13f3a0f717
[19:39:20]   resolved in 1.4s → 480p (https://pf-storage4.premiumcdn.net/13200525/RoLupJUJ4fRjiORTGOSL4UY7SbEc3NCOxFX4…)
[19:40:09]   downloaded 755.6 MB in 46.5s (16.2 MB/s)
[19:40:47]   upload done video_id=26052209 in 38.0s
[19:40:48] film cr_film_id=1819 OK in 88.8s
[19:40:48] iteration 18/20
[19:40:48] film cr_film_id=1821 name='Ranhojič (2013) CZ Dabing' candidates=4
[19:40:48]   candidate upload_id=06e4fe0c4fe006f4 url=https://prehraj.to/ranhojic-2013-cz-dab-1080p/06e4fe0c4fe006f4
[19:40:49]   resolve FAILED: HTTP 502 wrapping permanent upstream error: https://prehraj.to/ranhojic-2013-cz-dab-1080p/06e4fe0c4fe006f4 (permanent=True)
[19:40:49]   candidate upload_id=3f7bab66b9ff9a76 url=https://prehraj.to/ranhojic-2013-cz-dab-1080p/3f7bab66b9ff9a76
[19:40:54]   resolve FAILED: HTTP 502 wrapping permanent upstream error: https://prehraj.to/ranhojic-2013-cz-dab-1080p/3f7bab66b9ff9a76 (permanent=True)
[19:40:54]   candidate upload_id=65c3e809342e2 url=https://prehraj.to/ranhojic-cely-film-hd-1080-x-1920/65c3e809342e2
[19:41:00]   resolved in 6.2s → 1080p (https://pf-storage1.premiumcdn.net/73116281/BB9IxYS03IqjC4lTP1SANSazcw7I20Fk9uRb…)
[19:42:33]   downloaded 2,621.8 MB in 91.2s (28.7 MB/s)
[19:44:41]   upload done video_id=26052285 in 127.8s
[19:44:42] film cr_film_id=1821 OK in 234.7s
[19:44:42] iteration 19/20
[19:44:42] film cr_film_id=1823 name='Piráti z Karibiku: Na konci světa (2007) CZ Dabing' candidates=31
[19:44:42]   candidate upload_id=67a55215d67ae url=https://prehraj.to/pirati-z-karibiku-na-konci-sveta-2007-cz-dabing-1080p-hq/67a55215d67ae
[19:44:44]   resolved in 1.1s → 720p (https://pf-storage5.premiumcdn.net/129260681/PX1hpRsAXSb8t5WCaycXjsx1CAoHXatLRTK…)
[19:46:55]   downloaded 3,787.3 MB in 129.7s (29.2 MB/s)
[19:49:56]   upload done video_id=26052412 in 180.7s
[19:49:57] film cr_film_id=1823 OK in 314.6s
[19:49:57] iteration 20/20
[19:49:57] film cr_film_id=1825 name='Údolí stínů (2002) CZ Dabing' candidates=12
[19:49:57]   candidate upload_id=58089b38c251a url=https://prehraj.to/udoli-stinu-2002-cz-dabing/58089b38c251a
[19:49:58]   resolved in 1.4s → 480p (https://pf-storage5.premiumcdn.net/724295/DyBIPkiwESDPUOzSlAt1Xi2VS4dsYgulkuOnhg…)
[20:01:12]   downloaded 798.8 MB in 671.7s (1.2 MB/s)
[20:01:56]   upload done video_id=26052874 in 44.2s
[20:01:58] film cr_film_id=1825 OK in 721.3s
[20:01:58] batch-end ok=20 failed=0 dur=6217.0s avg/film=310.9s remaining=16806 eta_hours=1451.4

===== run 2026-06-17T20:02:40Z shard=1/2 batch_size=20 (https://github.com/Olbrasoft/prehrajto-to-prehrajto/actions/runs/27716193842) =====
[20:02:42] description overrides loaded: 2655 from /home/runner/work/prehrajto-to-prehrajto/prehrajto-to-prehrajto/state/email-generated-descriptions-v3.jsonl
[20:02:42] batch-start shard=1/2 count=20 backlog=17650 uploads=844 failed_attempts=62 description_overrides=2655
[20:02:42] login
[20:02:44] login done
[20:02:44] iteration 1/20
[20:02:44] film cr_film_id=1827 name='Spongebob v kalhotách: Film (2004) CZ' candidates=2
[20:02:44]   candidate upload_id=63507ea00e06c url=https://prehraj.to/spongebob-v-kratkych-nohaviciach-the-spongebob-squarepants-movie-2004-1080p-bluray-h264-aac-sk/63507ea00e06c
[20:02:45]   resolved in 1.1s → 1080p (https://pf-storage5.premiumcdn.net/34021630/RGbHyZT4LfkAf0KUWncP4TW7iQnt2zurWFep…)
[20:04:22]   downloaded 2,563.2 MB in 95.6s (26.8 MB/s)
[20:06:41]   upload done video_id=26052962 in 138.8s
[20:06:42] film cr_film_id=1827 OK in 238.9s
[20:06:42] iteration 2/20
[20:06:42] film cr_film_id=1831 name='Úsvit mrtvých (2004) CZ Dabing' candidates=16
[20:06:42]   candidate upload_id=68db2f091c8a2 url=https://prehraj.to/usvit-mrtvych-2004-horor-thriller-akcni-cz-dab-fullhd-1080p/68db2f091c8a2
[20:06:44]   resolved in 2.0s → 720p (https://pf-storage5.premiumcdn.net/149052450/wLDuQRiJjf9gC1DcxVcmDilbFNkCNgIpwCj…)
[20:12:47]   downloaded 3,459.4 MB in 361.5s (9.6 MB/s)
[20:16:19]   upload done video_id=26053195 in 212.0s
[20:16:21] film cr_film_id=1831 OK in 578.7s
[20:16:21] iteration 3/20
[20:16:21] film cr_film_id=1833 name='Země bez zákona (2012) CZ Dabing' candidates=8
[20:16:21]   candidate upload_id=618c10d0d19e4 url=https://prehraj.to/zeme-bez-zakona-lawless-2012-1080p-cz-dabing/618c10d0d19e4
[20:16:22]   resolved in 1.1s → 1080p (https://pf-storage5.premiumcdn.net/26365270/QGlfL3cbztaPtLkSpkhQ0cKxhwPtmQfVMTyp…)
[20:18:22]   downloaded 2,988.9 MB in 117.3s (25.5 MB/s)
[20:20:41]   upload done video_id=26053482 in 139.8s
[20:20:43] film cr_film_id=1833 OK in 261.5s
[20:20:43] iteration 4/20
[20:20:43] film cr_film_id=1837 name='Matrix Reloaded (2003) CZ Dabing' candidates=4
[20:20:43]   candidate upload_id=f2fb9e4fd81fdc74 url=https://prehraj.to/matrix-reloaded-2003-cz-dab-1920x800p/f2fb9e4fd81fdc74
[20:20:44]   resolve FAILED: HTTP 502 wrapping permanent upstream error: https://prehraj.to/matrix-reloaded-2003-cz-dab-1920x800p/f2fb9e4fd81fdc74 (permanent=True)
[20:20:44]   candidate upload_id=630c57eb06900 url=https://prehraj.to/matrix-2-2003-czdab/630c57eb06900
[20:20:50]   resolved in 6.2s → 480p (https://pf-storage3.premiumcdn.net/32489494/d45sMQInRuxyfWnsb5u85I5nSvJtpDsQDiW0…)
[20:37:07]   downloaded 889.3 MB in 975.6s (0.9 MB/s)
[20:37:44]   upload done video_id=26054362 in 37.3s
[20:37:46] film cr_film_id=1837 OK in 1023.2s
[20:37:46] iteration 5/20
[20:37:46] film cr_film_id=1847 name='Mupeti (2011) CZ Dabing' candidates=1
[20:37:46]   candidate upload_id=57ca015656312 url=https://prehraj.to/mupeti-2011-czdab/57ca015656312
[20:37:47]   resolved in 1.2s → 480p (https://pf-storage2.premiumcdn.net/13994/q0vuVRcAaHjNTextJQUBRcaXTJNTDbsj1fX5ibD…)
[20:38:18]   downloaded 719.7 MB in 28.7s (25.1 MB/s)
[20:38:51]   upload done video_id=26054432 in 32.9s
[20:38:52] film cr_film_id=1847 OK in 65.9s
[20:38:52] iteration 6/20
[20:38:52] film cr_film_id=1851 name='Mission: Impossible – Poslední zúčtování (2025) CZ Dabing' candidates=4
[20:38:52]   candidate upload_id=2704406e490feacb url=https://prehraj.to/mission-impossible-posledni-zuctovani-2025-1080p-cz-dabing/2704406e490feacb
[20:38:53]   resolve FAILED: HTTP 502 wrapping permanent upstream error: https://prehraj.to/mission-impossible-posledni-zuctovani-2025-1080p-cz-dabing/2704406e490feacb (permanent=True)
[20:38:53]   candidate upload_id=8bb6ab79eb590a9e url=https://prehraj.to/mission-impossible-posledni-zuctovani-2025-cz-dabing-bh/8bb6ab79eb590a9e
[20:38:58]   resolve FAILED: HTTP 502 wrapping permanent upstream error: https://prehraj.to/mission-impossible-posledni-zuctovani-2025-cz-dabing-bh/8bb6ab79eb590a9e (permanent=True)
[20:38:58]   candidate upload_id=0c5b99b1db642629 url=https://prehraj.to/mission-impossible-posledne-zuctovanie-2025/0c5b99b1db642629
[20:39:04]   resolved in 6.0s → 720p (https://pf-storage5.premiumcdn.net/161562533/JMLI0ou3oHJQfryF5jH6lupJh2lc1wcPpFD…)
[20:40:09]   downloaded 1,974.7 MB in 63.4s (31.1 MB/s)
[20:41:34]   upload done video_id=26054548 in 84.9s
[20:41:36] film cr_film_id=1851 OK in 163.8s
[20:41:36] iteration 7/20
[20:41:36] film cr_film_id=1853 name='Hříšný tanec (1987) CZ Dabing' candidates=21
[20:41:36]   candidate upload_id=58289e295cf1c url=https://prehraj.to/hrisny-tanec-dirty-dancing-cz-dabing-1987-by-kamer/58289e295cf1c
[20:41:37]   resolved in 1.1s → 480p (https://pf-storage2.premiumcdn.net/860350/n3ehb0UDKcjvC6bH0zs1nUWYhdGIA0cJ8CkzS6…)
[20:41:58]   downloaded 571.2 MB in 20.0s (28.6 MB/s)
[20:42:31]   upload done video_id=26054654 in 32.8s
[20:42:33] film cr_film_id=1853 OK in 57.0s
[20:42:33] iteration 8/20
[20:42:33] film cr_film_id=1855 name='Válka policajtů (2004) CZ Dabing' candidates=12
[20:42:33]   candidate upload_id=599d776ca92b7 url=https://prehraj.to/valka-policajtu-2004-cz-dabing/599d776ca92b7
[20:42:34]   resolved in 1.0s → 480p (https://pf-storage2.premiumcdn.net/2573189/WywcemSb6sDBFzWUAnIyoSvYUpmuOYUQ1uYpU…)
[20:43:49]   downloaded 461.2 MB in 74.2s (6.2 MB/s)
[20:44:10]   upload done video_id=26054748 in 20.8s
[20:44:11] film cr_film_id=1855 OK in 98.3s
[20:44:11] iteration 9/20
[20:44:11] film cr_film_id=1859 name='Válka (2025) CZ Dabing' candidates=6
[20:44:11]   candidate upload_id=6890394ed7b76 url=https://prehraj.to/valka-2025-cz-dab-1080p/6890394ed7b76
[20:44:12]   resolved in 1.2s → 720p (https://pf-storage5.premiumcdn.net/142904066/JYrs8yfWxFRvTQACa7TWAfGxtOjILRiO3h5…)
[20:44:58]   downloaded 1,310.1 MB in 44.4s (29.5 MB/s)
[20:46:10]   upload done video_id=26054805 in 71.9s
[20:46:11] film cr_film_id=1859 OK in 119.8s
[20:46:11] iteration 10/20
[20:46:11] film cr_film_id=1865 name='The Apprentice: Příběh Trumpa (2024) CZ Dabing' candidates=3
[20:46:11]   candidate upload_id=67cb0dc6d2871 url=https://prehraj.to/pribeh-trumpa-2024-cz-dabing-1080p/67cb0dc6d2871
[20:46:12]   resolved in 1.2s → 1080p (https://pf-storage5.premiumcdn.net/131571557/vVWtoAIbYUAKI1bsy6sXzI2ks7jhvrTOgTw…)
[20:48:11]   downloaded 3,758.1 MB in 117.3s (32.0 MB/s)
[20:51:03]   upload done video_id=26054963 in 172.2s
[20:51:04] film cr_film_id=1865 OK in 293.6s
[20:51:04] iteration 11/20
[20:51:04] film cr_film_id=1871 name='Muž z Acapulca (1973) CZ Dabing' candidates=1
[20:51:04]   candidate upload_id=67334952e30ab url=https://prehraj.to/muz-z-acapulca-1973-cz-dab/67334952e30ab
[20:51:06]   resolved in 1.3s → 720p (https://pf-storage5.premiumcdn.net/105623246/NDbt4BigJH6VcVmIPLivmi3yfX0iKVC4JTo…)
[20:52:06]   downloaded 1,772.9 MB in 58.6s (30.3 MB/s)
[20:53:29]   upload done video_id=26055163 in 83.1s
[20:53:31] film cr_film_id=1871 OK in 146.3s
[20:53:31] iteration 12/20
[20:53:31] film cr_film_id=1873 name='Mluv se mnou (2022) CZ Dabing' candidates=5
[20:53:31]   candidate upload_id=06cb0d9e1778b98f url=https://prehraj.to/diejsvgfsayb0bybnzsattwx1dibzzsbtbm91icgymdizksbercbbmdeumzquntv/06cb0d9e1778b98f
[20:53:32]   resolved in 1.0s → 720p (https://pf-storage3.premiumcdn.net/167516501/BOgSlOf6ZcW1uV4tBYfX5f2bidmS97uZ9Ta…)
[20:54:13]   downloaded 1,160.7 MB in 39.3s (29.5 MB/s)
[20:55:02]   upload done video_id=26055282 in 49.5s
[20:55:03] film cr_film_id=1873 OK in 92.9s
[20:55:03] iteration 13/20
[20:55:03] film cr_film_id=1877 name='Erryho směsky (2023) CZ Dabing' candidates=6
[20:55:03]   candidate upload_id=6477482f482b7 url=https://prehraj.to/mixed-by-erry-2022-cz-dabing-1080p-mp4/6477482f482b7
[20:55:04]   resolved in 1.0s → 1080p (https://pf-storage4.premiumcdn.net/41237479/bOBSLaUnliNjT7DtxmTrXUlXhv5CZ8cGXId8…)
[21:01:42]   downloaded 1,950.9 MB in 395.2s (4.9 MB/s)
[21:03:38]   upload done video_id=26055608 in 116.3s
[21:03:39] film cr_film_id=1877 OK in 516.0s
[21:03:39] iteration 14/20
[21:03:39] film cr_film_id=1879 name='Kos v ostružiní (2023) CZ Dabing' candidates=1
[21:03:39]   candidate upload_id=6663f46845e61 url=https://prehraj.to/kos-v-ostruzini-2023-cz-dabing-1080p/6663f46845e61
[21:03:41]   resolved in 1.1s → 1080p (https://pf-storage1.premiumcdn.net/78115865/N31t1JTX8s81HlLH97H7XTV4h5xiPxtKDc0E…)
[21:06:41]   downloaded 2,642.7 MB in 178.7s (14.8 MB/s)
[21:08:37]   upload done video_id=26055756 in 115.5s
[21:08:38] film cr_film_id=1879 OK in 298.3s
[21:08:38] iteration 15/20
[21:08:38] film cr_film_id=1883 name='Babylon (2022) CZ Dabing' candidates=2
[21:08:38]   candidate upload_id=5820a51c26085 url=https://prehraj.to/babylon-5-velky-sumit-cz-dabing-csfd-65-scifi-mp4/5820a51c26085
[21:08:39]   resolved in 1.1s → 480p (https://pf-storage2.premiumcdn.net/810691/JalT6JH0oTXwsGPfp1c1DHReSnAu14FGAHyjig…)
[21:09:02]   downloaded 496.5 MB in 21.5s (23.1 MB/s)
[21:09:25]   upload done video_id=26055834 in 22.6s
[21:09:26] film cr_film_id=1883 OK in 47.9s
[21:09:26] iteration 16/20
[21:09:26] film cr_film_id=1887 name='Daveova banka (2023) CZ Dabing' candidates=11
[21:09:26]   candidate upload_id=65f563edd0868 url=https://prehraj.to/daveova-banka-2023-cz-dabing-1080p/65f563edd0868
[21:09:27]   resolved in 1.1s → 1080p (https://pf-storage3.premiumcdn.net/74708438/vv6Uwvc1VHP5SNLtybHWocZ7fm5unwCp3TP6…)
[21:10:46]   downloaded 1,964.9 MB in 77.5s (25.4 MB/s)
[21:12:11]   upload done video_id=26055889 in 84.7s
[21:12:12] film cr_film_id=1887 OK in 166.6s
[21:12:12] iteration 17/20
[21:12:12] film cr_film_id=1891 name='Gran Turismo (2023) CZ Dabing' candidates=2
[21:12:12]   candidate upload_id=78ecd5a8d2b39244 url=https://prehraj.to/gran-turismo-2023-cz-dabing/78ecd5a8d2b39244
[21:12:13]   resolve FAILED: HTTP 502 wrapping permanent upstream error: https://prehraj.to/gran-turismo-2023-cz-dabing/78ecd5a8d2b39244 (permanent=True)
[21:12:13]   candidate upload_id=0c552b50d82ea484 url=https://prehraj.to/gran-turismo-2023-cz-dabing/0c552b50d82ea484
[21:12:19]   resolved in 6.4s → 720p (https://pf-storage3.premiumcdn.net/155996087/vD3t42T1bsXghj7FkasaGTk8FD8iqZuoACD…)
[21:14:35]   downloaded 1,443.0 MB in 134.5s (10.7 MB/s)
[21:15:42]   upload done video_id=26056027 in 66.1s
[21:15:43] film cr_film_id=1891 OK in 210.8s
[21:15:43] iteration 18/20
[21:15:43] film cr_film_id=1911 name='Na odstřel (2009) CZ Dabing' candidates=10
[21:15:43]   candidate upload_id=57d39ea64e732 url=https://prehraj.to/na-odstrel-2009-czdab/57d39ea64e732
[21:15:44]   resolved in 1.2s → 480p (https://pf-storage3.premiumcdn.net/639104/nRdu3AhlvCoMSOACrjFK3h50sR4Ty3UgYIjWUX…)
[21:16:21]   downloaded 542.6 MB in 34.6s (15.7 MB/s)
[21:16:46]   upload done video_id=26056081 in 25.8s
[21:16:48] film cr_film_id=1911 OK in 64.6s
[21:16:48] iteration 19/20
[21:16:48] film cr_film_id=1913 name='Na nože: Glass Onion (2022) CZ Dabing' candidates=7
[21:16:48]   candidate upload_id=7fdad3f11c90c8da url=https://prehraj.to/na-noze-glass-onion-2022-cz-dab-1080p/7fdad3f11c90c8da
[21:16:49]   resolved in 1.3s → 1080p (https://pf-storage3.premiumcdn.net/160265897/EEGFB3I9LhA3IMmfqdtPBI09i6qFK7t9wsw…)
[21:18:47]   downloaded 2,815.5 MB in 116.3s (24.2 MB/s)
[21:21:04]   upload done video_id=26056144 in 137.0s
[21:21:05] film cr_film_id=1913 OK in 257.6s
[21:21:05] iteration 20/20
[21:21:05] film cr_film_id=1915 name='Rozhněvaný muž (2021) CZ Dabing' candidates=2
[21:21:05]   candidate upload_id=9e0b6dc0b5a25ece url=https://prehraj.to/wrath-of-man-2021-cz-dabing-4k-hdr-mkv/9e0b6dc0b5a25ece
[21:21:07]   resolved in 1.4s → 1080p (https://pf-storage5.premiumcdn.net/155829977/lW2F26izYuwWhmMUZ2IxDi9jHdyHWzs1esg…)
[21:22:34]   downloaded 2,476.2 MB in 85.4s (29.0 MB/s)
[21:24:57]   upload done video_id=26056251 in 142.6s
[21:24:58] film cr_film_id=1915 OK in 232.4s
[21:24:58] batch-end ok=20 failed=0 dur=4934.1s avg/film=246.7s remaining=16786 eta_hours=1150.3

===== run 2026-06-17T21:25:30Z shard=1/2 batch_size=20 (https://github.com/Olbrasoft/prehrajto-to-prehrajto/actions/runs/27720771920) =====
[21:25:32] description overrides loaded: 3228 from /home/runner/work/prehrajto-to-prehrajto/prehrajto-to-prehrajto/state/email-generated-descriptions-v3.jsonl
[21:25:32] batch-start shard=1/2 count=20 backlog=17650 uploads=864 failed_attempts=66 description_overrides=3228
[21:25:32] login
[21:25:34] login done
[21:25:34] iteration 1/20
[21:25:34] film cr_film_id=1917 name='Americký outsider (2021) CZ Dabing' candidates=4
[21:25:34]   candidate upload_id=63164a297dcdd url=https://prehraj.to/american-underdog-2021-czdab/63164a297dcdd
[21:25:35]   resolved in 1.1s → 1080p (https://pf-storage1.premiumcdn.net/32614393/4e7ckEUrQCavCERhDVHGxU1EIXotL6SlmFRk…)
[21:27:37]   downloaded 3,299.1 MB in 120.7s (27.3 MB/s)
[21:30:26]   upload done video_id=26056399 in 168.7s
[21:30:28] film cr_film_id=1917 OK in 294.0s
[21:30:28] iteration 2/20
[21:30:28] film cr_film_id=1921 name='Red Rocket (2021) CZ Dabing' candidates=1
[21:30:28]   candidate upload_id=62f403ed21729 url=https://prehraj.to/red-rocket-2021-cz-dabing-1080p/62f403ed21729
[21:30:29]   resolved in 1.1s → 720p (https://pf-storage3.premiumcdn.net/32040721/Aj3T5DcYaHK5sJDikLioqcaliGnuaWS1xCvL…)
[21:32:57]   downloaded 3,091.8 MB in 146.0s (21.2 MB/s)
[21:35:29]   upload done video_id=26056567 in 152.2s
[21:35:31] film cr_film_id=1921 OK in 303.0s
[21:35:31] iteration 3/20
[21:35:31] film cr_film_id=1931 name='Rozbitý robot Ron (2021) CZ Dabing' candidates=1
[21:35:31]   candidate upload_id=6817aeb1c3762 url=https://prehraj.to/rozbity-robot-ron-2021-cz-dabing-animovany-novinka/6817aeb1c3762
[21:35:32]   resolved in 1.1s → 720p (https://pf-storage3.premiumcdn.net/137146916/xOaSo8hNKhAzh5yCJLidLhmAS8msJ7uM4uB…)
[21:36:44]   downloaded 1,907.3 MB in 70.7s (27.0 MB/s)
[21:38:16]   upload done video_id=26056675 in 91.6s
[21:38:17] film cr_film_id=1931 OK in 166.3s
[21:38:17] iteration 4/20
[21:38:17] film cr_film_id=1935 name='Stříbrné brusle (2020) CZ Dabing' candidates=13
[21:38:17]   candidate upload_id=60cdd96e90b57 url=https://prehraj.to/stribrne-brusle-2020-cz-dabing-1080p/60cdd96e90b57
[21:38:18]   resolved in 1.4s → 1080p (https://pf-storage3.premiumcdn.net/23956722/0mquG6ceJtMLuqwhv8iWac5EsrqHb5C5vHOv…)
[21:40:03]   downloaded 2,845.6 MB in 103.1s (27.6 MB/s)
[21:42:40]   upload done video_id=26056770 in 156.8s
[21:42:42] film cr_film_id=1935 OK in 264.6s
[21:42:42] iteration 5/20
[21:42:42] film cr_film_id=1937 name='K zemi hleď! (2021) CZ Dabing' candidates=18
[21:42:42]   candidate upload_id=61ce35773d69d url=https://prehraj.to/k-zemi-hled-dont-look-up-2021-1080p-webrip-x264-cz-dabing/61ce35773d69d
[21:42:43]   resolved in 1.2s → 1080p (https://pf-storage5.premiumcdn.net/27924417/kNZc0mCZGckmuZ6S8OF9lClJhYVflMcw5srm…)
[21:45:12]   downloaded 4,175.8 MB in 147.3s (28.3 MB/s)
[21:48:32]   upload done video_id=26056899 in 200.2s
[21:48:33] film cr_film_id=1937 OK in 351.9s
[21:48:33] iteration 6/20
[21:48:33] film cr_film_id=1945 name='Bohatýr Aljoša (2004) CZ Dabing' candidates=1
[21:48:33]   candidate upload_id=5678774c7f885 url=https://prehraj.to/aljosa-2004-cz-dab-anim-pohadka-koko/5678774c7f885
[21:48:35]   resolved in 1.2s → 480p (https://pf-storage2.premiumcdn.net/519132/447UG9Cv7IyduqOiM3svmCDMTZeS1yskyhmoi4…)
[21:48:55]   downloaded 368.6 MB in 18.7s (19.7 MB/s)
[21:49:17]   upload done video_id=26056993 in 21.8s
[21:49:18] film cr_film_id=1945 OK in 45.0s
[21:49:18] iteration 7/20
[21:49:18] film cr_film_id=1949 name='Pouze zvěř (2019) CZ Dabing' candidates=5
[21:49:18]   candidate upload_id=605875757afce url=https://prehraj.to/pouze-zver-2019-cz-dabing-1080p/605875757afce
[21:49:20]   resolved in 1.1s → 720p (https://pf-storage2.premiumcdn.net/22756121/eLpIwQclMhn1urqSorTmvcKzcrzh6rhNASod…)
[21:50:19]   downloaded 1,677.1 MB in 58.2s (28.8 MB/s)
[21:51:52]   upload done video_id=26057030 in 92.3s
[21:51:53] film cr_film_id=1949 OK in 154.5s
[21:51:53] iteration 8/20
[21:51:53] film cr_film_id=1957 name='Blok 99 (2017) CZ Dabing' candidates=4
[21:51:53]   candidate upload_id=606d7ab2af065 url=https://prehraj.to/blok-99-2017-cz-dabing-1080p/606d7ab2af065
[21:51:54]   resolved in 1.2s → 720p (https://pf-storage5.premiumcdn.net/23001480/YYOI0dTDJtaOtMwug9SJXT9ytg5HJmTRBiO3…)
[21:52:43]   downloaded 1,274.3 MB in 46.9s (27.2 MB/s)
[21:53:52]   upload done video_id=26057094 in 68.7s
[21:53:53] film cr_film_id=1957 OK in 120.2s
[21:53:53] iteration 9/20
[21:53:53] film cr_film_id=1959 name='Dávka štěstí (2019) CZ Dabing' candidates=2
[21:53:53]   candidate upload_id=5f8bdeb5c8d4a url=https://prehraj.to/davka-stesti-2019-czdabing/5f8bdeb5c8d4a
[21:53:54]   resolved in 1.0s → 720p (https://pf-storage5.premiumcdn.net/19320011/kqoHkRTXlSL7sKbTEPtVwTw4U63HRPsJgIeK…)
[21:54:59]   downloaded 1,399.8 MB in 62.8s (22.3 MB/s)
[21:56:15]   upload done video_id=26057162 in 76.5s
[21:56:16] film cr_film_id=1959 OK in 143.2s
[21:56:16] iteration 10/20
[21:56:16] film cr_film_id=1965 name='Kopačky (2008) CZ Dabing' candidates=3
[21:56:16]   candidate upload_id=582109760281c url=https://prehraj.to/kopacky-cz-dabing-2008/582109760281c
[21:56:18]   resolved in 1.2s → 480p (https://pf-storage2.premiumcdn.net/812311/0x0iG5fD7TlesRdSJmHyKfXviqNHJKt0lc6KTW…)
[21:56:45]   downloaded 531.8 MB in 25.4s (20.9 MB/s)
[21:57:18]   upload done video_id=26057211 in 33.0s
[21:57:21] film cr_film_id=1965 OK in 64.3s
[21:57:21] iteration 11/20
[21:57:21] film cr_film_id=1967 name='Neviditelný (2020) CZ Dabing' candidates=9
[21:57:21]   candidate upload_id=5ef6a4745d88f url=https://prehraj.to/neviditelny-the-invisible-man-2020-bdrip-cz-dabing/5ef6a4745d88f
[21:57:22]   resolved in 1.2s → 480p (https://pf-storage3.premiumcdn.net/17068524/aVDfekc0Vf3xcEaTmghV2cLyugyFnqI62t2Z…)
[21:57:44]   downloaded 409.8 MB in 19.8s (20.7 MB/s)
[21:58:05]   upload done video_id=26057237 in 21.1s
[21:58:06] film cr_film_id=1967 OK in 45.4s
[21:58:06] iteration 12/20
[21:58:06] film cr_film_id=1971 name='Kon-Tiki (2012) CZ Dabing' candidates=9
[21:58:06]   candidate upload_id=55d2c84385d26 url=https://prehraj.to/kon-tiki-2012-cz-dab-draman-y-p-p/55d2c84385d26
[21:58:07]   resolved in 1.3s → 480p (https://pf-storage4.premiumcdn.net/197805/X17t27f5RT9OCB5t5PIJof5Yi84h1rtmPHNmS0…)
[21:58:38]   downloaded 724.7 MB in 28.2s (25.7 MB/s)
[21:59:19]   upload done video_id=26057259 in 41.6s
[21:59:20] film cr_film_id=1971 OK in 74.2s
[21:59:20] iteration 13/20
[21:59:20] film cr_film_id=1977 name='Šprtky to chtěj taky (2019) CZ Dabing' candidates=8
[21:59:20]   candidate upload_id=5eaf041402510 url=https://prehraj.to/sprtky-to-chtej-taky-2019-czdabing/5eaf041402510
[21:59:21]   resolved in 1.1s → 1080p (https://pf-storage5.premiumcdn.net/16426468/6XKtvPuD6U4MiLNi7mf2qumASpPTZwCPWtQR…)
[22:00:36]   downloaded 1,968.5 MB in 72.4s (27.2 MB/s)
[22:02:47]   upload done video_id=26057370 in 131.6s
[22:02:49] film cr_film_id=1977 OK in 208.3s
[22:02:49] iteration 14/20
[22:02:49] film cr_film_id=1983 name='Divočina (2014) CZ Dabing' candidates=9
[22:02:49]   candidate upload_id=62ebc63fb8709 url=https://prehraj.to/divocina-2014-cz-dabing-1080p/62ebc63fb8709
[22:02:50]   resolved in 1.2s → 1080p (https://pf-storage3.premiumcdn.net/31937441/4bat5vi3LIVBuZ2IGWf72iRDFDGtjpfpLSwk…)
[22:04:26]   downloaded 2,570.5 MB in 94.6s (27.2 MB/s)
[22:06:51]   upload done video_id=26057548 in 145.2s
[22:06:53] film cr_film_id=1983 OK in 244.3s
[22:06:53] iteration 15/20
[22:06:53] film cr_film_id=1987 name='Creed II (2018) CZ Dabing' candidates=5
[22:06:53]   candidate upload_id=68c3565001c2c url=https://prehraj.to/creed-2-2019-cz-dabing/68c3565001c2c
[22:06:54]   resolved in 1.3s → 720p (https://pf-storage5.premiumcdn.net/146206944/38nc3XiPGHgdH8VFzMfYBi7ZhZzf3OCP5Cy…)
[22:08:03]   downloaded 1,837.3 MB in 67.2s (27.3 MB/s)
[22:09:54]   upload done video_id=26057686 in 111.1s
[22:09:56] film cr_film_id=1987 OK in 182.9s
[22:09:56] iteration 16/20
[22:09:56] film cr_film_id=1989 name='Skleněný zámek (2017) CZ Dabing' candidates=9
[22:09:56]   candidate upload_id=c5de96dfb45b54fb url=https://prehraj.to/skleneny-zamek-2017-cz-dab-1080p/c5de96dfb45b54fb
[22:09:57]   resolved in 1.2s → 720p (https://pf-storage5.premiumcdn.net/168167962/BkBiqoSmguKxtoxTxpU1bSB1T7efMkHOAfG…)
[22:10:53]   downloaded 1,498.4 MB in 53.9s (27.8 MB/s)
[22:12:17]   upload done video_id=26057787 in 84.2s
[22:12:18] film cr_film_id=1989 OK in 142.6s
[22:12:18] iteration 17/20
[22:12:18] film cr_film_id=1991 name='Zlý časy v El Royale (2018) CZ Dabing' candidates=6
[22:12:18]   candidate upload_id=5c3940fa1ecc7 url=https://prehraj.to/zly-casy-v-el-royale-2018-cz-dabing/5c3940fa1ecc7
[22:12:21]   resolved in 2.5s → 480p (https://pf-storage1.premiumcdn.net/10866017/AQjcMouYRS1EcdESyjf5RuepSZ3CwxcXrf7b…)
[22:13:05]   downloaded 1,121.1 MB in 42.1s (26.6 MB/s)
[22:14:02]   upload done video_id=26057862 in 57.7s
[22:14:04] film cr_film_id=1991 OK in 105.3s
[22:14:04] iteration 18/20
[22:14:04] film cr_film_id=1997 name='Sicario 2: Soldado (2018) CZ Dabing' candidates=23
[22:14:04]   candidate upload_id=66f3601d94fd0 url=https://prehraj.to/sicario-2-2018-cz-dabing-1080p/66f3601d94fd0
[22:14:05]   resolved in 1.0s → 720p (https://pf-storage4.premiumcdn.net/98205359/4dmcMPsEDUGZIAZC62f08snKCLRF5li8gCoq…)
[22:15:20]   downloaded 2,016.6 MB in 73.2s (27.5 MB/s)
[22:17:07]   upload done video_id=26057952 in 106.7s
[22:17:08] film cr_film_id=1997 OK in 184.4s
[22:17:08] iteration 19/20
[22:17:08] film cr_film_id=1999 name='Odnikud (2017) CZ Dabing' candidates=8
[22:17:08]   candidate upload_id=5c0fb78658d0b url=https://prehraj.to/odnikud-cz-dabing-2017/5c0fb78658d0b
[22:17:09]   resolved in 1.1s → 480p (https://pf-storage1.premiumcdn.net/9374501/MVZUNBCq3iZYHKjCbOijLCm9f9esOlT4osAKt…)
[22:17:38]   downloaded 571.7 MB in 26.9s (21.3 MB/s)
[22:18:13]   upload done video_id=26058021 in 35.4s
[22:18:15] film cr_film_id=1999 OK in 66.7s
[22:18:15] iteration 20/20
[22:18:15] film cr_film_id=2001 name='Bounty (1984) CZ Dabing' candidates=2
[22:18:15]   candidate upload_id=569aad7818cb5fcb url=https://prehraj.to/bounty-r-1984-1920x800-cz-dabing/569aad7818cb5fcb
[22:18:16]   resolved in 1.2s → 720p (https://pf-storage1.premiumcdn.net/159907511/QzNsvQhQmU79I1GFB9h9OhyQSljSx1SVdF7…)
[22:19:51]   downloaded 2,530.5 MB in 93.5s (27.1 MB/s)
[22:21:53]   upload done video_id=26058091 in 121.5s
[22:21:54] film cr_film_id=2001 OK in 219.3s
[22:21:54] batch-end ok=20 failed=0 dur=3380.5s avg/film=169.0s remaining=16766 eta_hours=787.1

===== run 2026-06-17T22:22:31Z shard=1/2 batch_size=20 (https://github.com/Olbrasoft/prehrajto-to-prehrajto/actions/runs/27723522065) =====
[22:22:32] description overrides loaded: 3644 from /home/runner/work/prehrajto-to-prehrajto/prehrajto-to-prehrajto/state/email-generated-descriptions-v3.jsonl
[22:22:32] batch-start shard=1/2 count=20 backlog=17650 uploads=884 failed_attempts=66 description_overrides=3644
[22:22:32] login
[22:22:34] login done
[22:22:34] iteration 1/20
[22:22:34] film cr_film_id=2005 name='Určitě, možná (2008) CZ Dabing' candidates=7
[22:22:34]   candidate upload_id=59bb4ec7b7dc7 url=https://prehraj.to/urcite-mozna-2008-cz-dab/59bb4ec7b7dc7
[22:22:36]   resolved in 1.4s → 480p (https://pf-storage1.premiumcdn.net/2625776/q4Dsw2cRmhA1cjqtw5I5QcVWs05SK0TbGC7Gf…)
[22:23:16]   downloaded 695.5 MB in 38.4s (18.1 MB/s)
[22:23:57]   upload done video_id=26058189 in 40.8s
[22:23:59] film cr_film_id=2005 OK in 84.4s
[22:23:59] iteration 2/20
[22:23:59] film cr_film_id=2007 name='Pelé: Zrození legendy (2016) CZ Dabing' candidates=34
[22:23:59]   candidate upload_id=60f54e97a20a8 url=https://prehraj.to/pele-zrozeni-legendy-2016-1080p-cz-dab/60f54e97a20a8
[22:24:00]   resolved in 1.3s → 720p (https://pf-storage3.premiumcdn.net/24326133/bnPfkyiVOFOgioyCQJtMgivzHWvS5xUnGIZ7…)
[22:25:44]   downloaded 2,418.2 MB in 101.9s (23.7 MB/s)
[22:28:14]   upload done video_id=26058264 in 150.3s
[22:28:16] film cr_film_id=2007 OK in 257.4s
[22:28:16] iteration 3/20
[22:28:16] film cr_film_id=2009 name='S láskou, Rosie (2014) CZ Dabing' candidates=34
[22:28:16]   candidate upload_id=599f54f4f1b24 url=https://prehraj.to/love-song-2013-bdrip-cz-dabing/599f54f4f1b24
[22:28:18]   resolved in 1.6s → 480p (https://pf-storage5.premiumcdn.net/2575004/lxYso3Tg9SOpTYJT8XSM3TKWURNcMJu7etobc…)
[22:29:05]   downloaded 835.9 MB in 45.3s (18.5 MB/s)
[22:29:55]   upload done video_id=26058372 in 50.3s
[22:29:57] film cr_film_id=2009 OK in 100.7s
[22:29:57] iteration 4/20
[22:29:57] film cr_film_id=2015 name='Na dotek (2004) CZ Dabing' candidates=11
[22:29:57]   candidate upload_id=5b70c5dc1bba6 url=https://prehraj.to/na-dotek-2004-cz-dabing/5b70c5dc1bba6
[22:29:58]   resolved in 1.6s → 480p (https://pf-storage3.premiumcdn.net/5288000/5KnHrju0DH8zfRmI0YczruELIGJU27FZWIZ2h…)
[22:30:20]   downloaded 385.7 MB in 18.9s (20.4 MB/s)
[22:30:44]   upload done video_id=26058409 in 24.4s
[22:30:45] film cr_film_id=2015 OK in 48.7s
[22:30:45] iteration 5/20
[22:30:45] film cr_film_id=2027 name='Barry Seal: Nebeský gauner (2017) CZ Dabing' candidates=24
[22:30:45]   candidate upload_id=5a3c314106813 url=https://prehraj.to/nebesky-gauner-barry-seal-cz-dabing-2017/5a3c314106813
[22:30:47]   resolved in 1.2s → 480p (https://pf-storage1.premiumcdn.net/3166837/D3ZsLZHYQi2PCAEFzbCGpHOkUw7S1AuPlfB3U…)
[22:31:23]   downloaded 772.3 MB in 34.8s (22.2 MB/s)
[22:32:06]   upload done video_id=26058423 in 43.0s
[22:32:07] film cr_film_id=2027 OK in 82.0s
[22:32:07] iteration 6/20
[22:32:07] film cr_film_id=2029 name='Everest (2015) CZ Dabing' candidates=4
[22:32:07]   candidate upload_id=68ea5f5da3148 url=https://prehraj.to/everest-2015-1080p-bluray-x264-cz-dabing-topkvalita/68ea5f5da3148
[22:32:09]   resolved in 1.4s → 720p (https://pf-storage4.premiumcdn.net/150928662/NpkTWrsGqcQXIjvH1RuRgsxmHJPh6yTLKFq…)
[22:33:46]   downloaded 2,250.4 MB in 94.9s (23.7 MB/s)
[22:35:52]   upload done video_id=26058454 in 126.2s
[22:35:53] film cr_film_id=2029 OK in 225.9s
[22:35:53] iteration 7/20
[22:35:53] film cr_film_id=2045 name='Smrt ve tmě (2016) CZ Dabing' candidates=41
[22:35:53]   candidate upload_id=606f3d3d093de url=https://prehraj.to/smrt-ve-tme-don-t-breathe-2016-1080p-cz-dabing/606f3d3d093de
[22:35:55]   resolved in 1.2s → 1080p (https://pf-storage5.premiumcdn.net/23020855/RWMTqKFkRc48CEQfn7SXNFDMhE2fgncRrskA…)
[22:37:11]   downloaded 1,733.0 MB in 74.3s (23.3 MB/s)
[22:38:54]   upload done video_id=26058557 in 102.2s
[22:38:55] film cr_film_id=2045 OK in 181.8s
[22:38:55] iteration 8/20
[22:38:55] film cr_film_id=2049 name='Zpívej (2016) CZ Dabing' candidates=64
[22:38:55]   candidate upload_id=5ce41e510bf09 url=https://prehraj.to/zpivej-sing-2016-hd-1080p-cz-dabing/5ce41e510bf09
[22:38:56]   resolved in 1.4s → 720p (https://pf-storage1.premiumcdn.net/13533009/80ghPeflahNESnPireSPyfDxTMNhB7uPDI1m…)
[22:40:10]   downloaded 1,671.3 MB in 71.6s (23.3 MB/s)
[22:41:49]   upload done video_id=26058637 in 99.0s
[22:41:51] film cr_film_id=2049 OK in 176.0s
[22:41:51] iteration 9/20
[22:41:51] film cr_film_id=2055 name='Spojenci (2016) CZ Dabing' candidates=4
[22:41:51]   candidate upload_id=5fe8a5b58f9ba url=https://prehraj.to/spojenci-allied-2016-1080p-bluray-x264-dts-5-1-en-cz-dab/5fe8a5b58f9ba
[22:41:52]   resolve FAILED: HTTP 502 wrapping permanent upstream error: https://prehraj.to/spojenci-allied-2016-1080p-bluray-x264-dts-5-1-en-cz-dab/5fe8a5b58f9ba (permanent=True)
[22:41:52]   candidate upload_id=877cdb808845fcd3 url=https://prehraj.to/spojenci-2016-cz-dabing-1080p-mkv/877cdb808845fcd3
[22:41:58]   resolved in 6.3s → 720p (https://pf-storage5.premiumcdn.net/163982738/ZdyuwnS8aCJWfmvt4zSJGSDzCvwIeYtJqfd…)
[22:43:05]   downloaded 1,501.8 MB in 64.6s (23.2 MB/s)
[22:44:35]   upload done video_id=26058728 in 90.7s
[22:44:37] film cr_film_id=2055 OK in 165.6s
[22:44:37] iteration 10/20
[22:44:37] film cr_film_id=2067 name='Týpci a zbraně (2016) CZ Dabing' candidates=12
[22:44:37]   candidate upload_id=586fa0d4d99af url=https://prehraj.to/typci-a-zbrane-hd-cz-dabing-2016-war-dogs-lehi/586fa0d4d99af
[22:44:38]   resolved in 1.4s → 720p (https://pf-storage5.premiumcdn.net/1352037/KR1t9NsbPhK6S1kU6vTqasZphmGu9kuA1HpQh…)
[22:45:34]   downloaded 1,228.6 MB in 53.6s (22.9 MB/s)
[22:46:45]   upload done video_id=26058805 in 71.6s
[22:46:47] film cr_film_id=2067 OK in 129.9s
[22:46:47] iteration 11/20
[22:46:47] film cr_film_id=2077 name='Humr (2015) CZ Dabing' candidates=2
[22:46:47]   candidate upload_id=59287cb6ce5ff url=https://prehraj.to/humr-the-lobster-2015-cz-dabing/59287cb6ce5ff
[22:46:48]   resolved in 1.5s → 480p (https://pf-storage2.premiumcdn.net/2265013/yLWFbjUApTQmc9WSkztdQUPQsVEUoDHWLUadF…)
[22:47:22]   downloaded 657.3 MB in 32.4s (20.3 MB/s)
[22:48:08]   upload done video_id=26058856 in 45.4s
[22:48:09] film cr_film_id=2077 OK in 82.6s
[22:48:09] iteration 12/20
[22:48:09] film cr_film_id=2079 name='Já, robot (2004) CZ Dabing' candidates=21
[22:48:09]   candidate upload_id=5bcfb2d2c65c8 url=https://prehraj.to/ja-robot-2004-hdrip-cz-dabing-m3/5bcfb2d2c65c8
[22:48:11]   resolved in 1.4s → 480p (https://pf-storage5.premiumcdn.net/7408865/2XNUQySwQIb2txZtexFlaSn9CNXUbpu3Ws9AT…)
[22:48:42]   downloaded 628.3 MB in 28.8s (21.8 MB/s)
[22:49:20]   upload done video_id=26058894 in 38.0s
[22:49:22] film cr_film_id=2079 OK in 72.5s
[22:49:22] iteration 13/20
[22:49:22] film cr_film_id=2085 name='Mumie (1999) CZ Dabing' candidates=10
[22:49:22]   candidate upload_id=85b718ad2882c1bb url=https://prehraj.to/mumie-1-cz-dabing-1999-fullhd-cz-en-dab/85b718ad2882c1bb
[22:49:23]   resolved in 1.5s → 1080p (https://pf-storage4.premiumcdn.net/167524043/KLQFnEiQBtk2f38tnlsQji59UpAF6nsEzUp…)
[22:52:25]   downloaded 4,304.9 MB in 180.1s (23.9 MB/s)
[22:56:59]   upload done video_id=26058999 in 273.7s
[22:57:01] film cr_film_id=2085 OK in 459.0s
[22:57:01] iteration 14/20
[22:57:01] film cr_film_id=2089 name='Přežít (1993) CZ Dabing' candidates=6
[22:57:01]   candidate upload_id=d49cc98230229de6 url=https://prehraj.to/prezit-1993-cz-dab-720p/d49cc98230229de6
[22:57:02]   resolved in 1.6s → 720p (https://pf-storage3.premiumcdn.net/166682993/PLmHm2fY8SrLt8VFORU9JfNBCEAU3WUN7TZ…)
[22:58:39]   downloaded 1,800.5 MB in 94.8s (19.0 MB/s)
[23:00:36]   upload done video_id=26059192 in 116.4s
[23:00:38] film cr_film_id=2089 OK in 216.7s
[23:00:38] iteration 15/20
[23:00:38] film cr_film_id=2091 name='Noční jízda (2013) CZ Dabing' candidates=4
[23:00:38]   candidate upload_id=59a2fdda4f612 url=https://prehraj.to/nocni-jizda-2013-cz-dabing/59a2fdda4f612
[23:00:39]   resolved in 1.2s → 480p (https://pf-storage3.premiumcdn.net/2579759/QyQhaVC7eF15hm3FOkc0ZCqZH8zFNBupKSlju…)
[23:01:18]   downloaded 679.8 MB in 37.5s (18.1 MB/s)
[23:02:47]   upload done video_id=26059253 in 89.3s
[23:02:49] film cr_film_id=2091 OK in 131.4s
[23:02:49] iteration 16/20
[23:02:49] film cr_film_id=2093 name='Sedmero krkavců (2015) CZ Dabing' candidates=15
[23:02:49]   candidate upload_id=60a9a02b36bfc url=https://prehraj.to/sedmero-krkavcu-cz-dabing-2015/60a9a02b36bfc
[23:02:50]   resolved in 1.3s → 480p (https://pf-storage2.premiumcdn.net/23621631/L9riREIXAfx6smDt0lf6BIdwcXwFNZUnzt42…)
[23:03:22]   downloaded 646.7 MB in 29.6s (21.8 MB/s)
[23:04:05]   upload done video_id=26059298 in 42.7s
[23:04:07] film cr_film_id=2093 OK in 77.8s
[23:04:07] iteration 17/20
[23:04:07] film cr_film_id=2095 name='Temné údolí (2014) CZ Dabing' candidates=11
[23:04:07]   candidate upload_id=5821757a6ffbd url=https://prehraj.to/temne-udoli-cz-dabing-2014/5821757a6ffbd
[23:04:08]   resolved in 1.2s → 480p (https://pf-storage3.premiumcdn.net/813816/6rDT1ksMdhXyfmdijxhgPsxjTgZiQlU62hkQfQ…)
[23:04:31]   downloaded 448.1 MB in 21.5s (20.8 MB/s)
[23:05:03]   upload done video_id=26059324 in 31.9s
[23:05:04] film cr_film_id=2095 OK in 57.8s
[23:05:04] iteration 18/20
[23:05:04] film cr_film_id=2101 name='Protivný sprostý holky (2004) CZ Dabing' candidates=5
[23:05:04]   candidate upload_id=48b783940d089bac url=https://prehraj.to/protivny-sprosty-holky-2004-cz-dabing-hd-1080p-mp4/48b783940d089bac
[23:05:06]   resolved in 1.7s → 720p (https://pf-storage1.premiumcdn.net/155372663/9EpHOws9ZcOdsBKSNKHa0sByTWncOlH4dug…)
[23:06:14]   downloaded 1,477.3 MB in 66.4s (22.2 MB/s)
[23:07:59]   upload done video_id=26059372 in 105.0s
[23:08:01] film cr_film_id=2101 OK in 176.5s
[23:08:01] iteration 19/20
[23:08:01] film cr_film_id=2103 name='Tiché srdce (2014) CZ Dabing' candidates=1
[23:08:01]   candidate upload_id=560d3d879339d url=https://prehraj.to/tiche-srdce-2014-dvd-rip-cz-dab-drama/560d3d879339d
[23:08:04]   resolved in 2.9s → 480p (https://pf-storage2.premiumcdn.net/380616/lrVfJEIb2c2OhZGH5XHJYIKWSLRTVWTZauxOf2…)
[23:08:29]   downloaded 356.2 MB in 22.9s (15.6 MB/s)
[23:08:57]   upload done video_id=26059429 in 28.0s
[23:08:58] film cr_film_id=2103 OK in 57.3s
[23:08:58] iteration 20/20
[23:08:58] film cr_film_id=2107 name='Bůh masakru (2011) CZ Dabing' candidates=3
[23:08:58]   candidate upload_id=5e15d35e3b595 url=https://prehraj.to/buh-masakru-komedie-cz-dab-2011-jad/5e15d35e3b595
[23:09:00]   resolved in 1.4s → 480p (https://pf-storage3.premiumcdn.net/15621418/89otMDT79IgLFlQImKfb3TNDFl4soGHyDi72…)
[23:09:23]   downloaded 345.2 MB in 21.1s (16.4 MB/s)
[23:09:46]   upload done video_id=26059454 in 22.9s
[23:09:47] film cr_film_id=2107 OK in 48.9s
[23:09:47] batch-end ok=20 failed=0 dur=2832.8s avg/film=141.6s remaining=16746 eta_hours=658.7

===== run 2026-06-17T23:41:41Z shard=1/2 batch_size=20 (https://github.com/Olbrasoft/prehrajto-to-prehrajto/actions/runs/27726821103) =====
[23:41:42] description overrides loaded: 3732 from /home/runner/work/prehrajto-to-prehrajto/prehrajto-to-prehrajto/state/email-generated-descriptions-v3.jsonl
[23:41:42] batch-start shard=1/2 count=20 backlog=17650 uploads=904 failed_attempts=67 description_overrides=3732
[23:41:42] login
[23:41:44] login done
[23:41:44] iteration 1/20
[23:41:44] film cr_film_id=2109 name='Zvonilka a tvor Netvor (2014) CZ Dabing' candidates=6
[23:41:44]   candidate upload_id=5f99743e3c2e7 url=https://prehraj.to/zvonilka-a-tvor-netvor-2014-fullhd-cz-dabing/5f99743e3c2e7
[23:41:50]   resolved in 6.3s → 1080p (https://pf-storage1.premiumcdn.net/19555949/DkwSZqs10i7GHDGFZGU65sVlH4NiybcOzFKZ…)
[23:42:47]   downloaded 1,926.4 MB in 55.8s (34.5 MB/s)
[23:44:15]   upload done video_id=26060324 in 87.3s
[23:44:16] film cr_film_id=2109 OK in 152.1s
[23:44:16] iteration 2/20
[23:44:16] film cr_film_id=2111 name='Agora (2009) CZ Dabing' candidates=1
[23:44:16]   candidate upload_id=3b442a08f0284055 url=https://prehraj.to/agora-2009-cz-dab/3b442a08f0284055
[23:44:17]   resolved in 1.3s → 480p (https://pf-storage5.premiumcdn.net/168110572/ex8HK3SV0FG9CXQfNWHL8SAkHXYieQC1aUj…)
[23:44:49]   downloaded 824.0 MB in 30.6s (26.9 MB/s)
[23:45:21]   upload done video_id=26060379 in 31.3s
[23:45:22] film cr_film_id=2111 OK in 65.9s
[23:45:22] iteration 3/20
[23:45:22] film cr_film_id=2119 name='Zakletý v čase (2009) CZ Dabing' candidates=16
[23:45:22]   candidate upload_id=5b4dabdca2afc url=https://prehraj.to/zaklety-v-case-2009-cz-dabing/5b4dabdca2afc
[23:45:23]   resolved in 1.2s → 480p (https://pf-storage1.premiumcdn.net/4869361/59DI7lu1ZilYFZltdjiZvuXZTOKTKJtZYsbjc…)
[23:45:40]   downloaded 479.5 MB in 15.7s (30.5 MB/s)
[23:46:00]   upload done video_id=26060407 in 20.3s
[23:46:01] film cr_film_id=2119 OK in 39.6s
[23:46:01] iteration 4/20
[23:46:01] film cr_film_id=2121 name='Chlapi z karavanů (2006) CZ Dabing' candidates=1
[23:46:01]   candidate upload_id=2f6900e29223fd0f url=https://prehraj.to/chlapi-z-karavanu-film-cz-dabing-mp4/2f6900e29223fd0f
[23:46:02]   resolved in 1.1s → 480p (https://pf-storage3.premiumcdn.net/162681935/pW4tNGHqYT8nSmvSznIQ0HKJI6GCwMivoT8…)
[23:46:25]   downloaded 530.8 MB in 20.7s (25.6 MB/s)
[23:46:50]   upload done video_id=26060420 in 24.9s
[23:46:51] film cr_film_id=2121 OK in 49.4s
[23:46:51] iteration 5/20
[23:46:51] film cr_film_id=2123 name='Smrtonosná past 4.0 (2007) CZ Dabing' candidates=8
[23:46:51]   candidate upload_id=611c0c890d065 url=https://prehraj.to/smrtonosna-past-4-2007-1080p-cz-dabing-2007-pysko-remastered/611c0c890d065
[23:46:52]   resolved in 1.2s → 1080p (https://pf-storage1.premiumcdn.net/24638435/zz4T8KUG8SVXSnpC6pI6qU0nCxQF5BC8khO2…)
[23:48:49]   downloaded 4,129.4 MB in 115.2s (35.8 MB/s)
[23:52:42]   upload done video_id=26060498 in 233.2s
[23:52:43] film cr_film_id=2123 OK in 352.6s
[23:52:43] iteration 6/20
[23:52:43] film cr_film_id=2127 name='Křižovatka smrti (1998) CZ Dabing' candidates=34
[23:52:43]   candidate upload_id=581476a2c2b75 url=https://prehraj.to/krizovatka-smrti-1-cz-dabing-1998/581476a2c2b75
[23:52:45]   resolved in 1.6s → 480p (https://pf-storage2.premiumcdn.net/763012/8OWI0Acz0t6yfP1UWeFxbc0yIvKHylhObin0hZ…)
[23:53:03]   downloaded 543.0 MB in 16.7s (32.5 MB/s)
[23:53:30]   upload done video_id=26060607 in 26.9s
[23:53:31] film cr_film_id=2127 OK in 47.8s
[23:53:31] iteration 7/20
[23:53:31] film cr_film_id=2129 name='Drž hubu! (2003) CZ Dabing' candidates=10
[23:53:31]   candidate upload_id=5e8daef747433 url=https://prehraj.to/drz-hubu-2003-h264-1080p-ac3-5-1-cz-dab-alien007/5e8daef747433
[23:53:32]   resolved in 1.1s → 720p (https://pf-storage5.premiumcdn.net/16173439/Ke5I2rfQoF3PfJbTZ2U2WfkrtGoUdBhLph1k…)
[23:54:25]   downloaded 1,732.4 MB in 51.0s (34.0 MB/s)
[23:55:38]   upload done video_id=26060650 in 72.8s
[23:55:39] film cr_film_id=2129 OK in 127.6s
[23:55:39] iteration 8/20
[23:55:39] film cr_film_id=2131 name='Dredd (2012) CZ Dabing' candidates=14
[23:55:39]   candidate upload_id=c6ad30504294cc39 url=https://prehraj.to/dredd-2012-cz-dab-1080p/c6ad30504294cc39
[23:55:40]   resolved in 1.1s → 720p (https://pf-storage3.premiumcdn.net/155633918/OnJsk3hz5H1wsGvTXOfl6h2AFBDuyrHDOuj…)
[23:56:38]   downloaded 1,963.4 MB in 56.5s (34.7 MB/s)
[23:57:53]   upload done video_id=26060718 in 75.2s
[23:57:54] film cr_film_id=2131 OK in 135.8s
[23:57:54] iteration 9/20
[23:57:54] film cr_film_id=2135 name='Odpor (2008) CZ Dabing' candidates=11
[23:57:54]   candidate upload_id=5b64ff6194376 url=https://prehraj.to/odpor-2008-cz-dabing/5b64ff6194376
[23:57:55]   resolved in 1.0s → 480p (https://pf-storage3.premiumcdn.net/5176629/EyWfqMugJc4nHlkSvasK0ugYtdRtX1h40hXKc…)
[23:58:26]   downloaded 975.5 MB in 28.6s (34.1 MB/s)
[23:59:01]   upload done video_id=26060762 in 35.4s
[23:59:02] film cr_film_id=2135 OK in 67.9s
[23:59:02] iteration 10/20
[23:59:02] film cr_film_id=2137 name='Valkýra (2008) CZ Dabing' candidates=18
[23:59:02]   candidate upload_id=68f4db64576ae url=https://prehraj.to/valkyra-valkyrie-2008-cz-dabing-1080p/68f4db64576ae
[23:59:03]   resolved in 0.9s → 1080p (https://pf-storage3.premiumcdn.net/152418999/Y6vF1eIq5s75sq3SmOfJyIa7sLQUroFdru3…)
[00:00:43]   downloaded 2,834.2 MB in 98.0s (28.9 MB/s)
[00:02:33]   upload done video_id=26060823 in 110.5s
[00:02:35] film cr_film_id=2137 OK in 212.4s
[00:02:35] iteration 11/20
[00:02:35] film cr_film_id=2141 name='Rebelka (2012) CZ Dabing' candidates=27
[00:02:35]   candidate upload_id=5c4a321f90440 url=https://prehraj.to/rebelka-2012-hdrip-cz-dabing-m3/5c4a321f90440
[00:02:36]   resolved in 1.0s → 480p (https://pf-storage2.premiumcdn.net/11290999/eWXi1nuY4TW9hjbfW5sXzuAdUR7irNi8AUWx…)
[00:02:58]   downloaded 550.6 MB in 21.3s (25.8 MB/s)
[00:03:26]   upload done video_id=26060894 in 28.0s
[00:03:28] film cr_film_id=2141 OK in 53.1s
[00:03:28] iteration 12/20
[00:03:28] film cr_film_id=2143 name='Odsun (2010) CZ Dabing' candidates=13
[00:03:28]   candidate upload_id=55def7dd49064 url=https://prehraj.to/odsun-2010-czdab/55def7dd49064
[00:03:29]   resolved in 1.1s → 480p (https://pf-storage2.premiumcdn.net/240549/rkMFWXTvXs7Ps8qU30IYQT9QFevU3Xt3Ztbkf5…)
[00:03:51]   downloaded 533.8 MB in 20.9s (25.5 MB/s)
[00:04:14]   upload done video_id=26060924 in 23.3s
[00:04:15] film cr_film_id=2143 OK in 47.3s
[00:04:15] iteration 13/20
[00:04:15] film cr_film_id=2149 name='Sedm psychopatů (2012) CZ Dabing' candidates=3
[00:04:15]   candidate upload_id=64cedb134665c url=https://prehraj.to/sedm-psychopatu-2012-1080p-czdab/64cedb134665c
[00:04:16]   resolved in 1.0s → 720p (https://pf-storage1.premiumcdn.net/43090838/8vPUDeTyJCj8sgWTPXT6pT29HnBI6lF4xtjw…)
[00:05:37]   downloaded 2,831.6 MB in 80.1s (35.4 MB/s)
[00:08:29]   upload done video_id=26061001 in 171.9s
[00:08:30] film cr_film_id=2149 OK in 255.2s
[00:08:30] iteration 14/20
[00:08:30] film cr_film_id=2151 name='Telefonní budka (2002) CZ Dabing' candidates=2
[00:08:30]   candidate upload_id=57df0aaf5e1ea url=https://prehraj.to/telefonni-budka-2002-czdab/57df0aaf5e1ea
[00:08:31]   resolved in 1.0s → 480p (https://pf-storage3.premiumcdn.net/647082/OoDTDWCRvubrF2otLBf9JCe9fXeI7xsEQu7xfb…)
[00:08:47]   downloaded 448.2 MB in 14.3s (31.3 MB/s)
[00:09:06]   upload done video_id=26061107 in 18.8s
[00:09:07] film cr_film_id=2151 OK in 36.8s
[00:09:07] iteration 15/20
[00:09:07] film cr_film_id=2153 name='Mediátor (2024) CZ Dabing' candidates=4
[00:09:07]   candidate upload_id=ce7ef56cbfc420e2 url=https://prehraj.to/relay-2024-cz-dabing-1080p-mkv/ce7ef56cbfc420e2
[00:09:08]   resolved in 0.7s → 1080p (https://pf-storage5.premiumcdn.net/167552687/KNvFJXTpAtZJfgLTJRuK7TPmfW1C3RCYGFR…)
[00:10:09]   downloaded 2,076.0 MB in 59.4s (34.9 MB/s)
[00:11:54]   upload done video_id=26061163 in 105.1s
[00:11:55] film cr_film_id=2153 OK in 167.9s
[00:11:55] iteration 16/20
[00:11:55] film cr_film_id=2155 name='KOndoMEDIE (2001) CZ Dabing' candidates=3
[00:11:55]   candidate upload_id=5b8083d23431d url=https://prehraj.to/kondomedie-2001-cz-dabing/5b8083d23431d
[00:11:58]   resolved in 2.8s → 480p (https://pf-storage1.premiumcdn.net/5462797/6PBiX0sBySKnFy3tEvfQKsBDUdlhEptqAfwDS…)
[00:12:12]   downloaded 377.6 MB in 12.6s (30.0 MB/s)
[00:12:29]   upload done video_id=26061235 in 17.5s
[00:12:30] film cr_film_id=2155 OK in 35.3s
[00:12:30] iteration 17/20
[00:12:30] film cr_film_id=2157 name='Zlouni 2 (2025) CZ Dabing' candidates=16
[00:12:30]   candidate upload_id=69061531cc0d9 url=https://prehraj.to/the-bad-guys-2-2025-cz-dabing-1080p/69061531cc0d9
[00:12:31]   resolved in 1.0s → 480p (https://pf-storage3.premiumcdn.net/154814424/J6NfGmFeRsqztlbS2pfWrFRKCXvc2ghX2U6…)
[00:12:54]   downloaded 566.7 MB in 21.3s (26.6 MB/s)
[00:13:37]   upload done video_id=26061261 in 43.3s
[00:13:38] film cr_film_id=2157 OK in 68.2s
[00:13:38] iteration 18/20
[00:13:38] film cr_film_id=2161 name='Madagaskar (1994) CZ Dabing' candidates=6
[00:13:38]   candidate upload_id=5c6f325b9742d url=https://prehraj.to/maverick-1994-hdrip-cz-dabing-m3/5c6f325b9742d
[00:13:40]   resolved in 1.1s → 480p (https://pf-storage4.premiumcdn.net/12031510/wyetX3cbGs09TW4tmwSrKcKnC1kI8kS5KF0r…)
[00:14:11]   downloaded 799.1 MB in 30.3s (26.4 MB/s)
[00:14:41]   upload done video_id=26061304 in 29.4s
[00:14:42] film cr_film_id=2161 OK in 63.3s
[00:14:42] iteration 19/20
[00:14:42] film cr_film_id=2165 name='Poslední pevnost (2001) CZ Dabing' candidates=10
[00:14:42]   candidate upload_id=55e23aea2c4be url=https://prehraj.to/posledni-pevnost-2001-czdab/55e23aea2c4be
[00:14:43]   resolved in 1.0s → 480p (https://pf-storage5.premiumcdn.net/257270/lNDtBQIkqiA0InjhWRfOzIQNTzXslkCrdFJDT5…)
[00:15:00]   downloaded 521.9 MB in 16.3s (32.0 MB/s)
[00:15:28]   upload done video_id=26061337 in 27.2s
[00:15:29] film cr_film_id=2165 OK in 47.0s
[00:15:29] iteration 20/20
[00:15:29] film cr_film_id=2167 name='Grindhouse: Planeta Teror (2007) CZ Dabing' candidates=1
[00:15:29]   candidate upload_id=65de449b12a73 url=https://prehraj.to/planeta-teror-2007-cz-dab/65de449b12a73
[00:15:30]   resolved in 0.9s → 480p (https://pf-storage3.premiumcdn.net/73985534/9GQU7aiqNHAPiJWfO2fERi40FDlUDWfQNfyN…)
[00:15:52]   downloaded 682.5 MB in 20.9s (32.7 MB/s)
[00:16:23]   upload done video_id=26061358 in 31.2s
[00:16:24] film cr_film_id=2167 OK in 55.5s
[00:16:24] batch-end ok=20 failed=0 dur=2080.7s avg/film=104.0s remaining=16726 eta_hours=483.2

===== run 2026-06-18T00:23:58Z shard=1/2 batch_size=20 (https://github.com/Olbrasoft/prehrajto-to-prehrajto/actions/runs/27728447275) =====
[00:23:59] description overrides loaded: 3733 from /home/runner/work/prehrajto-to-prehrajto/prehrajto-to-prehrajto/state/email-generated-descriptions-v3.jsonl
[00:23:59] batch-start shard=1/2 count=20 backlog=17650 uploads=924 failed_attempts=67 description_overrides=3733
[00:23:59] login
[00:24:01] login done
[00:24:01] iteration 1/20
[00:24:01] film cr_film_id=2169 name='Ztracená v svitu hvězd (2025) CZ Dabing' candidates=9
[00:24:01]   candidate upload_id=6839eceec127b url=https://prehraj.to/ztracena-v-svitu-hvezd-czdabing-2025-1080p-mp4/6839eceec127b
[00:24:02]   resolved in 1.1s → 1080p (https://pf-storage4.premiumcdn.net/138920618/pRmSP3TWJiZnszBI5wcQPTdMs5kSJ9U3kCx…)
[00:25:30]   downloaded 2,155.2 MB in 85.9s (25.1 MB/s)
[00:27:08]   upload done video_id=26061688 in 98.1s
[00:27:09] film cr_film_id=2169 OK in 188.3s
[00:27:09] iteration 2/20
[00:27:09] film cr_film_id=2171 name='Stánek u bazénu (2024) CZ Dabing' candidates=4
[00:27:09]   candidate upload_id=16abfd914cfa0c52 url=https://prehraj.to/snack-shack-2024-cz-dabing-1080p/16abfd914cfa0c52
[00:27:10]   resolve FAILED: HTTP 502 wrapping permanent upstream error: https://prehraj.to/snack-shack-2024-cz-dabing-1080p/16abfd914cfa0c52 (permanent=True)
[00:27:10]   candidate upload_id=680f96b5b09fd url=https://prehraj.to/snack-shack-2024-cz-dabing-1080p/680f96b5b09fd
[00:27:16]   resolved in 5.9s → 720p (https://pf-storage3.premiumcdn.net/136455863/xy3ix7TwDcE6c6kFO6U5GTAnimocbPCKAsl…)
[00:27:58]   downloaded 1,240.4 MB in 39.9s (31.1 MB/s)
[00:28:56]   upload done video_id=26061777 in 58.2s
[00:28:57] film cr_film_id=2171 OK in 108.0s
[00:28:57] iteration 3/20
[00:28:57] film cr_film_id=2177 name='Jak přicházejí sny (1998) CZ Dabing' candidates=5
[00:28:57]   candidate upload_id=673179b7a090d url=https://prehraj.to/jak-prichazeji-sny-1998-cz-dab/673179b7a090d
[00:28:58]   resolved in 1.2s → 720p (https://pf-storage3.premiumcdn.net/105597977/vpRfleclZsYWuZbt9LTmZc0ZIp1uWKTYof6…)
[00:29:59]   downloaded 1,852.4 MB in 59.0s (31.4 MB/s)
[00:31:21]   upload done video_id=26061835 in 81.4s
[00:31:22] film cr_film_id=2177 OK in 144.5s
[00:31:22] iteration 4/20
[00:31:22] film cr_film_id=2181 name='Jackass 2 (2006) CZ Dabing' candidates=9
[00:31:22]   candidate upload_id=582107f92c9fa url=https://prehraj.to/jackass-2-jackas-number-two-cz-dabing-2006/582107f92c9fa
[00:31:23]   resolved in 1.1s → 480p (https://pf-storage2.premiumcdn.net/812302/94OiQ1fqJswPt2GTnwUVpf12iK2fjXsEJTK6IY…)
[00:31:46]   downloaded 617.6 MB in 21.2s (29.1 MB/s)
[00:32:12]   upload done video_id=26061889 in 25.8s
[00:32:13] film cr_film_id=2181 OK in 51.5s
[00:32:13] iteration 5/20
[00:32:13] film cr_film_id=2183 name='Prostě holky (2024) CZ Dabing' candidates=4
[00:32:13]   candidate upload_id=68c2d0ef0b23e url=https://prehraj.to/proste-holky-2024-cz-dab-1080p-mp4/68c2d0ef0b23e
[00:32:14]   resolved in 1.1s → 1080p (https://pf-storage4.premiumcdn.net/146175906/ajytxyHOAfp0TNRcelsAvHYRcvnSK7FYqcb…)
[00:33:06]   downloaded 1,552.6 MB in 50.1s (31.0 MB/s)
[00:34:13]   upload done video_id=26061934 in 66.8s
[00:34:14] film cr_film_id=2183 OK in 120.8s
[00:34:14] iteration 6/20
[00:34:14] film cr_film_id=2185 name='Sněhová sestřička (2024) CZ Dabing' candidates=1
[00:34:14]   candidate upload_id=6749b7ec1bac4 url=https://prehraj.to/snehova-sestricka-cz-dabing-2024-1080p/6749b7ec1bac4
[00:34:15]   resolved in 1.2s → 1080p (https://pf-storage5.premiumcdn.net/113850284/mQjuNwIe2tm5H1OfdWfjmIp2FrRuxdhR8sk…)
[00:35:13]   downloaded 1,780.0 MB in 56.6s (31.4 MB/s)
[00:36:31]   upload done video_id=26062008 in 77.8s
[00:36:32] film cr_film_id=2185 OK in 138.1s
[00:36:32] iteration 7/20
[00:36:32] film cr_film_id=2187 name='Aristotelův pád (2023) CZ Dabing' candidates=10
[00:36:32]   candidate upload_id=67e593e6f0834 url=https://prehraj.to/aristoteluv-pad-2023-cz-dab-1080p/67e593e6f0834
[00:36:33]   resolved in 1.0s → 720p (https://pf-storage4.premiumcdn.net/133460972/jPrtDzHxMIeMsLjfENiAkHB5S8GuKef1yto…)
[00:37:13]   downloaded 923.1 MB in 38.1s (24.2 MB/s)
[00:37:57]   upload done video_id=26062067 in 43.9s
[00:37:58] film cr_film_id=2187 OK in 85.8s
[00:37:58] iteration 8/20
[00:37:58] film cr_film_id=2191 name='Ohnivě červená obloha (2023) CZ' candidates=1
[00:37:58]   candidate upload_id=a451bd5dfc7dace7 url=https://prehraj.to/panda-cervena-premena-anim-2022-cz-sk/a451bd5dfc7dace7
[00:37:59]   resolved in 1.2s → 1080p (https://pf-storage3.premiumcdn.net/168829444/2xptqai3YSDZfVJcyxUyXinEHYrsW4TEVIl…)
[00:39:40]   downloaded 2,883.4 MB in 99.4s (29.0 MB/s)
[00:41:48]   upload done video_id=26062133 in 128.5s
[00:41:50] film cr_film_id=2191 OK in 232.1s
[00:41:50] iteration 9/20
[00:41:50] film cr_film_id=2197 name='Perla (2022) CZ Dabing' candidates=2
[00:41:50]   candidate upload_id=68aae3a5a6f65 url=https://prehraj.to/pearl-2022-cz-dab/68aae3a5a6f65
[00:41:51]   resolved in 1.2s → 720p (https://pf-storage3.premiumcdn.net/144391959/DLXi3VhzQt2RcV2s1nsbBhe7ikaizRsZQTv…)
[00:42:36]   downloaded 1,269.4 MB in 42.7s (29.7 MB/s)
[00:43:34]   upload done video_id=26062208 in 58.5s
[00:43:36] film cr_film_id=2197 OK in 105.4s
[00:43:36] iteration 10/20
[00:43:36] film cr_film_id=2199 name='Velký útěkář (2023) CZ Dabing' candidates=5
[00:43:36]   candidate upload_id=5a5c8335e8374c0d url=https://prehraj.to/velky-utekar-2023-cz-dab-1080p/5a5c8335e8374c0d
[00:43:37]   resolved in 1.1s → 1080p (https://pf-storage3.premiumcdn.net/168393325/ZN4SxViWdswpcPDHodTMpivoHOQh4zHx3hB…)
[00:44:56]   downloaded 1,946.6 MB in 77.8s (25.0 MB/s)
[00:46:27]   upload done video_id=26062274 in 91.2s
[00:46:29] film cr_film_id=2199 OK in 173.0s
[00:46:29] iteration 11/20
[00:46:29] film cr_film_id=2201 name='Za kupkou sena (2022) CZ Dabing' candidates=2
[00:46:29]   candidate upload_id=26c5c58be4e07f8c url=https://prehraj.to/za-kupkou-sena-2022-cz-dab-1080p/26c5c58be4e07f8c
[00:46:30]   resolved in 1.1s → 1080p (https://pf-storage5.premiumcdn.net/168398116/PZJSbaT6Qt8vHM0UDkUk2TxECEmi8DS5Vsz…)
[00:48:19]   downloaded 2,577.2 MB in 107.5s (24.0 MB/s)
[00:50:10]   upload done video_id=26062369 in 110.6s
[00:50:11] film cr_film_id=2201 OK in 222.3s
[00:50:11] iteration 12/20
[00:50:11] film cr_film_id=2205 name='Celý život (2023) CZ Dabing' candidates=2
[00:50:11]   candidate upload_id=67e531fa4e4d4 url=https://prehraj.to/ein-ganzes-leben-2023-cz-dabing-mp4/67e531fa4e4d4
[00:50:12]   resolved in 1.2s → 720p (https://pf-storage3.premiumcdn.net/133428773/ZantgLsYehdaSO7IjyHqjsXGHJmHb1f50FY…)
[00:51:09]   downloaded 1,310.8 MB in 54.6s (24.0 MB/s)
[00:52:21]   upload done video_id=26062454 in 72.8s
[00:52:23] film cr_film_id=2205 OK in 132.0s
[00:52:23] iteration 13/20
[00:52:23] film cr_film_id=2207 name='Muž, který stál v cestě (2023) CZ' candidates=1
[00:52:23]   candidate upload_id=6619fd76556fb url=https://prehraj.to/muz-ktory-stal-v-ceste-2023/6619fd76556fb
[00:52:24]   resolved in 1.1s → 1080p (https://pf-storage5.premiumcdn.net/76062209/pJESEKfkYia3igEfrVC0kfNmsOzCJ8Irxhb8…)
[00:53:44]   downloaded 2,479.2 MB in 78.3s (31.7 MB/s)
[00:55:50]   upload done video_id=26062536 in 125.9s
[00:55:51] film cr_film_id=2207 OK in 208.4s
[00:55:51] iteration 14/20
[00:55:51] film cr_film_id=2211 name='Němá tajemství (2023) CZ Dabing' candidates=2
[00:55:51]   candidate upload_id=662a95cc6109e url=https://prehraj.to/nema-tajemstvi-2023-cz-dabing-1080p-fullhd/662a95cc6109e
[00:55:52]   resolved in 1.2s → 1080p (https://pf-storage4.premiumcdn.net/76573025/e36hdPspAC38sq8HE0UWxsDkS07cqLt3ptMw…)
[00:57:20]   downloaded 2,724.7 MB in 86.2s (31.6 MB/s)
[00:59:12]   upload done video_id=26062631 in 111.3s
[00:59:13] film cr_film_id=2211 OK in 202.0s
[00:59:13] iteration 15/20
[00:59:13] film cr_film_id=2213 name='Eismayer (2022) CZ Dabing' candidates=1
[00:59:13]   candidate upload_id=66427a95ebec7 url=https://prehraj.to/eismayer-2022-czdab/66427a95ebec7
[00:59:14]   resolved in 1.1s → 1080p (https://pf-storage1.premiumcdn.net/77323139/5EmU3VTY1SXas4NHblCE4T7khJXfQrIKQuQj…)
[01:00:29]   downloaded 1,803.7 MB in 73.3s (24.6 MB/s)
[01:01:50]   upload done video_id=26062715 in 80.7s
[01:01:54] film cr_film_id=2213 OK in 160.4s
[01:01:54] iteration 16/20
[01:01:54] film cr_film_id=2215 name='Porodní asistentky (2023) CZ Dabing' candidates=4
[01:01:54]   candidate upload_id=65f9accd6cd55 url=https://prehraj.to/porodni-asistentky-midwives-2023-cz-dabing/65f9accd6cd55
[01:01:55]   resolved in 1.1s → 720p (https://pf-storage1.premiumcdn.net/74933954/bMwFPwS2GSPdcqlhxLC0BSbQIVXuXEtMoHP4…)
[01:02:41]   downloaded 1,043.8 MB in 44.2s (23.6 MB/s)
[01:03:24]   upload done video_id=26062776 in 43.7s
[01:03:25] film cr_film_id=2215 OK in 91.9s
[01:03:25] iteration 17/20
[01:03:25] film cr_film_id=2219 name='Mořská příšera (2022) CZ Dabing' candidates=7
[01:03:25]   candidate upload_id=64bfd63d48688 url=https://prehraj.to/morska-prisera-the-sea-beast-2022-1080p-cz-dabing/64bfd63d48688
[01:03:27]   resolved in 1.2s → 1080p (https://pf-storage5.premiumcdn.net/42758141/vpjSnMUpmTrVCx1I4AU7nUg5fX4I4pfVrszo…)
[01:05:49]   downloaded 4,414.7 MB in 141.0s (31.3 MB/s)
[01:09:37]   upload done video_id=26062854 in 227.8s
[01:09:38] film cr_film_id=2219 OK in 372.8s
[01:09:38] iteration 18/20
[01:09:38] film cr_film_id=2223 name='Nesnesitelná tíha obrovského talentu (2022) CZ Dabing' candidates=5
[01:09:38]   candidate upload_id=6519699b727d1 url=https://prehraj.to/nesnesitelna-tiha-obrovskeho-talentu-2022-cz-dabing-hd-1080p/6519699b727d1
[01:09:40]   resolved in 1.3s → 720p (https://pf-storage5.premiumcdn.net/46820534/NE9fpdSV2UQNIWQfPjS76SkrF2vUy7I49tPp…)
[01:10:36]   downloaded 1,669.9 MB in 54.3s (30.8 MB/s)
[01:11:58]   upload done video_id=26062969 in 82.5s
[01:11:59] film cr_film_id=2223 OK in 141.0s
[01:11:59] iteration 19/20
[01:11:59] film cr_film_id=2227 name='Den poté (1983) CZ Dabing' candidates=2
[01:11:59]   candidate upload_id=c3f537a9cf482a82 url=https://prehraj.to/den-pote-1983-cz-dabing-1080p-mkv/c3f537a9cf482a82
[01:12:01]   resolved in 1.2s → 1080p (https://pf-storage1.premiumcdn.net/156072071/kZvIxJHXKSYLSNZfjYTj4HajUYwuOJIlPcK…)
[01:14:08]   downloaded 4,045.8 MB in 125.9s (32.1 MB/s)
[01:16:52]   upload done video_id=26063045 in 163.8s
[01:16:54] film cr_film_id=2227 OK in 294.3s
[01:16:54] iteration 20/20
[01:16:54] film cr_film_id=2231 name='Vyproštění 2 (2023) CZ Dabing' candidates=6
[01:16:54]   candidate upload_id=64bd22b0f11da url=https://prehraj.to/vyprosteni-2-extraction-2-2023-cz-dabing-1080p-akcni-thriller/64bd22b0f11da
[01:16:55]   resolved in 1.2s → 1080p (https://pf-storage4.premiumcdn.net/42709565/WAzhWLf6rIxpUbDuK5uvof6wF8whYzhzrHVq…)
[01:18:37]   downloaded 2,544.3 MB in 100.4s (25.3 MB/s)
[01:20:43]   upload done video_id=26063153 in 125.7s
[01:20:44] film cr_film_id=2231 OK in 230.4s
[01:20:44] batch-end ok=20 failed=0 dur=3403.2s avg/film=170.2s remaining=16706 eta_hours=789.8

===== run 2026-06-18T01:21:10Z shard=1/2 batch_size=20 (https://github.com/Olbrasoft/prehrajto-to-prehrajto/actions/runs/27730457483) =====
[01:21:12] description overrides loaded: 3734 from /home/runner/work/prehrajto-to-prehrajto/prehrajto-to-prehrajto/state/email-generated-descriptions-v3.jsonl
[01:21:12] batch-start shard=1/2 count=20 backlog=17650 uploads=944 failed_attempts=68 description_overrides=3734
[01:21:12] login
[01:21:14] login done
[01:21:14] iteration 1/20
[01:21:14] film cr_film_id=2239 name='Ferrari (2003) CZ Dabing' candidates=3
[01:21:14]   candidate upload_id=5b70b6bb23c73 url=https://prehraj.to/enzo-ferrari-2003-cz-dabing/5b70b6bb23c73
[01:21:15]   resolved in 1.2s → 480p (https://pf-storage5.premiumcdn.net/5287194/lQNi91H3mtA4HYxHAzsNgHm7cyls0bSKGi4os…)
[01:21:34]   downloaded 596.1 MB in 17.7s (33.7 MB/s)
[01:22:05]   upload done video_id=26063225 in 31.1s
[01:22:06] film cr_film_id=2239 OK in 52.5s
[01:22:06] iteration 2/20
[01:22:06] film cr_film_id=2241 name='Matilda Roalda Dahla: Muzikál (2022) CZ Dabing' candidates=2
[01:22:06]   candidate upload_id=651d2cd13059e url=https://prehraj.to/matilda-roalda-dahla-muzikal-roald-dahl-s-matilda-the-musical-2022-muzikal-cz-dabing-1080p/651d2cd13059e
[01:22:07]   resolved in 1.0s → 1080p (https://pf-storage1.premiumcdn.net/47163008/KpLtZXuy7idPINBsbZiELunrC12fNGC0Bcmd…)
[01:23:46]   downloaded 3,699.0 MB in 97.2s (38.1 MB/s)
[01:25:55]   upload done video_id=26063282 in 129.5s
[01:25:56] film cr_film_id=2241 OK in 230.3s
[01:25:56] iteration 3/20
[01:25:56] film cr_film_id=2243 name='Bobovy burgery ve filmu (2022) CZ Dabing' candidates=1
[01:25:56]   candidate upload_id=663878a31c893 url=https://prehraj.to/bobovy-burgery-ve-filmu-2022-cz-dabing/663878a31c893
[01:25:58]   resolved in 1.8s → 720p (https://pf-storage5.premiumcdn.net/76933064/9Ezia4hB7sK0TM2sX6tVxha6u1VT7VF8jTz4…)
[01:26:38]   downloaded 1,419.2 MB in 38.6s (36.8 MB/s)
[01:27:43]   upload done video_id=26063341 in 64.7s
[01:27:44] film cr_film_id=2243 OK in 107.7s
[01:27:44] iteration 4/20
[01:27:44] film cr_film_id=2247 name='Film roku (2021) CZ Dabing' candidates=5
[01:27:44]   candidate upload_id=67fcf5ed6e0e7 url=https://prehraj.to/doba-ledova-buckova-dobrodruzstvi-komedie-animovany-film-roku-2022-cz-dab-rob-mp4/67fcf5ed6e0e7
[01:27:45]   resolved in 1.1s → 1080p (https://pf-storage3.premiumcdn.net/135035192/bQATN8skZcLViEeIv0HgVsBVh3WcA2c6BTD…)
[01:28:48]   downloaded 2,281.2 MB in 61.7s (37.0 MB/s)
[01:31:29]   upload done video_id=26063401 in 160.6s
[01:31:30] film cr_film_id=2247 OK in 226.1s
[01:31:30] iteration 5/20
[01:31:30] film cr_film_id=2249 name='Tajemné křížovky: Hádanka smrti (2021) CZ Dabing' candidates=1
[01:31:30]   candidate upload_id=62d72fd038c15 url=https://prehraj.to/tajemne-krizovky-hadanka-smrti-2021-czdab/62d72fd038c15
[01:31:31]   resolved in 1.0s → 1080p (https://pf-storage3.premiumcdn.net/31661147/wDOigqFV0fGNSaYfy6U3OFALU4BSojHbKTx6…)
[01:32:26]   downloaded 1,963.0 MB in 53.6s (36.6 MB/s)
[01:33:41]   upload done video_id=26063497 in 75.3s
[01:33:43] film cr_film_id=2249 OK in 132.4s
[01:33:43] iteration 6/20
[01:33:43] film cr_film_id=2253 name='Delikatesa (2021) CZ Dabing' candidates=1
[01:33:43]   candidate upload_id=62893743165d5 url=https://prehraj.to/delikatesa-2021-czdab/62893743165d5
[01:33:44]   resolved in 1.0s → 480p (https://pf-storage3.premiumcdn.net/30914553/e9Qh2zfpMFvdUKYf0ZINMfEZcXETGRh6Wu4X…)
[01:34:08]   downloaded 628.5 MB in 22.5s (27.9 MB/s)
[01:34:32]   upload done video_id=26063545 in 24.4s
[01:34:33] film cr_film_id=2253 OK in 50.5s
[01:34:33] iteration 7/20
[01:34:33] film cr_film_id=2257 name='Následky (2021) CZ Dabing' candidates=6
[01:34:33]   candidate upload_id=62295752c3e0b url=https://prehraj.to/the-fallout-2022-czdab/62295752c3e0b
[01:34:34]   resolved in 0.8s → 1080p (https://pf-storage5.premiumcdn.net/30005497/71NfE5TrZhkmHYjT57UWZT2wS1LCqPcGqH5r…)
[01:35:30]   downloaded 2,072.1 MB in 55.4s (37.4 MB/s)
[01:36:56]   upload done video_id=26063580 in 85.7s
[01:36:57] film cr_film_id=2257 OK in 144.2s
[01:36:57] iteration 8/20
[01:36:57] film cr_film_id=2265 name='Vánoce pod jednou střechou (2017) CZ Dabing' candidates=1
[01:36:57]   candidate upload_id=68ff7c33d1b8f url=https://prehraj.to/vanoce-pod-jednou-strechou-2017-cz-dab-1080p/68ff7c33d1b8f
[01:36:58]   resolved in 1.0s → 720p (https://pf-storage4.premiumcdn.net/153818091/24MiBXToMsEZs57CejI0OT54sAxt8eiqat5…)
[01:37:27]   downloaded 1,018.9 MB in 28.1s (36.3 MB/s)
[01:38:05]   upload done video_id=26063635 in 37.6s
[01:38:06] film cr_film_id=2265 OK in 69.0s
[01:38:06] iteration 9/20
[01:38:06] film cr_film_id=2273 name='Pan Čokoláda (2016) CZ Dabing' candidates=1
[01:38:06]   candidate upload_id=60833004d8643 url=https://prehraj.to/pan-cokolada-2016-cz-dabing/60833004d8643
[01:38:07]   resolved in 1.1s → 480p (https://pf-storage2.premiumcdn.net/23237718/BoaiDgh5GTEQIM2FYDu6qhG6fP8Uq5IpmIwG…)
[01:38:33]   downloaded 677.2 MB in 24.6s (27.5 MB/s)
[01:39:00]   upload done video_id=26063664 in 27.3s
[01:39:01] film cr_film_id=2273 OK in 55.1s
[01:39:01] iteration 10/20
[01:39:01] film cr_film_id=2279 name='Rose Island (2020) CZ Dabing' candidates=1
[01:39:01]   candidate upload_id=5fd2aa66469f3 url=https://prehraj.to/rose-island-2020-czdabing/5fd2aa66469f3
[01:39:03]   resolved in 1.7s → 1080p (https://pf-storage2.premiumcdn.net/20709468/7d0UgbcDlI76I3vFkQTx3cExhZMTpnTBEhb6…)
[01:40:07]   downloaded 1,866.9 MB in 63.5s (29.4 MB/s)
[01:41:31]   upload done video_id=26063713 in 83.4s
[01:41:32] film cr_film_id=2279 OK in 151.0s
[01:41:32] iteration 11/20
[01:41:32] film cr_film_id=2281 name='Vánoční kronika (2018) CZ Dabing' candidates=8
[01:41:32]   candidate upload_id=5fab2347b8913 url=https://prehraj.to/vanocni-kronika-the-christmas-chronicles-2018-cz-dabing-webrip-1080p-5-1/5fab2347b8913
[01:41:33]   resolved in 1.0s → 720p (https://pf-storage5.premiumcdn.net/19846095/d6JI0gsZoIpwTVBfAoSlJsAjuLXh2gf6xIZQ…)
[01:42:27]   downloaded 1,537.3 MB in 51.9s (29.6 MB/s)
[01:43:26]   upload done video_id=26063781 in 59.7s
[01:43:28] film cr_film_id=2281 OK in 115.3s
[01:43:28] iteration 12/20
[01:43:28] film cr_film_id=2285 name='Ip Man 4: The Finale (2019) CZ Dabing' candidates=9
[01:43:28]   candidate upload_id=5f1d4207bff72 url=https://prehraj.to/ye-wen-4-wan-jie-pian-ip-man-4-the-finale-2019-cz-dabing-webrip-1080p/5f1d4207bff72
[01:43:28]   resolved in 0.8s → 1080p (https://pf-storage1.premiumcdn.net/17519838/zEGHYgIRluXxFoafnmSXgIolhV0H72SK8u48…)
[01:44:27]   downloaded 2,161.1 MB in 57.8s (37.4 MB/s)
[01:45:59]   upload done video_id=26063834 in 91.6s
[01:46:00] film cr_film_id=2285 OK in 152.4s
[01:46:00] iteration 13/20
[01:46:00] film cr_film_id=2289 name='Souboj s rodinou (2019) CZ Dabing' candidates=9
[01:46:00]   candidate upload_id=5ed521b38d6c3 url=https://prehraj.to/souboj-s-rodinou-fighting-with-my-family-2019-1080p-cz-dabing/5ed521b38d6c3
[01:46:01]   resolved in 1.0s → 720p (https://pf-storage5.premiumcdn.net/16739232/m2PsK3SQRtWOua6uBGS5eSRVIxdUeXcpQfJk…)
[01:47:12]   downloaded 2,091.1 MB in 70.3s (29.7 MB/s)
[01:48:37]   upload done video_id=26063899 in 84.6s
[01:48:38] film cr_film_id=2289 OK in 158.1s
[01:48:38] iteration 14/20
[01:48:38] film cr_film_id=2291 name='Díra (2019) CZ Dabing' candidates=2
[01:48:38]   candidate upload_id=39f681ad7efa9b62 url=https://prehraj.to/dira-2019-cz-dab-1080p/39f681ad7efa9b62
[01:48:39]   resolved in 0.9s → 1080p (https://pf-storage5.premiumcdn.net/168134377/mOju6nHjLi14uMZUlLt2VHZ4IBeI6ZurPfa…)
[01:49:20]   downloaded 1,486.2 MB in 40.1s (37.1 MB/s)
[01:50:24]   upload done video_id=26063956 in 63.6s
[01:50:25] film cr_film_id=2291 OK in 106.9s
[01:50:25] iteration 15/20
[01:50:25] film cr_film_id=2293 name='Srdcová královna (2019) CZ' candidates=4
[01:50:25]   candidate upload_id=344e5ffd50e49059 url=https://prehraj.to/dronniingen-srdcova-kralovna-full-hd-2019-dan-dab-cz-mp4/344e5ffd50e49059
[01:50:26]   resolved in 1.1s → 720p (https://pf-storage4.premiumcdn.net/167598089/XOrSq7cplTnqF8gUpOHNZcePSrxiJLFvnCj…)
[01:51:16]   downloaded 1,785.0 MB in 48.6s (36.7 MB/s)
[01:52:39]   upload done video_id=26064005 in 83.7s
[01:52:41] film cr_film_id=2293 OK in 135.9s
[01:52:41] iteration 16/20
[01:52:41] film cr_film_id=2295 name='Všem klukům, které jsem milovala (2018) CZ Dabing' candidates=24
[01:52:41]   candidate upload_id=607398e12cb1d url=https://prehraj.to/vsem-klukum-ktere-jsem-milovala-2018-hd-1080p-cz-dabing/607398e12cb1d
[01:52:42]   resolved in 0.8s → 720p (https://pf-storage5.premiumcdn.net/23075856/ZO3tZdcGgUzOsevtqBS8AcOBUX2SRBh4ySVN…)
[01:53:20]   downloaded 1,344.5 MB in 36.6s (36.7 MB/s)
[01:54:10]   upload done video_id=26064076 in 50.3s
[01:54:11] film cr_film_id=2295 OK in 90.4s
[01:54:11] iteration 17/20
[01:54:11] film cr_film_id=2297 name='Shazam! (2019) CZ Dabing' candidates=3
[01:54:11]   candidate upload_id=609abd9dd0981 url=https://prehraj.to/shazam-2019-full-hd-cz-dabing/609abd9dd0981
[01:54:12]   resolved in 1.2s → 720p (https://pf-storage1.premiumcdn.net/23476752/wGyhv3c74s9LHAxCpliEbcvQIpNiqlH8vhbk…)
[01:55:44]   downloaded 3,438.6 MB in 90.7s (37.9 MB/s)
[01:57:49]   upload done video_id=26064154 in 125.2s
[01:57:51] film cr_film_id=2297 OK in 219.4s
[01:57:51] iteration 18/20
[01:57:51] film cr_film_id=2299 name='Muži v naději (2011) CZ' candidates=23
[01:57:51]   candidate upload_id=65a69b9442e0d url=https://prehraj.to/muzi-v-nadeji-2011-fhd-1080p-hb9400-5-1ac3-640-2pass-encoding-spark-s/65a69b9442e0d
[01:57:52]   resolved in 1.2s → 720p (https://pf-storage3.premiumcdn.net/72442964/lErijmFB0T08SmgU0XC8XF6dIlBiw3TPZSPx…)
[01:58:46]   downloaded 1,948.4 MB in 52.5s (37.1 MB/s)
[01:59:59]   upload done video_id=26064232 in 73.5s
[02:00:00] film cr_film_id=2299 OK in 129.7s
[02:00:00] iteration 19/20
[02:00:00] film cr_film_id=2305 name='American Honey (2016) CZ Dabing' candidates=1
[02:00:00]   candidate upload_id=0fc48acdcc322847 url=https://prehraj.to/american-honey-2016-cz-dab-360p-mkv/0fc48acdcc322847
[02:00:01]   resolved in 1.0s → 480p (https://pf-storage5.premiumcdn.net/155117340/bjQiBLFQnsgLt3bsVoC29F6ViQEcwaU3xcV…)
[02:00:35]   downloaded 1,128.2 MB in 31.4s (35.9 MB/s)
[02:01:19]   upload done video_id=26064288 in 44.6s
[02:01:20] film cr_film_id=2305 OK in 79.9s
[02:01:20] iteration 20/20
[02:01:20] film cr_film_id=2313 name='Koupili jsme zoo (2011) CZ Dabing' candidates=1
[02:01:20]   candidate upload_id=37e1437f03480b2f url=https://prehraj.to/koupili-jsme-zoo-2011-cz-dab/37e1437f03480b2f
[02:01:22]   resolved in 1.3s → 480p (https://pf-storage5.premiumcdn.net/168237385/rVKiYkfY0UAnfLEuNMi15fB1hkKH15CLptw…)
[02:01:48]   downloaded 880.2 MB in 25.0s (35.2 MB/s)
[02:02:21]   upload done video_id=26064323 in 33.1s
[02:02:23] film cr_film_id=2313 OK in 62.2s
[02:02:23] batch-end ok=20 failed=0 dur=2468.9s avg/film=123.4s remaining=16686 eta_hours=572.0

===== run 2026-06-18T02:06:44Z shard=1/2 batch_size=20 (https://github.com/Olbrasoft/prehrajto-to-prehrajto/actions/runs/27732015263) =====
[02:06:45] description overrides loaded: 3735 from /home/runner/work/prehrajto-to-prehrajto/prehrajto-to-prehrajto/state/email-generated-descriptions-v3.jsonl
[02:06:45] batch-start shard=1/2 count=20 backlog=17650 uploads=964 failed_attempts=68 description_overrides=3735
[02:06:45] login
[02:06:46] login done
[02:06:46] iteration 1/20
[02:06:46] film cr_film_id=2317 name='Tah pěšcem (2014) CZ Dabing' candidates=9
[02:06:46]   candidate upload_id=61c2613e13609 url=https://prehraj.to/tah-pescem-cz-dabing-2014-1080p/61c2613e13609
[02:06:48]   resolved in 1.2s → 720p (https://pf-storage1.premiumcdn.net/27654765/Na0SyjfwVsmvhPoUazCnLfmYF4wTxmsOqTN4…)
[02:08:23]   downloaded 2,062.3 MB in 93.2s (22.1 MB/s)
[02:10:08]   upload done video_id=26064491 in 105.0s
[02:10:09] film cr_film_id=2317 OK in 202.8s
[02:10:09] iteration 2/20
[02:10:09] film cr_film_id=2319 name='Norman a duchové (2012) CZ Dabing' candidates=1
[02:10:09]   candidate upload_id=018f69fb99de05ff url=https://prehraj.to/norman-a-duchove-2012-cz-dab-1080p/018f69fb99de05ff
[02:10:11]   resolved in 1.3s → 720p (https://pf-storage5.premiumcdn.net/168416869/4dgSnBfO4iM3SarFdGH48fkQc3Ohx6skzTx…)
[02:11:04]   downloaded 1,324.8 MB in 51.8s (25.6 MB/s)
[02:12:20]   upload done video_id=26064562 in 75.7s
[02:12:22] film cr_film_id=2319 OK in 132.6s
[02:12:22] iteration 3/20
[02:12:22] film cr_film_id=2321 name='Jack Reacher: Poslední výstřel (2012) CZ Dabing' candidates=1
[02:12:22]   candidate upload_id=57ccf60705826 url=https://prehraj.to/jack-reacher-2012-czdab/57ccf60705826
[02:12:23]   resolved in 1.2s → 480p (https://pf-storage4.premiumcdn.net/495416/wKOI13uvOizOT75FAQsk0upQIkVcZltngc8EUy…)
[02:13:07]   downloaded 839.0 MB in 42.4s (19.8 MB/s)
[02:13:51]   upload done video_id=26064618 in 44.0s
[02:13:53] film cr_film_id=2321 OK in 91.1s
[02:13:53] iteration 4/20
[02:13:53] film cr_film_id=2323 name='Správci osudu (2011) CZ Dabing' candidates=12
[02:13:53]   candidate upload_id=57f561402ac59 url=https://prehraj.to/spravci-osudu-cz-dabing-2011/57f561402ac59
[02:13:54]   resolved in 0.9s → 480p (https://pf-storage2.premiumcdn.net/671892/GgwhdouZNhmLU4mIMjSpLuQ1t2dhnbs3yczdFJ…)
[02:14:18]   downloaded 542.3 MB in 22.7s (23.9 MB/s)
[02:14:49]   upload done video_id=26064648 in 31.0s
[02:14:51] film cr_film_id=2323 OK in 57.6s
[02:14:51] iteration 5/20
[02:14:51] film cr_film_id=2325 name='Kolonie (2015) CZ Dabing' candidates=19
[02:14:51]   candidate upload_id=58aad97578a5c url=https://prehraj.to/kolonie-2015-czdabing/58aad97578a5c
[02:14:52]   resolved in 1.2s → 720p (https://pf-storage5.premiumcdn.net/1724279/jPgHbxSXqTvwu2GhRbuB6Sy2HybhLPFVosRgi…)
[02:16:09]   downloaded 1,965.2 MB in 75.0s (26.2 MB/s)
[02:17:49]   upload done video_id=26064691 in 100.4s
[02:17:51] film cr_film_id=2325 OK in 180.0s
[02:17:51] iteration 6/20
[02:17:51] film cr_film_id=2337 name='Anděl smrti (1998) CZ Dabing' candidates=16
[02:17:51]   candidate upload_id=68e89244f1e6e url=https://prehraj.to/andel-smrti-1998-cz-dab-1080p/68e89244f1e6e
[02:17:52]   resolved in 1.3s → 720p (https://pf-storage4.premiumcdn.net/150686178/jM2F3qiBxszKsdbHv3TRBi9Ni9EC0mI7ECJ…)
[02:19:13]   downloaded 2,080.0 MB in 79.0s (26.3 MB/s)
[02:21:00]   upload done video_id=26064773 in 107.3s
[02:21:02] film cr_film_id=2337 OK in 191.3s
[02:21:02] iteration 7/20
[02:21:02] film cr_film_id=2341 name='Loganovi parťáci (2017) CZ' candidates=1
[02:21:02]   candidate upload_id=5a119029ddb42 url=https://prehraj.to/loganovy-partaci-2017-cz-tit-vloz/5a119029ddb42
[02:21:03]   resolved in 1.4s → 480p (https://pf-storage5.premiumcdn.net/2941569/ZG4f8phkETybtvZFPmhMrhBRiqNIwlT6GiMOH…)
[02:21:28]   downloaded 527.5 MB in 22.7s (23.2 MB/s)
[02:21:56]   upload done video_id=26064824 in 27.9s
[02:21:57] film cr_film_id=2341 OK in 55.4s
[02:21:57] iteration 8/20
[02:21:57] film cr_film_id=2359 name='Rivalové (1996) CZ Dabing' candidates=4
[02:21:57]   candidate upload_id=55e49d24b014e url=https://prehraj.to/rivalove-1996-czdab/55e49d24b014e
[02:21:59]   resolved in 1.1s → 480p (https://pf-storage2.premiumcdn.net/263698/BAbhMLcomsMwhOds31fEgcd6fD2IbwuvbF5jim…)
[02:22:36]   downloaded 777.1 MB in 36.2s (21.5 MB/s)
[02:23:25]   upload done video_id=26064852 in 48.6s
[02:23:27] film cr_film_id=2359 OK in 89.1s
[02:23:27] iteration 9/20
[02:23:27] film cr_film_id=2365 name='Snoopy a Charlie Brown. Peanuts ve filmu (2015) CZ Dabing' candidates=6
[02:23:27]   candidate upload_id=58aad9524bbf5 url=https://prehraj.to/snoopy-a-charlie-brown-peanuts-ve-filmu-2015-1080p-cz-dabing-5-1/58aad9524bbf5
[02:23:27]   resolved in 0.9s → 720p (https://pf-storage2.premiumcdn.net/1724362/33dTANIEPS2Li3MUGVSEPIq7skVfwVsz7HPEF…)
[02:24:17]   downloaded 945.7 MB in 48.4s (19.5 MB/s)
[02:25:06]   upload done video_id=26064890 in 49.1s
[02:25:08] film cr_film_id=2365 OK in 101.5s
[02:25:08] iteration 10/20
[02:25:08] film cr_film_id=2367 name='Anděl Páně 2 (2016) CZ' candidates=4
[02:25:08]   candidate upload_id=68cac90888c91 url=https://prehraj.to/andel-pane-cely-film-hd-mp4/68cac90888c91
[02:25:09]   resolved in 1.3s → 720p (https://pf-storage5.premiumcdn.net/147187245/ovAh1bTAdf75tXQiYDU8PTYRcD5ir7F4gHk…)
[02:25:58]   downloaded 1,181.1 MB in 47.3s (25.0 MB/s)
[02:26:57]   upload done video_id=26064927 in 58.9s
[02:26:59] film cr_film_id=2367 OK in 110.9s
[02:26:59] iteration 11/20
[02:26:59] film cr_film_id=2369 name='Marley a já (2008) CZ Dabing' candidates=7
[02:26:59]   candidate upload_id=57a71be11134a url=https://prehraj.to/marley-a-ja-marley-me-2008-cz-dabing/57a71be11134a
[02:27:00]   resolved in 1.2s → 480p (https://pf-storage2.premiumcdn.net/2696/pE1fQwU5QtgkIpnse3C1lUznSYjs39udKcm5FZKT…)
[02:27:50]   downloaded 886.5 MB in 48.5s (18.3 MB/s)
[02:28:37]   upload done video_id=26064975 in 46.5s
[02:28:39] film cr_film_id=2369 OK in 99.6s
[02:28:39] iteration 12/20
[02:28:39] film cr_film_id=2371 name='Bratrstvo vlků – Hon na bestii (2001) CZ Dabing' candidates=6
[02:28:39]   candidate upload_id=5820fbec798d2 url=https://prehraj.to/bratrstvo-neohrozenych-cz-dabing-2001/5820fbec798d2
[02:28:40]   resolved in 1.5s → 480p (https://pf-storage4.premiumcdn.net/812146/e4qhwlCM7i3GCPrs3pik7CqasAXu09SwosRpib…)
[02:29:07]   downloaded 467.5 MB in 25.1s (18.6 MB/s)
[02:29:36]   upload done video_id=26065013 in 29.8s
[02:29:38] film cr_film_id=2371 OK in 59.4s
[02:29:38] iteration 13/20
[02:29:38] film cr_film_id=2373 name='Boj (2015) CZ Dabing' candidates=3
[02:29:38]   candidate upload_id=687d5ef8ce2cf url=https://prehraj.to/boj-o-hedvabnou-stezku-dragon-blade-2015-historicky-czdab/687d5ef8ce2cf
[02:29:39]   resolved in 1.4s → 720p (https://pf-storage4.premiumcdn.net/141867767/dEDsbjhLas0EUw5Fy8TmghJpsdxsEeUOXSb…)
[02:32:02]   downloaded 3,722.5 MB in 141.0s (26.4 MB/s)
[02:35:28]   upload done video_id=26065086 in 205.6s
[02:35:30] film cr_film_id=2373 OK in 351.7s
[02:35:30] iteration 14/20
[02:35:30] film cr_film_id=2381 name='Santa je úchyl! (2003) CZ Dabing' candidates=6
[02:35:30]   candidate upload_id=7ec36a7fcf7988b5 url=https://prehraj.to/santa-je-uchyl-2003-1080p-cz-dabing-mkv/7ec36a7fcf7988b5
[02:35:31]   resolved in 1.3s → 720p (https://pf-storage5.premiumcdn.net/156000380/NAzh3KFLMhd1uxNSZzUD8Fnmtpzt15hWkcD…)
[02:36:21]   downloaded 1,208.0 MB in 47.9s (25.2 MB/s)
[02:37:25]   upload done video_id=26065185 in 63.8s
[02:37:26] film cr_film_id=2381 OK in 116.7s
[02:37:26] iteration 15/20
[02:37:26] film cr_film_id=2387 name='Vzkaz v láhvi (2016) CZ Dabing' candidates=32
[02:37:26]   candidate upload_id=5c8ef64332381 url=https://prehraj.to/vzkaz-v-lahvi-flaskepost-fra-p-2016-bdrip-cz-dabing/5c8ef64332381
[02:37:28]   resolved in 1.2s → 480p (https://pf-storage5.premiumcdn.net/12482668/0XNHlbIrXczEFjVfZ3tabIdJHJXuMncZxHor…)
[02:37:55]   downloaded 504.6 MB in 26.4s (19.1 MB/s)
[02:38:24]   upload done video_id=26065225 in 28.8s
[02:38:26] film cr_film_id=2387 OK in 59.3s
[02:38:26] iteration 16/20
[02:38:26] film cr_film_id=2389 name='Star Trek: Do neznáma (2016) CZ Dabing' candidates=7
[02:38:26]   candidate upload_id=5ca91b17afcdb url=https://prehraj.to/4k-star-trek-beyond-cz-dabing-2016/5ca91b17afcdb
[02:38:27]   resolved in 1.2s → 1080p (https://pf-storage5.premiumcdn.net/12816413/om9Hl4ikzt6JSlEFAXcONi0QHmAHoqTAoT35…)
[02:41:28]   downloaded 4,695.7 MB in 179.9s (26.1 MB/s)
[02:45:32]   upload done video_id=26065295 in 244.0s
[02:45:34] film cr_film_id=2389 OK in 428.5s
[02:45:34] iteration 17/20
[02:45:34] film cr_film_id=2393 name='Rambo: Do pekla a zpět (2008) CZ Dabing' candidates=26
[02:45:34]   candidate upload_id=5ef843addde0f url=https://prehraj.to/rambo-4-do-pekla-a-zpet-2008-czdab/5ef843addde0f
[02:45:35]   resolved in 1.1s → 480p (https://pf-storage5.premiumcdn.net/17079052/GLoS5PiAPFqQhPgHdnUl8ivLS0ZCB4saot2g…)
[02:46:06]   downloaded 694.1 MB in 29.0s (23.9 MB/s)
[02:46:43]   upload done video_id=26065392 in 36.8s
[02:46:44] film cr_film_id=2393 OK in 69.9s
[02:46:44] iteration 18/20
[02:46:44] film cr_film_id=2395 name='Čarodějnice (2015) CZ Dabing' candidates=6
[02:46:44]   candidate upload_id=58217e710fd27 url=https://prehraj.to/carodejnice-the-witch-cz-dabing-2015/58217e710fd27
[02:46:45]   resolved in 1.1s → 480p (https://pf-storage2.premiumcdn.net/813891/jpXiyvho4HELHYNhMXs5bhEbs1OUgEUxKHvXu6…)
[02:47:04]   downloaded 307.0 MB in 17.5s (17.5 MB/s)
[02:47:26]   upload done video_id=26065410 in 21.4s
[02:47:27] film cr_film_id=2395 OK in 43.0s
[02:47:27] iteration 19/20
[02:47:27] film cr_film_id=2399 name='Slova (2012) CZ Dabing' candidates=1
[02:47:27]   candidate upload_id=5a74bb485ea2c url=https://prehraj.to/slova-nebo-obrazy-2012-cz-dabing/5a74bb485ea2c
[02:47:28]   resolved in 0.9s → 480p (https://pf-storage1.premiumcdn.net/3352766/0kAUe6uRec2BhYkup9hV0uZ2ULrfg7T7rcnyi…)
[02:47:54]   downloaded 573.5 MB in 24.4s (23.5 MB/s)
[02:48:26]   upload done video_id=26065430 in 32.1s
[02:48:28] film cr_film_id=2399 OK in 60.4s
[02:48:28] iteration 20/20
[02:48:28] film cr_film_id=2401 name='Thor (2011) CZ Dabing' candidates=8
[02:48:28]   candidate upload_id=6663daf5b3a12 url=https://prehraj.to/thor-2011-cz-dabing-1080p-hq/6663daf5b3a12
[02:48:29]   resolved in 1.5s → 720p (https://pf-storage4.premiumcdn.net/78114521/0mwTQwiPyCNnIDKcB5iZdivoI4yFRnhXrskz…)
[02:50:29]   downloaded 2,454.1 MB in 118.1s (20.8 MB/s)
[02:52:33]   upload done video_id=26065487 in 124.0s
[02:52:35] film cr_film_id=2401 OK in 247.2s
[02:52:35] batch-end ok=20 failed=0 dur=2748.3s avg/film=137.4s remaining=16666 eta_hours=636.1

===== run 2026-06-18T02:53:04Z shard=1/2 batch_size=20 (https://github.com/Olbrasoft/prehrajto-to-prehrajto/actions/runs/27733544576) =====
[02:53:05] description overrides loaded: 3735 from /home/runner/work/prehrajto-to-prehrajto/prehrajto-to-prehrajto/state/email-generated-descriptions-v3.jsonl
[02:53:05] batch-start shard=1/2 count=20 backlog=17650 uploads=984 failed_attempts=68 description_overrides=3735
[02:53:05] login
[02:53:07] login done
[02:53:07] iteration 1/20
[02:53:07] film cr_film_id=2405 name='Admirál (2015) CZ Dabing' candidates=4
[02:53:07]   candidate upload_id=5a6c557691023 url=https://prehraj.to/admiral-2015-cz-dabing/5a6c557691023
[02:53:09]   resolved in 2.3s → 720p (https://pf-storage5.premiumcdn.net/3329357/yn3hPgU2lUjnfqet3aCa4UwpHo9h6dC5pClAF…)
[02:53:53]   downloaded 1,283.5 MB in 42.8s (30.0 MB/s)
[02:54:49]   upload done video_id=26065555 in 56.1s
[02:54:50] film cr_film_id=2405 OK in 103.9s
[02:54:50] iteration 2/20
[02:54:50] film cr_film_id=2407 name='Rychle a zběsile 6 (2013) CZ Dabing' candidates=8
[02:54:50]   candidate upload_id=68bdbc8b94b8b url=https://prehraj.to/rychle-a-zbesile-6-2013-cz-dabing-4k/68bdbc8b94b8b
[02:54:51]   resolved in 0.9s → 1080p (https://pf-storage5.premiumcdn.net/145701807/48AsbmuwPhXdUVlSYmUrRupBiyMC0psdesa…)
[02:56:49]   downloaded 3,552.8 MB in 115.9s (30.7 MB/s)
[02:59:40]   upload done video_id=26065613 in 171.6s
[02:59:42] film cr_film_id=2407 OK in 291.0s
[02:59:42] iteration 3/20
[02:59:42] film cr_film_id=2409 name='Hellboy 2: Zlatá armáda (2008) CZ Dabing' candidates=11
[02:59:42]   candidate upload_id=582104bbb59a0 url=https://prehraj.to/hellboy-2-cz-dabing-2008/582104bbb59a0
[02:59:43]   resolved in 1.1s → 480p (https://pf-storage2.premiumcdn.net/812250/Vnytq0i1WIE2uR5S4ViLEi1aT5XU2pIbasqghP…)
[03:00:22]   downloaded 887.5 MB in 37.9s (23.4 MB/s)
[03:00:59]   upload done video_id=26065713 in 36.3s
[03:01:00] film cr_film_id=2409 OK in 78.3s
[03:01:00] iteration 4/20
[03:01:00] film cr_film_id=2411 name='Surfařka (2011) CZ Dabing' candidates=4
[03:01:00]   candidate upload_id=57de349015083 url=https://prehraj.to/surfarka-2011-czdab/57de349015083
[03:01:01]   resolved in 1.3s → 480p (https://pf-storage2.premiumcdn.net/646857/61oflaFOeuzdHErCr1T49FNQf8MtVbTN2iR8cL…)
[03:01:28]   downloaded 745.5 MB in 25.8s (28.9 MB/s)
[03:02:00]   upload done video_id=26065734 in 31.5s
[03:02:01] film cr_film_id=2411 OK in 61.2s
[03:02:01] iteration 5/20
[03:02:01] film cr_film_id=2415 name='Poslední skaut (1991) CZ' candidates=1
[03:02:01]   candidate upload_id=68cc9b57c09a7 url=https://prehraj.to/posledny-skaut-mysteriozni-akcni-krimi-thriller-komedie-usa-1991-87-3x-cz-eng/68cc9b57c09a7
[03:02:02]   resolved in 1.0s → 720p (https://pf-storage4.premiumcdn.net/147315942/w6OhObTbgc4nFV8Uk2HdRTbjSj3crASgqsA…)
[03:03:27]   downloaded 2,517.5 MB in 83.4s (30.2 MB/s)
[03:05:33]   upload done video_id=26065780 in 126.7s
[03:05:35] film cr_film_id=2415 OK in 214.0s
[03:05:35] iteration 6/20
[03:05:35] film cr_film_id=2419 name='Nejdelší jízda (2015) CZ Dabing' candidates=20
[03:05:35]   candidate upload_id=5bd26a045931f url=https://prehraj.to/nejdelsi-jizda-cz-dabing-2015/5bd26a045931f
[03:05:37]   resolved in 1.8s → 480p (https://pf-storage2.premiumcdn.net/7456549/p9Etp8IpwT3dID1sy7F92IrNtO6FN5HdWCx9i…)
[03:06:03]   downloaded 686.2 MB in 24.1s (28.5 MB/s)
[03:06:43]   upload done video_id=26065840 in 40.0s
[03:06:44] film cr_film_id=2419 OK in 69.0s
[03:06:44] iteration 7/20
[03:06:44] film cr_film_id=2423 name='Top Gun (1986) CZ Dabing' candidates=3
[03:06:44]   candidate upload_id=a255d10ec14c976a url=https://prehraj.to/top-gun-1986-1080p-cz-dab-mkv/a255d10ec14c976a
[03:06:46]   resolved in 1.6s → 720p (https://pf-storage3.premiumcdn.net/162986819/qxXsXaH96hO1Hnrt26sm8H5nUaxUYqfXwTQ…)
[03:08:12]   downloaded 2,600.6 MB in 84.8s (30.7 MB/s)
[03:10:04]   upload done video_id=26065890 in 112.1s
[03:10:06] film cr_film_id=2423 OK in 201.6s
[03:10:06] iteration 8/20
[03:10:06] film cr_film_id=2425 name='Sirotek (2009) CZ Dabing' candidates=18
[03:10:06]   candidate upload_id=62e5bf972bcf9 url=https://prehraj.to/sirota-orphan-2009-1080p-bluray-5-1-cz-dabing/62e5bf972bcf9
[03:10:07]   resolved in 1.2s → 720p (https://pf-storage3.premiumcdn.net/31859438/dyVTAjFL3T2ghWATJxtkJF9btW0FjAHalI16…)
[03:11:04]   downloaded 1,718.5 MB in 56.1s (30.6 MB/s)
[03:12:14]   upload done video_id=26065955 in 70.2s
[03:12:16] film cr_film_id=2425 OK in 130.1s
[03:12:16] iteration 9/20
[03:12:16] film cr_film_id=2429 name='Co jsme komu udělali? (2014) CZ Dabing' candidates=12
[03:12:16]   candidate upload_id=673857aac13a7 url=https://prehraj.to/co-jsme-komu-udelali-2014-cz-dab/673857aac13a7
[03:12:17]   resolved in 1.2s → 720p (https://pf-storage3.premiumcdn.net/106753748/OlQF7GUmGtxWS5YCXJHVlULDU6vFKrCRBTn…)
[03:13:02]   downloaded 1,354.7 MB in 43.8s (30.9 MB/s)
[03:13:58]   upload done video_id=26066013 in 56.0s
[03:14:00] film cr_film_id=2429 OK in 104.1s
[03:14:00] iteration 10/20
[03:14:00] film cr_film_id=2431 name='Bronson (2008) CZ Dabing' candidates=6
[03:14:00]   candidate upload_id=64fd9740ad006 url=https://prehraj.to/bronson-2008-cz-dabing/64fd9740ad006
[03:14:01]   resolved in 1.1s → 1080p (https://pf-storage4.premiumcdn.net/44442533/AWeH5LhB7s84F6NfEpU2WhKJSN2fYEi8eId0…)
[03:14:03]   oversize: 10245607979 B > 6000000000 B, skip
[03:14:03]   candidate upload_id=5668a84dd8e98 url=https://prehraj.to/bronson-cz-dabing-2008/5668a84dd8e98
[03:14:08]   resolved in 5.7s → 480p (https://pf-storage4.premiumcdn.net/509363/zEKcP4fQ6CzRHEWFyNS43fepszjsLpSEoFAxSR…)
[03:14:43]   downloaded 787.8 MB in 33.5s (23.5 MB/s)
[03:15:16]   upload done video_id=26066060 in 33.4s
[03:15:18] film cr_film_id=2431 OK in 77.9s
[03:15:18] iteration 11/20
[03:15:18] film cr_film_id=2435 name='Kronika (2012) CZ Dabing' candidates=6
[03:15:18]   candidate upload_id=5fa6cc049c9de url=https://prehraj.to/kronika-2012-fullhd-czdabing/5fa6cc049c9de
[03:15:19]   resolved in 1.1s → 720p (https://pf-storage5.premiumcdn.net/19768803/2Z9IrZukLi9yCQYCXWHGpuw8CvoUXvUBwUpa…)
[03:16:21]   downloaded 1,863.2 MB in 60.5s (30.8 MB/s)
[03:17:52]   upload done video_id=26066113 in 90.9s
[03:17:53] film cr_film_id=2435 OK in 155.7s
[03:17:53] iteration 12/20
[03:17:53] film cr_film_id=2439 name='Akta X – Film (1998) CZ Dabing' candidates=2
[03:17:53]   candidate upload_id=61b62c3478da4 url=https://prehraj.to/akta-x-film-the-x-files-1998-cz-dab-dts-hd-ma-5-1-tit-1080p-bluray/61b62c3478da4
[03:17:54]   resolved in 1.2s → 720p (https://pf-storage5.premiumcdn.net/27355254/V4QUYXuLjUxXFl0fyVhXnuRLHLXfwgUzqHMJ…)
[03:19:06]   downloaded 2,205.2 MB in 70.4s (31.3 MB/s)
[03:19:06]   upload FAILED after 0.1s: ('Connection aborted.', RemoteDisconnected('Remote end closed connection without response'))
[03:19:07]   candidate upload_id=65e60fd320d04 url=https://prehraj.to/akta-x-film-1998-hd-cz-dabing-al8/65e60fd320d04
[03:19:08]   resolved in 1.2s → 720p (https://pf-storage4.premiumcdn.net/74150948/AByTO1hd8FOKheyTp3Iqxhz9I9XTXvsKgCoZ…)
[03:20:20]   downloaded 2,205.2 MB in 70.1s (31.5 MB/s)
[03:22:09]   upload done video_id=26066237 in 109.3s
[03:22:10] film cr_film_id=2439 OK in 257.3s
[03:22:10] iteration 13/20
[03:22:10] film cr_film_id=2441 name='Chuť znovu žít (2012) CZ' candidates=1
[03:22:10]   candidate upload_id=6224810b0bba2 url=https://prehraj.to/chut-znovu-zit-2012-cz-dabing/6224810b0bba2
[03:22:12]   resolved in 1.5s → 480p (https://pf-storage4.premiumcdn.net/29958476/zl0To0sy8teNClKhGkhXesQ7cLaS4yuJyFK8…)
[03:22:40]   downloaded 582.5 MB in 26.1s (22.3 MB/s)
[03:23:10]   upload done video_id=26066309 in 30.5s
[03:23:11] film cr_film_id=2441 OK in 61.0s
[03:23:11] iteration 14/20
[03:23:11] film cr_film_id=2445 name='Nesvatbovi (2005) CZ Dabing' candidates=2
[03:23:11]   candidate upload_id=5f10f51ef281a url=https://prehraj.to/nesvatbovi-2005-czdabing/5f10f51ef281a
[03:23:13]   resolved in 1.2s → 720p (https://pf-storage3.premiumcdn.net/17337165/bAmFaOS3Af4RfNluLvtX4SgEikqUAesGbcLv…)
[03:24:42]   downloaded 2,695.7 MB in 87.4s (30.8 MB/s)
[03:26:35]   upload done video_id=26066379 in 113.4s
[03:26:36] film cr_film_id=2445 OK in 204.8s
[03:26:36] iteration 15/20
[03:26:36] film cr_film_id=2447 name='Černočerná tma (2000) CZ Dabing' candidates=23
[03:26:36]   candidate upload_id=63be5a0fc4bc5 url=https://prehraj.to/riddick-1-cernocerna-tma-pitch-black-2000-cz-dabing-1080p-juve/63be5a0fc4bc5
[03:26:37]   resolved in 1.0s → 720p (https://pf-storage1.premiumcdn.net/36182725/w9Mf2mcL1fX3HWmf5Bhw7cxYFkEt1ztekUMZ…)
[03:27:57]   downloaded 2,464.0 MB in 78.5s (31.4 MB/s)
[03:29:49]   upload done video_id=26066463 in 111.7s
[03:29:50] film cr_film_id=2447 OK in 193.8s
[03:29:50] iteration 16/20
[03:29:50] film cr_film_id=2449 name='Prometheus (2012) CZ Dabing' candidates=23
[03:29:50]   candidate upload_id=61c264af988cc url=https://prehraj.to/vetrelec-prometheus-2012-1080p-cz-dabing-cz-sub-titl/61c264af988cc
[03:29:51]   resolved in 1.2s → 720p (https://pf-storage3.premiumcdn.net/27655119/xGBTMQI2MIQBhr0SKoFgmImXFRpHY6FKgSjW…)
[03:31:30]   downloaded 2,349.8 MB in 96.3s (24.4 MB/s)
[03:33:47]   upload done video_id=26066551 in 137.0s
[03:33:48] film cr_film_id=2449 OK in 237.7s
[03:33:48] iteration 17/20
[03:33:48] film cr_film_id=2451 name='Mučedníci (2008) CZ Dabing' candidates=16
[03:33:48]   candidate upload_id=616fb05309a81 url=https://prehraj.to/mucednici-martyrs-2008-720p-dd5-1-x264-cz-dabing/616fb05309a81
[03:33:49]   resolved in 1.2s → 480p (https://pf-storage3.premiumcdn.net/25691884/nloiqjh6VFLbIN4CXqsKrhyDswPHrdSD6FLr…)
[03:34:27]   downloaded 884.2 MB in 36.0s (24.6 MB/s)
[03:35:04]   upload done video_id=26066632 in 37.4s
[03:35:05] film cr_film_id=2451 OK in 77.4s
[03:35:05] iteration 18/20
[03:35:05] film cr_film_id=2453 name='Mariňák (2005) CZ Dabing' candidates=21
[03:35:05]   candidate upload_id=55facedd62f57 url=https://prehraj.to/marinak-jarhead-2005-cz-dabing-top-hit/55facedd62f57
[03:35:06]   resolved in 1.3s → 480p (https://pf-storage3.premiumcdn.net/321578/aroUZac2ycpGuAQtWwF0bcgDtX7ugEUMrHXkTo…)
[03:35:34]   downloaded 754.7 MB in 25.9s (29.1 MB/s)
[03:36:09]   upload done video_id=26066665 in 35.8s
[03:36:10] film cr_film_id=2453 OK in 65.2s
[03:36:10] iteration 19/20
[03:36:10] film cr_film_id=2455 name='Nepřemožitelný (2006) CZ Dabing' candidates=19
[03:36:10]   candidate upload_id=61fa13eaa5f63 url=https://prehraj.to/nepremozitelny-2006-1080p-cz-dab/61fa13eaa5f63
[03:36:11]   resolved in 0.9s → 720p (https://pf-storage1.premiumcdn.net/28950852/qLPF5Ni6dTrPu50HJ5hlNie5ta4U2gh3WT5v…)
[03:37:39]   downloaded 2,761.1 MB in 86.3s (32.0 MB/s)
[03:39:36]   upload done video_id=26066724 in 116.8s
[03:39:37] film cr_film_id=2455 OK in 206.8s
[03:39:37] iteration 20/20
[03:39:37] film cr_film_id=2457 name='Po přečtení spalte (2008) CZ Dabing' candidates=8
[03:39:37]   candidate upload_id=5ee29d2b135df url=https://prehraj.to/po-precteni-spalte-2008-czdabing/5ee29d2b135df
[03:39:38]   resolved in 1.1s → 480p (https://pf-storage5.premiumcdn.net/16875114/WXeHy7UaXu52fQ3CL6cJ3UWQIzxHydcdmcjY…)
[03:40:05]   downloaded 758.4 MB in 25.3s (30.0 MB/s)
[03:40:41]   upload done video_id=26066789 in 35.4s
[03:40:42] film cr_film_id=2457 OK in 65.0s
[03:40:42] batch-end ok=20 failed=0 dur=2855.6s avg/film=142.8s remaining=16646 eta_hours=660.3

===== run 2026-06-18T03:50:23Z shard=1/2 batch_size=20 (https://github.com/Olbrasoft/prehrajto-to-prehrajto/actions/runs/27735452760) =====
[03:50:25] description overrides loaded: 3736 from /home/runner/work/prehrajto-to-prehrajto/prehrajto-to-prehrajto/state/email-generated-descriptions-v3.jsonl
[03:50:25] batch-start shard=1/2 count=20 backlog=17650 uploads=1004 failed_attempts=70 description_overrides=3736
[03:50:25] login
[03:50:26] login done
[03:50:26] iteration 1/20
[03:50:26] film cr_film_id=2459 name='Hotel Transylvánie (2012) CZ Dabing' candidates=20
[03:50:26]   candidate upload_id=5b549d3401f22 url=https://prehraj.to/hotel-transylvanie-1-2012-cz-dabing-animovany/5b549d3401f22
[03:50:28]   resolved in 1.2s → 480p (https://pf-storage3.premiumcdn.net/4973454/gMgiJ1sl4UJOHG6FpgIXDslMtkRtepujecylC…)
[03:50:53]   downloaded 499.6 MB in 23.2s (21.5 MB/s)
[03:51:29]   upload done video_id=26067102 in 35.6s
[03:51:30] film cr_film_id=2459 OK in 63.7s
[03:51:30] iteration 2/20
[03:51:30] film cr_film_id=2461 name='Robot a Frank (2012) CZ Dabing' candidates=2
[03:51:30]   candidate upload_id=58214a5fcd066 url=https://prehraj.to/robot-a-frank-robot-a-frank-cz-dabing-2012/58214a5fcd066
[03:51:32]   resolved in 1.5s → 480p (https://pf-storage2.premiumcdn.net/813312/86OtwyT17CP2H2AH5XHAETYbi9EsoGInZuEgfz…)
[03:51:52]   downloaded 294.0 MB in 18.1s (16.2 MB/s)
[03:52:10]   upload done video_id=26067126 in 18.3s
[03:52:11] film cr_film_id=2461 OK in 41.3s
[03:52:11] iteration 3/20
[03:52:11] film cr_film_id=2463 name='Constantine (2005) CZ Dabing' candidates=25
[03:52:11]   candidate upload_id=5820fd86c2ff2 url=https://prehraj.to/constantin-cz-dabing-2005/5820fd86c2ff2
[03:52:13]   resolved in 1.2s → 480p (https://pf-storage3.premiumcdn.net/812164/A3nhzBUyZca5cgLU1ZCQoUBKFWXTd1sb7cM1uq…)
[03:52:38]   downloaded 460.6 MB in 23.2s (19.9 MB/s)
[03:53:07]   upload done video_id=26067143 in 28.8s
[03:53:08] film cr_film_id=2463 OK in 56.9s
[03:53:08] iteration 4/20
[03:53:08] film cr_film_id=2465 name='Sviňák (2013) CZ Dabing' candidates=4
[03:53:08]   candidate upload_id=5f6555966cd49 url=https://prehraj.to/svinak-2013-czdabing/5f6555966cd49
[03:53:10]   resolved in 1.6s → 480p (https://pf-storage2.premiumcdn.net/18711438/L3eH0eTgGhP5ia6F1yUkpTMmIpvt5Zsw5CDA…)
[03:53:33]   downloaded 456.3 MB in 21.3s (21.4 MB/s)
[03:54:14]   upload done video_id=26067164 in 40.5s
[03:54:15] film cr_film_id=2465 OK in 66.8s
[03:54:15] iteration 5/20
[03:54:15] film cr_film_id=2469 name='Bláznivě (2025) CZ Dabing' candidates=6
[03:54:15]   candidate upload_id=4f6f481dce5e378f url=https://prehraj.to/blaznive-2025-cz-dabing/4f6f481dce5e378f
[03:54:17]   resolved in 1.5s → 1080p (https://pf-storage5.premiumcdn.net/168323710/18EcmBI37fnmHRohMeU0nIWwHVgtAeh0OU5…)
[03:55:42]   downloaded 1,385.5 MB in 83.1s (16.7 MB/s)
[03:57:01]   upload done video_id=26067218 in 79.1s
[03:57:03] film cr_film_id=2469 OK in 167.8s
[03:57:03] iteration 6/20
[03:57:03] film cr_film_id=2471 name='Cesta zločinu (2026) CZ Dabing' candidates=13
[03:57:03]   candidate upload_id=a5fcd662266cf9a5 url=https://prehraj.to/cesta-zlocinu-2026-cz-dabing-1080p-mkv/a5fcd662266cf9a5
[03:57:05]   resolved in 1.5s → 720p (https://pf-storage5.premiumcdn.net/168016336/njVtvPHnbU79UXkTZ1iGoH5gurVh8RT3XFG…)
[03:58:47]   downloaded 2,138.6 MB in 99.4s (21.5 MB/s)
[04:00:58]   upload done video_id=26067308 in 131.6s
[04:01:00] film cr_film_id=2471 OK in 237.0s
[04:01:00] iteration 7/20
[04:01:00] film cr_film_id=2473 name='Nepolapitelný (2025) CZ Dabing' candidates=8
[04:01:00]   candidate upload_id=c97137ba76184e85 url=https://prehraj.to/nepolapitelny-2025-cz-dab-1080p/c97137ba76184e85
[04:01:02]   resolved in 1.5s → 720p (https://pf-storage4.premiumcdn.net/167476073/EPafW3FAaiN6sjQHdjsKpFmPSBXC7VTyQCr…)
[04:03:15]   downloaded 3,202.7 MB in 131.2s (24.4 MB/s)
[04:06:16]   upload done video_id=26067422 in 181.3s
[04:06:18] film cr_film_id=2473 OK in 318.0s
[04:06:18] iteration 8/20
[04:06:18] film cr_film_id=2479 name='Božská relikvie (1986) CZ Dabing' candidates=3
[04:06:18]   candidate upload_id=588b51a265ab2 url=https://prehraj.to/bozska-relikvie-1-1986-dvdrip-cz-dabing-m3/588b51a265ab2
[04:06:19]   resolved in 1.3s → 480p (https://pf-storage3.premiumcdn.net/1544770/5gkH5juYRTxoSRJc0JtwPuG8Hakt09FKAIgyf…)
[04:07:02]   downloaded 783.4 MB in 40.9s (19.2 MB/s)
[04:07:48]   upload done video_id=26067527 in 45.4s
[04:07:49] film cr_film_id=2479 OK in 91.0s
[04:07:49] iteration 9/20
[04:07:49] film cr_film_id=2483 name='Můj nepřítel (1985) CZ Dabing' candidates=4
[04:07:49]   candidate upload_id=b1b675a3916f250d url=https://prehraj.to/muj-nepritel-1985-cz-dab-1080p/b1b675a3916f250d
[04:07:51]   resolved in 1.6s → 720p (https://pf-storage4.premiumcdn.net/166208693/71EFGoTPoHXEcO4UgJI4eToeUEpcv2U8YTY…)
[04:09:22]   downloaded 2,026.6 MB in 88.7s (22.8 MB/s)
[04:11:15]   upload done video_id=26067585 in 113.1s
[04:11:16] film cr_film_id=2483 OK in 207.4s
[04:11:16] iteration 10/20
[04:11:16] film cr_film_id=2485 name='Vanilkové nebe (2001) CZ Dabing' candidates=3
[04:11:16]   candidate upload_id=5bdd12d87f67c url=https://prehraj.to/vanilkove-nebe-vanilla-sky-2001-cz-dabing/5bdd12d87f67c
[04:11:18]   resolved in 1.6s → 720p (https://pf-storage5.premiumcdn.net/7807159/aJ2IV7HPdSzlS1ZiA8iZ4HjgIebS8oi4YcKEu…)
[04:12:36]   downloaded 1,451.7 MB in 75.7s (19.2 MB/s)
[04:13:56]   upload done video_id=26067673 in 80.7s
[04:13:58] film cr_film_id=2485 OK in 161.5s
[04:13:58] iteration 11/20
[04:13:58] film cr_film_id=2491 name='Bláznivá střela 2 a ½: Vůně strachu (1991) CZ Dabing' candidates=1
[04:13:58]   candidate upload_id=0fa507e3c21048c3 url=https://prehraj.to/blazniva-strela-2-a-1-2-vune-strachu-1991-hd-cz-mp4/0fa507e3c21048c3
[04:13:59]   resolve FAILED: HTTP 502 wrapping permanent upstream error: https://prehraj.to/blazniva-strela-2-a-1-2-vune-strachu-1991-hd-cz-mp4/0fa507e3c21048c3 (permanent=True)
[04:13:59] film cr_film_id=2491 all candidates exhausted
[04:13:59] iteration 12/20
[04:13:59] film cr_film_id=2495 name='Život v kostce (2024) CZ Dabing' candidates=1
[04:13:59]   candidate upload_id=67f6445f257c0 url=https://prehraj.to/piece-by-piece-2024-cz-dabing-1080p/67f6445f257c0
[04:14:05]   resolved in 6.6s → 720p (https://pf-storage3.premiumcdn.net/134557619/3JxHLOieKUg1IlBhwQsKainrcqVhrJCBvtr…)
[04:15:27]   downloaded 1,751.9 MB in 80.3s (21.8 MB/s)
[04:16:59]   upload done video_id=26067750 in 91.3s
[04:17:00] film cr_film_id=2495 OK in 181.8s
[04:17:00] iteration 13/20
[04:17:00] film cr_film_id=2497 name='Lee: Fotografka v první linii (2023) CZ Dabing' candidates=1
[04:17:00]   candidate upload_id=67a0d55177f08 url=https://prehraj.to/lee-fotografka-v-prvni-linii-2023-cz-dabing-1080p/67a0d55177f08
[04:17:02]   resolved in 1.6s → 720p (https://pf-storage1.premiumcdn.net/128834972/BBaIPjSLkI9EC41F0ohDOSJpcaoFA9Hybhk…)
[04:18:23]   downloaded 1,338.8 MB in 75.5s (17.7 MB/s)
[04:19:40]   upload done video_id=26067819 in 77.0s
[04:19:42] film cr_film_id=2497 OK in 161.8s
[04:19:42] iteration 14/20
[04:19:42] film cr_film_id=2499 name='Společník (2025) CZ Dabing' candidates=1
[04:19:42]   candidate upload_id=689804e5a7cf8 url=https://prehraj.to/spolecnice-2025-1080p-cz-dabing/689804e5a7cf8
[04:19:44]   resolved in 1.7s → 720p (https://pf-storage3.premiumcdn.net/143359427/9g0iJLFxYtj3ugAF0wT97F2gIAkI4oT2rCg…)
[04:20:40]   downloaded 1,204.2 MB in 53.9s (22.3 MB/s)
[04:21:54]   upload done video_id=26067875 in 74.5s
[04:21:56] film cr_film_id=2499 OK in 133.7s
[04:21:56] iteration 15/20
[04:21:56] film cr_film_id=2501 name='Ježek Sonic 3 (2024) CZ Dabing' candidates=8
[04:21:56]   candidate upload_id=c35042e75e4ae401 url=https://prehraj.to/sonic-3-cz-dabing-2024-mkv/c35042e75e4ae401
[04:21:57]   resolved in 1.5s → 720p (https://pf-storage5.premiumcdn.net/168104950/EeXfxaHPruzgu7MFyWsplHLbUjefneIzAip…)
[04:23:48]   downloaded 2,625.1 MB in 108.2s (24.3 MB/s)
[04:26:08]   upload done video_id=26067955 in 140.4s
[04:26:10] film cr_film_id=2501 OK in 253.7s
[04:26:10] iteration 16/20
[04:26:10] film cr_film_id=2509 name='Divadelní tábor (2023) CZ Dabing' candidates=5
[04:26:10]   candidate upload_id=676589b97a6ad url=https://prehraj.to/theater-camp-2023-cz-dabing-1080p-mp4/676589b97a6ad
[04:26:11]   resolved in 1.2s → 1080p (https://pf-storage5.premiumcdn.net/126172979/EBKSLqT3aFPvF4eirBHk1TBlU9afQ1s6aSw…)
[04:28:25]   downloaded 2,584.3 MB in 132.5s (19.5 MB/s)
[04:30:56]   upload done video_id=26068074 in 150.9s
[04:30:59] film cr_film_id=2509 OK in 289.0s
[04:30:59] iteration 17/20
[04:30:59] film cr_film_id=2519 name='Ultraman: Výš a výš (2024) CZ Dabing' candidates=2
[04:30:59]   candidate upload_id=66780ddb31f1a url=https://prehraj.to/ultraman-rising-2024-cz-dabing-fullhd-1080p/66780ddb31f1a
[04:31:00]   resolved in 1.2s → 1080p (https://pf-storage5.premiumcdn.net/80150084/9GAToRIdmsoptgpI4nIBVIm2CD8uAGcLXF2B…)
[04:33:07]   downloaded 3,016.0 MB in 125.3s (24.1 MB/s)
[04:35:58]   upload done video_id=26068199 in 170.9s
[04:36:02] film cr_film_id=2519 OK in 303.0s
[04:36:02] iteration 18/20
[04:36:02] film cr_film_id=2521 name='Freaks Out (2021) CZ Dabing' candidates=1
[04:36:02]   candidate upload_id=666886fd52c7d url=https://prehraj.to/freaks-out-fantasy-valecny-2021-cz-dab/666886fd52c7d
[04:36:03]   resolved in 1.2s → 1080p (https://pf-storage1.premiumcdn.net/78193604/6zwsDOSANHeQTo6Iqvf6BSRZiJ5hQnCxlCAj…)
[04:37:53]   downloaded 2,530.3 MB in 107.5s (23.5 MB/s)
[04:40:15]   upload done video_id=26068314 in 142.3s
[04:40:17] film cr_film_id=2521 OK in 254.9s
[04:40:17] iteration 19/20
[04:40:17] film cr_film_id=2525 name='Solo: Star Wars Story (2018) CZ Dabing' candidates=1
[04:40:17]   candidate upload_id=6810318d89257 url=https://prehraj.to/solo-star-wars-story-2018-cz-dab/6810318d89257
[04:40:18]   resolved in 1.5s → 720p (https://pf-storage3.premiumcdn.net/136506662/PQ9Ib8TqptNrsa3fGPhWdT6gIQXCRQf76F7…)
[04:41:54]   downloaded 2,079.3 MB in 94.2s (22.1 MB/s)
[04:43:58]   upload done video_id=26068409 in 123.3s
[04:44:00] film cr_film_id=2525 OK in 223.0s
[04:44:00] iteration 20/20
[04:44:00] film cr_film_id=2527 name='Byt č. 10-01 (2023) CZ Dabing' candidates=1
[04:44:00]   candidate upload_id=65ec68bfb2ab4 url=https://prehraj.to/byt-c-10-01-2023-cz-dabing-1080p-fullhd/65ec68bfb2ab4
[04:44:01]   resolved in 1.5s → 720p (https://pf-storage4.premiumcdn.net/74331503/VrEcEoU7ATQxHLxSZ0tB7Uj9uYoTBycn7fZQ…)
[04:45:23]   downloaded 1,354.9 MB in 79.3s (17.1 MB/s)
[04:46:42]   upload done video_id=26068486 in 78.8s
[04:46:43] film cr_film_id=2527 OK in 163.7s
[04:46:43] batch-end ok=19 failed=1 dur=3376.8s avg/film=177.7s remaining=16627 eta_hours=820.7

===== run 2026-06-18T04:47:21Z shard=1/2 batch_size=20 (https://github.com/Olbrasoft/prehrajto-to-prehrajto/actions/runs/27737366043) =====
[04:47:23] description overrides loaded: 3736 from /home/runner/work/prehrajto-to-prehrajto/prehrajto-to-prehrajto/state/email-generated-descriptions-v3.jsonl
[04:47:23] batch-start shard=1/2 count=20 backlog=17650 uploads=1023 failed_attempts=71 description_overrides=3736
[04:47:23] login
[04:47:24] login done
[04:47:24] iteration 1/20
[04:47:24] film cr_film_id=2531 name='Wonka (2023) CZ Dabing' candidates=1
[04:47:24]   candidate upload_id=a9172dc1ec7c1f78 url=https://prehraj.to/wonka-2023-cz-dab-1080p/a9172dc1ec7c1f78
[04:47:26]   resolved in 1.4s → 720p (https://pf-storage3.premiumcdn.net/155973374/N9aFweSlriAwS1qT47SJkS1yiwoURgfkJtO…)
[04:48:44]   downloaded 1,974.7 MB in 76.3s (25.9 MB/s)
[04:50:40]   upload done video_id=26068558 in 115.6s
[04:50:41] film cr_film_id=2531 OK in 197.0s
[04:50:41] iteration 2/20
[04:50:41] film cr_film_id=2533 name='Jerry a Marge: Tajemství loterie (2022) CZ Dabing' candidates=2
[04:50:41]   candidate upload_id=68f45ed5bd3d7 url=https://prehraj.to/jerry-a-marge-tajemstvi-loterie-2022-cz-dab-1080p/68f45ed5bd3d7
[04:50:43]   resolved in 1.2s → 1080p (https://pf-storage3.premiumcdn.net/152382729/xQ8t10fEDhZBHDmcMyHZdflXS1Ec0jCqaS5…)
[04:51:59]   downloaded 1,923.3 MB in 73.9s (26.0 MB/s)
[04:53:36]   upload done video_id=26068627 in 97.3s
[04:53:38] film cr_film_id=2533 OK in 176.4s
[04:53:38] iteration 3/20
[04:53:38] film cr_film_id=2541 name='Annie se zlobí (2022) CZ Dabing' candidates=4
[04:53:38]   candidate upload_id=64df1fa67fc02 url=https://prehraj.to/annie-se-zlobi-2022-cz-dabing-hd-1080p/64df1fa67fc02
[04:53:39]   resolved in 1.1s → 720p (https://pf-storage4.premiumcdn.net/43513652/7pxTwzuJgtzvsb3C9pFaEuv2HVyH1mceBcOp…)
[04:54:50]   downloaded 1,359.7 MB in 69.1s (19.7 MB/s)
[04:56:06]   upload done video_id=26068691 in 75.7s
[04:56:08] film cr_film_id=2541 OK in 149.8s
[04:56:08] iteration 4/20
[04:56:08] film cr_film_id=2545 name='Věznice 77 (2022) CZ Dabing' candidates=1
[04:56:08]   candidate upload_id=64a4bb8a038b1 url=https://prehraj.to/veznice-77-2022-czdab/64a4bb8a038b1
[04:56:09]   resolved in 1.2s → 1080p (https://pf-storage4.premiumcdn.net/42202109/2PohlniVNuQ4TDJHgwUmRizOtEZhbkImBFLX…)
[04:57:37]   downloaded 2,289.9 MB in 86.6s (26.4 MB/s)
[04:59:28]   upload done video_id=26068756 in 110.6s
[04:59:30] film cr_film_id=2545 OK in 202.0s
[04:59:30] iteration 5/20
[04:59:30] film cr_film_id=2547 name='Znovu Paříž (2022) CZ Dabing' candidates=4
[04:59:30]   candidate upload_id=64418adf5be90 url=https://prehraj.to/znovu-pariz-2022-cz-dabing-1080p/64418adf5be90
[04:59:31]   resolved in 1.5s → 1080p (https://pf-storage3.premiumcdn.net/39621082/e9eckLU9yIq1CgVUaDi7OUeqIZPimOFyEIbP…)
[05:01:13]   downloaded 2,147.6 MB in 99.7s (21.5 MB/s)
[05:03:22]   upload done video_id=26068819 in 129.4s
[05:03:24] film cr_film_id=2547 OK in 234.4s
[05:03:24] iteration 6/20
[05:03:24] film cr_film_id=2549 name='Poslední království: Sedm králů musí zemřít (2023) CZ Dabing' candidates=3
[05:03:24]   candidate upload_id=6439c5f9184f1 url=https://prehraj.to/posledni-kralovstvi-sedm-kralu-musi-zemrit-2023-cz-dabing/6439c5f9184f1
[05:03:25]   resolved in 1.3s → 1080p (https://pf-storage1.premiumcdn.net/39432181/oOKfvKhkRu12f8bUW3I63h1LiVWC3guZYsnB…)
[05:04:50]   downloaded 2,159.5 MB in 83.1s (26.0 MB/s)
[05:06:44]   upload done video_id=26068892 in 113.3s
[05:06:45] film cr_film_id=2549 OK in 201.5s
[05:06:45] iteration 7/20
[05:06:45] film cr_film_id=2559 name='Vévoda z Wellingtonu (2020) CZ Dabing' candidates=1
[05:06:45]   candidate upload_id=63892fce11a8d url=https://prehraj.to/vevoda-z-wellingtonu-2021-czdab/63892fce11a8d
[05:06:47]   resolved in 1.2s → 720p (https://pf-storage1.premiumcdn.net/34944547/78bTLmf6esaRsGztopFY7f5vCeghLRcodiJz…)
[05:07:44]   downloaded 1,113.1 MB in 55.4s (20.1 MB/s)
[05:08:54]   upload done video_id=26068948 in 70.0s
[05:08:56] film cr_film_id=2559 OK in 130.2s
[05:08:56] iteration 8/20
[05:08:56] film cr_film_id=2563 name='Vrah mé dcery (2022) CZ Dabing' candidates=1
[05:08:56]   candidate upload_id=631c0c854ca0c url=https://prehraj.to/vrah-me-dcery-2022-czdab/631c0c854ca0c
[05:08:57]   resolved in 1.2s → 720p (https://pf-storage1.premiumcdn.net/32855479/jNkTaACenIzEcbvU1asV2Cgmimysa2TKkI2p…)
[05:09:34]   downloaded 869.7 MB in 35.3s (24.6 MB/s)
[05:10:18]   upload done video_id=26068978 in 44.5s
[05:10:20] film cr_film_id=2563 OK in 84.2s
[05:10:20] iteration 9/20
[05:10:20] film cr_film_id=2571 name='Proměna (2022) CZ Dabing' candidates=8
[05:10:20]   candidate upload_id=67fcf7c50bc28 url=https://prehraj.to/ked-sa-cervenam-2022-full-hd-1080p-cz-dabing/67fcf7c50bc28
[05:10:21]   resolved in 0.9s → 720p (https://pf-storage3.premiumcdn.net/135035366/jYxcyQH1lTxAt1xTkqTRrH87IVasq4u4Mh9…)
[05:11:26]   downloaded 1,630.3 MB in 64.0s (25.5 MB/s)
[05:12:51]   upload done video_id=26069014 in 85.1s
[05:12:53] film cr_film_id=2571 OK in 153.4s
[05:12:53] iteration 10/20
[05:12:53] film cr_film_id=2573 name='Milostné historky (2020) CZ Dabing' candidates=1
[05:12:53]   candidate upload_id=61e77d02d8e2b url=https://prehraj.to/milostne-historky-2020-czdab/61e77d02d8e2b
[05:12:54]   resolved in 1.3s → 720p (https://pf-storage4.premiumcdn.net/28509687/JrGhW3sA8cwEIO4ugYSB1slqubvHYPuNkHRb…)
[05:14:31]   downloaded 1,943.2 MB in 94.5s (20.6 MB/s)
[05:16:07]   upload done video_id=26069073 in 96.3s
[05:16:09] film cr_film_id=2573 OK in 195.8s
[05:16:09] iteration 11/20
[05:16:09] film cr_film_id=2577 name='Croodsovi: Nový věk (2020) CZ' candidates=1
[05:16:09]   candidate upload_id=9d1f095563becff9 url=https://prehraj.to/croodsovi-novy-vek-2020-uhdr-cz-sk-en/9d1f095563becff9
[05:16:10]   resolve FAILED: HTTP 502 wrapping permanent upstream error: https://prehraj.to/croodsovi-novy-vek-2020-uhdr-cz-sk-en/9d1f095563becff9 (permanent=True)
[05:16:10] film cr_film_id=2577 all candidates exhausted
[05:16:10] iteration 12/20
[05:16:10] film cr_film_id=2579 name='Pan Jones (2019) CZ Dabing' candidates=2
[05:16:10]   candidate upload_id=616f16428873e url=https://prehraj.to/pan-jones-2019-czdab/616f16428873e
[05:16:16]   resolved in 6.2s → 720p (https://pf-storage4.premiumcdn.net/25678396/lAqtGrIO0ixQTaAsemFGRILJIyqUbGC1NfXa…)
[05:17:26]   downloaded 1,755.6 MB in 68.1s (25.8 MB/s)
[05:19:04]   upload done video_id=26069138 in 97.7s
[05:19:06] film cr_film_id=2579 OK in 175.9s
[05:19:06] iteration 13/20
[05:19:06] film cr_film_id=2581 name='12 nezdolných sirotků (2021) CZ Dabing' candidates=1
[05:19:06]   candidate upload_id=61d42b3265093 url=https://prehraj.to/12-nezdolnych-sirotku-czdab-2021/61d42b3265093
[05:19:07]   resolved in 1.3s → 720p (https://pf-storage1.premiumcdn.net/28055007/2RKsa8FEASMJsOgTZlh90FGzu75fxQig7Ha8…)
[05:20:55]   downloaded 2,734.3 MB in 105.6s (25.9 MB/s)
[05:23:09]   upload done video_id=26069234 in 134.0s
[05:23:10] film cr_film_id=2581 OK in 244.5s
[05:23:10] iteration 14/20
[05:23:10] film cr_film_id=2587 name='Záhrobní komando (1987) CZ' candidates=2
[05:23:10]   candidate upload_id=583e21cece0b5 url=https://prehraj.to/zahrobni-komando-cz-1987-dobrodruzny-komedie-horor/583e21cece0b5
[05:23:12]   resolved in 1.9s → 480p (https://pf-storage2.premiumcdn.net/965064/Y9LtAKhkDSxMH9ZcnqsgKhQJsLGIg9T4YtBJSA…)
[05:23:32]   downloaded 411.3 MB in 18.6s (22.1 MB/s)
[05:23:54]   upload done video_id=26069297 in 22.1s
[05:23:56] film cr_film_id=2587 OK in 45.8s
[05:23:56] iteration 15/20
[05:23:56] film cr_film_id=2589 name='Oddíl nula (2019) CZ Dabing' candidates=4
[05:23:56]   candidate upload_id=609ff9b988abe url=https://prehraj.to/troop-zero-2020-1080p-cz-dab-5-1/609ff9b988abe
[05:23:57]   resolved in 1.3s → 720p (https://pf-storage1.premiumcdn.net/23523630/vN8TwPibDFamF8OCg5fN9i3MfVmfxXuABUe2…)
[05:25:27]   downloaded 1,836.7 MB in 87.4s (21.0 MB/s)
[05:27:10]   upload done video_id=26069341 in 103.8s
[05:27:12] film cr_film_id=2589 OK in 196.3s
[05:27:12] iteration 16/20
[05:27:12] film cr_film_id=2593 name='Tully (2018) CZ Dabing' candidates=2
[05:27:12]   candidate upload_id=6065a5c3a3662 url=https://prehraj.to/tully-2018-1080p-bluray-x264-ac3-cz-dab/6065a5c3a3662
[05:27:13]   resolved in 1.2s → 720p (https://pf-storage5.premiumcdn.net/22909563/MQphL1cYxtm8UqWfvNsE9cwRfgNSQ1Fz1IY3…)
[05:28:03]   downloaded 957.5 MB in 47.2s (20.3 MB/s)
[05:28:55]   upload done video_id=26069410 in 52.4s
[05:28:58] film cr_film_id=2593 OK in 105.9s
[05:28:58] iteration 17/20
[05:28:58] film cr_film_id=2595 name='Než skončí válka (2019) CZ Dabing' candidates=3
[05:28:58]   candidate upload_id=604f61998aecf url=https://prehraj.to/nez-skonci-valka-mientras-dure-la-guerra-2019-1080p-bluray-cz-dab-cz-forced/604f61998aecf
[05:28:59]   resolved in 1.2s → 720p (https://pf-storage4.premiumcdn.net/22681457/BlqiyZsjDT0Jcg8sWmCydsvkTyDC1xuKPiGB…)
[05:30:11]   downloaded 1,462.1 MB in 69.9s (20.9 MB/s)
[05:31:28]   upload FAILED after 76.8s: ('Connection aborted.', RemoteDisconnected('Remote end closed connection without response'))
[05:31:28]   candidate upload_id=604e8b89e61cc url=https://prehraj.to/nez-skonci-valka-2019-cz-dabing/604e8b89e61cc
[05:31:29]   resolved in 1.2s → 1080p (https://pf-storage5.premiumcdn.net/22670285/gn6t5NSVYf5guXMFrgF5VSrgHL3InkF5DsKb…)
[05:32:48]   downloaded 1,589.1 MB in 76.9s (20.7 MB/s)
[05:34:17]   upload done video_id=26069508 in 89.5s
[05:34:19] film cr_film_id=2595 OK in 321.0s
[05:34:19] iteration 18/20
[05:34:19] film cr_film_id=2601 name='Krajina ve stínu (2020) CZ Dabing' candidates=1
[05:34:19]   candidate upload_id=9bf70c166ab676aa url=https://prehraj.to/krajina-ve-stinu-2020-cz-dab-1080p/9bf70c166ab676aa
[05:34:20]   resolve FAILED: HTTP 502 wrapping permanent upstream error: https://prehraj.to/krajina-ve-stinu-2020-cz-dab-1080p/9bf70c166ab676aa (permanent=True)
[05:34:20] film cr_film_id=2601 all candidates exhausted
[05:34:20] iteration 19/20
[05:34:20] film cr_film_id=2603 name='Všichni to vědí (2018) CZ Dabing' candidates=4
[05:34:20]   candidate upload_id=5fb80aa3b65db url=https://prehraj.to/vsichni-to-vedi-todos-lo-saben-2018-cz-dabing-forced-bluray-1080p/5fb80aa3b65db
[05:34:26]   resolved in 6.0s → 720p (https://pf-storage5.premiumcdn.net/20119575/ek1hBKUVdcmbuO0C8ZCymUkbt8XI1MtRrIDn…)
[05:36:08]   downloaded 2,105.3 MB in 101.0s (20.8 MB/s)
[05:38:00]   upload done video_id=26069565 in 112.0s
[05:38:02] film cr_film_id=2603 OK in 222.1s
[05:38:02] iteration 20/20
[05:38:02] film cr_film_id=2607 name='Jurský svět (2015) CZ Dabing' candidates=23
[05:38:02]   candidate upload_id=5ea3307f56934 url=https://prehraj.to/jursky-park-4-cz-dab-2015/5ea3307f56934
[05:38:03]   resolved in 1.2s → 480p (https://pf-storage5.premiumcdn.net/16344100/WxziGNSjvu0oI3dcVyC4vSz6IXvha5uxBtVN…)
[05:39:03]   downloaded 1,459.0 MB in 57.9s (25.2 MB/s)
[05:40:16]   upload done video_id=26069616 in 72.7s
[05:40:17] film cr_film_id=2607 OK in 135.3s
[05:40:17] batch-end ok=18 failed=2 dur=3172.9s avg/film=176.3s remaining=16609 eta_hours=813.4

===== run 2026-06-18T05:40:51Z shard=1/2 batch_size=20 (https://github.com/Olbrasoft/prehrajto-to-prehrajto/actions/runs/27739254063) =====
[05:40:53] description overrides loaded: 3737 from /home/runner/work/prehrajto-to-prehrajto/prehrajto-to-prehrajto/state/email-generated-descriptions-v3.jsonl
[05:40:53] batch-start shard=1/2 count=20 backlog=17650 uploads=1041 failed_attempts=74 description_overrides=3737
[05:40:53] login
[05:40:54] login done
[05:40:54] iteration 1/20
[05:40:54] film cr_film_id=2609 name='Tajemné křížovky: Čáry máry smrt (2020) CZ' candidates=1
[05:40:54]   candidate upload_id=60e069e26378e url=https://prehraj.to/tajemne-krizovky-cary-mary-smrt-crossword-mysteries-abracadaver-2020-full-hd-cz-eng/60e069e26378e
[05:40:56]   resolved in 1.5s → 1080p (https://pf-storage3.premiumcdn.net/24149616/lo0IG0hVpsnbfvLC91CxVhLeTEkU6gF4JTd9…)
[05:42:40]   downloaded 2,121.1 MB in 102.2s (20.8 MB/s)
[05:44:45]   upload done video_id=26069687 in 125.6s
[05:44:47] film cr_film_id=2609 OK in 233.0s
[05:44:47] iteration 2/20
[05:44:47] film cr_film_id=2613 name='Kdybys jen tušil (2020) CZ Dabing' candidates=15
[05:44:47]   candidate upload_id=606a688ec4fef url=https://prehraj.to/kdybys-jen-tusil-the-half-of-it-2020-1080p-webrip-cz-dab-5-1/606a688ec4fef
[05:44:48]   resolved in 1.2s → 720p (https://pf-storage2.premiumcdn.net/22967619/kaVsveUgKhLOi1yS6YcyJUVduaJiaDh19TwO…)
[05:45:48]   downloaded 1,484.0 MB in 58.1s (25.5 MB/s)
[05:47:03]   upload done video_id=26069768 in 74.2s
[05:47:04] film cr_film_id=2613 OK in 137.0s
[05:47:04] iteration 3/20
[05:47:04] film cr_film_id=2615 name='Americká žena (2018) CZ Dabing' candidates=2
[05:47:04]   candidate upload_id=5e9b072b7677d url=https://prehraj.to/americka-zena-2018-czdabing/5e9b072b7677d
[05:47:06]   resolved in 1.4s → 720p (https://pf-storage5.premiumcdn.net/16271011/NOAimGfPnTNqSLYtYquOQf4ySBdUz8iVLFdL…)
[05:48:46]   downloaded 2,050.9 MB in 98.1s (20.9 MB/s)
[05:50:31]   upload done video_id=26069841 in 104.6s
[05:50:32] film cr_film_id=2615 OK in 207.9s
[05:50:32] iteration 4/20
[05:50:32] film cr_film_id=2619 name='Bílý Tesák (2018) CZ Dabing' candidates=5
[05:50:32]   candidate upload_id=5dcbfdd8ea4e7 url=https://prehraj.to/bily-tesak-croc-blanc-2018-cz-dabing-forced-bluray-1080p-5-1/5dcbfdd8ea4e7
[05:50:33]   resolved in 1.1s → 720p (https://pf-storage1.premiumcdn.net/15258907/LXbT4WF5AUmBtpWHr2iVoF84fRmsPgsnDCQR…)
[05:51:21]   downloaded 1,172.5 MB in 46.4s (25.3 MB/s)
[05:52:23]   upload done video_id=26069931 in 61.3s
[05:52:26] film cr_film_id=2619 OK in 113.4s
[05:52:26] iteration 5/20
[05:52:26] film cr_film_id=2621 name='Mrňouskové 2: Daleko od domova (2018) CZ Dabing' candidates=2
[05:52:26]   candidate upload_id=5d8f67c5c0834 url=https://prehraj.to/mrnouskove-2-daleko-od-domova-2019-cz-dab/5d8f67c5c0834
[05:52:27]   resolved in 1.5s → 480p (https://pf-storage5.premiumcdn.net/14944819/4bjhykuwLc9zClGSjGUQvuKVTNkIw1sNDUvz…)
[05:52:48]   downloaded 363.1 MB in 19.5s (18.6 MB/s)
[05:53:13]   upload done video_id=26069986 in 24.5s
[05:53:15] film cr_film_id=2621 OK in 49.0s
[05:53:15] iteration 6/20
[05:53:15] film cr_film_id=2623 name='Na střeše (2019) CZ Dabing' candidates=12
[05:53:15]   candidate upload_id=630385f364ec9 url=https://prehraj.to/na-strese-2019-hd-1080p-cz-dabing/630385f364ec9
[05:53:16]   resolved in 1.2s → 720p (https://pf-storage5.premiumcdn.net/32378896/anaIQRhgWcPguVDsv7U16hz0UQbtK3i7Oum1…)
[05:53:56]   downloaded 974.1 MB in 39.0s (25.0 MB/s)
[05:54:44]   upload done video_id=26070015 in 48.2s
[05:54:46] film cr_film_id=2623 OK in 91.2s
[05:54:46] iteration 7/20
[05:54:46] film cr_film_id=2625 name='Na špatné straně (2018) CZ Dabing' candidates=20
[05:54:46]   candidate upload_id=5d6d5fa405539 url=https://prehraj.to/na-spatne-strane-2018-hdrip-cz-dabing-m3/5d6d5fa405539
[05:54:47]   resolved in 1.2s → 480p (https://pf-storage1.premiumcdn.net/14745399/AzKtdAuB1U48FJxS9mhLEuaVFxLh1ysy0s9k…)
[05:55:23]   downloaded 683.9 MB in 34.9s (19.6 MB/s)
[05:56:01]   upload done video_id=26070058 in 37.8s
[05:56:03] film cr_film_id=2625 OK in 77.0s
[05:56:03] iteration 8/20
[05:56:03] film cr_film_id=2627 name='V rytmu srdce (2018) CZ Dabing' candidates=3
[05:56:03]   candidate upload_id=5cd8334e89ae8 url=https://prehraj.to/v-rytmu-srdce-2018-cz-dabing-bst/5cd8334e89ae8
[05:56:04]   resolved in 1.1s → 480p (https://pf-storage5.premiumcdn.net/13302816/6z5ivMTeBhQas3NUjQf10TKxhjVuxKIaNfx8…)
[05:56:31]   downloaded 473.6 MB in 25.3s (18.7 MB/s)
[05:57:00]   upload done video_id=26070090 in 28.4s
[05:57:01] film cr_film_id=2627 OK in 58.5s
[05:57:01] iteration 9/20
[05:57:01] film cr_film_id=2631 name='Purpurové řeky (2000) CZ Dabing' candidates=12
[05:57:01]   candidate upload_id=58211a3ce00c6 url=https://prehraj.to/purpurove-reky-1-cz-dabing-2000/58211a3ce00c6
[05:57:02]   resolved in 1.1s → 480p (https://pf-storage3.premiumcdn.net/812544/4b6IyAC71h9lFpdh7kiJwCe9Io8Fxntk8F4Qf1…)
[05:57:26]   downloaded 504.7 MB in 21.9s (23.0 MB/s)
[05:57:56]   upload done video_id=26070117 in 29.5s
[05:57:57] film cr_film_id=2631 OK in 55.8s
[05:57:57] iteration 10/20
[05:57:57] film cr_film_id=2633 name='Rio (2011) CZ Dabing' candidates=29
[05:57:57]   candidate upload_id=631e0a095c7cc url=https://prehraj.to/rio-cz-2011-brrip-fullhd-1080p-cz-dabing/631e0a095c7cc
[05:57:58]   resolved in 1.4s → 720p (https://pf-storage5.premiumcdn.net/32883205/qzVikMIGLFNbTlwtO1TlyIWdS4bfq7tv7SnE…)
[05:59:14]   downloaded 1,872.6 MB in 73.2s (25.6 MB/s)
[06:00:49]   upload done video_id=26070174 in 94.8s
[06:00:52] film cr_film_id=2633 OK in 174.6s
[06:00:52] iteration 11/20
[06:00:52] film cr_film_id=2635 name='Správný čas žít (2018) CZ Dabing' candidates=4
[06:00:52]   candidate upload_id=79378ffc4a54ab0c url=https://prehraj.to/spravny-cas-zit-2018-cz-dab-1080p/79378ffc4a54ab0c
[06:00:53]   resolved in 1.6s → 720p (https://pf-storage2.premiumcdn.net/165892115/XoLiVpImps0DHWwi5jc0QIWVfpvcPEHVWsb…)
[06:01:50]   downloaded 1,381.8 MB in 55.1s (25.1 MB/s)
[06:03:21]   upload done video_id=26070240 in 91.1s
[06:03:23] film cr_film_id=2635 OK in 151.1s
[06:03:23] iteration 12/20
[06:03:23] film cr_film_id=2639 name='Sweet Country (2017) CZ Dabing' candidates=2
[06:03:23]   candidate upload_id=5d183e72abd6f url=https://prehraj.to/sweet-country-western-cz-dab-2018-jad/5d183e72abd6f
[06:03:24]   resolved in 1.2s → 480p (https://pf-storage5.premiumcdn.net/14230098/Ra6H8EsEviJZuvKi9piPbsgNioWtYOtg0HwN…)
[06:03:57]   downloaded 626.1 MB in 31.8s (19.7 MB/s)
[06:04:30]   upload done video_id=26070290 in 32.9s
[06:04:32] film cr_film_id=2639 OK in 69.0s
[06:04:32] iteration 13/20
[06:04:32] film cr_film_id=2645 name='Borg/McEnroe (2017) CZ Dabing' candidates=7
[06:04:32]   candidate upload_id=5bc79ffe44561 url=https://prehraj.to/borg-vs-mcenroe-cz-dabing-2017/5bc79ffe44561
[06:04:33]   resolved in 1.1s → 720p (https://pf-storage5.premiumcdn.net/7226444/qkzigrIvQFwVt8zUybfReI3XHZwhwGS8ZSzVF…)
[06:05:45]   downloaded 1,843.8 MB in 71.1s (25.9 MB/s)
[06:07:20]   upload done video_id=26070342 in 95.1s
[06:07:23] film cr_film_id=2645 OK in 170.8s
[06:07:23] iteration 14/20
[06:07:23] film cr_film_id=2647 name='V srdci moře (2015) CZ Dabing' candidates=8
[06:07:23]   candidate upload_id=5a0ac8696290a url=https://prehraj.to/v-srdci-more-2015-cz-dabing/5a0ac8696290a
[06:07:24]   resolved in 1.2s → 480p (https://pf-storage5.premiumcdn.net/2928455/z5Lil9fn6IX5hLyF12S3Efn5hbjH8dCkMcb9c…)
[06:08:16]   downloaded 1,027.4 MB in 50.6s (20.3 MB/s)
[06:09:12]   upload done video_id=26070399 in 56.1s
[06:09:14] film cr_film_id=2647 OK in 111.5s
[06:09:14] iteration 15/20
[06:09:14] film cr_film_id=2653 name='Neporazitelný: Návrat krále (2016) CZ Dabing' candidates=8
[06:09:14]   candidate upload_id=5aea0959311e9 url=https://prehraj.to/neporaziteny-4-navrat-krale-2016-cz-dabing-bst/5aea0959311e9
[06:09:15]   resolved in 1.1s → 480p (https://pf-storage5.premiumcdn.net/4028743/x3JfoAiR8HWLs32uoyUAOiWZsEZCwGsVvs8MH…)
[06:09:47]   downloaded 575.0 MB in 30.0s (19.2 MB/s)
[06:10:20]   upload done video_id=26070438 in 32.9s
[06:10:22] film cr_film_id=2653 OK in 67.7s
[06:10:22] iteration 16/20
[06:10:22] film cr_film_id=2655 name='Jumanji: Vítejte v džungli! (2017) CZ Dabing' candidates=40
[06:10:22]   candidate upload_id=638beb4539230 url=https://prehraj.to/jumanji-vitejte-v-dzungli-2017-cz-dabing-1080p/638beb4539230
[06:10:25]   resolved in 2.8s → 720p (https://pf-storage3.premiumcdn.net/34989127/RmjH3DsavUeLCn6UzPiors6zcblfr8FXOcWl…)
[06:12:03]   downloaded 2,452.5 MB in 96.3s (25.5 MB/s)
[06:14:06]   upload done video_id=26070500 in 123.2s
[06:14:08] film cr_film_id=2655 OK in 225.9s
[06:14:08] iteration 17/20
[06:14:08] film cr_film_id=2671 name='Sekretářka (2002) CZ Dabing' candidates=17
[06:14:08]   candidate upload_id=61f7f6ac78853 url=https://prehraj.to/secretary-2f-sekretarka-2002-cz-dabing/61f7f6ac78853
[06:14:09]   resolved in 1.1s → 480p (https://pf-storage4.premiumcdn.net/28898367/wpNFkxSzMs7NsaKc4LS4wSM9UwOINRU6et95…)
[06:14:32]   downloaded 499.0 MB in 21.7s (23.0 MB/s)
[06:15:09]   upload done video_id=26070548 in 36.3s
[06:15:10] film cr_film_id=2671 OK in 62.5s
[06:15:10] iteration 18/20
[06:15:10] film cr_film_id=2673 name='Aldabra: Byl jednou jeden ostrov (2015) CZ Dabing' candidates=1
[06:15:10]   candidate upload_id=628daa8804e67a41 url=https://prehraj.to/ostrov-dinosauru-2014-cz-dabing-ts/628daa8804e67a41
[06:15:12]   resolved in 1.3s → 720p (https://pf-storage3.premiumcdn.net/167405186/z5VTQGUR9H1kTVofgLIQ7Um0H7xINXHa3fz…)
[06:15:51]   downloaded 923.9 MB in 37.1s (24.9 MB/s)
[06:16:37]   upload done video_id=26070569 in 46.6s
[06:16:39] film cr_film_id=2673 OK in 88.6s
[06:16:39] iteration 19/20
[06:16:39] film cr_film_id=2681 name='Mission: Impossible III (2006) CZ Dabing' candidates=3
[06:16:39]   candidate upload_id=58336903196b4 url=https://prehraj.to/mise-akcn-scifi-2004-czdub/58336903196b4
[06:16:40]   resolved in 1.2s → 720p (https://pf-storage3.premiumcdn.net/907712/nLyS3gCVjFrDtgYCZ4hV4CNrHNMF08t5biOJFg…)
[06:17:19]   downloaded 914.9 MB in 37.1s (24.7 MB/s)
[06:18:05]   upload done video_id=26070601 in 46.3s
[06:18:07] film cr_film_id=2681 OK in 88.3s
[06:18:07] iteration 20/20
[06:18:07] film cr_film_id=2687 name='Christine (2016) CZ Dabing' candidates=2
[06:18:07]   candidate upload_id=5e692e9994111 url=https://prehraj.to/christine-2016-cz-dabing/5e692e9994111
[06:18:08]   resolved in 1.2s → 480p (https://pf-storage5.premiumcdn.net/15994219/9p7hwgIG7cvJsKBIZQT7aIDAuxYuqdHRBhDe…)
[06:18:35]   downloaded 461.0 MB in 24.8s (18.6 MB/s)
[06:19:01]   upload done video_id=26070628 in 26.0s
[06:19:03] film cr_film_id=2687 OK in 55.6s
[06:19:03] batch-end ok=20 failed=0 dur=2288.3s avg/film=114.4s remaining=16589 eta_hours=527.2

===== run 2026-06-18T06:48:31Z shard=1/2 batch_size=20 (https://github.com/Olbrasoft/prehrajto-to-prehrajto/actions/runs/27741977224) =====
[06:48:32] description overrides loaded: 3756 from /home/runner/work/prehrajto-to-prehrajto/prehrajto-to-prehrajto/state/email-generated-descriptions-v3.jsonl
[06:48:32] batch-start shard=1/2 count=20 backlog=17650 uploads=1061 failed_attempts=74 description_overrides=3756
[06:48:32] login
[06:48:34] login done
[06:48:34] iteration 1/20
[06:48:34] film cr_film_id=2691 name='Bratři z donucení (2008) CZ' candidates=1
[06:48:34]   candidate upload_id=ec3266e2e1a36c51 url=https://prehraj.to/bratri-z-donuceni-2008-cz/ec3266e2e1a36c51
[06:48:35]   resolved in 1.1s → 480p (https://pf-storage5.premiumcdn.net/163522418/ZL7sO9IgJcJOibLiJKHLvIbZigyh9XIDwFE…)
[06:48:51]   downloaded 444.1 MB in 14.1s (31.5 MB/s)
[06:49:13]   upload done video_id=26071175 in 22.7s
[06:49:14] film cr_film_id=2691 OK in 40.5s
[06:49:14] iteration 2/20
[06:49:14] film cr_film_id=2705 name='Amazing Spider-Man (2012) CZ Dabing' candidates=23
[06:49:14]   candidate upload_id=5f3106d9ec71f url=https://prehraj.to/amazing-spiderman-1-2012-1080p-cz-dab/5f3106d9ec71f
[06:49:16]   resolved in 1.4s → 720p (https://pf-storage1.premiumcdn.net/17912613/66aHVbIjPuoOfNpSWvsQrIMNsWot4rsz3uXO…)
[06:50:11]   downloaded 1,913.4 MB in 54.2s (35.3 MB/s)
[06:51:51]   upload done video_id=26071202 in 99.6s
[06:51:52] film cr_film_id=2705 OK in 157.7s
[06:51:52] iteration 3/20
[06:51:52] film cr_film_id=2707 name='Paul (2011) CZ Dabing' candidates=8
[06:51:52]   candidate upload_id=656e0183cbfef url=https://prehraj.to/paul-2011-cz-dabing/656e0183cbfef
[06:51:54]   resolved in 1.4s → 720p (https://pf-storage1.premiumcdn.net/61811315/GjBu2WiKgTMju4Yf1nT3midzSObUrdsYOsYw…)
[06:52:50]   downloaded 1,950.6 MB in 55.3s (35.3 MB/s)
[06:54:07]   upload done video_id=26071247 in 77.1s
[06:54:09] film cr_film_id=2707 OK in 136.6s
[06:54:09] iteration 4/20
[06:54:09] film cr_film_id=2709 name='Aféra Thomase Crowna (1999) CZ Dabing' candidates=1
[06:54:09]   candidate upload_id=57c1012cf2684 url=https://prehraj.to/afera-thomase-crowna-1999-czdab-x264/57c1012cf2684
[06:54:10]   resolved in 1.0s → 480p (https://pf-storage2.premiumcdn.net/481224/5E3Sm9hD8FOEh1eCv3Cw1h37t4bH2nIxafbPSa…)
[06:54:32]   downloaded 530.8 MB in 20.7s (25.6 MB/s)
[06:54:55]   upload done video_id=26071280 in 23.4s
[06:54:57] film cr_film_id=2709 OK in 48.1s
[06:54:57] iteration 5/20
[06:54:57] film cr_film_id=2715 name='Hellboy (2004) CZ Dabing' candidates=9
[06:54:57]   candidate upload_id=6d20da7ea9b1a8c5 url=https://prehraj.to/hellboy-2004-1080p-cz-dabing-en/6d20da7ea9b1a8c5
[06:54:58]   resolved in 1.1s → 1080p (https://pf-storage3.premiumcdn.net/168938338/yLGsnvSOaIMzsNlHDktP0Sj6uRbTvZt3Aca…)
[06:58:09]   downloaded 5,523.0 MB in 189.8s (29.1 MB/s)
[07:01:58]   upload done video_id=26071339 in 228.7s
[07:01:59] film cr_film_id=2715 OK in 422.7s
[07:01:59] iteration 6/20
[07:01:59] film cr_film_id=2717 name='Madagaskar (2005) CZ Dabing' candidates=1
[07:01:59]   candidate upload_id=68e9387ebce74 url=https://prehraj.to/madagaskar-2005-cz-dab-1080p/68e9387ebce74
[07:02:01]   resolved in 1.1s → 1080p (https://pf-storage4.premiumcdn.net/150757254/g7lu0zIObUNaSPef81snaIZyspmsBLT2lsv…)
[07:03:21]   downloaded 2,789.0 MB in 78.4s (35.6 MB/s)
[07:05:24]   upload done video_id=26071455 in 123.2s
[07:05:25] film cr_film_id=2717 OK in 205.7s
[07:05:25] iteration 7/20
[07:05:25] film cr_film_id=2721 name='Letopisy Narnie: Lev, čarodějnice a skříň (2005) CZ Dabing' candidates=54
[07:05:25]   candidate upload_id=5821125b43b59 url=https://prehraj.to/narnia-lev-satnik-a-carodejnica-cz-dabing-2005/5821125b43b59
[07:05:26]   resolved in 1.0s → 480p (https://pf-storage3.premiumcdn.net/812428/0RdTZOU3ViwRCDwS64CYyUgdiOAIEXUQEt97fV…)
[07:05:49]   downloaded 697.1 MB in 21.0s (33.2 MB/s)
[07:06:19]   upload done video_id=26071517 in 29.8s
[07:06:20] film cr_film_id=2721 OK in 54.4s
[07:06:20] iteration 8/20
[07:06:20] film cr_film_id=2725 name='Lhář, lhář (1997) CZ Dabing' candidates=14
[07:06:20]   candidate upload_id=55d82d0a460cd url=https://prehraj.to/lhar-lhar-1997-czdab/55d82d0a460cd
[07:06:21]   resolved in 1.1s → 480p (https://pf-storage2.premiumcdn.net/217763/YQofWkcL0fJwC9VuamTz6cr6CBQHjDHpVs0NS6…)
[07:06:39]   downloaded 444.3 MB in 16.8s (26.4 MB/s)
[07:06:57]   upload done video_id=26071534 in 17.8s
[07:06:58] film cr_film_id=2725 OK in 38.8s
[07:06:58] iteration 9/20
[07:06:58] film cr_film_id=2729 name='Popelka (2015) CZ Dabing' candidates=54
[07:06:58]   candidate upload_id=688f895139c48 url=https://prehraj.to/popelka-cinderella-2015-1080p-cz-dabing/688f895139c48
[07:07:00]   resolved in 2.0s → 720p (https://pf-storage3.premiumcdn.net/142859771/P1BsebUE9sxpcozsneFxAUnmtGwsJosx0ul…)
[07:08:30]   downloaded 2,512.8 MB in 87.6s (28.7 MB/s)
[07:10:24]   upload done video_id=26071585 in 114.3s
[07:10:26] film cr_film_id=2729 OK in 207.3s
[07:10:26] iteration 10/20
[07:10:26] film cr_film_id=2737 name='Captain America: První Avenger (2011) CZ Dabing' candidates=10
[07:10:26]   candidate upload_id=6891b510c577d url=https://prehraj.to/captain-america-prvni-avenger-captain-america-the-first-avenger-2011-fullhd-1080p-h264-cz-dabing-ac3-audio-tw1nky/6891b510c577d
[07:10:27]   resolved in 0.9s → 720p (https://pf-storage3.premiumcdn.net/142985375/npRSdQhQ8fMySkgi9bsr2hqRtpLTzBiApUB…)
[07:11:59]   downloaded 2,590.0 MB in 91.2s (28.4 MB/s)
[07:13:32]   upload done video_id=26071675 in 92.2s
[07:13:33] film cr_film_id=2737 OK in 187.2s
[07:13:33] iteration 11/20
[07:13:33] film cr_film_id=2739 name='Con Air (1997) CZ Dabing' candidates=29
[07:13:33]   candidate upload_id=6363582d9b884 url=https://prehraj.to/con-air-1997-1080p-cz-dab/6363582d9b884
[07:13:34]   resolved in 1.0s → 720p (https://pf-storage5.premiumcdn.net/34262056/WY9IO6UW6svahJDHK2sdvULNIWwio8fk9fED…)
[07:14:46]   downloaded 2,487.8 MB in 70.2s (35.4 MB/s)
[07:16:16]   upload done video_id=26071750 in 90.0s
[07:16:17] film cr_film_id=2739 OK in 164.2s
[07:16:17] iteration 12/20
[07:16:17] film cr_film_id=2741 name='Šéfové na zabití (2011) CZ' candidates=2
[07:16:17]   candidate upload_id=b50d13cdcd2ce69b url=https://prehraj.to/sefove-na-zabiti-2011-fhd-cz-en/b50d13cdcd2ce69b
[07:16:18]   resolve FAILED: HTTP 502 wrapping permanent upstream error: https://prehraj.to/sefove-na-zabiti-2011-fhd-cz-en/b50d13cdcd2ce69b (permanent=True)
[07:16:18]   candidate upload_id=655cfe0aa0b45 url=https://prehraj.to/sefovia-na-zabitie-2011/655cfe0aa0b45
[07:16:24]   resolved in 6.0s → 1080p (https://pf-storage1.premiumcdn.net/52593866/N84cPzH4qCRjfo9FzQTd0HlPS78TdLsgvcob…)
[07:17:40]   downloaded 2,695.0 MB in 75.1s (35.9 MB/s)
[07:19:24]   upload done video_id=26071812 in 103.8s
[07:19:25] film cr_film_id=2741 OK in 188.4s
[07:19:25] iteration 13/20
[07:19:25] film cr_film_id=2745 name='Bella a Sebastián (2013) CZ Dabing' candidates=5
[07:19:25]   candidate upload_id=58763cce649f0 url=https://prehraj.to/bella-a-sebastian-cz-dabing-2013/58763cce649f0
[07:19:27]   resolved in 1.1s → 480p (https://pf-storage3.premiumcdn.net/1424533/jG9hnEHdZuNGcJoc18iG4Hr3hgVUK5SxBTJ4C…)
[07:19:56]   downloaded 725.0 MB in 27.6s (26.3 MB/s)
[07:20:23]   upload done video_id=26071866 in 27.0s
[07:20:24] film cr_film_id=2745 OK in 58.5s
[07:20:24] iteration 14/20
[07:20:24] film cr_film_id=2749 name='Rocky IV (1985) CZ Dabing' candidates=22
[07:20:24]   candidate upload_id=55fadda91abac url=https://prehraj.to/rocky-iv-1985-cz-dabing-top-hit/55fadda91abac
[07:20:25]   resolved in 1.2s → 480p (https://pf-storage2.premiumcdn.net/321923/P56Tg6ukYhELhJYI8vhL0ujmSNqIZgTp0tdGfQ…)
[07:20:50]   downloaded 612.8 MB in 23.4s (26.2 MB/s)
[07:21:14]   upload done video_id=26071892 in 23.9s
[07:21:15] film cr_film_id=2749 OK in 51.2s
[07:21:15] iteration 15/20
[07:21:15] film cr_film_id=2751 name='Gang v útoku (2006) CZ Dabing' candidates=9
[07:21:15]   candidate upload_id=59be2adf10112 url=https://prehraj.to/gang-v-utoku-2006-cz-dabing/59be2adf10112
[07:21:17]   resolved in 2.1s → 480p (https://pf-storage1.premiumcdn.net/2634897/Nb6SOmslPCMnSw7tVzH3ks8ZHpASwvhz5hyPT…)
[07:21:43]   downloaded 825.7 MB in 24.6s (33.6 MB/s)
[07:22:17]   upload done video_id=26071909 in 33.5s
[07:22:18] film cr_film_id=2751 OK in 62.9s
[07:22:18] iteration 16/20
[07:22:18] film cr_film_id=2753 name='NON-STOP (2014) CZ Dabing' candidates=20
[07:22:18]   candidate upload_id=5ce1bcc9aa2c2 url=https://prehraj.to/non-stop-2014-bdrip-cz-dab/5ce1bcc9aa2c2
[07:22:19]   resolved in 1.1s → 480p (https://pf-storage1.premiumcdn.net/13490310/qxLuqQI8LCg9hN5c2GudMI9OHPnSg3SOeHaL…)
[07:22:40]   downloaded 532.6 MB in 19.5s (27.3 MB/s)
[07:23:00]   upload done video_id=26071923 in 20.1s
[07:23:01] film cr_film_id=2753 OK in 43.2s
[07:23:01] iteration 17/20
[07:23:01] film cr_film_id=2755 name='Zbouchnutá (2007) CZ Dabing' candidates=19
[07:23:01]   candidate upload_id=55f3cf0c5a9a8 url=https://prehraj.to/zbouchnuta-2007-czdab/55f3cf0c5a9a8
[07:23:02]   resolved in 1.0s → 480p (https://pf-storage2.premiumcdn.net/299547/WaysK8hvVtewCOpt7bF41hWVcvpuRqI7OuvmuE…)
[07:23:30]   downloaded 681.5 MB in 25.9s (26.3 MB/s)
[07:23:55]   upload done video_id=26071942 in 25.5s
[07:23:57] film cr_film_id=2755 OK in 55.3s
[07:23:57] iteration 18/20
[07:23:57] film cr_film_id=2759 name='Zataženo, občas trakaře (2009) CZ Dabing' candidates=37
[07:23:57]   candidate upload_id=6392843a0c2bc243 url=https://prehraj.to/zatazeno-obcas-trakare-1-mkv/6392843a0c2bc243
[07:23:57]   resolved in 0.8s → 720p (https://pf-storage1.premiumcdn.net/157600661/9zOfMPUzoixzsMzsx2hQ4UA7cN7HOki9jt8…)
[07:24:47]   downloaded 1,681.2 MB in 48.5s (34.7 MB/s)
[07:25:47]   upload done video_id=26071965 in 59.3s
[07:25:48] film cr_film_id=2759 OK in 111.1s
[07:25:48] iteration 19/20
[07:25:48] film cr_film_id=2761 name='Lovec trolů (2010) CZ Dabing' candidates=6
[07:25:48]   candidate upload_id=5591cb1e75883 url=https://prehraj.to/lovec-trolu-2010-cz-dabing/5591cb1e75883
[07:25:49]   resolved in 1.2s → 480p (https://pf-storage2.premiumcdn.net/415319/1gmh31uoYsaJs0ptjoSjBuzNIYJsMXC6GUQXcY…)
[07:26:14]   downloaded 817.4 MB in 24.5s (33.4 MB/s)
[07:26:52]   upload done video_id=26071997 in 37.6s
[07:26:53] film cr_film_id=2761 OK in 65.5s
[07:26:53] iteration 20/20
[07:26:53] film cr_film_id=2763 name='Jiná země (2011) CZ' candidates=2
[07:26:53]   candidate upload_id=580146cc3d492 url=https://prehraj.to/jina-zeme-2011-scifi-czdab/580146cc3d492
[07:26:54]   resolved in 1.1s → 480p (https://pf-storage2.premiumcdn.net/708148/MR5Uv8ig8sRjSBztjGIJxieEt52tvXSxaSEkib…)
[07:27:11]   downloaded 495.5 MB in 15.5s (32.0 MB/s)
[07:27:30]   upload done video_id=26072027 in 19.3s
[07:27:31] film cr_film_id=2763 OK in 38.0s
[07:27:31] batch-end ok=20 failed=0 dur=2337.3s avg/film=116.9s remaining=16569 eta_hours=538.0

===== run 2026-06-18T07:33:25Z shard=1/2 batch_size=20 (https://github.com/Olbrasoft/prehrajto-to-prehrajto/actions/runs/27744021296) =====
[07:33:26] description overrides loaded: 3944 from /home/runner/work/prehrajto-to-prehrajto/prehrajto-to-prehrajto/state/email-generated-descriptions-v3.jsonl
[07:33:26] batch-start shard=1/2 count=20 backlog=17650 uploads=1081 failed_attempts=75 description_overrides=3944
[07:33:26] login
[07:33:29] login done
[07:33:29] iteration 1/20
[07:33:29] film cr_film_id=2765 name='Majestic (2001) CZ Dabing' candidates=2
[07:33:29]   candidate upload_id=5c367a375879d url=https://prehraj.to/majestic-2001-cz-dabing/5c367a375879d
[07:33:30]   resolved in 1.0s → 480p (https://pf-storage1.premiumcdn.net/10780484/gaKulas25sAKs8LUXVc6xswbFMLCDyclMIvP…)
[07:33:57]   downloaded 583.8 MB in 25.3s (23.1 MB/s)
[07:34:25]   upload done video_id=26072163 in 28.1s
[07:34:26] film cr_film_id=2765 OK in 57.4s
[07:34:26] iteration 2/20
[07:34:26] film cr_film_id=2767 name='Letní škola, 2001 (2025) CZ Dabing' candidates=2
[07:34:26]   candidate upload_id=6e16e9aef9018d47 url=https://prehraj.to/letni-skola-2001-2025-cz-dabing-mp4/6e16e9aef9018d47
[07:34:27]   resolved in 1.1s → 1080p (https://pf-storage3.premiumcdn.net/167239067/p64tmvIp3HgYSXrUgdUoBIOQtQltm9upgCw…)
[07:36:20]   downloaded 2,879.2 MB in 111.4s (25.8 MB/s)
[07:39:11]   upload done video_id=26072216 in 171.0s
[07:39:13] film cr_film_id=2767 OK in 286.8s
[07:39:13] iteration 3/20
[07:39:13] film cr_film_id=2769 name='Pomocnice (2025) CZ Dabing' candidates=13
[07:39:13]   candidate upload_id=fb7197c73eedff8c url=https://prehraj.to/p-o-m-o-c-n-i-c-e-2025-1080p-cz-dabing-2-0/fb7197c73eedff8c
[07:39:14]   resolved in 1.1s → 720p (https://pf-storage5.premiumcdn.net/168925126/4gMi3zsBKcrJc6GhE3IaNs8VuEVSrmIYPHD…)
[07:40:22]   downloaded 1,983.5 MB in 66.0s (30.1 MB/s)
[07:41:46]   upload done video_id=26072308 in 84.8s
[07:41:48] film cr_film_id=2769 OK in 155.4s
[07:41:48] iteration 4/20
[07:41:48] film cr_film_id=2771 name='Ještě krásnější (2025) CZ Dabing' candidates=1
[07:41:48]   candidate upload_id=ec24414900d682fa url=https://prehraj.to/jeste-krasnejsi-2025-cz-dabing-1080p/ec24414900d682fa
[07:41:51]   resolved in 2.2s → 1080p (https://pf-storage5.premiumcdn.net/163980827/nQJuqvUXai3wUNaSGNtOwUgQsWdFK0CLPSn…)
[07:43:36]   downloaded 2,549.0 MB in 103.9s (24.5 MB/s)
[07:45:23]   upload done video_id=26072396 in 107.0s
[07:45:25] film cr_film_id=2771 OK in 216.4s
[07:45:25] iteration 5/20
[07:45:25] film cr_film_id=2773 name='Sisu: Odplata (2025) CZ Dabing' candidates=18
[07:45:25]   candidate upload_id=cc3e37f44db468da url=https://prehraj.to/sisu-odplata-novinka-2026-czdabing-1080p/cc3e37f44db468da
[07:45:26]   resolved in 1.2s → 1080p (https://pf-storage1.premiumcdn.net/163684514/yOrfwXuaNTxbU4oT31SL9ugqSW4SArHJZse…)
[07:46:58]   downloaded 2,616.8 MB in 89.9s (29.1 MB/s)
[07:48:49]   upload done video_id=26072493 in 111.8s
[07:48:51] film cr_film_id=2773 OK in 206.1s
[07:48:51] iteration 6/20
[07:48:51] film cr_film_id=2777 name='Želví nindžové (1990) CZ Dabing' candidates=5
[07:48:51]   candidate upload_id=5c0828f7bc8e0 url=https://prehraj.to/zelvi-nindzove-1-1990-cz-dabing/5c0828f7bc8e0
[07:48:52]   resolved in 1.2s → 1080p (https://pf-storage5.premiumcdn.net/9089936/52xSnZs6DCwxfR5U8pCapsZWizjTDXIXqhDPi…)
[07:50:16]   downloaded 1,986.4 MB in 82.7s (24.0 MB/s)
[07:51:40]   upload done video_id=26072559 in 83.9s
[07:51:42] film cr_film_id=2777 OK in 170.8s
[07:51:42] iteration 7/20
[07:51:42] film cr_film_id=2779 name='Moje sestra vlkodlak (2000) CZ Dabing' candidates=1
[07:51:42]   candidate upload_id=aaaab0a774552d68 url=https://prehraj.to/moje-sestra-vlkodlak-3-rok-2024-mp4-novinka-cz-dabing-full-hd-1080p-pucci-film-mp4/aaaab0a774552d68
[07:51:43]   resolved in 1.6s → 1080p (https://pf-storage1.premiumcdn.net/155228946/W9aIvGSP1UxJU51CRqUzlS9aCnjTzWslKHb…)
[07:53:22]   downloaded 2,499.8 MB in 96.9s (25.8 MB/s)
[07:55:05]   upload done video_id=26072615 in 102.4s
[07:55:06] film cr_film_id=2779 OK in 204.4s
[07:55:06] iteration 8/20
[07:55:06] film cr_film_id=2783 name='Autobus naděje (2025) CZ Dabing' candidates=2
[07:55:06]   candidate upload_id=68ec182367c04 url=https://prehraj.to/autobus-nadeje-2025-cz-dabing/68ec182367c04
[07:55:07]   resolved in 1.1s → 720p (https://pf-storage4.premiumcdn.net/151159116/KO1f1WFWzhVQc72srgImRFlgUv1IyJTrys7…)
[07:56:50]   downloaded 2,566.3 MB in 101.5s (25.3 MB/s)
[07:58:57]   upload done video_id=26072678 in 126.3s
[07:58:59] film cr_film_id=2783 OK in 232.7s
[07:58:59] iteration 9/20
[07:58:59] film cr_film_id=2785 name='Superman 2 (1980) CZ Dabing' candidates=2
[07:58:59]   candidate upload_id=68dcc05b9a4ca url=https://prehraj.to/superman-2-1980-en-cz-dabing-uhdrdv/68dcc05b9a4ca
[07:59:00]   resolved in 1.2s → 1080p (https://pf-storage5.premiumcdn.net/149238678/7gMhj5s5giMqh20UNqhW3s3qHNRI8EUz9Ux…)
[08:01:21]   downloaded 4,338.5 MB in 139.2s (31.2 MB/s)
[08:04:33]   upload done video_id=26072761 in 192.4s
[08:04:35] film cr_film_id=2785 OK in 336.2s
[08:04:35] iteration 10/20
[08:04:35] film cr_film_id=2787 name='Třináctka (2003) CZ Dabing' candidates=4
[08:04:35]   candidate upload_id=55eef068ecf8a url=https://prehraj.to/trinactka-2003-czdab/55eef068ecf8a
[08:04:36]   resolved in 1.2s → 480p (https://pf-storage2.premiumcdn.net/290889/xd3s3LSxRtO0SY3S4MSJMS5xCK3iqRIMZHX0Hb…)
[08:05:07]   downloaded 669.1 MB in 29.1s (23.0 MB/s)
[08:05:42]   upload done video_id=26072836 in 35.0s
[08:05:44] film cr_film_id=2787 OK in 68.6s
[08:05:44] iteration 11/20
[08:05:44] film cr_film_id=2789 name='Království Planeta opic (2024) CZ Dabing' candidates=18
[08:05:44]   candidate upload_id=68acc264aed9b url=https://prehraj.to/kralovstvi-planety-opic-2024-1080p-cz-dabing/68acc264aed9b
[08:05:45]   resolved in 1.0s → 1080p (https://pf-storage1.premiumcdn.net/144554520/G35ip3u4ESDKtjxt5pFWRuAKcvPUDeCJdsj…)
[08:07:34]   downloaded 3,300.8 MB in 107.9s (30.6 MB/s)
[08:09:48]   upload done video_id=26072870 in 133.8s
[08:09:49] film cr_film_id=2789 OK in 246.0s
[08:09:49] iteration 12/20
[08:09:49] film cr_film_id=2799 name='Počítání mrtvých (1999) CZ Dabing' candidates=4
[08:09:49]   candidate upload_id=57d7a009e885e url=https://prehraj.to/pocitani-mrtvych-1999-czdab/57d7a009e885e
[08:09:51]   resolved in 1.3s → 480p (https://pf-storage4.premiumcdn.net/641128/ZBVtlVI0Bt7vSPqU6XcqLIRPtgpUYmUw9TGQtr…)
[08:10:17]   downloaded 555.4 MB in 24.2s (23.0 MB/s)
[08:10:45]   upload done video_id=26072916 in 28.6s
[08:10:47] film cr_film_id=2799 OK in 57.3s
[08:10:47] iteration 13/20
[08:10:47] film cr_film_id=2809 name='Šampióni (2023) CZ Dabing' candidates=3
[08:10:47]   candidate upload_id=58d5697f3f59f url=https://prehraj.to/sampioni-2005-czdab/58d5697f3f59f
[08:10:48]   resolved in 1.0s → 480p (https://pf-storage3.premiumcdn.net/1911884/LW0Ibxh0kI7kU2QHdAsYnhrqCbjIKOUr5tLaI…)
[08:11:27]   downloaded 854.7 MB in 36.9s (23.2 MB/s)
[08:12:07]   upload done video_id=26072937 in 39.9s
[08:12:08] film cr_film_id=2809 OK in 81.4s
[08:12:08] iteration 14/20
[08:12:08] film cr_film_id=2817 name='Max & Mája: Příběh lištiček (2023) CZ Dabing' candidates=4
[08:12:08]   candidate upload_id=f1b3a21c7450e824 url=https://prehraj.to/max-a-maja-pribeh-listicek-2023-cz-dab-1080p/f1b3a21c7450e824
[08:12:10]   resolved in 1.4s → 720p (https://pf-storage3.premiumcdn.net/168263839/M5btDRieaHkKs2RcrNUraiRvINlhl3sy1Hd…)
[08:13:00]   downloaded 1,189.7 MB in 49.2s (24.2 MB/s)
[08:13:49]   upload done video_id=26072959 in 49.0s
[08:13:51] film cr_film_id=2817 OK in 102.4s
[08:13:51] iteration 15/20
[08:13:51] film cr_film_id=2819 name='Kaskadér (2024) CZ Dabing' candidates=1
[08:13:51]   candidate upload_id=68beeb5c7a304 url=https://prehraj.to/fall-guy-2024-kaskader-cz-dab/68beeb5c7a304
[08:13:52]   resolved in 1.2s → 720p (https://pf-storage4.premiumcdn.net/145815735/OPAfYxT86CRMSBeionFZwTQntWJf4nC4ZcP…)
[08:15:20]   downloaded 2,626.7 MB in 86.9s (30.2 MB/s)
[08:17:09]   upload done video_id=26072999 in 108.5s
[08:17:10] film cr_film_id=2819 OK in 199.7s
[08:17:10] iteration 16/20
[08:17:10] film cr_film_id=2821 name='Šílený Max (1979) CZ Dabing' candidates=6
[08:17:10]   candidate upload_id=55f5ac5650279 url=https://prehraj.to/mad-max-1-sialeny-max-1979-cz-dabing-top-hit/55f5ac5650279
[08:17:11]   resolved in 1.1s → 480p (https://pf-storage2.premiumcdn.net/303520/z6NTvoCgOuLoh3gILzfYeCljSP3fGkco4FkvIP…)
[08:17:35]   downloaded 615.6 MB in 22.4s (27.5 MB/s)
[08:18:02]   upload done video_id=26073039 in 27.1s
[08:18:03] film cr_film_id=2821 OK in 53.1s
[08:18:03] iteration 17/20
[08:18:03] film cr_film_id=2823 name='Irenina přísaha (2023) CZ' candidates=1
[08:18:03]   candidate upload_id=6666af00713e0 url=https://prehraj.to/irenina-prisaha-irena-s-vow-2023-drama-en-dabing-titulky-cz-hevc-1080p/6666af00713e0
[08:18:04]   resolved in 1.0s → 720p (https://pf-storage5.premiumcdn.net/78161054/qa6iKEU6MCWehRYcDEFqGUegInMFvrhA6INl…)
[08:19:03]   downloaded 1,339.0 MB in 56.3s (23.8 MB/s)
[08:20:02]   upload done video_id=26073064 in 59.4s
[08:20:03] film cr_film_id=2823 OK in 119.9s
[08:20:03] iteration 18/20
[08:20:03] film cr_film_id=2825 name='Johnny Worricker: Strana osm (2011) CZ Dabing' candidates=3
[08:20:03]   candidate upload_id=5ced39cb0abbb url=https://prehraj.to/na-strane-osm-drama-cz-dab-2011-jad/5ced39cb0abbb
[08:20:04]   resolved in 1.1s → 480p (https://pf-storage1.premiumcdn.net/13669716/L9YTypSWAtGDCWRTAGU5KSRwhbOFaRcE7U9v…)
[08:20:24]   downloaded 387.8 MB in 18.0s (21.5 MB/s)
[08:20:43]   upload done video_id=26073089 in 19.3s
[08:20:45] film cr_film_id=2825 OK in 41.3s
[08:20:45] iteration 19/20
[08:20:45] film cr_film_id=2827 name='Purpurová barva (2023) CZ Dabing' candidates=1
[08:20:45]   candidate upload_id=65e2d88c8ee9d url=https://prehraj.to/purpurova-barva-2023-cz-dabing/65e2d88c8ee9d
[08:20:46]   resolved in 1.4s → 1080p (https://pf-storage4.premiumcdn.net/74086847/JjxTVdiAdIopHrGfp9SDNiG3TZ5ul6TBgu69…)
[08:23:55]   downloaded 4,695.9 MB in 187.3s (25.1 MB/s)
[08:27:01]   upload done video_id=26073139 in 185.7s
[08:27:02] film cr_film_id=2827 OK in 377.4s
[08:27:02] iteration 20/20
[08:27:02] film cr_film_id=2829 name='Peníze těch tupců (2023) CZ Dabing' candidates=3
[08:27:02]   candidate upload_id=13b109304631911e url=https://prehraj.to/penize-tech-tupcu-2023-cz-dab-1080p/13b109304631911e
[08:27:03]   resolved in 1.0s → 1080p (https://pf-storage5.premiumcdn.net/166436849/R2yFoeIzWTwNUm1iOpfjOIklTVOCK7FNosD…)
[08:27:52]   downloaded 1,419.8 MB in 47.5s (29.9 MB/s)
[08:28:51]   upload done video_id=26073210 in 59.3s
[08:28:53] film cr_film_id=2829 OK in 110.9s
[08:28:53] batch-end ok=20 failed=0 dur=3324.2s avg/film=166.2s remaining=16549 eta_hours=764.0

===== run 2026-06-18T08:29:32Z shard=1/2 batch_size=20 (https://github.com/Olbrasoft/prehrajto-to-prehrajto/actions/runs/27746894744) =====
[08:29:33] description overrides loaded: 4415 from /home/runner/work/prehrajto-to-prehrajto/prehrajto-to-prehrajto/state/email-generated-descriptions-v3.jsonl
[08:29:33] batch-start shard=1/2 count=20 backlog=17650 uploads=1101 failed_attempts=75 description_overrides=4415
[08:29:33] login
[08:29:34] login done
[08:29:34] iteration 1/20
[08:29:34] film cr_film_id=2831 name='Mám rád filmy (2022) CZ Dabing' candidates=1
[08:29:34]   candidate upload_id=65f4862a702b2 url=https://prehraj.to/mam-rad-filmy-2022-cz-dabing-1080p/65f4862a702b2
[08:29:35]   resolved in 1.0s → 1080p (https://pf-storage3.premiumcdn.net/74649776/KqlcE2Tj2tyBHkAtnAi2kTVjToYuoGUylUNX…)
[08:30:43]   downloaded 1,907.2 MB in 65.9s (28.9 MB/s)
[08:32:28]   upload done video_id=26073254 in 104.7s
[08:32:29] film cr_film_id=2831 OK in 174.6s
[08:32:29] iteration 2/20
[08:32:29] film cr_film_id=2833 name='Vůle (2023) CZ Dabing' candidates=1
[08:32:29]   candidate upload_id=65be16ed911da url=https://prehraj.to/vule-wil-2023-drama-valecny-cz-dabing-1080p/65be16ed911da
[08:32:30]   resolved in 1.1s → 1080p (https://pf-storage4.premiumcdn.net/72989891/vXGHWGhamInQsxBIRQsZzheBU3Bf1jIapHKQ…)
[08:33:20]   downloaded 1,701.6 MB in 48.6s (35.0 MB/s)
[08:34:34]   upload done video_id=26073292 in 73.3s
[08:34:35] film cr_film_id=2833 OK in 125.7s
[08:34:35] iteration 3/20
[08:34:35] film cr_film_id=2835 name='Anděl Páně (2005) CZ' candidates=2
[08:34:35]   candidate upload_id=859e2a6942c85cc2 url=https://prehraj.to/andel-pane-1-pohadka-2005-cz-film/859e2a6942c85cc2
[08:34:36]   resolved in 1.1s → 720p (https://pf-storage4.premiumcdn.net/155546276/eOqT57U5nuvBhBqIqaHj1UJPt9DHmvSWLTD…)
[08:35:08]   downloaded 1,033.4 MB in 30.4s (34.0 MB/s)
[08:35:54]   upload done video_id=26073310 in 46.6s
[08:35:55] film cr_film_id=2835 OK in 80.7s
[08:35:55] iteration 4/20
[08:35:55] film cr_film_id=2845 name='Ještěr (2023) CZ Dabing' candidates=8
[08:35:55]   candidate upload_id=651bd0111df80 url=https://prehraj.to/jester-reptile-2023-krimi-thriller-cz-dabing-1080p/651bd0111df80
[08:35:57]   resolved in 1.1s → 1080p (https://pf-storage3.premiumcdn.net/47033888/5J4sBWSq7iQNtJ8h5zI4xSdYFKzcrJipBibK…)
[08:37:55]   downloaded 3,405.9 MB in 117.1s (29.1 MB/s)
[08:41:21]   upload done video_id=26073349 in 206.2s
[08:41:23] film cr_film_id=2845 OK in 327.4s
[08:41:23] iteration 5/20
[08:41:23] film cr_film_id=2847 name='Dalího kuchař (2023) CZ Dabing' candidates=6
[08:41:23]   candidate upload_id=67dc3c39c46bf url=https://prehraj.to/daliho-kuchar-2023-cz-dabing-1080p/67dc3c39c46bf
[08:41:24]   resolved in 1.0s → 1080p (https://pf-storage3.premiumcdn.net/132839732/p1BIQ2U1rSJOtgDU0KuZ7UDPImktq2Ixyfg…)
[08:42:47]   downloaded 2,355.0 MB in 81.8s (28.8 MB/s)
[08:44:37]   upload done video_id=26073443 in 109.3s
[08:44:38] film cr_film_id=2847 OK in 195.5s
[08:44:38] iteration 6/20
[08:44:38] film cr_film_id=2865 name='Dívka a moře (2023) CZ Dabing' candidates=1
[08:44:38]   candidate upload_id=651d29690d989 url=https://prehraj.to/divka-a-more-true-spirit-2023-dobrodruzny-cz-dabing-1080p/651d29690d989
[08:44:39]   resolved in 1.0s → 1080p (https://pf-storage4.premiumcdn.net/47161556/eZrsBMiQbS0AhLvF7YSOZiLXubDhyGhNqC21…)
[08:46:14]   downloaded 3,333.0 MB in 92.7s (36.0 MB/s)
[08:49:10]   upload done video_id=26073661 in 176.7s
[08:49:12] film cr_film_id=2865 OK in 273.6s
[08:49:12] iteration 7/20
[08:49:12] film cr_film_id=2867 name='Ray Donovan: The Movie (2022) CZ Dabing' candidates=1
[08:49:12]   candidate upload_id=21d7394ca0554589 url=https://prehraj.to/ray-donovan-the-movie-2022-full-hd-1080p-cz-dabing-mkv/21d7394ca0554589
[08:49:13]   resolve FAILED: HTTP 502 wrapping permanent upstream error: https://prehraj.to/ray-donovan-the-movie-2022-full-hd-1080p-cz-dabing-mkv/21d7394ca0554589 (permanent=True)
[08:49:13] film cr_film_id=2867 all candidates exhausted
[08:49:13] iteration 8/20
[08:49:13] film cr_film_id=2869 name='Do morku kostí (2022) CZ Dabing' candidates=2
[08:49:13]   candidate upload_id=665c9ce9bbdf8 url=https://prehraj.to/do-morku-kosti-2022-cz-dabing-1080p/665c9ce9bbdf8
[08:49:19]   resolved in 6.1s → 1080p (https://pf-storage5.premiumcdn.net/77991857/5YQc0xHejTzVCRlI8qTwbHX7FPJcGLfWxCpr…)
[08:50:41]   downloaded 2,848.5 MB in 80.5s (35.4 MB/s)
[08:52:39]   upload done video_id=26073770 in 118.5s
[08:52:41] film cr_film_id=2869 OK in 207.9s
[08:52:41] iteration 9/20
[08:52:41] film cr_film_id=2871 name='Yesterday (2019) CZ Dabing' candidates=6
[08:52:41]   candidate upload_id=5db330bb1d996 url=https://prehraj.to/yesterday-vcera-2019-cz-dabing/5db330bb1d996
[08:52:43]   resolved in 2.0s → 720p (https://pf-storage1.premiumcdn.net/15125368/VW0umKigRTbxUpdUznIEPi8QUOnUa5IlktzJ…)
[08:53:32]   downloaded 1,364.0 MB in 48.0s (28.4 MB/s)
[08:54:30]   upload done video_id=26073837 in 57.6s
[08:54:31] film cr_film_id=2871 OK in 110.4s
[08:54:31] iteration 10/20
[08:54:31] film cr_film_id=2873 name='Kontra (2020) CZ Dabing' candidates=2
[08:54:31]   candidate upload_id=63923a620ccc5 url=https://prehraj.to/kontra-2020-czdab/63923a620ccc5
[08:54:32]   resolved in 1.5s → 1080p (https://pf-storage1.premiumcdn.net/35234035/YVRcJRUx5TWPFDPhBZUGmUR3uGKi8MuaQcva…)
[08:55:36]   downloaded 1,761.5 MB in 61.4s (28.7 MB/s)
[08:56:38]   upload done video_id=26073885 in 62.7s
[08:56:39] film cr_film_id=2873 OK in 128.5s
[08:56:39] iteration 11/20
[08:56:39] film cr_film_id=2875 name='Nene (2022) CZ Dabing' candidates=2
[08:56:39]   candidate upload_id=637fda5bbf53d url=https://prehraj.to/nope-2022-czdab/637fda5bbf53d
[08:56:41]   resolved in 1.1s → 480p (https://pf-storage1.premiumcdn.net/34823896/5ZVIAbsm5HeJuxKt9XtL2s8mHYnt8RCQJFAm…)
[08:57:00]   downloaded 577.8 MB in 17.8s (32.5 MB/s)
[08:57:37]   upload done video_id=26073917 in 37.4s
[08:57:38] film cr_film_id=2875 OK in 58.7s
[08:57:38] iteration 12/20
[08:57:38] film cr_film_id=2877 name='Dobrá sestra (2022) CZ Dabing' candidates=3
[08:57:38]   candidate upload_id=635972a744028 url=https://prehraj.to/dobra-sestra-2022-czdab/635972a744028
[08:57:39]   resolved in 1.1s → 1080p (https://pf-storage5.premiumcdn.net/34133470/39rh0KfaOsmMTOpunjIdKfYrtNVuyxH3Zue8…)
[08:58:38]   downloaded 2,017.3 MB in 56.9s (35.5 MB/s)
[09:00:08]   upload done video_id=26073950 in 90.1s
[09:00:10] film cr_film_id=2877 OK in 152.2s
[09:00:10] iteration 13/20
[09:00:10] film cr_film_id=2879 name='Šachová novela (2021) CZ Dabing' candidates=2
[09:00:10]   candidate upload_id=6086e3b6e6be6 url=https://prehraj.to/sachova-partie-critical-thinking-2020-1080p-webrip-x264-ac3-2-0-czdabing/6086e3b6e6be6
[09:00:11]   resolved in 1.0s → 720p (https://pf-storage4.premiumcdn.net/23271879/QEec3di6PF0BIAnFx7fJzilxH0dTrofeXuB2…)
[09:01:23]   downloaded 2,043.1 MB in 70.2s (29.1 MB/s)
[09:03:05]   upload done video_id=26074007 in 102.2s
[09:03:07] film cr_film_id=2879 OK in 176.5s
[09:03:07] iteration 14/20
[09:03:07] film cr_film_id=2881 name='DC Liga supermazlíčků (2022) CZ Dabing' candidates=1
[09:03:07]   candidate upload_id=c8cc03b6114d02d0 url=https://prehraj.to/dc-liga-supermazlicku-2022-cz-dabing/c8cc03b6114d02d0
[09:03:08]   resolved in 0.9s → 480p (https://pf-storage4.premiumcdn.net/166882142/v7YiMxUGXhK1t6ohQjc5VUaGSR8TD7T7KIV…)
[09:03:25]   downloaded 515.6 MB in 16.2s (31.8 MB/s)
[09:03:53]   upload done video_id=26074047 in 28.0s
[09:03:55] film cr_film_id=2881 OK in 47.8s
[09:03:55] iteration 15/20
[09:03:55] film cr_film_id=2887 name='50× a stále poprvé (2004) CZ Dabing' candidates=16
[09:03:55]   candidate upload_id=5dbbb0eca3855 url=https://prehraj.to/50x-a-stale-poprve-cz-dabing-2004-adam-sandler/5dbbb0eca3855
[09:03:56]   resolved in 1.2s → 480p (https://pf-storage2.premiumcdn.net/15165493/OJwiZrf2Rfb3tVJUwYIZxfNQFbOsm9cQ4hjV…)
[09:04:13]   downloaded 491.0 MB in 15.8s (31.1 MB/s)
[09:04:41]   upload done video_id=26074061 in 28.3s
[09:04:43] film cr_film_id=2887 OK in 48.1s
[09:04:43] iteration 16/20
[09:04:43] film cr_film_id=2889 name='Sucho (2020) CZ Dabing' candidates=2
[09:04:43]   candidate upload_id=6675e2406f364 url=https://prehraj.to/sucho-2020-cz-dab/6675e2406f364
[09:04:44]   resolved in 1.1s → 720p (https://pf-storage4.premiumcdn.net/79843421/j1XIeyCXJTe1SWzHeWFqJC34I4xuzpIYrI5j…)
[09:05:36]   downloaded 1,813.1 MB in 51.1s (35.5 MB/s)
[09:07:11]   upload done video_id=26074086 in 94.5s
[09:07:12] film cr_film_id=2889 OK in 149.2s
[09:07:12] iteration 17/20
[09:07:12] film cr_film_id=2891 name='Obránce (2020) CZ Dabing' candidates=2
[09:07:12]   candidate upload_id=625dcbb8bdb29 url=https://prehraj.to/safety-2020-czdab/625dcbb8bdb29
[09:07:13]   resolved in 1.1s → 1080p (https://pf-storage5.premiumcdn.net/30519332/PwzUDLhQEfEYcj1fyMFbohqDFvlcKAc20I7b…)
[09:09:05]   downloaded 3,260.6 MB in 111.0s (29.4 MB/s)
[09:11:44]   upload done video_id=26074158 in 158.3s
[09:11:45] film cr_film_id=2891 OK in 273.7s
[09:11:45] iteration 18/20
[09:11:45] film cr_film_id=2903 name='Síla psa (2021) CZ Dabing' candidates=4
[09:11:45]   candidate upload_id=61a9add2d44b9 url=https://prehraj.to/sila-psa-the-power-of-the-dog-2021-1080p-cz-dabing/61a9add2d44b9
[09:11:46]   resolved in 1.0s → 1080p (https://pf-storage5.premiumcdn.net/27063096/mweulJhrkcZNUGpCe2I01h5wirnid4ClLUKA…)
[09:12:55]   downloaded 2,353.9 MB in 66.8s (35.2 MB/s)
[09:14:26]   upload done video_id=26074273 in 91.0s
[09:14:27] film cr_film_id=2903 OK in 161.9s
[09:14:27] iteration 19/20
[09:14:27] film cr_film_id=2907 name='Jack staví dům (2018) CZ Dabing' candidates=7
[09:14:27]   candidate upload_id=6188ea8c6b369 url=https://prehraj.to/jack-stavi-dum-the-house-that-jack-built-2018-1080p-bluray-ac3-cz-dab/6188ea8c6b369
[09:14:28]   resolved in 1.0s → 720p (https://pf-storage3.premiumcdn.net/26283553/803teoTEZCbECEqFk5h9xTZgcbRC38tW8SO5…)
[09:16:08]   downloaded 3,530.7 MB in 98.1s (36.0 MB/s)
[09:18:14]   upload done video_id=26074378 in 126.2s
[09:18:16] film cr_film_id=2907 OK in 228.7s
[09:18:16] iteration 20/20
[09:18:16] film cr_film_id=2915 name='Jaká je cena života (2020) CZ Dabing' candidates=1
[09:18:16]   candidate upload_id=6133d3e806e46 url=https://prehraj.to/jaka-je-cena-zivota-2020-czdab/6133d3e806e46
[09:18:18]   resolved in 1.7s → 1080p (https://pf-storage1.premiumcdn.net/24804341/8QLueRcOPfYJFloiGwiLZczdU4qHqbUAXTE2…)
[09:19:04]   downloaded 1,568.3 MB in 45.2s (34.7 MB/s)
[09:20:02]   upload done video_id=26074570 in 57.1s
[09:20:03] film cr_film_id=2915 OK in 106.9s
[09:20:03] batch-end ok=19 failed=1 dur=3028.5s avg/film=159.4s remaining=16530 eta_hours=731.9

===== run 2026-06-18T09:20:39Z shard=1/2 batch_size=20 (https://github.com/Olbrasoft/prehrajto-to-prehrajto/actions/runs/27749619667) =====
[09:20:41] description overrides loaded: 4771 from /home/runner/work/prehrajto-to-prehrajto/prehrajto-to-prehrajto/state/email-generated-descriptions-v3.jsonl
[09:20:41] batch-start shard=1/2 count=20 backlog=17650 uploads=1120 failed_attempts=76 description_overrides=4771
[09:20:41] login
[09:20:42] login done
[09:20:42] iteration 1/20
[09:20:42] film cr_film_id=2923 name='Zprávy ze světa (2020) CZ Dabing' candidates=9
[09:20:42]   candidate upload_id=6086fb4388739 url=https://prehraj.to/zpravy-ze-sveta-2020-cz-dabing-1080p-akcni-dobrodruzny-drama-western/6086fb4388739
[09:20:43]   resolved in 1.0s → 720p (https://pf-storage3.premiumcdn.net/23272611/md7FQxi70T0nf3XcbxSLxiV2Fy3s2qt0psxQ…)
[09:22:00]   downloaded 2,153.5 MB in 75.3s (28.6 MB/s)
[09:23:18]   upload done video_id=26074745 in 78.1s
[09:23:19] film cr_film_id=2923 OK in 157.3s
[09:23:19] iteration 2/20
[09:23:19] film cr_film_id=2925 name='Šokující odhalení (2019) CZ Dabing' candidates=3
[09:23:19]   candidate upload_id=600ce51151566 url=https://prehraj.to/sokujici-odhaleni-bombshell-2019-1080p-bluray-czdabing/600ce51151566
[09:23:20]   resolved in 1.0s → 720p (https://pf-storage5.premiumcdn.net/21716010/lpAij5SDnUzrFDGt03c2oS8atVxHn2t8DuGA…)
[09:24:10]   downloaded 1,689.8 MB in 48.2s (35.1 MB/s)
[09:25:09]   upload done video_id=26074783 in 58.9s
[09:25:10] film cr_film_id=2925 OK in 111.0s
[09:25:10] iteration 3/20
[09:25:10] film cr_film_id=2927 name='Éra Supermanů (2019) CZ Dabing' candidates=5
[09:25:10]   candidate upload_id=5ffc750da6ce7 url=https://prehraj.to/era-supermanu-reign-of-the-supermen-2019-1080p-bluray-x264-veto-cz-dabing/5ffc750da6ce7
[09:25:11]   resolve FAILED: HTTP 502 wrapping permanent upstream error: https://prehraj.to/era-supermanu-reign-of-the-supermen-2019-1080p-bluray-x264-veto-cz-dabing/5ffc750da6ce7 (permanent=True)
[09:25:11]   candidate upload_id=5fff844360280 url=https://prehraj.to/era-supermanu-2019-czdabing/5fff844360280
[09:25:18]   resolved in 7.3s → 1080p (https://pf-storage5.premiumcdn.net/21463470/xr1syefNefroFYlfoDSnxfegs9GfG0hpqT5Y…)
[09:25:56]   downloaded 1,026.3 MB in 36.8s (27.9 MB/s)
[09:26:38]   upload done video_id=26074817 in 42.1s
[09:26:40] film cr_film_id=2927 OK in 89.5s
[09:26:40] iteration 4/20
[09:26:40] film cr_film_id=2929 name='Small Town Christmas (2018) CZ' candidates=1
[09:26:40]   candidate upload_id=5fdf74088e484 url=https://prehraj.to/vianoce-ako-z-romanu-romanticke-drama-2018-720p-2-0-x264-sk-32-36-sten-ok/5fdf74088e484
[09:26:40]   resolved in 0.7s → 720p (https://pf-storage5.premiumcdn.net/20926833/D7NTNpUAeI6jCkNse9f7bUJBfoLsYBH7nfrb…)
[09:27:29]   downloaded 1,308.0 MB in 46.5s (28.1 MB/s)
[09:28:27]   upload done video_id=26074845 in 58.5s
[09:28:29] film cr_film_id=2929 OK in 109.5s
[09:28:29] iteration 5/20
[09:28:29] film cr_film_id=2931 name='Monos (2019) CZ Dabing' candidates=5
[09:28:29]   candidate upload_id=5fe133fa0cccf url=https://prehraj.to/monos-2019-czdabing/5fe133fa0cccf
[09:28:31]   resolved in 1.4s → 1080p (https://pf-storage5.premiumcdn.net/20953758/L6zUPDTzRC6PSyYImPcwNTDdHqkhPLtXpSyZ…)
[09:29:51]   downloaded 2,206.2 MB in 78.5s (28.1 MB/s)
[09:31:20]   upload done video_id=26074894 in 89.9s
[09:31:22] film cr_film_id=2931 OK in 173.2s
[09:31:22] iteration 6/20
[09:31:22] film cr_film_id=2935 name='MANK (2020) CZ Dabing' candidates=2
[09:31:22]   candidate upload_id=5fcd24359b8ec url=https://prehraj.to/mank-2020-1080p-cz-dab/5fcd24359b8ec
[09:31:23]   resolved in 1.0s → 1080p (https://pf-storage5.premiumcdn.net/20596869/AJKUZasW1S1pUGEt1ZTLds2ATBeFxotevCJ6…)
[09:32:59]   downloaded 2,667.4 MB in 94.2s (28.3 MB/s)
[09:35:06]   upload done video_id=26075040 in 127.3s
[09:35:08] film cr_film_id=2935 OK in 225.5s
[09:35:08] iteration 7/20
[09:35:08] film cr_film_id=2937 name='Tak už konečně chcípni, táto (2018) CZ Dabing' candidates=7
[09:35:08]   candidate upload_id=60a33aaaf10dc url=https://prehraj.to/tak-uz-konecne-chcipni-tato-2018-czdab/60a33aaaf10dc
[09:35:09]   resolved in 1.0s → 1080p (https://pf-storage1.premiumcdn.net/23553984/2K8u02I6atg2T3es1Rfb7IVmhjKuX0FENt7L…)
[09:35:59]   downloaded 1,711.8 MB in 48.8s (35.1 MB/s)
[09:37:11]   upload done video_id=26079045 in 72.1s
[09:37:12] film cr_film_id=2937 OK in 124.6s
[09:37:12] iteration 8/20
[09:37:12] film cr_film_id=2941 name='Ranař (2011) CZ Dabing' candidates=3
[09:37:12]   candidate upload_id=5fafc3ba3a5bf url=https://prehraj.to/goon-2011-czdabing/5fafc3ba3a5bf
[09:37:13]   resolved in 1.0s → 1080p (https://pf-storage5.premiumcdn.net/19920378/Ojpf1kHLQf4ei7jhmwTpJHAyF6AUExuY8UjK…)
[09:38:26]   downloaded 2,513.0 MB in 71.3s (35.2 MB/s)
[09:40:02]   upload done video_id=26081091 in 95.2s
[09:40:03] film cr_film_id=2941 OK in 170.7s
[09:40:03] iteration 9/20
[09:40:03] film cr_film_id=2951 name='Vyproštění (2020) CZ Dabing' candidates=19
[09:40:03]   candidate upload_id=5ea78a27709f3 url=https://prehraj.to/vyprosteni-extraction-2020-cz-dabing-1080p-web-x264/5ea78a27709f3
[09:40:05]   resolved in 1.9s → 1080p (https://pf-storage5.premiumcdn.net/16374370/BKqfO9iaMt8Bt9ETZYTrVigLcoLtlLC3BcQY…)
[09:41:50]   downloaded 2,967.1 MB in 103.1s (28.8 MB/s)
[09:43:42]   upload done video_id=26081469 in 111.9s
[09:43:43] film cr_film_id=2951 OK in 220.1s
[09:43:43] iteration 10/20
[09:43:43] film cr_film_id=2953 name='Nesmrtelný (2019) CZ Dabing' candidates=2
[09:43:43]   candidate upload_id=5f4d6ac8da4a1 url=https://prehraj.to/nesmrtelny-2019-czdabing/5f4d6ac8da4a1
[09:43:44]   resolved in 1.1s → 720p (https://pf-storage1.premiumcdn.net/18358674/R4XHmpsgaTRZUXaIzXIEls60iDguOkf2ztKE…)
[09:44:43]   downloaded 1,623.7 MB in 57.4s (28.3 MB/s)
[09:45:40]   upload done video_id=26081534 in 57.1s
[09:45:42] film cr_film_id=2953 OK in 118.4s
[09:45:42] iteration 11/20
[09:45:42] film cr_film_id=2957 name='Ledové království II (2019) CZ Dabing' candidates=5
[09:45:42]   candidate upload_id=d2de8c8a98046efd url=https://prehraj.to/ledove-kralostvi-2-2019-cz-dabing-1080p-100/d2de8c8a98046efd
[09:45:43]   resolved in 1.1s → 480p (https://pf-storage6.premiumcdn.net/169901182/1rotMluxvSWGIQwC5jiwgu7kT67TvVSyaC6…)
[09:46:02]   downloaded 576.3 MB in 17.7s (32.6 MB/s)
[09:46:24]   upload done video_id=26081564 in 21.9s
[09:46:25] film cr_film_id=2957 OK in 43.4s
[09:46:25] iteration 12/20
[09:46:25] film cr_film_id=2961 name='Legenda jménem T-34 (2018) CZ Dabing' candidates=29
[09:46:25]   candidate upload_id=5fd5c281267aa url=https://prehraj.to/11-legenda-jmenem-t34-t34-2018-rus-valecny-cz-dab-1080p-bluray/5fd5c281267aa
[09:46:26]   resolved in 0.9s → 720p (https://pf-storage5.premiumcdn.net/20748942/xBXSzDIW6ceNtgoIw9ToqIkXTbxhE3T8dC3J…)
[09:47:34]   downloaded 2,381.5 MB in 66.8s (35.7 MB/s)
[09:48:59]   upload done video_id=26081603 in 84.9s
[09:49:00] film cr_film_id=2961 OK in 155.3s
[09:49:00] iteration 13/20
[09:49:00] film cr_film_id=2963 name='Lví král (2019) CZ' candidates=3
[09:49:00]   candidate upload_id=c359fd89f47a3ebd url=https://prehraj.to/lvi-kral-rodinny-dobrodruzny-2019-cz-dabing-avi/c359fd89f47a3ebd
[09:49:01]   resolved in 0.9s → 480p (https://pf-storage4.premiumcdn.net/167819833/qnNsp2T0MsBDcG7fLJfNRT7KupwH0vhzDFO…)
[09:49:32]   downloaded 988.8 MB in 28.9s (34.2 MB/s)
[09:50:15]   upload done video_id=26081660 in 43.8s
[09:50:18] film cr_film_id=2963 OK in 77.7s
[09:50:18] iteration 14/20
[09:50:18] film cr_film_id=2967 name='Dámy v černém (2018) CZ Dabing' candidates=4
[09:50:18]   candidate upload_id=5ddcf4b5b96a9 url=https://prehraj.to/damy-v-cernem-komedie-cz-dab-2018-jad/5ddcf4b5b96a9
[09:50:19]   resolved in 1.0s → 720p (https://pf-storage1.premiumcdn.net/15347362/ZnJta2igWuOviPQh6EIxriEvcrlHvDC6eulN…)
[09:51:19]   downloaded 1,638.1 MB in 58.4s (28.1 MB/s)
[09:52:17]   upload done video_id=26081697 in 57.5s
[09:52:18] film cr_film_id=2967 OK in 119.8s
[09:52:18] iteration 15/20
[09:52:18] film cr_film_id=2969 name='Wildlife (2018) CZ Dabing' candidates=2
[09:52:18]   candidate upload_id=5d7ffb9091453 url=https://prehraj.to/wildlife-cz-dabing-2018/5d7ffb9091453
[09:52:19]   resolved in 1.1s → 720p (https://pf-storage5.premiumcdn.net/14864353/JkWSoaf5QizAHlGtMdhRmfXyCKvSRVTq1TRE…)
[09:52:55]   downloaded 961.6 MB in 34.6s (27.8 MB/s)
[09:53:30]   upload done video_id=26081733 in 34.9s
[09:53:31] film cr_film_id=2969 OK in 73.1s
[09:53:31] iteration 16/20
[09:53:31] film cr_film_id=2981 name='Podivuhodná cesta fakíra, který uvízl ve skříni (2018) CZ' candidates=1
[09:53:31]   candidate upload_id=5c5edf0bbaf3e url=https://prehraj.to/podivuhodna-cesta-fakira-ktery-uvizl-ve-skrini-komedie-2018-480p-2-0-xvid-cz-67-sten-ok/5c5edf0bbaf3e
[09:53:32]   resolved in 1.1s → 480p (https://pf-storage5.premiumcdn.net/11660065/aOWFjMh2OhbyT9YczqfxqhQ4CPkI2NTb2sJ5…)
[09:53:55]   downloaded 552.3 MB in 21.2s (26.1 MB/s)
[09:54:15]   upload done video_id=26081756 in 20.7s
[09:54:17] film cr_film_id=2981 OK in 45.6s
[09:54:17] iteration 17/20
[09:54:17] film cr_film_id=2983 name='Vdovy (2018) CZ Dabing' candidates=5
[09:54:17]   candidate upload_id=5c5201743d8b8 url=https://prehraj.to/vdovy-2018-cz-dabing-bst/5c5201743d8b8
[09:54:18]   resolved in 1.0s → 480p (https://pf-storage1.premiumcdn.net/11475298/wKlfelS3BUxRtnZFBKS5JS96SyKtM0snJFqw…)
[09:54:44]   downloaded 649.1 MB in 24.8s (26.2 MB/s)
[09:55:11]   upload done video_id=26081776 in 26.6s
[09:55:12] film cr_film_id=2983 OK in 55.5s
[09:55:12] iteration 18/20
[09:55:12] film cr_film_id=2985 name='Odvlečen (2007) CZ Dabing' candidates=6
[09:55:12]   candidate upload_id=6047a8da99c2c url=https://prehraj.to/odvlecen-2007-1080p-cz-dab/6047a8da99c2c
[09:55:13]   resolved in 1.1s → 720p (https://pf-storage5.premiumcdn.net/22600391/lvDSQLhLrSK3t19TPMhOKhayFaJHojIlpT1m…)
[09:56:36]   downloaded 2,326.4 MB in 81.0s (28.7 MB/s)
[09:58:03]   upload done video_id=26081811 in 86.8s
[09:58:04] film cr_film_id=2985 OK in 171.8s
[09:58:04] iteration 19/20
[09:58:04] film cr_film_id=2987 name='Anonym (2011) CZ Dabing' candidates=2
[09:58:04]   candidate upload_id=599a9c1e09084 url=https://prehraj.to/anonym-2011-cz-dabing/599a9c1e09084
[09:58:05]   resolved in 1.1s → 480p (https://pf-storage4.premiumcdn.net/2569284/EdnUMnuy7h7bh2gTYLSLJu6NCJrikpSDrfqAc…)
[09:58:28]   downloaded 579.3 MB in 21.7s (26.7 MB/s)
[09:58:55]   upload done video_id=26081849 in 27.3s
[09:58:56] film cr_film_id=2987 OK in 52.4s
[09:58:56] iteration 20/20
[09:58:56] film cr_film_id=2991 name='Znamení (2002) CZ Dabing' candidates=10
[09:58:56]   candidate upload_id=55f4d879b7951 url=https://prehraj.to/znameni-2002-czdab/55f4d879b7951
[09:58:57]   resolved in 1.1s → 480p (https://pf-storage2.premiumcdn.net/301242/WpgFyJuRgt6AIGVce3TrAuq6FNbi6KUPgsAmso…)
[09:59:13]   downloaded 353.7 MB in 14.3s (24.7 MB/s)
[09:59:30]   upload done video_id=26081861 in 16.7s
[09:59:32] film cr_film_id=2991 OK in 35.2s
[09:59:32] batch-end ok=20 failed=0 dur=2329.6s avg/film=116.5s remaining=16510 eta_hours=534.3

===== run 2026-06-18T10:12:55Z shard=1/2 batch_size=20 (https://github.com/Olbrasoft/prehrajto-to-prehrajto/actions/runs/27752453915) =====
[10:12:57] description overrides loaded: 5131 from /home/runner/work/prehrajto-to-prehrajto/prehrajto-to-prehrajto/state/email-generated-descriptions-v3.jsonl
[10:12:57] batch-start shard=1/2 count=20 backlog=17650 uploads=1140 failed_attempts=77 description_overrides=5131
[10:12:57] login
[10:12:58] login done
[10:12:58] iteration 1/20
[10:12:58] film cr_film_id=2999 name='eXistenZ (1999) CZ Dabing' candidates=2
[10:12:58]   candidate upload_id=6717ea99c65ed url=https://prehraj.to/existenz-jennifer-jason-leigh-jude-law-ian-holm-willem-dafoe-1999-akcni-sci-fi-thriller-horor-bdrip-1080p-cz-dabing/6717ea99c65ed
[10:12:59]   resolved in 1.1s → 1080p (https://pf-storage4.premiumcdn.net/103348607/DglHnvu0XH6DI0ecwYTaKu6bcy7sP2TqAC2…)
[10:14:52]   downloaded 2,145.9 MB in 110.7s (19.4 MB/s)
[10:16:35]   upload done video_id=26082138 in 102.8s
[10:16:37] film cr_film_id=2999 OK in 218.6s
[10:16:37] iteration 2/20
[10:16:37] film cr_film_id=3003 name='Balerína (2016) CZ Dabing' candidates=6
[10:16:37]   candidate upload_id=208f6ad25378d49c url=https://prehraj.to/balerina-2016-animovany-muzikal-dobrodruzny-komedie-rodinny-bdrip-1080p-cz-dabing-cz-forced/208f6ad25378d49c
[10:16:38]   resolved in 1.2s → 720p (https://pf-storage3.premiumcdn.net/162932264/8lJsKlFVkUB3HVju7eIYBFbjuJ3sQpcN0ce…)
[10:17:17]   downloaded 996.9 MB in 36.5s (27.3 MB/s)
[10:18:03]   upload done video_id=26082193 in 46.8s
[10:18:05] film cr_film_id=3003 OK in 87.7s
[10:18:05] iteration 3/20
[10:18:05] film cr_film_id=3005 name='Všechny prachy světa (2017) CZ Dabing' candidates=17
[10:18:05]   candidate upload_id=5b62a1a84067e url=https://prehraj.to/vsechny-prachy-sveta-2017-cz-dab/5b62a1a84067e
[10:18:06]   resolved in 1.0s → 720p (https://pf-storage1.premiumcdn.net/5136443/DPaupeIg1t6lfEkT7gfkjIy7UyJuVEHonsWRi…)
[10:19:29]   downloaded 2,280.6 MB in 81.4s (28.0 MB/s)
[10:21:16]   upload done video_id=26082251 in 107.3s
[10:21:18] film cr_film_id=3005 OK in 192.9s
[10:21:18] iteration 4/20
[10:21:18] film cr_film_id=3009 name='Dívka v mlze (2017) CZ Dabing' candidates=1
[10:21:18]   candidate upload_id=646d03419103a url=https://prehraj.to/divka-v-mlze-2017-czdab/646d03419103a
[10:21:19]   resolved in 1.1s → 720p (https://pf-storage3.premiumcdn.net/40989079/bJYU8NsakTV0tYxsBZsPyszJTEYiBeCq5ujR…)
[10:22:20]   downloaded 1,712.1 MB in 59.4s (28.8 MB/s)
[10:23:38]   upload done video_id=26082317 in 78.4s
[10:23:40] film cr_film_id=3009 OK in 142.3s
[10:23:40] iteration 5/20
[10:23:40] film cr_film_id=3011 name='Nová šance (2017) CZ' candidates=2
[10:23:40]   candidate upload_id=5a89a21087538 url=https://prehraj.to/nova-sance-drama-komedie-2017-1080p-cz-sten-ok/5a89a21087538
[10:23:41]   resolved in 1.1s → 720p (https://pf-storage1.premiumcdn.net/3413326/X61UY5uqbHyOTq3hGDh0Zu5KHlDh4PIDNCGOh…)
[10:25:03]   downloaded 1,484.2 MB in 80.3s (18.5 MB/s)
[10:26:12]   upload done video_id=26082373 in 69.2s
[10:26:14] film cr_film_id=3011 OK in 153.9s
[10:26:14] iteration 6/20
[10:26:14] film cr_film_id=3015 name='Víno nás spojuje (2017) CZ Dabing' candidates=2
[10:26:14]   candidate upload_id=5a701d86b9b8d url=https://prehraj.to/vino-nas-spojuje-cz-dab-2017-jad/5a701d86b9b8d
[10:26:15]   resolved in 1.0s → 720p (https://pf-storage1.premiumcdn.net/3339384/ae3T1puNbu4ltwQU63CDqu0PhqbSgjUplI4Wh…)
[10:28:00]   downloaded 2,075.6 MB in 102.8s (20.2 MB/s)
[10:29:39]   upload done video_id=26082616 in 99.8s
[10:29:41] film cr_film_id=3015 OK in 207.1s
[10:29:41] iteration 7/20
[10:29:41] film cr_film_id=3023 name='Collateral Beauty: Druhá šance (2016) CZ Dabing' candidates=2
[10:29:41]   candidate upload_id=bedc4aaa1bad083c url=https://prehraj.to/collateral-beauty-druha-sance-2016-cz-dab-1080p/bedc4aaa1bad083c
[10:29:42]   resolve FAILED: HTTP 502 wrapping permanent upstream error: https://prehraj.to/collateral-beauty-druha-sance-2016-cz-dab-1080p/bedc4aaa1bad083c (permanent=True)
[10:29:42]   candidate upload_id=65a63922633df url=https://prehraj.to/druha-sance-collateral-beauty-drama-2016-cz-dabing/65a63922633df
[10:29:48]   resolved in 6.0s → 720p (https://pf-storage1.premiumcdn.net/72434141/0LlUGnToNCEGCqAHvps7zTgpSp1u7qU3WcxA…)
[10:30:50]   downloaded 1,588.3 MB in 60.5s (26.3 MB/s)
[10:32:04]   upload done video_id=26082673 in 73.7s
[10:32:07] film cr_film_id=3023 OK in 145.7s
[10:32:07] iteration 8/20
[10:32:07] film cr_film_id=3027 name='Lady Macbeth (2016) CZ Dabing' candidates=4
[10:32:07]   candidate upload_id=5a99435023902 url=https://prehraj.to/lady-macbeth-2016-1080p-bluray-x264-ac3-cz-dabing/5a99435023902
[10:32:08]   resolved in 1.1s → 720p (https://pf-storage1.premiumcdn.net/3511314/YV9U9dHERfOvHBZfyoc3lHXOFwOc4js12ugAu…)
[10:32:46]   downloaded 979.5 MB in 36.0s (27.2 MB/s)
[10:33:34]   upload done video_id=26082701 in 47.9s
[10:33:35] film cr_film_id=3027 OK in 88.4s
[10:33:35] iteration 9/20
[10:33:35] film cr_film_id=3067 name='Návrh (2009) CZ Dabing' candidates=24
[10:33:35]   candidate upload_id=5cda8227a7274 url=https://prehraj.to/navrh-proposal-the-2009-czdab-by-fidlatko/5cda8227a7274
[10:33:36]   resolved in 1.1s → 480p (https://pf-storage1.premiumcdn.net/13346763/WpNSDlHaqh5MtDOFp6f3gHa5ujPfz2CwVCmx…)
[10:34:21]   downloaded 715.3 MB in 43.3s (16.5 MB/s)
[10:34:55]   upload done video_id=26082733 in 33.5s
[10:34:56] film cr_film_id=3067 OK in 81.1s
[10:34:56] iteration 10/20
[10:34:56] film cr_film_id=3071 name='Krotitelé duchů (2016) CZ Dabing' candidates=2
[10:34:56]   candidate upload_id=dd5a90aad993ca2f url=https://prehraj.to/krotitele-duchu-2016-cz-dab-720p/dd5a90aad993ca2f
[10:34:57]   resolved in 1.1s → 720p (https://pf-storage5.premiumcdn.net/167722822/QNZs3ZSKlcX5frDIpqHN6SjZiovC1nC5BHv…)
[10:36:27]   downloaded 2,450.3 MB in 88.2s (27.8 MB/s)
[10:38:18]   upload done video_id=26082766 in 110.6s
[10:38:19] film cr_film_id=3071 OK in 203.3s
[10:38:19] iteration 11/20
[10:38:19] film cr_film_id=3077 name='Bolt - pes pro každý případ (2008) CZ Dabing' candidates=5
[10:38:19]   candidate upload_id=57b667847d8aa url=https://prehraj.to/bolt-pes-pro-kazdy-pripad-2009-czdab/57b667847d8aa
[10:38:21]   resolved in 1.3s → 480p (https://pf-storage2.premiumcdn.net/9443/KO5cDaiEPfVMuRKuXLTGri7rT9RfQnu0bT4ofgQc…)
[10:38:44]   downloaded 553.5 MB in 21.6s (25.6 MB/s)
[10:39:11]   upload done video_id=26082803 in 26.8s
[10:39:12] film cr_film_id=3077 OK in 52.9s
[10:39:12] iteration 12/20
[10:39:12] film cr_film_id=3087 name='Spectre (2015) CZ Dabing' candidates=16
[10:39:12]   candidate upload_id=6068d8e6b57e2 url=https://prehraj.to/spectre-2015-1080p-bluray-dts-en-ac3-cz-dab/6068d8e6b57e2
[10:39:14]   resolved in 1.1s → 720p (https://pf-storage3.premiumcdn.net/22948086/PnGILZikRtNeSlzFz4SBPizxUWZTaytQ8ur1…)
[10:40:42]   downloaded 2,541.3 MB in 87.2s (29.1 MB/s)
[10:42:38]   upload done video_id=26082834 in 115.2s
[10:42:39] film cr_film_id=3087 OK in 206.6s
[10:42:39] iteration 13/20
[10:42:39] film cr_film_id=3089 name='Velký draft (2014) CZ Dabing' candidates=7
[10:42:39]   candidate upload_id=674411a75a6cd url=https://prehraj.to/velky-draft-draft-day-2014-cz-dabing-fullhd-1080p/674411a75a6cd
[10:42:40]   resolved in 1.0s → 720p (https://pf-storage1.premiumcdn.net/111592142/JBbteQfb6FLnhXeUxjUjLfzgcYQSNRslatY…)
[10:43:39]   downloaded 1,383.5 MB in 56.9s (24.3 MB/s)
[10:44:49]   upload done video_id=26082921 in 70.1s
[10:44:50] film cr_film_id=3089 OK in 130.9s
[10:44:50] iteration 14/20
[10:44:50] film cr_film_id=3095 name='Mr. Holmes (2015) CZ Dabing' candidates=1
[10:44:50]   candidate upload_id=568d742f70f39 url=https://prehraj.to/mr-holmes-2015-cz-dabing/568d742f70f39
[10:44:51]   resolved in 1.2s → 480p (https://pf-storage2.premiumcdn.net/345599/qDMIXBsqzH92SlmF7Qu0LsPQcpbH0XSwOHJ8u3…)
[10:45:19]   downloaded 444.4 MB in 25.6s (17.4 MB/s)
[10:45:42]   upload done video_id=26082958 in 23.1s
[10:45:43] film cr_film_id=3095 OK in 53.2s
[10:45:43] iteration 15/20
[10:45:43] film cr_film_id=3099 name='Životní šance: Příběh Paula Pottse (2013) CZ Dabing' candidates=6
[10:45:43]   candidate upload_id=5c52586e17b52 url=https://prehraj.to/zivotni-sance-2014-cz-dabing/5c52586e17b52
[10:45:44]   resolved in 1.2s → 480p (https://pf-storage2.premiumcdn.net/11483572/nanHQ7ikBh7EhxpU70FDJi3PsxeU6YSmZUND…)
[10:46:02]   downloaded 411.1 MB in 16.5s (24.9 MB/s)
[10:46:22]   upload done video_id=26082987 in 19.9s
[10:46:24] film cr_film_id=3099 OK in 40.8s
[10:46:24] iteration 16/20
[10:46:24] film cr_film_id=3101 name='Stanfordský vězeňský experiment (2015) CZ Dabing' candidates=6
[10:46:24]   candidate upload_id=617a08beea4e6 url=https://prehraj.to/the-stanford-prison-experiment-2015-cz-dabing/617a08beea4e6
[10:46:25]   resolved in 1.0s → 720p (https://pf-storage1.premiumcdn.net/25941208/lJjcRrSM0sAwSnpiDLTGgS3nh8ViX6S8qSx1…)
[10:48:09]   downloaded 2,258.5 MB in 102.2s (22.1 MB/s)
[10:49:49]   upload done video_id=26083021 in 100.2s
[10:49:51] film cr_film_id=3101 OK in 206.9s
[10:49:51] iteration 17/20
[10:49:51] film cr_film_id=3107 name='...a jitra jsou zde tichá (2015) CZ Dabing' candidates=22
[10:49:51]   candidate upload_id=64cf741953930 url=https://prehraj.to/a-jitra-jsou-zde-ticha-2015-web-dl-1080p-ru-cz-dabing/64cf741953930
[10:49:53]   resolved in 2.5s → 720p (https://pf-storage3.premiumcdn.net/43099391/eK5HrxfbJTprC1eIaWUAvf0AIpdIx1Cy3SDp…)
[10:52:19]   downloaded 3,441.8 MB in 144.1s (23.9 MB/s)
[10:54:59]   upload done video_id=26083376 in 160.1s
[10:55:01] film cr_film_id=3107 OK in 310.2s
[10:55:01] iteration 18/20
[10:55:01] film cr_film_id=3111 name='Pojedeme k moři (2014) CZ' candidates=1
[10:55:01]   candidate upload_id=64ef3c83ccc90 url=https://prehraj.to/pojedeme-k-mori-2014/64ef3c83ccc90
[10:55:02]   resolved in 1.2s → 1080p (https://pf-storage1.premiumcdn.net/43841384/mwmhWBidKtyvUXAsMQHZpiw3c87hdLcNvhdy…)
[10:56:23]   downloaded 2,228.3 MB in 78.5s (28.4 MB/s)
[10:58:05]   upload done video_id=26083471 in 102.8s
[10:58:07] film cr_film_id=3111 OK in 185.8s
[10:58:07] iteration 19/20
[10:58:07] film cr_film_id=3113 name='Zelená zóna (2010) CZ Dabing' candidates=13
[10:58:07]   candidate upload_id=59c9176bb930555b url=https://prehraj.to/zelena-zona-2010-cz-dab-1080p/59c9176bb930555b
[10:58:08]   resolved in 1.0s → 720p (https://pf-storage4.premiumcdn.net/165558020/l9LcZ7UREujwf4LHy8IJOUPAC4ohM3cRZIr…)
[11:00:01]   downloaded 2,789.1 MB in 111.5s (25.0 MB/s)
[11:02:07]   upload done video_id=26083548 in 126.2s
[11:02:10] film cr_film_id=3113 OK in 243.6s
[11:02:10] iteration 20/20
[11:02:10] film cr_film_id=3115 name='Neutečeš (2014) CZ Dabing' candidates=7
[11:02:10]   candidate upload_id=5f852f5cd9143 url=https://prehraj.to/neuteces-2014-cz-dabing/5f852f5cd9143
[11:02:12]   resolved in 1.1s → 720p (https://pf-storage1.premiumcdn.net/19221212/X1quJGS8MCg9szRu9xu1BSqzT5qH6KFb3UaE…)
[11:03:21]   downloaded 1,909.2 MB in 67.6s (28.2 MB/s)
[11:04:46]   upload done video_id=26083650 in 85.4s
[11:04:48] film cr_film_id=3115 OK in 157.4s
[11:04:48] batch-end ok=20 failed=0 dur=3109.6s avg/film=155.5s remaining=16490 eta_hours=712.3

===== run 2026-06-18T11:31:01Z shard=1/2 batch_size=20 (https://github.com/Olbrasoft/prehrajto-to-prehrajto/actions/runs/27756417678) =====
[11:31:02] description overrides loaded: 5848 from /home/runner/work/prehrajto-to-prehrajto/prehrajto-to-prehrajto/state/email-generated-descriptions-v3.jsonl
[11:31:02] batch-start shard=1/2 count=20 backlog=17650 uploads=1160 failed_attempts=78 description_overrides=5848
[11:31:02] login
[11:31:04] login done
[11:31:04] iteration 1/20
[11:31:04] film cr_film_id=3123 name='Moje ségra má prima bráchu (2014) CZ Dabing' candidates=1
[11:31:04]   candidate upload_id=55d6b8c3c4d45 url=https://prehraj.to/moje-segra-ma-prima-brachu-2014-cz-dab-komedie-drama-koko/55d6b8c3c4d45
[11:31:06]   resolved in 2.3s → 480p (https://pf-storage2.premiumcdn.net/216022/kJ8Id2uoliRyUP2CO0SlNuEXSR9CdacQLSkQhL…)
[11:31:29]   downloaded 334.9 MB in 20.4s (16.4 MB/s)
[11:31:51]   upload done video_id=26084521 in 21.8s
[11:31:52] film cr_film_id=3123 OK in 48.3s
[11:31:52] iteration 2/20
[11:31:52] film cr_film_id=3129 name='Velmi nebezpečné známosti (1999) CZ Dabing' candidates=8
[11:31:52]   candidate upload_id=5e80061f8ccab url=https://prehraj.to/velmi-nebezpecne-znamosti-cruel-intentions-1080p-x264-ac3-cz-dab-1999/5e80061f8ccab
[11:31:53]   resolved in 1.2s → 720p (https://pf-storage5.premiumcdn.net/16085605/0OySKYU3WIPYIwKHvpfoZUrOiLJs07HWPHGl…)
[11:32:47]   downloaded 1,181.4 MB in 52.0s (22.7 MB/s)
[11:33:53]   upload done video_id=26084567 in 65.7s
[11:33:54] film cr_film_id=3129 OK in 122.1s
[11:33:54] iteration 3/20
[11:33:54] film cr_film_id=3135 name='Mrtví a neklidní (2013) CZ Dabing' candidates=16
[11:33:54]   candidate upload_id=67dd056761e3a url=https://prehraj.to/mrtvi-a-neklidni-2013-cz-dab-1080p/67dd056761e3a
[11:33:56]   resolved in 1.3s → 720p (https://pf-storage3.premiumcdn.net/132891005/aW3fBdh0gf5gT2BiEoS7nhw6Ue7tQ0ubMHp…)
[11:34:56]   downloaded 1,326.3 MB in 58.0s (22.9 MB/s)
[11:36:35]   upload done video_id=26084637 in 99.9s
[11:36:37] film cr_film_id=3135 OK in 162.9s
[11:36:37] iteration 4/20
[11:36:37] film cr_film_id=3139 name='Králové ulice (2008) CZ Dabing' candidates=1
[11:36:37]   candidate upload_id=55e991dc6b054 url=https://prehraj.to/street-kings-2008-czdab/55e991dc6b054
[11:36:39]   resolved in 1.6s → 480p (https://pf-storage2.premiumcdn.net/277167/bMaT3Jc6wSGqHmwIzYCv2cywHXQt0AIXZIVwt2…)
[11:37:02]   downloaded 421.4 MB in 20.7s (20.4 MB/s)
[11:37:30]   upload done video_id=26084687 in 27.5s
[11:37:31] film cr_film_id=3139 OK in 54.0s
[11:37:31] iteration 5/20
[11:37:31] film cr_film_id=3141 name='Devět paruk (2013) CZ Dabing' candidates=1
[11:37:31]   candidate upload_id=5591dc2a38d20 url=https://prehraj.to/devet-paruk-2013-cz-dabing-drama-komedie/5591dc2a38d20
[11:37:32]   resolved in 1.0s → 480p (https://pf-storage4.premiumcdn.net/418864/814tkrslpF13i4MtjnIkdsE3Cr7UgltnRhpzTz…)
[11:38:12]   downloaded 647.3 MB in 37.4s (17.3 MB/s)
[11:38:55]   upload done video_id=26084721 in 43.1s
[11:38:56] film cr_film_id=3141 OK in 85.1s
[11:38:56] iteration 6/20
[11:38:56] film cr_film_id=3143 name='Kurýr (2002) CZ Dabing' candidates=11
[11:38:56]   candidate upload_id=59c2b0b0d4ea1 url=https://prehraj.to/kurier-1-2002-hd720p-cz-dabing-m3/59c2b0b0d4ea1
[11:38:57]   resolved in 1.2s → 480p (https://pf-storage1.premiumcdn.net/2659698/reKUd8c9Gid4I5LHl0f0xcXvcwBsBvi9KcvDS…)
[11:39:57]   downloaded 1,329.8 MB in 57.9s (23.0 MB/s)
[11:41:13]   upload done video_id=26084771 in 76.1s
[11:41:15] film cr_film_id=3143 OK in 139.0s
[11:41:15] iteration 7/20
[11:41:15] film cr_film_id=3147 name='Horton (2008) CZ Dabing' candidates=11
[11:41:15]   candidate upload_id=5c8754dbd59d4 url=https://prehraj.to/horton-2008-cz-dabing-animovany/5c8754dbd59d4
[11:41:17]   resolved in 1.4s → 480p (https://pf-storage1.premiumcdn.net/12386014/9DJTpvhgQI5jUKJhQVHm4h0YuGLTw7U2ncav…)
[11:41:41]   downloaded 430.8 MB in 21.7s (19.9 MB/s)
[11:42:07]   upload done video_id=26084837 in 26.1s
[11:42:09] film cr_film_id=3147 OK in 53.4s
[11:42:09] iteration 8/20
[11:42:09] film cr_film_id=3149 name='Neznámý (2011) CZ Dabing' candidates=13
[11:42:09]   candidate upload_id=67a9ff1faf811 url=https://prehraj.to/neznamy-liam-neeson-diane-kruger-january-jones-2011-drama-thriller-akcni-bdrip-1080p-cz-dabing/67a9ff1faf811
[11:42:10]   resolved in 1.5s → 720p (https://pf-storage5.premiumcdn.net/129525305/V4YcZOHEWiG6CKXH3RsvKHobUYVHVOHq0sz…)
[11:43:54]   downloaded 2,296.9 MB in 101.7s (22.6 MB/s)
[11:46:04]   upload done video_id=26084896 in 129.7s
[11:46:06] film cr_film_id=3149 OK in 237.6s
[11:46:06] iteration 9/20
[11:46:06] film cr_film_id=3153 name='Božský Bruce (2003) CZ Dabing' candidates=12
[11:46:06]   candidate upload_id=5b64d2a50ae50 url=https://prehraj.to/bozsky-bruce-2003-cz-dabing/5b64d2a50ae50
[11:46:07]   resolved in 1.2s → 480p (https://pf-storage1.premiumcdn.net/5173886/QQ4HMAfxjIJQUY1fd5CRLf1bIXlH08FVvsYRI…)
[11:46:38]   downloaded 621.9 MB in 28.8s (21.6 MB/s)
[11:47:24]   upload done video_id=26084949 in 45.9s
[11:47:26] film cr_film_id=3153 OK in 79.5s
[11:47:26] iteration 10/20
[11:47:26] film cr_film_id=3155 name='Madagaskar 3 (2012) CZ Dabing' candidates=10
[11:47:26]   candidate upload_id=67f4eb625682e url=https://prehraj.to/madagaskar-3-utek-do-evropy-2013-animovany-dobrodruzny-komedie-rodinny-bdrip-1080p-cz-dabing/67f4eb625682e
[11:47:27]   resolved in 1.1s → 480p (https://pf-storage3.premiumcdn.net/134475743/mpGfqKu0MfG0CO3SBoue3uvYUZ6iAXFW4SK…)
[11:48:12]   downloaded 969.8 MB in 43.0s (22.6 MB/s)
[11:49:11]   upload done video_id=26084987 in 58.5s
[11:49:12] film cr_film_id=3155 OK in 106.5s
[11:49:12] iteration 11/20
[11:49:12] film cr_film_id=3157 name='Neobyčejný Odd Thomas (2013) CZ Dabing' candidates=5
[11:49:12]   candidate upload_id=63231d2c240ac url=https://prehraj.to/neobycejny-odd-thomas-odd-thomas-2013-aac-5-1-1080p-h-264-1920x800-cz-dabing/63231d2c240ac
[11:49:13]   resolved in 1.1s → 720p (https://pf-storage3.premiumcdn.net/32951686/Wd8UlAfdEs0YtRXFJPTdqfjYuBJS5ri8EfMr…)
[11:50:26]   downloaded 1,635.3 MB in 70.8s (23.1 MB/s)
[11:52:30]   upload done video_id=26085047 in 123.4s
[11:52:31] film cr_film_id=3157 OK in 199.2s
[11:52:31] iteration 12/20
[11:52:31] film cr_film_id=3159 name='Nejlepší z nejlepších: GOAT (2026) CZ Dabing' candidates=23
[11:52:31]   candidate upload_id=3d56463a0bfc575e url=https://prehraj.to/goat-1080p-2026-cz-dabing-mkv/3d56463a0bfc575e
[11:52:32]   resolve FAILED: HTTP 502 wrapping permanent upstream error: https://prehraj.to/goat-1080p-2026-cz-dabing-mkv/3d56463a0bfc575e (permanent=True)
[11:52:32]   candidate upload_id=24029ee691d4061c url=https://prehraj.to/nejlepsi-z-nejlepsich-goat-2026-cz-dab-1080p-mkv/24029ee691d4061c
[11:52:39]   resolved in 6.4s → 1080p (https://pf-storage5.premiumcdn.net/168543514/Ed3cGxsyMTkMUY7sAzHeysWXUA3SbPIAmiA…)
[11:54:55]   downloaded 2,526.4 MB in 134.4s (18.8 MB/s)
[11:58:19]   upload done video_id=26085194 in 204.1s
[11:58:22] film cr_film_id=3159 OK in 350.4s
[11:58:22] iteration 13/20
[11:58:22] film cr_film_id=3167 name='Příběh policajta (1993) CZ' candidates=1
[11:58:22]   candidate upload_id=5aa1273627953 url=https://prehraj.to/pribeh-policajta-1993/5aa1273627953
[11:58:23]   resolved in 1.2s → 720p (https://pf-storage1.premiumcdn.net/3565607/bp4TNVfkYcPLHWVT1Ou54fzRc85TAviMLc5nI…)
[12:00:13]   downloaded 1,631.3 MB in 107.9s (15.1 MB/s)
[12:02:03]   upload done video_id=26085367 in 109.4s
[12:02:05] film cr_film_id=3167 OK in 223.0s
[12:02:05] iteration 14/20
[12:02:05] film cr_film_id=3169 name='Spiknutí (1997) CZ Dabing' candidates=3
[12:02:05]   candidate upload_id=63cf47c072c4f url=https://prehraj.to/spiknuti-1997-akcni-mysteriozni-romanticky-thriller-1080p-avc-en-cz-dabing/63cf47c072c4f
[12:02:06]   resolved in 1.5s → 720p (https://pf-storage4.premiumcdn.net/36658528/NKRcn5UNZUVEs9YTMAilkUnyFQJs3BseVfdE…)
[12:03:22]   downloaded 1,707.0 MB in 73.5s (23.2 MB/s)
[12:05:03]   upload done video_id=26085479 in 101.1s
[12:05:05] film cr_film_id=3169 OK in 179.9s
[12:05:05] iteration 15/20
[12:05:05] film cr_film_id=3171 name='Rozsudek smrti (2007) CZ Dabing' candidates=5
[12:05:05]   candidate upload_id=a7355322c846e875 url=https://prehraj.to/rozsudek-smrti-2007-cz-dabing-1080p-mkv/a7355322c846e875
[12:05:06]   resolved in 1.4s → 720p (https://pf-storage3.premiumcdn.net/158709257/jNdFbdHMzIqWt8afBGHRLH2Xf4pfQMUyRiz…)
[12:06:56]   downloaded 2,443.1 MB in 107.7s (22.7 MB/s)
[12:10:14]   upload done video_id=26085639 in 198.4s
[12:10:16] film cr_film_id=3171 OK in 311.5s
[12:10:16] iteration 16/20
[12:10:16] film cr_film_id=3185 name='Operace Black Bag (2025) CZ Dabing' candidates=1
[12:10:16]   candidate upload_id=c7dfcaab539e0ab4 url=https://prehraj.to/operace-black-bag-black-bag-2025-cz-dabing/c7dfcaab539e0ab4
[12:10:17]   resolve FAILED: HTTP 502 wrapping permanent upstream error: https://prehraj.to/operace-black-bag-black-bag-2025-cz-dabing/c7dfcaab539e0ab4 (permanent=True)
[12:10:17] film cr_film_id=3185 all candidates exhausted
[12:10:17] iteration 17/20
[12:10:17] film cr_film_id=3189 name='Mickey 17 (2025) CZ Dabing' candidates=4
[12:10:17]   candidate upload_id=680a959a667dc url=https://prehraj.to/mickey-17-2025-czdab/680a959a667dc
[12:10:23]   resolved in 6.2s → 720p (https://pf-storage3.premiumcdn.net/136109036/jN4sbQHQ3U7ac1RiYVtXQH0KhGNhYeUxdhp…)
[12:11:24]   downloaded 1,372.5 MB in 59.2s (23.2 MB/s)
[12:12:52]   upload done video_id=26085836 in 87.3s
[12:12:53] film cr_film_id=3189 OK in 156.5s
[12:12:53] iteration 18/20
[12:12:53] film cr_film_id=3191 name='Téměř dokonalý zločin (2000) CZ Dabing' candidates=3
[12:12:53]   candidate upload_id=674057c97fa38 url=https://prehraj.to/temer-dokonaly-zlocin-2000-krimi-mysteriozni-thriller-fantasy-czdab/674057c97fa38
[12:12:55]   resolved in 1.2s → 480p (https://pf-storage5.premiumcdn.net/110133884/gvWhVnFwBuo5c8dUawt7vFMyTgbCYaS2NT8…)
[12:13:27]   downloaded 649.7 MB in 30.6s (21.2 MB/s)
[12:14:15]   upload done video_id=26085914 in 47.8s
[12:14:17] film cr_film_id=3191 OK in 84.0s
[12:14:17] iteration 19/20
[12:14:17] film cr_film_id=3193 name='Noc s nabroušenou břitvou (2003) CZ Dabing' candidates=3
[12:14:17]   candidate upload_id=677c3e3bf27df url=https://prehraj.to/noc-s-nabrusenou-britvou-2007-cz-dab/677c3e3bf27df
[12:14:20]   resolved in 3.1s → 480p (https://pf-storage1.premiumcdn.net/127360199/Y2nta8Fzvs86TD8u2OtLNFWNuV9uNqh2QTZ…)
[12:14:42]   downloaded 386.5 MB in 19.9s (19.4 MB/s)
[12:15:13]   upload done video_id=26085966 in 30.3s
[12:15:14] film cr_film_id=3193 OK in 56.9s
[12:15:14] iteration 20/20
[12:15:14] film cr_film_id=3195 name='Můj přítel Monk: Poslední případ (2023) CZ Dabing' candidates=5
[12:15:14]   candidate upload_id=6804b51f67b3f url=https://prehraj.to/muj-pritel-monk-posledni-pripad-2023-cz-dab-1080p/6804b51f67b3f
[12:15:16]   resolved in 1.3s → 1080p (https://pf-storage5.premiumcdn.net/135678239/2dPSqefvQUljtJwTx6T6ef6rIv8SDlTdNuL…)
[12:16:53]   downloaded 2,185.7 MB in 95.4s (22.9 MB/s)
[12:19:19]   upload done video_id=26086147 in 146.6s
[12:19:21] film cr_film_id=3195 OK in 246.5s
[12:19:21] batch-end ok=19 failed=1 dur=2897.0s avg/film=152.5s remaining=16471 eta_hours=697.7

===== run 2026-06-18T12:19:52Z shard=1/2 batch_size=20 (https://github.com/Olbrasoft/prehrajto-to-prehrajto/actions/runs/27758947761) =====
[12:19:54] description overrides loaded: 6206 from /home/runner/work/prehrajto-to-prehrajto/prehrajto-to-prehrajto/state/email-generated-descriptions-v3.jsonl
[12:19:54] batch-start shard=1/2 count=20 backlog=17650 uploads=1179 failed_attempts=80 description_overrides=6206
[12:19:54] login
[12:19:56] login done
[12:19:56] iteration 1/20
[12:19:56] film cr_film_id=3199 name='2010: Druhá vesmírná odysea (1984) CZ Dabing' candidates=6
[12:19:56]   candidate upload_id=66cae4a31935a url=https://prehraj.to/2010-druha-vesmirna-odysea-2010-the-year-we-make-contact-1984-cz-dab-tit-1080p-bluray/66cae4a31935a
[12:19:57]   resolved in 1.4s → 720p (https://pf-storage3.premiumcdn.net/92537636/dK9HXwslwTNBc1OcbDT7ksGKHzetgGUN7iXk…)
[12:21:46]   downloaded 2,427.5 MB in 106.3s (22.8 MB/s)
[12:25:47]   upload done video_id=26086537 in 241.4s
[12:25:49] film cr_film_id=3199 OK in 352.8s
[12:25:49] iteration 2/20
[12:25:49] film cr_film_id=3201 name='Holky bez zábran (2023) CZ Dabing' candidates=1
[12:25:49]   candidate upload_id=6851bc887005f url=https://prehraj.to/holky-bez-zabran-2023-cz-dabing-1080p/6851bc887005f
[12:25:50]   resolved in 1.2s → 1080p (https://pf-storage5.premiumcdn.net/140157299/3NbFxVTy8UdYsqDHlzixpTRoi5VHXZURVC2…)
[12:27:14]   downloaded 1,855.0 MB in 81.3s (22.8 MB/s)
[12:29:09]   upload done video_id=26086703 in 115.9s
[12:29:11] film cr_film_id=3201 OK in 202.4s
[12:29:11] iteration 3/20
[12:29:11] film cr_film_id=3203 name='Konferenční stolek (2022) CZ Dabing' candidates=2
[12:29:11]   candidate upload_id=6724adb8bd0bf url=https://prehraj.to/konferencni-stolek-2022-cz-dabing-1080p/6724adb8bd0bf
[12:29:12]   resolved in 1.2s → 1080p (https://pf-storage1.premiumcdn.net/105137402/6moTBJiRjSB4ILkIEJcb2iygcNlH02hYaSp…)
[12:30:11]   downloaded 1,249.9 MB in 56.4s (22.2 MB/s)
[12:31:20]   upload done video_id=26086794 in 69.1s
[12:31:22] film cr_film_id=3203 OK in 130.8s
[12:31:22] iteration 4/20
[12:31:22] film cr_film_id=3209 name='Stokerovi (2013) CZ Dabing' candidates=9
[12:31:22]   candidate upload_id=5a81a7d99976d url=https://prehraj.to/stoker-2013-brrip-cz-dabing/5a81a7d99976d
[12:31:23]   resolved in 1.2s → 480p (https://pf-storage1.premiumcdn.net/3390111/3wJUoGTGLILdC12cMzCpdTA6cJPF8gCWdcAZC…)
[12:31:49]   downloaded 507.5 MB in 23.7s (21.4 MB/s)
[12:32:21]   upload done video_id=26086954 in 31.3s
[12:32:22] film cr_film_id=3209 OK in 60.2s
[12:32:22] iteration 5/20
[12:32:22] film cr_film_id=3211 name='Paměť (2023) CZ Dabing' candidates=1
[12:32:22]   candidate upload_id=66e3e2aa93fe9 url=https://prehraj.to/memory-2023-cz-dabing-1080p/66e3e2aa93fe9
[12:32:24]   resolved in 1.5s → 1080p (https://pf-storage3.premiumcdn.net/96023588/1K5sdVCPXfQqfEgcmxT2pCgrFENczvs0NUOp…)
[12:33:31]   downloaded 1,185.1 MB in 65.1s (18.2 MB/s)
[12:34:39]   upload done video_id=26087042 in 68.0s
[12:34:41] film cr_film_id=3211 OK in 138.3s
[12:34:41] iteration 6/20
[12:34:41] film cr_film_id=3213 name='Láska napříč věkem (2023) CZ Dabing' candidates=1
[12:34:41]   candidate upload_id=68c1b69f822a5 url=https://prehraj.to/laska-napric-vekem-2023-cz-dabing/68c1b69f822a5
[12:34:42]   resolved in 1.3s → 720p (https://pf-storage4.premiumcdn.net/146032299/mg4TN8HqKcXDsQ9CeVfWjHmnhAkFAVfLOCY…)
[12:35:26]   downloaded 921.0 MB in 42.4s (21.7 MB/s)
[12:36:29]   upload done video_id=26087125 in 62.8s
[12:36:31] film cr_film_id=3213 OK in 110.1s
[12:36:31] iteration 7/20
[12:36:31] film cr_film_id=3217 name='Říše světla (2022) CZ Dabing' candidates=6
[12:36:31]   candidate upload_id=6687c8d5619be url=https://prehraj.to/rise-svetla-2022-cz-dabing-1080p/6687c8d5619be
[12:36:32]   resolved in 1.2s → 1080p (https://pf-storage3.premiumcdn.net/82485431/VRpUkJu1nTwntqlIJZiK0unAFMlTerH3GfnP…)
[12:37:56]   downloaded 1,493.6 MB in 81.8s (18.3 MB/s)
[12:40:06]   upload done video_id=26087239 in 130.3s
[12:40:08] film cr_film_id=3217 OK in 217.5s
[12:40:08] iteration 8/20
[12:40:08] film cr_film_id=3227 name='Za plotem (2006) CZ Dabing' candidates=9
[12:40:08]   candidate upload_id=68db4013c3a8f url=https://prehraj.to/za-plotem-2006-cz-dabing-1080p/68db4013c3a8f
[12:40:10]   resolved in 1.5s → 720p (https://pf-storage4.premiumcdn.net/149055120/kq1ik8u5mt2Wcy0T3jcdyu3DI73i72iV7cY…)
[12:41:04]   downloaded 1,172.4 MB in 52.3s (22.4 MB/s)
[12:42:26]   upload done video_id=26087308 in 82.1s
[12:42:29] film cr_film_id=3227 OK in 140.5s
[12:42:29] iteration 9/20
[12:42:29] film cr_film_id=3229 name='Reality (2023) CZ Dabing' candidates=5
[12:42:29]   candidate upload_id=65bae8dd01f03 url=https://prehraj.to/reality-2023-czdab/65bae8dd01f03
[12:42:30]   resolve FAILED: HTTP 502 wrapping permanent upstream error: https://prehraj.to/reality-2023-czdab/65bae8dd01f03 (permanent=True)
[12:42:30]   candidate upload_id=65bb29c34e2df url=https://prehraj.to/reality-2023-czdab/65bb29c34e2df
[12:42:35]   resolve FAILED: HTTP 502 wrapping permanent upstream error: https://prehraj.to/reality-2023-czdab/65bb29c34e2df (permanent=True)
[12:42:35]   candidate upload_id=65bb30cc152a4 url=https://prehraj.to/reality-2023-czdab-mp4/65bb30cc152a4
[12:42:42]   resolved in 6.5s → 720p (https://pf-storage1.premiumcdn.net/72917170/V0lUdnIo2UBdhGBS0YSd0I3lSVXSqYiynHGm…)
[12:43:27]   downloaded 709.1 MB in 43.3s (16.4 MB/s)
[12:44:18]   upload done video_id=26087359 in 50.7s
[12:44:20] film cr_film_id=3229 OK in 110.8s
[12:44:20] iteration 10/20
[12:44:20] film cr_film_id=3235 name='Zabiják (2023) CZ Dabing' candidates=4
[12:44:20]   candidate upload_id=654e117f770b2 url=https://prehraj.to/zabijak-the-killer-2023-akcni-thriller-cz-dabing-1080p/654e117f770b2
[12:44:21]   resolved in 1.2s → 1080p (https://pf-storage1.premiumcdn.net/51330401/BGbcj0U4ws6jidqfaYiQ3UvMcBah69tMZINA…)
[12:45:58]   downloaded 2,125.0 MB in 95.5s (22.3 MB/s)
[12:48:16]   upload done video_id=26087408 in 137.7s
[12:48:18] film cr_film_id=3235 OK in 238.6s
[12:48:18] iteration 11/20
[12:48:18] film cr_film_id=3243 name='Veterán (2022) CZ Dabing' candidates=2
[12:48:18]   candidate upload_id=21b56ce7f8ee142f url=https://prehraj.to/veteran-2022-cz-dab-1080p/21b56ce7f8ee142f
[12:48:20]   resolved in 2.2s → 1080p (https://pf-storage3.premiumcdn.net/168257365/0Z0t83SlVIJBTKaS4vSpkSBkTPGH3JFL4sO…)
[12:50:39]   downloaded 2,495.1 MB in 135.9s (18.4 MB/s)
[12:53:04]   upload done video_id=26087503 in 145.3s
[12:53:06] film cr_film_id=3243 OK in 287.9s
[12:53:06] iteration 12/20
[12:53:06] film cr_film_id=3245 name='Halloweenská noc (2007) CZ Dabing' candidates=2
[12:53:06]   candidate upload_id=5c2c76c13b41b url=https://prehraj.to/halloweenska-noc-2007-cz-dabing/5c2c76c13b41b
[12:53:08]   resolved in 1.6s → 480p (https://pf-storage5.premiumcdn.net/10353254/PXjH3Dc3eI7rSGZfmws1JcEnUw8te8u60iVl…)
[12:53:31]   downloaded 411.6 MB in 20.8s (19.8 MB/s)
[12:53:56]   upload done video_id=26087541 in 25.4s
[12:53:57] film cr_film_id=3245 OK in 51.4s
[12:53:57] iteration 13/20
[12:53:57] film cr_film_id=3247 name="Tři mušketýři: D'Artagnan (2023) CZ Dabing" candidates=3
[12:53:57]   candidate upload_id=656f5bed3995a url=https://prehraj.to/traja-musketieri-d-artagnan-2023-cz-dabing/656f5bed3995a
[12:53:59]   resolved in 1.2s → 720p (https://pf-storage1.premiumcdn.net/63119168/kdMFzpHqvIRNSJahYVt34HqVcbwCwAtJEs2d…)
[12:55:31]   downloaded 2,087.2 MB in 90.8s (23.0 MB/s)
[12:57:51]   upload done video_id=26087577 in 139.3s
[12:57:52] film cr_film_id=3247 OK in 234.9s
[12:57:52] iteration 14/20
[12:57:52] film cr_film_id=3249 name='Píseň lásky (2022) CZ Dabing' candidates=3
[12:57:52]   candidate upload_id=64b13f08abd5b url=https://prehraj.to/pisen-lasky-2022-cz-dabing-hd-720p/64b13f08abd5b
[12:57:54]   resolved in 1.3s → 720p (https://pf-storage3.premiumcdn.net/42425465/3g5iGaUKQul2tg9U56foBUXjC8ni38uaWSNp…)
[12:59:00]   downloaded 1,171.2 MB in 64.3s (18.2 MB/s)
[13:00:46]   upload done video_id=26087645 in 106.1s
[13:00:48] film cr_film_id=3249 OK in 175.5s
[13:00:48] iteration 15/20
[13:00:48] film cr_film_id=3251 name='Asterix & Obelix: Mise Kleopatra (2002) CZ Dabing' candidates=5
[13:00:48]   candidate upload_id=44b2e1eb87afc7bc url=https://prehraj.to/asterix-a-obelix-mise-kleopatra-2002-mkv/44b2e1eb87afc7bc
[13:00:49]   resolved in 1.3s → 1080p (https://pf-storage4.premiumcdn.net/157110653/0voImyTOkibQURYcDku2ETE9cBPI5ncpmsb…)
[13:02:52]   downloaded 2,755.9 MB in 121.5s (22.7 MB/s)
[13:05:37]   upload done video_id=26087715 in 164.3s
[13:05:39] film cr_film_id=3251 OK in 291.2s
[13:05:39] iteration 16/20
[13:05:39] film cr_film_id=3253 name='Velký George Foreman (2023) CZ Dabing' candidates=1
[13:05:39]   candidate upload_id=65197102469d4 url=https://prehraj.to/velky-george-foreman-2023-cz-dabing-hd-1080p/65197102469d4
[13:05:42]   resolved in 3.4s → 720p (https://pf-storage3.premiumcdn.net/46823018/njwh9xSBjunEu0ysdjIb7SJouVRI1Ds3RTGk…)
[13:07:25]   downloaded 2,252.5 MB in 100.5s (22.4 MB/s)
[13:10:02]   upload done video_id=26087801 in 156.6s
[13:10:03] film cr_film_id=3253 OK in 264.5s
[13:10:03] iteration 17/20
[13:10:03] film cr_film_id=3259 name='Tajná mise v Soulu (2017) CZ' candidates=3
[13:10:03]   candidate upload_id=5cb24880206b7 url=https://prehraj.to/tajna-mise-v-soulu-gongjo-akcni-komedie-2017-1080p-x264-cz-67-sten-ok/5cb24880206b7
[13:10:05]   resolved in 1.3s → 720p (https://pf-storage1.premiumcdn.net/12915861/JMzfDQHKmIMkfoMF9EFOQHr9f2QCNDTvXUv2…)
[13:12:06]   downloaded 2,230.9 MB in 119.1s (18.7 MB/s)
[13:14:24]   upload done video_id=26087915 in 137.5s
[13:14:25] film cr_film_id=3259 OK in 262.0s
[13:14:25] iteration 18/20
[13:14:25] film cr_film_id=3263 name='Noční můra v Elm Street 3: Bojovníci ze sna (1987) CZ Dabing' candidates=9
[13:14:25]   candidate upload_id=5828a8be3f1b6 url=https://prehraj.to/nocni-mura-v-elm-street-3-cz-dabing-1987-by-kamer/5828a8be3f1b6
[13:14:27]   resolved in 1.4s → 480p (https://pf-storage2.premiumcdn.net/860519/worhbVcP5sGjFr0faPUdqcwNfWJIj1smBsvZt4…)
[13:14:53]   downloaded 481.8 MB in 23.7s (20.3 MB/s)
[13:15:23]   upload done video_id=26087971 in 30.6s
[13:15:25] film cr_film_id=3263 OK in 59.7s
[13:15:25] iteration 19/20
[13:15:25] film cr_film_id=3269 name='Láska a jiné závislosti (2010) CZ Dabing' candidates=16
[13:15:25]   candidate upload_id=672b9c00989ef url=https://prehraj.to/laska-a-jine-zavislosti-jake-gyllenhaal-anne-hathaway-oliver-platt-2010-romanticky-komedie-drama-bdrip-1080p-cz-dabing/672b9c00989ef
[13:15:26]   resolved in 1.2s → 720p (https://pf-storage1.premiumcdn.net/105490493/nWDsn2fPeIyMIDNhqnFOpfWyt5pc7pCeji9…)
[13:16:21]   downloaded 1,200.8 MB in 52.1s (23.0 MB/s)
[13:17:42]   upload done video_id=26087998 in 81.5s
[13:17:44] film cr_film_id=3269 OK in 138.6s
[13:17:44] iteration 20/20
[13:17:44] film cr_film_id=3279 name='13. listopadu (2022) CZ Dabing' candidates=5
[13:17:44]   candidate upload_id=67fb2fcf3db3f url=https://prehraj.to/13-listopadu-2022-cz-dab-1080p/67fb2fcf3db3f
[13:17:45]   resolved in 1.4s → 1080p (https://pf-storage3.premiumcdn.net/134923325/Vp4tQaSlKse5fp0izPcAYSLGHZ2HJvtGPsg…)
[13:19:26]   downloaded 1,886.6 MB in 98.1s (19.2 MB/s)
[13:22:14]   upload done video_id=26088068 in 168.0s
[13:22:16] film cr_film_id=3279 OK in 272.1s
[13:22:16] batch-end ok=20 failed=0 dur=3740.0s avg/film=187.0s remaining=16451 eta_hours=854.5

===== run 2026-06-18T13:22:52Z shard=1/2 batch_size=20 (https://github.com/Olbrasoft/prehrajto-to-prehrajto/actions/runs/27762512897) =====
[13:22:54] description overrides loaded: 6667 from /home/runner/work/prehrajto-to-prehrajto/prehrajto-to-prehrajto/state/email-generated-descriptions-v3.jsonl
[13:22:54] batch-start shard=1/2 count=20 backlog=17650 uploads=1199 failed_attempts=82 description_overrides=6667
[13:22:54] login
[13:22:55] login done
[13:22:55] iteration 1/20
[13:22:55] film cr_film_id=3283 name='Pán mravenců (2022) CZ Dabing' candidates=1
[13:22:55]   candidate upload_id=65bcdc18c76f3 url=https://prehraj.to/pan-mravencu-2022-cz-dabing-1080p/65bcdc18c76f3
[13:22:57]   resolved in 1.4s → 1080p (https://pf-storage4.premiumcdn.net/72964124/pZBFJ0Uv9hdJSO4hrzspJUK4tOnu8DIwKTxK…)
[13:25:18]   downloaded 2,636.8 MB in 138.5s (19.0 MB/s)
[13:28:32]   upload done video_id=26088774 in 193.6s
[13:28:34] film cr_film_id=3283 OK in 338.3s
[13:28:34] iteration 2/20
[13:28:34] film cr_film_id=3287 name='Hunt (2022) CZ Dabing' candidates=1
[13:28:34]   candidate upload_id=64a84e0834e98 url=https://prehraj.to/hunt-2022-czdab/64a84e0834e98
[13:28:35]   resolved in 1.4s → 1080p (https://pf-storage3.premiumcdn.net/42264629/zQ8twYSD8CyYhLXUORTlYSmxCgwc8Qf5ZtmK…)
[13:30:00]   downloaded 1,920.4 MB in 82.7s (23.2 MB/s)
[13:32:52]   upload done video_id=26089336 in 171.7s
[13:32:54] film cr_film_id=3287 OK in 260.1s
[13:32:54] iteration 3/20
[13:32:54] film cr_film_id=3293 name='Benedetta (2021) CZ Dabing' candidates=3
[13:32:54]   candidate upload_id=641f05466329e url=https://prehraj.to/benedetta-2021-cz-dabing/641f05466329e
[13:32:55]   resolved in 1.4s → 720p (https://pf-storage4.premiumcdn.net/38684398/0b1Ij9U5eCgahxlirzs8vUY4H73SGrfPJuoj…)
[13:34:29]   downloaded 2,104.4 MB in 91.7s (22.9 MB/s)
[13:36:54]   upload done video_id=26089849 in 144.9s
[13:36:57] film cr_film_id=3293 OK in 242.7s
[13:36:57] iteration 4/20
[13:36:57] film cr_film_id=3297 name='Snivokraj (2022) CZ Dabing' candidates=2
[13:36:57]   candidate upload_id=6380ec6a49700 url=https://prehraj.to/snivokraj-fantasy-komedie-rodinny-usa-2022-cz-dabing-1080p/6380ec6a49700
[13:36:58]   resolved in 1.3s → 1080p (https://pf-storage3.premiumcdn.net/34838749/eLZIx1uXAhO9u0DtBRuzPu1Bt2of3PHdRSPM…)
[13:40:35]   downloaded 4,026.1 MB in 214.3s (18.8 MB/s)
[13:49:18]   upload done video_id=26090553 in 523.1s
[13:49:20] film cr_film_id=3297 OK in 743.7s
[13:49:20] iteration 5/20
[13:49:20] film cr_film_id=3301 name='Neuvěřitelný přítel (2022) CZ Dabing' candidates=2
[13:49:20]   candidate upload_id=62ff270776ec0 url=https://prehraj.to/neuveritelny-pritel-2022-cz-dabing-1080p/62ff270776ec0
[13:49:22]   resolved in 1.4s → 1080p (https://pf-storage3.premiumcdn.net/32178082/KGkcOaT1lskYfDQFKgUe6To3U0gHNDuYjs2o…)
[13:51:24]   downloaded 2,259.8 MB in 120.3s (18.8 MB/s)
[13:54:04]   upload done video_id=26091397 in 159.3s
[13:54:06] film cr_film_id=3301 OK in 285.7s
[13:54:06] iteration 6/20
[13:54:06] film cr_film_id=3303 name='Zranitelná srdce (2022) CZ Dabing' candidates=10
[13:54:06]   candidate upload_id=62e5ccf7bc358 url=https://prehraj.to/zranitelna-srdce-2022-cz-dabing-1080p/62e5ccf7bc358
[13:54:08]   resolved in 1.6s → 1080p (https://pf-storage1.premiumcdn.net/31860236/oJ6FOYTrohv7UdqivVcp3Tk0uAPFajiLbF6v…)
[13:56:28]   downloaded 3,200.7 MB in 138.5s (23.1 MB/s)
[14:00:50]   upload done video_id=26091531 in 262.0s
[14:00:53] film cr_film_id=3303 OK in 406.6s
[14:00:53] iteration 7/20
[14:00:53] film cr_film_id=3305 name='Láska pod kapotou (2021) CZ' candidates=1
[14:00:53]   candidate upload_id=28ed721fa1b41230 url=https://prehraj.to/laska-pod-kapotou-2021-cz-hd-mp4/28ed721fa1b41230
[14:00:54]   resolve FAILED: HTTP 502 wrapping permanent upstream error: https://prehraj.to/laska-pod-kapotou-2021-cz-hd-mp4/28ed721fa1b41230 (permanent=True)
[14:00:54] film cr_film_id=3305 all candidates exhausted
[14:00:54] iteration 8/20
[14:00:54] film cr_film_id=3311 name='Projekt Adam (2022) CZ Dabing' candidates=8
[14:00:54]   candidate upload_id=6230204cb93ae url=https://prehraj.to/the-adam-project-2022-1080p-cz-dabing/6230204cb93ae
[14:01:00]   resolved in 6.2s → 1080p (https://pf-storage1.premiumcdn.net/30067287/1GrTnaCJMcvbhErIRZhqaC8gclecRgfwLIqK…)
[14:02:48]   downloaded 2,427.0 MB in 106.6s (22.8 MB/s)
[14:05:50]   upload done video_id=26091680 in 182.0s
[14:05:53] film cr_film_id=3311 OK in 299.0s
[14:05:53] iteration 9/20
[14:05:53] film cr_film_id=3313 name='21 Mostů (2019) CZ Dabing' candidates=2
[14:05:53]   candidate upload_id=622110f82a56a url=https://prehraj.to/21-mostu-2019-cz-dabing-hd-1080p-bluray/622110f82a56a
[14:05:54]   resolved in 1.5s → 720p (https://pf-storage1.premiumcdn.net/29907833/8g5s15Fv0CP5TywfEru0gFwDTMLHdlc3aUaN…)
[14:07:16]   downloaded 1,497.1 MB in 80.0s (18.7 MB/s)
[14:10:08]   upload done video_id=26091778 in 172.1s
[14:10:10] film cr_film_id=3313 OK in 257.7s
[14:10:10] iteration 10/20
[14:10:10] film cr_film_id=3315 name='Město podivínů (2018) CZ Dabing' candidates=5
[14:10:10]   candidate upload_id=620e3aa407232 url=https://prehraj.to/freaks-2018-1080p-bluray-dd-5-1-x264-sbr-czdabing/620e3aa407232
[14:10:12]   resolved in 1.2s → 720p (https://pf-storage1.premiumcdn.net/29450591/lZpTj4S5BC74tBlIvVfz6SL3FyGIX3u4Lulx…)
[14:11:26]   downloaded 1,613.6 MB in 71.6s (22.5 MB/s)
[14:13:43]   upload done video_id=26091893 in 137.2s
[14:13:45] film cr_film_id=3315 OK in 214.2s
[14:13:45] iteration 11/20
[14:13:45] film cr_film_id=3317 name='8bitové Vánoce (2021) CZ Dabing' candidates=5
[14:13:45]   candidate upload_id=61dab0bec738b url=https://prehraj.to/8bitove-vanoce-8-bit-christmas-2021-1080p-hmax-web-dl-ddp5-1-cz-dabing/61dab0bec738b
[14:13:46]   resolve FAILED: HTTP 502 wrapping permanent upstream error: https://prehraj.to/8bitove-vanoce-8-bit-christmas-2021-1080p-hmax-web-dl-ddp5-1-cz-dabing/61dab0bec738b (permanent=True)
[14:13:46]   candidate upload_id=61d9a8a561a45 url=https://prehraj.to/8bitove-vanoce-2021-cz-dabing-hd-1080p/61d9a8a561a45
[14:13:52]   resolved in 6.1s → 720p (https://pf-storage3.premiumcdn.net/28187064/o9qU5XIdKs0QTb7cNkUknI1nik3sWvtw2SOY…)
[14:15:00]   downloaded 1,457.3 MB in 65.5s (22.2 MB/s)
[14:16:31]   upload done video_id=26092000 in 91.6s
[14:16:33] film cr_film_id=3317 OK in 168.6s
[14:16:33] iteration 12/20
[14:16:33] film cr_film_id=3319 name='Něžný bar (2021) CZ' candidates=1
[14:16:33]   candidate upload_id=61f2ae9df0a2e url=https://prehraj.to/nezny-bar-2021/61f2ae9df0a2e
[14:16:34]   resolved in 1.2s → 720p (https://pf-storage4.premiumcdn.net/28772850/JDKcBqivzFxau6ZC5vhBvi8VTGAIzBtOZHz5…)
[14:17:45]   downloaded 1,235.9 MB in 68.9s (17.9 MB/s)
[14:19:02]   upload done video_id=26092081 in 76.7s
[14:19:04] film cr_film_id=3319 OK in 150.8s
[14:19:04] iteration 13/20
[14:19:04] film cr_film_id=3321 name='V zajetí (2020) CZ Dabing' candidates=7
[14:19:04]   candidate upload_id=61bc75226741c url=https://prehraj.to/v-zajeti-run-2020-1080p-bluray-ac3-cz-dab/61bc75226741c
[14:19:05]   resolved in 1.2s → 720p (https://pf-storage4.premiumcdn.net/27514401/n48F5Wir8TpeC1JhowhRNij5tWzFqdhYVTD8…)
[14:19:51]   downloaded 956.9 MB in 43.8s (21.8 MB/s)
[14:20:55]   upload done video_id=26092155 in 64.5s
[14:20:57] film cr_film_id=3321 OK in 113.0s
[14:20:57] iteration 14/20
[14:20:57] film cr_film_id=3323 name='Chlapec, kterému říkají Vánoce (2021) CZ' candidates=1
[14:20:57]   candidate upload_id=55ef9b71f1a2c1cf url=https://prehraj.to/chlapec-kteremu-rikaji-vanoce-a-boy-called-christmas-rodinny-dobrodruzny-2021-cz-dabing-avi/55ef9b71f1a2c1cf
[14:20:59]   resolved in 1.6s → 480p (https://pf-storage4.premiumcdn.net/155202120/QpQS9oUEOtgZsvxt7VHP1UyBuzdigyfY9fy…)
[14:21:42]   downloaded 720.4 MB in 41.3s (17.4 MB/s)
[14:22:24]   upload done video_id=26092210 in 42.7s
[14:22:26] film cr_film_id=3323 OK in 89.5s
[14:22:26] iteration 15/20
[14:22:26] film cr_film_id=3327 name='Operace Valkyrie (2004) CZ Dabing' candidates=7
[14:22:26]   candidate upload_id=580ddfee01f16 url=https://prehraj.to/farscape-mirova-operace-ak-c4-8dn-c3-ad-scifi-2004-part-2-czdub/580ddfee01f16
[14:22:28]   resolved in 1.2s → 480p (https://pf-storage2.premiumcdn.net/745253/xNlT8pCrXF9puZYfPLCNQCJpIMWsB3IGkUn0F6…)
[14:23:05]   downloaded 620.1 MB in 35.3s (17.6 MB/s)
[14:23:42]   upload done video_id=26092278 in 37.2s
[14:23:44] film cr_film_id=3327 OK in 77.3s
[14:23:44] iteration 16/20
[14:23:44] film cr_film_id=3331 name='Poslední dopis od milence (2021) CZ Dabing' candidates=2
[14:23:44]   candidate upload_id=60fc740a8f167 url=https://prehraj.to/posledni-dopis-od-milence-2021-czdab/60fc740a8f167
[14:23:45]   resolved in 1.4s → 720p (https://pf-storage3.premiumcdn.net/24390980/jpzulyUndCbotABCpbIZyU5bCZehyZSj4SVJ…)
[14:24:27]   downloaded 868.6 MB in 39.9s (21.8 MB/s)
[14:25:26]   upload done video_id=26092316 in 58.6s
[14:25:28] film cr_film_id=3331 OK in 104.1s
[14:25:28] iteration 17/20
[14:25:28] film cr_film_id=3337 name='Papíroví pavouci (2020) CZ Dabing' candidates=2
[14:25:28]   candidate upload_id=60c06ea13c820 url=https://prehraj.to/papirovi-pavouci-paper-spiders-2020-1080p-webrip-ac3-cz-dab/60c06ea13c820
[14:25:29]   resolved in 1.2s → 720p (https://pf-storage5.premiumcdn.net/23821170/DO6fK3Tkrt97H8xcymFKOTeac65c8MU3NuLK…)
[14:26:51]   downloaded 1,451.9 MB in 80.7s (18.0 MB/s)
[14:28:57]   upload done video_id=26092414 in 125.6s
[14:28:59] film cr_film_id=3337 OK in 211.1s
[14:28:59] iteration 18/20
[14:28:59] film cr_film_id=3339 name='Suspiria (2018) CZ Dabing' candidates=7
[14:28:59]   candidate upload_id=60a22cfe31246 url=https://prehraj.to/suspiria-2018-1080p-web-dl-ddp5-1-x264-cz-dab/60a22cfe31246
[14:29:01]   resolved in 2.4s → 720p (https://pf-storage1.premiumcdn.net/23546850/Wm9F2KhaeCLpIP4Cd0sq9hXaFoRUk5FZnIeD…)
[14:30:21]   downloaded 1,418.1 MB in 77.5s (18.3 MB/s)
[14:32:23]   upload done video_id=26092556 in 122.3s
[14:32:25] film cr_film_id=3339 OK in 206.0s
[14:32:25] iteration 19/20
[14:32:25] film cr_film_id=3341 name='Cesta zpátky (2020) CZ Dabing' candidates=3
[14:32:25]   candidate upload_id=60617d1613262 url=https://prehraj.to/cesta-zpatky-the-way-back-2020-1080p-bluray-x264-ac3-2-0-czdabing/60617d1613262
[14:32:26]   resolved in 1.2s → 720p (https://pf-storage5.premiumcdn.net/22865940/wzQiDPc6yUl2FZpIYnTKLc7KiyXTYAFZqURL…)
[14:34:08]   downloaded 1,838.3 MB in 99.7s (18.4 MB/s)
[14:36:19]   upload done video_id=26092734 in 131.3s
[14:36:21] film cr_film_id=3341 OK in 236.0s
[14:36:21] iteration 20/20
[14:36:21] film cr_film_id=3349 name='Somálští piráti (2017) CZ Dabing' candidates=2
[14:36:21]   candidate upload_id=60a4258f7b1bc url=https://prehraj.to/somalsti-pirati-2017-czdab/60a4258f7b1bc
[14:36:22]   resolved in 1.2s → 1080p (https://pf-storage1.premiumcdn.net/23567973/D7Zh14f0yhO5fL9ig7sAmfOehwNFMVH5RUBO…)
[14:38:47]   downloaded 2,333.0 MB in 142.7s (16.3 MB/s)
[14:41:28]   upload done video_id=26092906 in 161.4s
[14:41:31] film cr_film_id=3349 OK in 309.7s
[14:41:31] batch-end ok=19 failed=1 dur=4715.2s avg/film=248.2s remaining=16432 eta_hours=1132.9

===== run 2026-06-18T14:42:07Z shard=1/2 batch_size=20 (https://github.com/Olbrasoft/prehrajto-to-prehrajto/actions/runs/27767439572) =====
[14:42:09] description overrides loaded: 7252 from /home/runner/work/prehrajto-to-prehrajto/prehrajto-to-prehrajto/state/email-generated-descriptions-v3.jsonl
[14:42:09] batch-start shard=1/2 count=20 backlog=17650 uploads=1218 failed_attempts=84 description_overrides=7252
[14:42:09] login
[14:42:10] login done
[14:42:10] iteration 1/20
[14:42:10] film cr_film_id=3351 name='Dopisy z fronty (2017) CZ Dabing' candidates=1
[14:42:10]   candidate upload_id=5f11ebd34a54a url=https://prehraj.to/dopisy-z-fronty-2017-cz-dabing-bst/5f11ebd34a54a
[14:42:11]   resolved in 1.1s → 480p (https://pf-storage3.premiumcdn.net/17353185/NyGuPdckrtnwS3bUQ1f9ZcNwiAVsAoHrVFEw…)
[14:42:46]   downloaded 700.4 MB in 32.8s (21.4 MB/s)
[14:43:31]   upload done video_id=26093064 in 44.7s
[14:43:32] film cr_film_id=3351 OK in 82.1s
[14:43:32] iteration 2/20
[14:43:32] film cr_film_id=3355 name='Král Petr I. (2018) CZ Dabing' candidates=4
[14:43:32]   candidate upload_id=6475930a49fd8 url=https://prehraj.to/snehuliak-2017-1080p-hevc-krimi-drama-cz-dabing-ac3-5-1/6475930a49fd8
[14:43:33]   resolved in 1.1s → 720p (https://pf-storage1.premiumcdn.net/41209825/JpBFrgsxDiQZIzOTRaIGVsJyC6Rhr4IreTyp…)
[14:44:17]   downloaded 1,079.4 MB in 41.4s (26.1 MB/s)
[14:46:08]   upload done video_id=26093133 in 111.1s
[14:46:10] film cr_film_id=3355 OK in 157.4s
[14:46:10] iteration 3/20
[14:46:10] film cr_film_id=3357 name='De Patrick (2019) CZ Dabing' candidates=2
[14:46:10]   candidate upload_id=5f9fb5ef2a1e0 url=https://prehraj.to/patrick-2019-czdabing/5f9fb5ef2a1e0
[14:46:11]   resolved in 1.1s → 1080p (https://pf-storage5.premiumcdn.net/19664355/BGlhv5IQ0s4zua2Un5iaxImbsGMfL9h9AiYN…)
[14:47:12]   downloaded 1,338.4 MB in 59.5s (22.5 MB/s)
[14:48:24]   upload done video_id=26093232 in 71.2s
[14:48:25] film cr_film_id=3357 OK in 135.4s
[14:48:25] iteration 4/20
[14:48:25] film cr_film_id=3367 name='Emma. (2020) CZ Dabing' candidates=4
[14:48:25]   candidate upload_id=5409cf6fd51811c3 url=https://prehraj.to/0dvazna-emma-cz-dabing-2026-720p-mp4/5409cf6fd51811c3
[14:48:26]   resolved in 1.2s → 720p (https://pf-storage5.premiumcdn.net/167614019/zwjIzEUQecLJTo4iOqsbJUbZcq5tJWhMyi7…)
[14:49:15]   downloaded 1,298.2 MB in 47.2s (27.5 MB/s)
[14:50:39]   upload done video_id=26093310 in 83.2s
[14:50:40] film cr_film_id=3367 OK in 135.2s
[14:50:40] iteration 5/20
[14:50:40] film cr_film_id=3369 name='Nebezpečná laskavost (2018) CZ Dabing' candidates=20
[14:50:40]   candidate upload_id=5c8d5868cbd48 url=https://prehraj.to/nebezpecna-laskavost-2018-cz-dabing-4k-uhd/5c8d5868cbd48
[14:50:41]   resolved in 1.0s → 1080p (https://pf-storage1.premiumcdn.net/12464884/ZOLsZwHBrIaGFv6t5JiBzHreSX4SXkfDzUqr…)
[14:52:23]   downloaded 2,932.0 MB in 100.0s (29.3 MB/s)
[14:55:22]   upload done video_id=26093428 in 178.8s
[14:55:24] film cr_film_id=3369 OK in 283.7s
[14:55:24] iteration 6/20
[14:55:24] film cr_film_id=3373 name='Dokonalá lež (2019) CZ Dabing' candidates=4
[14:55:24]   candidate upload_id=5fb07b36a071a url=https://prehraj.to/dokonala-lez-2019-1080p-cz-dabing/5fb07b36a071a
[14:55:25]   resolved in 1.0s → 720p (https://pf-storage5.premiumcdn.net/19932087/5KqHorfVOhObfmXSdbI1lfZ7HE6hy5H9rTl2…)
[14:56:20]   downloaded 1,470.0 MB in 53.6s (27.4 MB/s)
[14:57:47]   upload done video_id=26093553 in 86.7s
[14:57:49] film cr_film_id=3373 OK in 145.3s
[14:57:49] iteration 7/20
[14:57:49] film cr_film_id=3375 name='Anna (2019) CZ Dabing' candidates=14
[14:57:49]   candidate upload_id=5e1d2ed6ab9b2 url=https://prehraj.to/anna-cz-dabing-2019/5e1d2ed6ab9b2
[14:57:51]   resolved in 1.3s → 720p (https://pf-storage5.premiumcdn.net/15658348/m7OuBqhY7s80I4XIdWHb2hrWIZ0C7Qir1t94…)
[14:59:03]   downloaded 1,828.0 MB in 70.6s (25.9 MB/s)
[15:01:13]   upload done video_id=26093657 in 129.9s
[15:01:16] film cr_film_id=3375 OK in 206.5s
[15:01:16] iteration 8/20
[15:01:16] film cr_film_id=3377 name='Poslední semestr (2018) CZ Dabing' candidates=3
[15:01:16]   candidate upload_id=611e2e1d7cb4f url=https://prehraj.to/posledni-semestr-2018-fullhd-czdabing/611e2e1d7cb4f
[15:01:17]   resolved in 1.3s → 720p (https://pf-storage3.premiumcdn.net/24650198/5gVu3KsbPIzZfEeizeh6EsPVtREukGFYXuNe…)
[15:02:05]   downloaded 957.4 MB in 45.7s (20.9 MB/s)
[15:03:50]   upload done video_id=26093761 in 105.3s
[15:03:52] film cr_film_id=3377 OK in 156.0s
[15:03:52] iteration 9/20
[15:03:52] film cr_film_id=3381 name='Básník ze školky (2018) CZ Dabing' candidates=6
[15:03:52]   candidate upload_id=5d8489a09fa43 url=https://prehraj.to/basnik-ze-skolky-the-kindergarten-teacher-2018-1080p-bluray-cz-dabing-mp4/5d8489a09fa43
[15:03:53]   resolved in 1.2s → 720p (https://pf-storage1.premiumcdn.net/14890309/xzZhkrH6mSk5Tp8toGUnzHk4t07fQns6VUm2…)
[15:04:51]   downloaded 1,267.5 MB in 56.1s (22.6 MB/s)
[15:05:50]   upload done video_id=26093832 in 59.3s
[15:05:55] film cr_film_id=3381 OK in 122.8s
[15:05:55] iteration 10/20
[15:05:55] film cr_film_id=3383 name='Gentleman s pistolí (2018) CZ Dabing' candidates=2
[15:05:55]   candidate upload_id=68ec38c518f14 url=https://prehraj.to/gentleman-s-pistoli-2018-cz-dab-1080p/68ec38c518f14
[15:05:56]   resolved in 1.3s → 720p (https://pf-storage3.premiumcdn.net/151173723/xV8Hy0fvOUdxSJ1TDlSekfDBCq8Ikmi9NcW…)
[15:06:59]   downloaded 1,626.0 MB in 60.9s (26.7 MB/s)
[15:09:28]   upload done video_id=26093934 in 149.7s
[15:09:30] film cr_film_id=3383 OK in 215.6s
[15:09:30] iteration 11/20
[15:09:30] film cr_film_id=3385 name='Pan Dort (2018) CZ Dabing' candidates=2
[15:09:30]   candidate upload_id=5d1bac09e66ab url=https://prehraj.to/pan-dort-2018-cz-dabing-bst/5d1bac09e66ab
[15:09:31]   resolved in 1.1s → 480p (https://pf-storage1.premiumcdn.net/14292366/rxnip7cWLFmbh1zsvnsp1cdEfEeF1jHJgtYZ…)
[15:10:02]   downloaded 538.0 MB in 28.6s (18.8 MB/s)
[15:10:59]   upload done video_id=26094052 in 56.7s
[15:11:00] film cr_film_id=3385 OK in 89.9s
[15:11:00] iteration 12/20
[15:11:00] film cr_film_id=3389 name='Nula od Nuly pojde (2006) CZ Dabing' candidates=2
[15:11:00]   candidate upload_id=57d59aaed69cb url=https://prehraj.to/nula-od-nuly-pojde-2006-czdab/57d59aaed69cb
[15:11:01]   resolved in 1.2s → 480p (https://pf-storage2.premiumcdn.net/640128/KlzUkQTj3CEqCgOTz5cqYTr6SYjSWQuAWiyWFY…)
[15:11:26]   downloaded 476.7 MB in 22.7s (21.0 MB/s)
[15:12:31]   upload done video_id=26094110 in 65.6s
[15:12:33] film cr_film_id=3389 OK in 93.0s
[15:12:33] iteration 13/20
[15:12:33] film cr_film_id=3391 name='Puzzle (2018) CZ Dabing' candidates=2
[15:12:33]   candidate upload_id=5e192b19874cd url=https://prehraj.to/puzzle-cz-dabing-2018/5e192b19874cd
[15:12:34]   resolved in 1.2s → 720p (https://pf-storage5.premiumcdn.net/15639334/NAPFwAHznujqT8xf4PHGPHmGSOwS4xCeDSNx…)
[15:13:34]   downloaded 1,253.9 MB in 58.4s (21.5 MB/s)
[15:14:58]   upload done video_id=26094200 in 83.5s
[15:15:00] film cr_film_id=3391 OK in 146.9s
[15:15:00] iteration 14/20
[15:15:00] film cr_film_id=3393 name='Soukromá válka (2018) CZ Dabing' candidates=2
[15:15:00]   candidate upload_id=5f35776e1ede3 url=https://prehraj.to/soukroma-valka-2018-czdab/5f35776e1ede3
[15:15:02]   resolved in 1.9s → 720p (https://pf-storage1.premiumcdn.net/17993631/VRDT5QfymH85hQbCk6t3nfRACVgfKbh86TeZ…)
[15:15:52]   downloaded 1,008.5 MB in 48.2s (20.9 MB/s)
[15:17:52]   upload done video_id=26094315 in 119.7s
[15:17:53] film cr_film_id=3393 OK in 173.5s
[15:17:53] iteration 15/20
[15:17:53] film cr_film_id=3397 name='Equalizer 2 (2018) CZ Dabing' candidates=4
[15:17:53]   candidate upload_id=02c1e001820efb6b url=https://prehraj.to/equalizer-2-2018-cz-dab-1080p/02c1e001820efb6b
[15:17:54]   resolve FAILED: HTTP 502 wrapping permanent upstream error: https://prehraj.to/equalizer-2-2018-cz-dab-1080p/02c1e001820efb6b (permanent=True)
[15:17:54]   candidate upload_id=08621f1f5564e043 url=https://prehraj.to/equalizer-2-2018-cz-dab-1080p/08621f1f5564e043
[15:18:00]   resolve FAILED: HTTP 502 wrapping permanent upstream error: https://prehraj.to/equalizer-2-2018-cz-dab-1080p/08621f1f5564e043 (permanent=True)
[15:18:00]   candidate upload_id=8e8e6aaabef26286 url=https://prehraj.to/equalizer-2-2018-cz-dab-1080p-mp4/8e8e6aaabef26286
[15:18:05]   resolve FAILED: HTTP 502 wrapping permanent upstream error: https://prehraj.to/equalizer-2-2018-cz-dab-1080p-mp4/8e8e6aaabef26286 (permanent=True)
[15:18:05]   candidate upload_id=7e8b1c0639853645 url=https://prehraj.to/equalizer-2-2018-cz-dab-1080p/7e8b1c0639853645
[15:18:11]   resolve FAILED: HTTP 502 wrapping permanent upstream error: https://prehraj.to/equalizer-2-2018-cz-dab-1080p/7e8b1c0639853645 (permanent=True)
[15:18:11] film cr_film_id=3397 all candidates exhausted
[15:18:11] iteration 16/20
[15:18:11] film cr_film_id=3399 name='Pryč od pece (2013) CZ Dabing' candidates=11
[15:18:11]   candidate upload_id=5d8b3185688f7 url=https://prehraj.to/pryc-od-pece-drama-cz-dab-2018-jad/5d8b3185688f7
[15:18:17]   resolved in 6.2s → 720p (https://pf-storage5.premiumcdn.net/14923903/jo7tG1iBMHnRH4nsR4HMkix2SWmHAwClnH3l…)
[15:19:24]   downloaded 1,746.6 MB in 65.3s (26.7 MB/s)
[15:20:53]   upload done video_id=26094486 in 89.0s
[15:20:55] film cr_film_id=3399 OK in 164.1s
[15:20:55] iteration 17/20
[15:20:55] film cr_film_id=3401 name='Sběratel kostí (1999) CZ Dabing' candidates=11
[15:20:55]   candidate upload_id=55e9454000198 url=https://prehraj.to/sberatel-kosti-bone-collector-the-1999-cz-dabing-top-hit/55e9454000198
[15:20:56]   resolved in 1.4s → 480p (https://pf-storage4.premiumcdn.net/275498/x9KiRvfbvC31fZyFXQs4GfGli2otNqSR7i9RSa…)
[15:21:21]   downloaded 550.2 MB in 22.8s (24.1 MB/s)
[15:21:58]   upload done video_id=26094548 in 37.2s
[15:22:00] film cr_film_id=3401 OK in 64.8s
[15:22:00] iteration 18/20
[15:22:00] film cr_film_id=3409 name='Apoštol Pavel (2018) CZ Dabing' candidates=4
[15:22:00]   candidate upload_id=5b60c747e6b28 url=https://prehraj.to/apostol-pavel-cz-dabing-2018/5b60c747e6b28
[15:22:01]   resolved in 1.1s → 480p (https://pf-storage5.premiumcdn.net/5112932/y9VUk5fpVCRgcwYuaQcvofgli0wu6QUw6UJdc…)
[15:22:21]   downloaded 445.0 MB in 18.8s (23.7 MB/s)
[15:22:44]   upload done video_id=26094591 in 22.6s
[15:22:46] film cr_film_id=3409 OK in 46.5s
[15:22:46] iteration 19/20
[15:22:46] film cr_film_id=3413 name='Ztracen v džungli (2017) CZ Dabing' candidates=27
[15:22:46]   candidate upload_id=5b01eadcf014b url=https://prehraj.to/ztracen-v-dzungli-2017-bdrip-cz-dabing/5b01eadcf014b
[15:22:47]   resolved in 1.3s → 480p (https://pf-storage1.premiumcdn.net/4245978/x2OFw6Ceps2MtoATG9TlECOlTqBiOXHnvSMRi…)
[15:23:22]   downloaded 712.5 MB in 33.2s (21.5 MB/s)
[15:23:59]   upload done video_id=26094620 in 36.7s
[15:24:00] film cr_film_id=3413 OK in 74.4s
[15:24:00] iteration 20/20
[15:24:00] film cr_film_id=3427 name='Kingsman: Zlatý kruh (2017) CZ Dabing' candidates=5
[15:24:00]   candidate upload_id=68503b03783e2 url=https://prehraj.to/kingsman-zlaty-kruh-mark-strong-colin-firth-julianne-moore-halle-berry-2017-akcni-dobrodruzny-komedie-bdrip-1080p-cz-dabing/68503b03783e2
[15:24:02]   resolved in 1.1s → 720p (https://pf-storage5.premiumcdn.net/140064131/MOMSm1sBvTkVTnKuyOtoKsmvhjzcazSOrFJ…)
[15:25:38]   downloaded 2,016.0 MB in 94.5s (21.3 MB/s)
[15:27:09]   upload done video_id=26094696 in 91.5s
[15:27:11] film cr_film_id=3427 OK in 190.6s
[15:27:11] batch-end ok=19 failed=1 dur=2700.9s avg/film=142.2s remaining=16413 eta_hours=648.3

===== run 2026-06-18T15:32:53Z shard=1/2 batch_size=20 (https://github.com/Olbrasoft/prehrajto-to-prehrajto/actions/runs/27770699483) =====
[15:32:55] description overrides loaded: 7608 from /home/runner/work/prehrajto-to-prehrajto/prehrajto-to-prehrajto/state/email-generated-descriptions-v3.jsonl
[15:32:55] batch-start shard=1/2 count=20 backlog=17650 uploads=1237 failed_attempts=88 description_overrides=7608
[15:32:55] login
[15:32:57] login done
[15:32:57] iteration 1/20
[15:32:57] film cr_film_id=3429 name='Ztraceni v Mnichově (2015) CZ Dabing' candidates=13
[15:32:57]   candidate upload_id=5bda144ae09c9 url=https://prehraj.to/ztraceni-v-mnichove-cz-dabing-2015/5bda144ae09c9
[15:32:58]   resolved in 1.2s → 480p (https://pf-storage3.premiumcdn.net/7725187/RZyTwEsyah49f0kSG1t3xsR4tayHo5u8JIzYc…)
[15:33:35]   downloaded 608.3 MB in 34.5s (17.6 MB/s)
[15:34:12]   upload done video_id=26094977 in 37.5s
[15:34:14] film cr_film_id=3429 OK in 77.4s
[15:34:14] iteration 2/20
[15:34:14] film cr_film_id=3435 name='Auta 3 (2017) CZ Dabing' candidates=21
[15:34:14]   candidate upload_id=6355b3b759a07 url=https://prehraj.to/auta-3-2017-cz-dabing-cars-3-hd-720p-brrip-cz-sk-dab/6355b3b759a07
[15:34:16]   resolved in 1.6s → 720p (https://pf-storage1.premiumcdn.net/34085737/aLPUPkIpZTDmt2ZfPxIQyIbLFw2tePTbeuk5…)
[15:36:18]   downloaded 2,193.9 MB in 120.3s (18.2 MB/s)
[15:38:36]   upload done video_id=26095067 in 137.7s
[15:38:38] film cr_film_id=3435 OK in 263.6s
[15:38:38] iteration 3/20
[15:38:38] film cr_film_id=3439 name='Bitva o Moskvu (2016) CZ Dabing' candidates=18
[15:38:38]   candidate upload_id=5a007341c6157 url=https://prehraj.to/bitva-o-moskvu-cz-dabing-2016/5a007341c6157
[15:38:39]   resolved in 1.2s → 720p (https://pf-storage1.premiumcdn.net/2899912/8BnUMBFwBi8ZfYJFQnuoYFZocoWCY8fbPf5Wt…)
[15:40:04]   downloaded 1,879.1 MB in 82.8s (22.7 MB/s)
[15:42:50]   upload done video_id=26095209 in 166.4s
[15:42:52] film cr_film_id=3439 OK in 254.3s
[15:42:52] iteration 4/20
[15:42:52] film cr_film_id=3443 name='Léto (2015) CZ Dabing' candidates=4
[15:42:52]   candidate upload_id=586fbcab17fda url=https://prehraj.to/leto-all-exclusive-cz-dabing-2015-lehi/586fbcab17fda
[15:42:53]   resolved in 1.1s → 480p (https://pf-storage1.premiumcdn.net/1352455/WpZcg0T8PCakHElIj0iXmTpKuoyspquyDho1U…)
[15:43:51]   downloaded 1,108.7 MB in 55.4s (20.0 MB/s)
[15:45:10]   upload done video_id=26095350 in 79.0s
[15:45:12] film cr_film_id=3443 OK in 139.6s
[15:45:12] iteration 5/20
[15:45:12] film cr_film_id=3445 name='Masaryk (2016) CZ Dabing' candidates=1
[15:45:12]   candidate upload_id=6891716911dcd url=https://prehraj.to/masaryk-2016-czdab/6891716911dcd
[15:45:13]   resolved in 1.3s → 720p (https://pf-storage1.premiumcdn.net/142972694/BGgTVgf1ehR8SXLhvnhMKfojiopU7zUX1uZ…)
[15:46:10]   downloaded 1,212.2 MB in 55.2s (22.0 MB/s)
[15:47:41]   upload done video_id=26095426 in 90.5s
[15:47:43] film cr_film_id=3445 OK in 151.3s
[15:47:43] iteration 6/20
[15:47:43] film cr_film_id=3449 name='Anna a král (1999) CZ Dabing' candidates=7
[15:47:43]   candidate upload_id=63af877e0ed9f url=https://prehraj.to/anna-a-kral-anna-and-the-king-1999-romanticky-drama-cz-dabing/63af877e0ed9f
[15:47:44]   resolved in 1.1s → 720p (https://pf-storage1.premiumcdn.net/35831815/76bclGUkBi1VcN0FX4H9kUV5sVvhJ8Uqyi61…)
[15:50:44]   downloaded 3,797.7 MB in 177.5s (21.4 MB/s)
[15:55:25]   upload done video_id=26095540 in 281.5s
[15:55:28] film cr_film_id=3449 OK in 464.6s
[15:55:28] iteration 7/20
[15:55:28] film cr_film_id=3459 name='Můj kamarád drak (2016) CZ Dabing' candidates=12
[15:55:28]   candidate upload_id=591322dc40754 url=https://prehraj.to/muj-kamarad-drak-hd-cz-dabing-2016-tuta/591322dc40754
[15:55:29]   resolved in 1.2s → 720p (https://pf-storage5.premiumcdn.net/2165441/yeDfPkuMGi4dSb4hw8iyQuzBU1KfJ4cM1IdgC…)
[15:56:44]   downloaded 1,607.1 MB in 72.9s (22.0 MB/s)
[15:58:16]   upload done video_id=26095700 in 92.8s
[15:58:19] film cr_film_id=3459 OK in 171.2s
[15:58:19] iteration 8/20
[15:58:19] film cr_film_id=3463 name='Imaginárium Dr. Parnasse (2009) CZ Dabing' candidates=8
[15:58:19]   candidate upload_id=592d2615efa3e url=https://prehraj.to/imaginarium-dr-parnasse-2009-cz-dabing/592d2615efa3e
[15:58:20]   resolved in 1.1s → 480p (https://pf-storage1.premiumcdn.net/2277875/ZeWuO2TYQtM5urVfjPcLeTVrtYVCx8Hb8sQ1t…)
[15:59:08]   downloaded 794.7 MB in 46.3s (17.2 MB/s)
[15:59:55]   upload done video_id=26095755 in 46.7s
[15:59:57] film cr_film_id=3463 OK in 98.1s
[15:59:57] iteration 9/20
[15:59:57] film cr_film_id=3467 name='Sirotčinec slečny Peregrinové pro podivné děti (2016) CZ Dabing' candidates=41
[15:59:57]   candidate upload_id=5933e57dd74df url=https://prehraj.to/sirotcinec-slecny-peregrinove-pro-podivne-deti-hd-1080p-cz-dabing-2016-lehi/5933e57dd74df
[15:59:58]   resolved in 1.0s → 720p (https://pf-storage4.premiumcdn.net/2290891/GyqhDLilaFo8SnpfNDhG7ixpH42T6PFOlCb6I…)
[16:22:40]   downloaded 1,747.1 MB in 1360.9s (1.3 MB/s)
[16:24:30]   upload done video_id=26096553 in 109.3s
[16:24:33] film cr_film_id=3467 OK in 1475.7s
[16:24:33] iteration 10/20
[16:24:33] film cr_film_id=3475 name='Kingsglaive - Final Fantasy XV (2016) CZ Dabing' candidates=8
[16:24:33]   candidate upload_id=60969776e354b url=https://prehraj.to/kingsglaive-final-fantasy-xv-2016-bluray-aac-2-0-1080p-h-264-1920x802-cz-dabing/60969776e354b
[16:24:34]   resolved in 1.2s → 720p (https://pf-storage1.premiumcdn.net/23428314/XWzfEmCrGizAS4eFv8hM1Cm1H0LFzwIwAh69…)
[17:13:48]   downloaded 2,235.1 MB in 2951.7s (0.8 MB/s)
[17:16:22]   upload done video_id=26098217 in 154.1s
[17:16:26] film cr_film_id=3475 OK in 3113.1s
[17:16:26] iteration 11/20
[17:16:26] film cr_film_id=3477 name='Warcraft: První střet (2016) CZ Dabing' candidates=30
[17:16:26]   candidate upload_id=62fab16e86b5b url=https://prehraj.to/warcraft-prvni-stret-1080p-cz-dabing-2016/62fab16e86b5b
[17:16:27]   resolved in 1.5s → 720p (https://pf-storage1.premiumcdn.net/32121934/k6af3lCR6h47Hp4I2RfAZCrwI1ncwESrptl8…)
[17:28:06]   downloaded 4,087.9 MB in 696.3s (5.9 MB/s)
[17:32:10]   upload done video_id=26098635 in 243.8s
[17:32:12] film cr_film_id=3477 OK in 946.7s
[17:32:12] iteration 12/20
[17:32:12] film cr_film_id=3489 name='Můj soused zabiják (2000) CZ Dabing' candidates=5
[17:32:12]   candidate upload_id=6716b48fc2f88 url=https://prehraj.to/muj-soused-zabijak-2000-cz-dab/6716b48fc2f88
[17:32:14]   resolved in 1.3s → 720p (https://pf-storage5.premiumcdn.net/103180481/Z61tDRc1dsB7IPoFrlsGoc4luR4UyxHlpFM…)
[17:35:40]   downloaded 1,323.6 MB in 203.8s (6.5 MB/s)
[17:37:52]   upload done video_id=26098863 in 132.3s
[17:37:54] film cr_film_id=3489 OK in 341.7s
[17:37:54] iteration 13/20
[17:37:54] film cr_film_id=3491 name='Góóól! (2005) CZ Dabing' candidates=3
[17:37:54]   candidate upload_id=65bd7cd888f8c url=https://prehraj.to/goool-1-goal-1-2005-cz-dab-dvdrip/65bd7cd888f8c
[17:37:55]   resolved in 1.1s → 480p (https://pf-storage2.premiumcdn.net/72977234/LDVimkT8gup2UP2H5WFNPTgqhKPcWvI8VSGP…)
[17:50:47]   downloaded 604.4 MB in 769.8s (0.8 MB/s)
[17:51:45]   upload done video_id=26099354 in 57.8s
[17:51:47] film cr_film_id=3491 OK in 832.8s
[17:51:47] iteration 14/20
[17:51:47] film cr_film_id=3493 name='Oheň (1991) CZ Dabing' candidates=4
[17:51:47]   candidate upload_id=55deffcc3ac88 url=https://prehraj.to/ohen-1991-czdab/55deffcc3ac88
[17:51:49]   resolved in 1.6s → 480p (https://pf-storage2.premiumcdn.net/240605/6X9uYmcJyCWzhlrIAWs69cLGIpytlztdYFBkCP…)
[17:55:57]   downloaded 886.6 MB in 246.5s (3.6 MB/s)
[17:56:52]   upload done video_id=26099510 in 54.8s
[17:56:54] film cr_film_id=3493 OK in 307.1s
[17:56:54] iteration 15/20
[17:56:54] film cr_film_id=3495 name='Karlík a továrna na čokoládu (2005) CZ Dabing' candidates=3
[17:56:54]   candidate upload_id=d6e80761777ef81f url=https://prehraj.to/karlik-a-tovarna-na-cokoladu-2005-cz-dab-1080p/d6e80761777ef81f
[17:56:56]   resolve FAILED: HTTP 502 wrapping permanent upstream error: https://prehraj.to/karlik-a-tovarna-na-cokoladu-2005-cz-dab-1080p/d6e80761777ef81f (permanent=True)
[17:56:56]   candidate upload_id=ec988d000fbfb191 url=https://prehraj.to/karlik-a-tovarna-na-cokoladu-2005-cz-dab/ec988d000fbfb191
[17:57:02]   resolved in 6.4s → 1080p (https://pf-storage3.premiumcdn.net/165039122/PaLiw2HM4c9wCK9Hg6cnvHkNsArIGqHKDIE…)
[17:59:24]   downloaded 3,054.6 MB in 140.0s (21.8 MB/s)
[18:02:41]   upload done video_id=26099611 in 197.3s
[18:02:44] film cr_film_id=3495 OK in 349.8s
[18:02:44] iteration 16/20
[18:02:44] film cr_film_id=3497 name='Nový svět (2005) CZ' candidates=4
[18:02:44]   candidate upload_id=5fbe6e69af3e1 url=https://prehraj.to/novy-svet-2005-hd-cz/5fbe6e69af3e1
[18:02:45]   resolved in 1.5s → 720p (https://pf-storage5.premiumcdn.net/20287047/wWRsq1CJrIzYuaYhWviLjCaoHYZTnjIb1sVX…)
[18:04:38]   downloaded 2,274.4 MB in 110.4s (20.6 MB/s)
[18:07:10]   upload done video_id=26099754 in 151.9s
[18:07:12] film cr_film_id=3497 OK in 267.7s
[18:07:12] iteration 17/20
[18:07:12] film cr_film_id=3499 name='Madagaskar 2: Útěk do Afriky (2008) CZ Dabing' candidates=2
[18:07:12]   candidate upload_id=68e9374190b89 url=https://prehraj.to/madagaskar-2-utek-do-afriky-2008-cz-dab-1080p/68e9374190b89
[18:07:13]   resolved in 1.2s → 1080p (https://pf-storage5.premiumcdn.net/150754848/3OefvauVMhv2sZwH97FOJuyMiVXcvzs54TN…)
[18:18:37]   downloaded 3,029.5 MB in 682.3s (4.4 MB/s)
[18:21:42]   upload done video_id=26100203 in 184.9s
[18:21:45] film cr_film_id=3499 OK in 873.1s
[18:21:45] iteration 18/20
[18:21:45] film cr_film_id=3501 name='Sexbomba od vedle (2004) CZ Dabing' candidates=15
[18:21:45]   candidate upload_id=63c4349f5198e url=https://prehraj.to/sexbomba-od-vedle-2004-komedie-drama-romanticky-1080p-en-cz-dabing/63c4349f5198e
[18:21:46]   resolved in 1.2s → 720p (https://pf-storage3.premiumcdn.net/36353386/7WJhyKigXuLQCdXCVJSe4idJHRMc24sYvU9j…)
[18:38:04]   downloaded 1,867.0 MB in 975.9s (1.9 MB/s)
[18:40:30]   upload done video_id=26100597 in 146.2s
[18:40:33] film cr_film_id=3501 OK in 1127.9s
[18:40:33] iteration 19/20
[18:40:33] film cr_film_id=3503 name='Policejní akademie (1984) CZ Dabing' candidates=2
[18:40:33]   candidate upload_id=67df2f6da82e7 url=https://prehraj.to/policejni-akademie-1-1984-cz-dab/67df2f6da82e7
[18:40:34]   resolved in 1.3s → 1080p (https://pf-storage3.premiumcdn.net/133020851/074hqNU40TvKTQwC5PfXvUxKtvVioeTKEcD…)
[19:40:37]   download FAILED after 3600.5s: curl exit 28: curl: (28) Operation timed out after 3599404 milliseconds with 2588446288 out of 5197416594 bytes received
[19:40:37]   candidate upload_id=67482e0a2df34 url=https://prehraj.to/policejni-akademie-i-1984-cz-cz/67482e0a2df34
[19:40:38]   resolved in 1.5s → 1080p (https://pf-storage5.premiumcdn.net/113250665/wLVFGzIJKiyRcqDt1nf0KIbDCoRSK0uWpsJ…)
[19:48:57]   downloaded 5,197.4 MB in 496.5s (10.5 MB/s)
[19:53:51]   upload done video_id=26102201 in 294.6s
[19:53:55] film cr_film_id=3503 OK in 4402.0s
[19:53:55] iteration 20/20
[19:53:55] film cr_film_id=3505 name='Turbo Kid (2015) CZ Dabing' candidates=2
[19:53:55]   candidate upload_id=5e9ddd2627733 url=https://prehraj.to/turbo-kid-2015-cz-dabing-bst/5e9ddd2627733
[19:53:56]   resolved in 1.1s → 480p (https://pf-storage5.premiumcdn.net/16294561/RMqTbWfkMHPnuBMFlaIa3fjQcdxtGOc0lsyj…)
[20:04:17]   downloaded 575.0 MB in 619.4s (0.9 MB/s)
[20:05:03]   upload done video_id=26102466 in 45.5s
[20:05:05] film cr_film_id=3505 OK in 670.3s
[20:05:05] batch-end ok=20 failed=0 dur=16328.2s avg/film=816.4s remaining=16393 eta_hours=3717.6

===== run 2026-06-18T20:05:40Z shard=1/2 batch_size=20 (https://github.com/Olbrasoft/prehrajto-to-prehrajto/actions/runs/27786111659) =====
[20:05:42] description overrides loaded: 8187 from /home/runner/work/prehrajto-to-prehrajto/prehrajto-to-prehrajto/state/email-generated-descriptions-v3.jsonl
[20:05:42] batch-start shard=1/2 count=20 backlog=17650 uploads=1257 failed_attempts=90 description_overrides=8187
[20:05:42] login
[20:05:43] login done
[20:05:43] iteration 1/20
[20:05:43] film cr_film_id=3511 name='Spása (2014) CZ Dabing' candidates=5
[20:05:43]   candidate upload_id=64759b98b00e5 url=https://prehraj.to/spasa-the-salvation-2014-dan-western-cz-dab-1920x1080p-full/64759b98b00e5
[20:05:44]   resolved in 1.1s → 1080p (https://pf-storage3.premiumcdn.net/41210254/BV9sZMI3rSAjIpVTyZU4KIB7sjpHoPHOzCYe…)
[20:11:21]   downloaded 2,554.0 MB in 335.0s (7.6 MB/s)
[20:14:05]   upload done video_id=26102647 in 164.6s
[20:14:07] film cr_film_id=3511 OK in 504.4s
[20:14:07] iteration 2/20
[20:14:07] film cr_film_id=3517 name='Andělé a démoni (2009) CZ Dabing' candidates=2
[20:14:07]   candidate upload_id=42fffe34d62433db url=https://prehraj.to/andele-a-demoni-2009-cz-dab-1080p/42fffe34d62433db
[20:14:08]   resolve FAILED: HTTP 502 wrapping permanent upstream error: https://prehraj.to/andele-a-demoni-2009-cz-dab-1080p/42fffe34d62433db (permanent=True)
[20:14:08]   candidate upload_id=58a299e00d4c5cf3 url=https://prehraj.to/andele-a-demoni-2009-cz-dab-1080p/58a299e00d4c5cf3
[20:14:14]   resolve FAILED: HTTP 502 wrapping permanent upstream error: https://prehraj.to/andele-a-demoni-2009-cz-dab-1080p/58a299e00d4c5cf3 (permanent=True)
[20:14:14] film cr_film_id=3517 all candidates exhausted
[20:14:14] iteration 3/20
[20:14:14] film cr_film_id=3519 name='Co by kdyby (2014) CZ Dabing' candidates=5
[20:14:14]   candidate upload_id=57bf09ddb3961 url=https://prehraj.to/co-by-kdyby-this-is-where-i-leave-you-2014-full-hd-cz-dabing/57bf09ddb3961
[20:14:20]   resolved in 6.0s → 720p (https://pf-storage2.premiumcdn.net/11483/78oHvZhAof4zfdli8eUvlhMeTyVUJ6cjktpVCd3…)
[20:18:25]   downloaded 1,682.3 MB in 243.5s (6.9 MB/s)
[20:19:27]   upload done video_id=26102837 in 62.3s
[20:19:28] film cr_film_id=3519 OK in 314.8s
[20:19:28] iteration 4/20
[20:19:28] film cr_film_id=3521 name='Vybíjená (2004) CZ Dabing' candidates=25
[20:19:28]   candidate upload_id=5c9009e3d5ce8 url=https://prehraj.to/vybijena-2004-dvdrip-cz-dabing-m3/5c9009e3d5ce8
[20:19:29]   resolved in 1.0s → 480p (https://pf-storage3.premiumcdn.net/12497407/xlMInqfj0iAGfJocQXTYLfKLS6nFmni3yUZL…)
[20:24:17]   downloaded 625.5 MB in 286.4s (2.2 MB/s)
[20:24:40]   upload done video_id=26102974 in 23.0s
[20:24:43] film cr_film_id=3521 OK in 314.0s
[20:24:43] iteration 5/20
[20:24:43] film cr_film_id=3525 name='Vyměřený čas (2011) CZ Dabing' candidates=30
[20:24:43]   candidate upload_id=5842e642e4f32 url=https://prehraj.to/vymereny-cas-cz-dabing-2011-in-time/5842e642e4f32
[20:24:44]   resolved in 2.0s → 480p (https://pf-storage4.premiumcdn.net/987361/R4eTWwH4qSJPiylflwFRZH1NfRvCOaClOsZ8FV…)
[20:25:00]   downloaded 484.1 MB in 14.7s (32.9 MB/s)
[20:25:25]   upload done video_id=26102991 in 24.2s
[20:25:27] film cr_film_id=3525 OK in 44.1s
[20:25:27] iteration 6/20
[20:25:27] film cr_film_id=3529 name='Uvnitř (2007) CZ Dabing' candidates=7
[20:25:27]   candidate upload_id=55f01ffe358b4 url=https://prehraj.to/uvnitr-2007-czdab/55f01ffe358b4
[20:25:28]   resolved in 1.0s → 480p (https://pf-storage2.premiumcdn.net/292330/Y1AIZACw8iJ6hp0I79up4CJEsDyiZGfRwIqQSa…)
[20:25:42]   downloaded 339.3 MB in 12.5s (27.1 MB/s)
[20:26:02]   upload done video_id=26103002 in 20.1s
[20:26:03] film cr_film_id=3529 OK in 36.4s
[20:26:03] iteration 7/20
[20:26:03] film cr_film_id=3537 name='Blade II (2002) CZ Dabing' candidates=28
[20:26:03]   candidate upload_id=569c7a85ccc8f url=https://prehraj.to/blade-2-blade-2-cz-dabing-2002/569c7a85ccc8f
[20:26:04]   resolved in 1.2s → 480p (https://pf-storage3.premiumcdn.net/525506/5R2sZEF75uovT9eio5H5VFvdUyzhX2H27uKPfK…)
[20:26:19]   downloaded 447.6 MB in 13.4s (33.4 MB/s)
[20:26:41]   upload done video_id=26103017 in 21.5s
[20:26:42] film cr_film_id=3537 OK in 38.9s
[20:26:42] iteration 8/20
[20:26:42] film cr_film_id=3541 name='Šňup (2002) CZ Dabing' candidates=15
[20:26:42]   candidate upload_id=55ea913d56ed2 url=https://prehraj.to/snup-2002-czdab/55ea913d56ed2
[20:26:43]   resolved in 1.1s → 480p (https://pf-storage3.premiumcdn.net/280786/zo4SAxiQvUrjsElun9F72ieJcDrfXyt3oTNGh9…)
[20:27:06]   downloaded 644.0 MB in 21.7s (29.7 MB/s)
[20:27:32]   upload done video_id=26103037 in 26.3s
[20:27:33] film cr_film_id=3541 OK in 51.5s
[20:27:33] iteration 9/20
[20:27:33] film cr_film_id=3551 name='Hranice života (2005) CZ Dabing' candidates=5
[20:27:33]   candidate upload_id=5f523b0f3afc1 url=https://prehraj.to/hranice-zivota-thriller-cz-dab-2005-jad/5f523b0f3afc1
[20:27:34]   resolved in 0.7s → 720p (https://pf-storage1.premiumcdn.net/18436935/KMDcPXfgDUEqUVJHMwHJZfqOcg1hEZtDWUNn…)
[20:28:25]   downloaded 1,837.0 MB in 49.6s (37.0 MB/s)
[20:30:03]   upload done video_id=26103069 in 97.9s
[20:30:04] film cr_film_id=3551 OK in 150.7s
[20:30:04] iteration 10/20
[20:30:04] film cr_film_id=3553 name='V moci ďábla (2005) CZ Dabing' candidates=17
[20:30:04]   candidate upload_id=5821264a5c5b0 url=https://prehraj.to/v-moci-dabla-cz-dabing-2005/5821264a5c5b0
[20:30:05]   resolved in 1.0s → 480p (https://pf-storage3.premiumcdn.net/812718/03PILGTAdi0zc3NfgahxATrYskwtmXfvZuaptO…)
[20:30:19]   downloaded 398.4 MB in 12.1s (32.9 MB/s)
[20:30:40]   upload done video_id=26103116 in 21.3s
[20:30:41] film cr_film_id=3553 OK in 37.0s
[20:30:41] iteration 11/20
[20:30:41] film cr_film_id=3555 name='Jezero smrti (2008) CZ Dabing' candidates=12
[20:30:41]   candidate upload_id=57cd6aa3e4480 url=https://prehraj.to/jezero-smrti-2008-czdab/57cd6aa3e4480
[20:30:43]   resolved in 1.9s → 480p (https://pf-storage4.premiumcdn.net/495527/173TqKh7puk8UnQu3aIRahNBC9AH1WI7YtKdsY…)
[20:31:06]   downloaded 628.4 MB in 21.7s (29.0 MB/s)
[20:31:35]   upload done video_id=26103133 in 29.0s
[20:31:37] film cr_film_id=3555 OK in 55.5s
[20:31:37] iteration 12/20
[20:31:37] film cr_film_id=3557 name='Hanna (2011) CZ Dabing' candidates=13
[20:31:37]   candidate upload_id=5a9c38408e7fe url=https://prehraj.to/hanna-2011-hdrip-cz-dabing-m3/5a9c38408e7fe
[20:31:37]   resolved in 0.9s → 480p (https://pf-storage4.premiumcdn.net/3534534/PX0faMFDEHzltKzFDLtmqFLMhGOCLnUbxSnMI…)
[20:42:22]   downloaded 615.8 MB in 642.9s (1.0 MB/s)
[20:42:46]   upload done video_id=26103397 in 24.5s
[20:42:48] film cr_film_id=3557 OK in 671.7s
[20:42:48] iteration 13/20
[20:42:48] film cr_film_id=3559 name='Gangster Squad – Lovci mafie (2013) CZ Dabing' candidates=9
[20:42:48]   candidate upload_id=0b66663a692f9a13 url=https://prehraj.to/gangster-squad-lovci-mafie-2013-cz-dab-1080p/0b66663a692f9a13
[20:42:49]   resolved in 1.1s → 1080p (https://pf-storage1.premiumcdn.net/167928433/ykwHlDUvaFP3fEgup5To5UDYHWDU8LfXzTY…)
[20:44:00]   downloaded 1,941.1 MB in 69.4s (28.0 MB/s)
[20:45:08]   upload done video_id=26103435 in 67.9s
[20:45:09] film cr_film_id=3559 OK in 141.2s
[20:45:09] iteration 14/20
[20:45:09] film cr_film_id=3561 name='Plán útěku (2013) CZ Dabing' candidates=9
[20:45:09]   candidate upload_id=5ea0386bca539 url=https://prehraj.to/plan-uteku-2013-czdabing/5ea0386bca539
[20:45:10]   resolved in 0.9s → 720p (https://pf-storage5.premiumcdn.net/16320853/y6qc8ySB0FwEFXdTOGTAVSQ0sL9tl2sN9TxV…)
[20:49:17]   downloaded 1,852.8 MB in 245.4s (7.6 MB/s)
[20:50:56]   upload done video_id=26103530 in 98.6s
[20:50:58] film cr_film_id=3561 OK in 348.6s
[20:50:58] iteration 15/20
[20:50:58] film cr_film_id=3565 name='Případ Frieda (2024) CZ Dabing' candidates=4
[20:50:58]   candidate upload_id=6bbbc8fe295aa439 url=https://prehraj.to/pripad-frieda-2024-drama-svycarsko-czdab-1080p-mkv/6bbbc8fe295aa439
[20:50:59]   resolved in 1.1s → 720p (https://pf-storage5.premiumcdn.net/167730670/z8vSEwc4XFeoFD4h0msV3cw6ikGfJLsgnUR…)
[21:01:16]   downloaded 1,337.0 MB in 615.6s (2.2 MB/s)
[21:02:16]   upload done video_id=26103776 in 59.7s
[21:02:18] film cr_film_id=3565 OK in 679.7s
[21:02:18] iteration 16/20
[21:02:18] film cr_film_id=3567 name='Padělaný život (2025) CZ Dabing' candidates=4
[21:02:18]   candidate upload_id=f959de611c175ede url=https://prehraj.to/padelany-zivot-2026-cz-dabing-1080p-mkv/f959de611c175ede
[21:02:19]   resolved in 1.0s → 720p (https://pf-storage5.premiumcdn.net/167923093/APLIknfDvi9BCL1TZdsA5frNcnKCwzFJjIk…)
[21:02:54]   downloaded 1,224.8 MB in 33.6s (36.5 MB/s)
[21:03:37]   upload done video_id=26103796 in 43.2s
[21:03:39] film cr_film_id=3567 OK in 80.8s
[21:03:39] iteration 17/20
[21:03:39] film cr_film_id=3569 name='Čarodějka: Druhá část (2025) CZ Dabing' candidates=4
[21:03:39]   candidate upload_id=4a37a2fc5a151290 url=https://prehraj.to/wicked-for-good-2025-cz-dabing-1080p/4a37a2fc5a151290
[21:03:40]   resolved in 1.0s → 720p (https://pf-storage5.premiumcdn.net/163213724/DOgFB7fm7Tdnt8BUGEuN4fEjHkWSp4iDpUE…)
[21:04:50]   downloaded 2,544.2 MB in 69.2s (36.8 MB/s)
[21:06:24]   upload done video_id=26103825 in 93.4s
[21:06:25] film cr_film_id=3569 OK in 166.7s
[21:06:25] iteration 18/20
[21:06:25] film cr_film_id=3571 name='Když se světlo zlomí (2024) CZ Dabing' candidates=7
[21:06:25]   candidate upload_id=8ae084f340c7efec url=https://prehraj.to/kdyz-se-svetlo-zlomi-2024-cz-dabing-1080p-mkv/8ae084f340c7efec
[21:06:26]   resolved in 1.0s → 1080p (https://pf-storage5.premiumcdn.net/160525592/zwkuoJIJqTaWHy3Sq5fmEIDru6DSeqUR8f5…)
[21:11:26]   downloaded 2,457.8 MB in 297.7s (8.3 MB/s)
[21:13:05]   upload done video_id=26103944 in 99.0s
[21:13:07] film cr_film_id=3571 OK in 401.3s
[21:13:07] iteration 19/20
[21:13:07] film cr_film_id=3575 name='Policajt v Beverly Hills II (1987) CZ Dabing' candidates=3
[21:13:07]   candidate upload_id=57d874f4507f8 url=https://prehraj.to/policajt-v-beverly-hills-2-1987-czdab/57d874f4507f8
[21:13:08]   resolved in 0.9s → 480p (https://pf-storage2.premiumcdn.net/641964/YYEueWUR2S6wfQas9rtOxUQPi2rspAsANumqtb…)
[21:19:36]   downloaded 801.0 MB in 386.5s (2.1 MB/s)
[21:20:25]   upload done video_id=26104141 in 49.4s
[21:20:26] film cr_film_id=3575 OK in 439.8s
[21:20:26] iteration 20/20
[21:20:26] film cr_film_id=3577 name='Bojovnice ve stínu (2025) CZ Dabing' candidates=1
[21:20:26]   candidate upload_id=68f23286167aa url=https://prehraj.to/bojovnice-ve-stinu-2025-1080p-cz-dabing/68f23286167aa
[21:20:27]   resolved in 1.0s → 1080p (https://pf-storage3.premiumcdn.net/152016435/AMoT9KUvZik5HzESaVsPVUdEiDJSoGSN5fg…)
[21:24:01]   downloaded 1,797.2 MB in 212.2s (8.5 MB/s)
[21:25:10]   upload done video_id=26104257 in 68.9s
[21:25:12] film cr_film_id=3577 OK in 285.4s
[21:25:12] batch-end ok=19 failed=1 dur=4768.8s avg/film=251.0s remaining=16374 eta_hours=1141.6

===== run 2026-06-18T21:25:42Z shard=1/2 batch_size=20 (https://github.com/Olbrasoft/prehrajto-to-prehrajto/actions/runs/27790284321) =====
[21:25:43] description overrides loaded: 8187 from /home/runner/work/prehrajto-to-prehrajto/prehrajto-to-prehrajto/state/email-generated-descriptions-v3.jsonl
[21:25:43] batch-start shard=1/2 count=20 backlog=17650 uploads=1276 failed_attempts=92 description_overrides=8187
[21:25:43] login
[21:25:45] login done
[21:25:45] iteration 1/20
[21:25:45] film cr_film_id=3581 name='28 let poté (2025) CZ Dabing' candidates=2
[21:25:45]   candidate upload_id=eeb074a0ef0f8e61 url=https://prehraj.to/28-let-pote-2025-cz-dab/eeb074a0ef0f8e61
[21:25:45]   resolve FAILED: HTTP 502 wrapping permanent upstream error: https://prehraj.to/28-let-pote-2025-cz-dab/eeb074a0ef0f8e61 (permanent=True)
[21:25:45]   candidate upload_id=00ab5199f0330fd0 url=https://prehraj.to/28-let-pote-2025-czdab/00ab5199f0330fd0
[21:25:51]   resolve FAILED: HTTP 502 wrapping permanent upstream error: https://prehraj.to/28-let-pote-2025-czdab/00ab5199f0330fd0 (permanent=True)
[21:25:51] film cr_film_id=3581 all candidates exhausted
[21:25:51] iteration 2/20
[21:25:51] film cr_film_id=3587 name='Oui, šéfe! (2012) CZ Dabing' candidates=1
[21:25:51]   candidate upload_id=5668cadd234ee url=https://prehraj.to/oui-sefe-2012-cz-dabing/5668cadd234ee
[21:25:58]   resolved in 6.5s → 480p (https://pf-storage5.premiumcdn.net/510714/pMauBgHZ2uM2uo8C12IWdHYlU5Rh31FOpIv7TG…)
[21:27:58]   downloaded 456.2 MB in 118.5s (3.8 MB/s)
[21:28:22]   upload done video_id=26104336 in 23.5s
[21:28:23] film cr_film_id=3587 OK in 151.6s
[21:28:23] iteration 3/20
[21:28:23] film cr_film_id=3591 name='Sex (2024) CZ Dabing' candidates=2
[21:28:23]   candidate upload_id=682737b3abea6 url=https://prehraj.to/sex-2024-cz-dab-1080p/682737b3abea6
[21:28:25]   resolved in 1.7s → 1080p (https://pf-storage3.premiumcdn.net/138131402/g7ehOEi37f4GfD0F72H4Kizqhv3CbeTdOtw…)
[21:29:08]   downloaded 1,285.4 MB in 41.5s (31.0 MB/s)
[21:30:23]   upload done video_id=26104360 in 74.9s
[21:30:24] film cr_film_id=3591 OK in 120.8s
[21:30:24] iteration 4/20
[21:30:24] film cr_film_id=3593 name='Paddington v džungli (2024) CZ Dabing' candidates=10
[21:30:24]   candidate upload_id=bb59d6a5b5f6b65a url=https://prehraj.to/paddington-v-peru-2024-cz-dabing-1080p/bb59d6a5b5f6b65a
[21:30:25]   resolved in 1.2s → 1080p (https://pf-storage3.premiumcdn.net/156002165/pPDTz2uyJSRqFWET3Ps3auVaTb3f7XIxYSW…)
[21:32:01]   downloaded 3,005.4 MB in 94.7s (31.7 MB/s)
[21:34:26]   upload done video_id=26104418 in 145.5s
[21:34:28] film cr_film_id=3593 OK in 244.7s
[21:34:28] iteration 5/20
[21:34:28] film cr_film_id=3595 name='Buffalo Kids (2024) CZ Dabing' candidates=1
[21:34:28]   candidate upload_id=67d1ef8455e84 url=https://prehraj.to/buffalo-kids-2024-cz-dabing-hd-1/67d1ef8455e84
[21:34:29]   resolved in 1.0s → 720p (https://pf-storage3.premiumcdn.net/131978882/PwjfW0TNOTZXSqdH3JclbTgNF8xIagfnyfG…)
[21:35:14]   downloaded 987.7 MB in 42.8s (23.1 MB/s)
[21:35:59]   upload done video_id=26104481 in 44.6s
[21:36:00] film cr_film_id=3595 OK in 91.7s
[21:36:00] iteration 6/20
[21:36:00] film cr_film_id=3597 name='Zatracená krvavá láska (2024) CZ Dabing' candidates=2
[21:36:00]   candidate upload_id=68ec6c6d09f38 url=https://prehraj.to/zatracena-krvava-laska-2024-cz-dab-1080p/68ec6c6d09f38
[21:36:01]   resolved in 1.3s → 1080p (https://pf-storage5.premiumcdn.net/151205136/oyWFaoiR0uzmU9XIDRUBLiY9cABSk9ukEfm…)
[21:37:04]   downloaded 1,940.4 MB in 61.6s (31.5 MB/s)
[21:38:54]   upload done video_id=26104520 in 109.3s
[21:38:56] film cr_film_id=3597 OK in 175.6s
[21:38:56] iteration 7/20
[21:38:56] film cr_film_id=3599 name='V nesprávných službách (2023) CZ Dabing' candidates=4
[21:38:56]   candidate upload_id=678e8fad284f6 url=https://prehraj.to/v-nespravnych-sluzbach-2023-cz-dabing-1080p/678e8fad284f6
[21:38:57]   resolved in 1.1s → 1080p (https://pf-storage5.premiumcdn.net/127839758/BqOcQ2ImXFlnSxaiznU6oIOLCKvTndFBqsO…)
[21:40:19]   downloaded 1,644.8 MB in 80.5s (20.4 MB/s)
[21:41:45]   upload done video_id=26104584 in 85.7s
[21:41:46] film cr_film_id=3599 OK in 170.5s
[21:41:46] iteration 8/20
[21:41:46] film cr_film_id=3601 name='Jackass: Film (2002) CZ Dabing' candidates=9
[21:41:46]   candidate upload_id=58210798852f3 url=https://prehraj.to/jackass-film-jackass-the-movie-cz-dabing-2002/58210798852f3
[21:41:47]   resolved in 1.1s → 480p (https://pf-storage2.premiumcdn.net/812291/8W0ix1CQVc91Fa9HMJt9vCdKtkEHgasMxTaksL…)
[21:42:06]   downloaded 262.6 MB in 17.2s (15.3 MB/s)
[21:42:22]   upload done video_id=26104631 in 15.8s
[21:42:23] film cr_film_id=3601 OK in 37.2s
[21:42:23] iteration 9/20
[21:42:23] film cr_film_id=3605 name='Psanci: Konečná pomsta (2024) CZ Dabing' candidates=2
[21:42:23]   candidate upload_id=672f64eb25cf4 url=https://prehraj.to/psanci-potrestani-2024-cz-dabing-1080p/672f64eb25cf4
[21:42:24]   resolved in 1.0s → 1080p (https://pf-storage5.premiumcdn.net/105556571/11ji89svKIa2I3wuqMcqasqRiWgFZGuleHK…)
[21:44:28]   downloaded 2,513.0 MB in 122.2s (20.6 MB/s)
[21:46:32]   upload done video_id=26104687 in 123.5s
[21:46:34] film cr_film_id=3605 OK in 250.2s
[21:46:34] iteration 10/20
[21:46:34] film cr_film_id=3609 name='Válka a povstání (2024) CZ Dabing' candidates=3
[21:46:34]   candidate upload_id=67095fda98af6 url=https://prehraj.to/valka-a-povstani-2024-cz-dabing-1080p/67095fda98af6
[21:46:35]   resolved in 1.1s → 1080p (https://pf-storage3.premiumcdn.net/101346518/0RwHA1cAYio4SMBSPmcpLcqMuJqfj0SE5T1…)
[21:48:24]   downloaded 3,087.5 MB in 107.4s (28.7 MB/s)
[21:51:07]   upload done video_id=26104961 in 163.6s
[21:51:09] film cr_film_id=3609 OK in 275.2s
[21:51:09] iteration 11/20
[21:51:09] film cr_film_id=3611 name='Slušná společnost (2023) CZ Dabing' candidates=3
[21:51:09]   candidate upload_id=e26c5cc4f632dd1d url=https://prehraj.to/slusna-spolecnost-2023-cz-dab-1080p-mp4/e26c5cc4f632dd1d
[21:51:10]   resolved in 1.1s → 1080p (https://pf-storage3.premiumcdn.net/168465910/M2Ps4jiOnTznI2gTpKHpZi3mf2EtJZSqafQ…)
[21:52:56]   downloaded 2,519.7 MB in 104.5s (24.1 MB/s)
[21:55:42]   upload done video_id=26105095 in 165.2s
[21:55:43] film cr_film_id=3611 OK in 274.1s
[21:55:43] iteration 12/20
[21:55:43] film cr_film_id=3615 name='Twister (1996) CZ Dabing' candidates=4
[21:55:43]   candidate upload_id=666f046223d55 url=https://prehraj.to/twister-1996-cz-dabing-1080p/666f046223d55
[21:55:44]   resolved in 1.3s → 720p (https://pf-storage1.premiumcdn.net/78809375/PZASLNfQYIrRh2kFK1UVJfayUWLC1yUm1Sq4…)
[21:57:08]   downloaded 2,344.4 MB in 81.7s (28.7 MB/s)
[21:58:49]   upload done video_id=26105189 in 101.2s
[21:58:52] film cr_film_id=3615 OK in 189.0s
[21:58:52] iteration 13/20
[21:58:52] film cr_film_id=3617 name='Horizont: Americká sága (2024) CZ' candidates=2
[21:58:52]   candidate upload_id=67200cfeb0677 url=https://prehraj.to/horizont-americka-saga-2024-sk-titulky-1080p/67200cfeb0677
[21:58:53]   resolved in 1.2s → 720p (https://pf-storage5.premiumcdn.net/104490977/8meIbvf6zTg9S9zsQYidpfmRs0esp7h63cJ…)
[22:01:01]   downloaded 2,903.6 MB in 125.8s (23.1 MB/s)
[22:03:30]   upload done video_id=26105236 in 149.0s
[22:03:31] film cr_film_id=3617 OK in 279.4s
[22:03:31] iteration 14/20
[22:03:31] film cr_film_id=3619 name='Oddanost (2022) CZ Dabing' candidates=1
[22:03:31]   candidate upload_id=669d10efe25e7 url=https://prehraj.to/oddanost-2022-cz-dabing-720p/669d10efe25e7
[22:03:32]   resolved in 1.1s → 720p (https://pf-storage1.premiumcdn.net/86116919/pJ5irqh5aSpbsVXTgJCJlhPgtOQfeEfjPFqA…)
[22:04:20]   downloaded 1,363.8 MB in 45.8s (29.8 MB/s)
[22:05:22]   upload done video_id=26105281 in 62.3s
[22:05:24] film cr_film_id=3619 OK in 112.2s
[22:05:24] iteration 15/20
[22:05:24] film cr_film_id=3621 name='Čtyři malí dospělí (2023) CZ Dabing' candidates=5
[22:05:24]   candidate upload_id=6687d7292c407 url=https://prehraj.to/ctyri-mali-dospeli-2023-cz-dabing-1080p/6687d7292c407
[22:05:25]   resolved in 1.2s → 1080p (https://pf-storage5.premiumcdn.net/82492655/24GH0QUpECDbcqnSvRI12UkncDpiE5UYmFY6…)
[22:06:37]   downloaded 1,684.8 MB in 70.2s (24.0 MB/s)
[22:06:37]   upload FAILED after 0.0s: ('Connection aborted.', RemoteDisconnected('Remote end closed connection without response'))
[22:06:38]   candidate upload_id=7cb5f9d736e12db6 url=https://prehraj.to/ctyri-mali-dospeli-2023-cz-dab-1080p/7cb5f9d736e12db6
[22:06:39]   resolved in 1.2s → 1080p (https://pf-storage5.premiumcdn.net/168348343/AjxuG1fLpum2UZQTvecQofxOIYjs53u7WcW…)
[22:07:50]   downloaded 1,689.0 MB in 69.5s (24.3 MB/s)
[22:09:31]   upload done video_id=26105326 in 101.2s
[22:09:32] film cr_film_id=3621 OK in 248.7s
[22:09:32] iteration 16/20
[22:09:32] film cr_film_id=3623 name='Goyo (2024) CZ Dabing' candidates=6
[22:09:32]   candidate upload_id=683a3f73dd957 url=https://prehraj.to/goyo-2024-cz-dabing-1080p/683a3f73dd957
[22:09:33]   resolved in 1.1s → 1080p (https://pf-storage5.premiumcdn.net/138931502/nQeSP9hQ9cERHW2SvKf8Eh0DHk1Hgni1dtw…)
[22:10:42]   downloaded 1,626.5 MB in 66.8s (24.3 MB/s)
[22:12:29]   upload done video_id=26105382 in 107.3s
[22:12:32] film cr_film_id=3623 OK in 179.2s
[22:12:32] iteration 17/20
[22:12:32] film cr_film_id=3627 name='Jak se vykrádá banka (2024) CZ Dabing' candidates=1
[22:12:32]   candidate upload_id=66609c69e53d6 url=https://prehraj.to/jak-se-vykrada-banka-2024-cz-dabing-1080p/66609c69e53d6
[22:12:33]   resolved in 1.2s → 1080p (https://pf-storage5.premiumcdn.net/78062639/bKYtOqF8buLnI1Li4NFOWFaWCLjUekTW5FMk…)
[22:14:03]   downloaded 2,213.7 MB in 89.1s (24.8 MB/s)
[22:17:03]   upload done video_id=26105442 in 179.2s
[22:17:04] film cr_film_id=3627 OK in 272.4s
[22:17:04] iteration 18/20
[22:17:04] film cr_film_id=3629 name='Šajdá (2023) CZ Dabing' candidates=5
[22:17:04]   candidate upload_id=00e5678bbdcd22dc url=https://prehraj.to/sajda-2023-cz-dab-1080p/00e5678bbdcd22dc
[22:17:05]   resolved in 1.1s → 1080p (https://pf-storage3.premiumcdn.net/167351903/96LHXBfbkTx8UkBTX9u2dfvKUg2sp6TvLSp…)
[22:18:37]   downloaded 1,993.5 MB in 90.4s (22.1 MB/s)
[22:21:34]   upload done video_id=26105581 in 176.9s
[22:21:36] film cr_film_id=3629 OK in 271.7s
[22:21:36] iteration 19/20
[22:21:36] film cr_film_id=3631 name='Jedna želva za druhou (2024) CZ Dabing' candidates=5
[22:21:36]   candidate upload_id=ca899bef01b9225b url=https://prehraj.to/jedna-zelva-za-druhou-2024-cz-dab-1080p/ca899bef01b9225b
[22:21:37]   resolved in 1.2s → 1080p (https://pf-storage1.premiumcdn.net/168516325/mp1iG8c71flgH0kuYzSyzc6yhVphyNCW5Fw…)
[22:23:08]   downloaded 2,713.6 MB in 88.8s (30.6 MB/s)
[22:25:39]   upload done video_id=26105705 in 151.4s
[22:25:41] film cr_film_id=3631 OK in 245.3s
[22:25:41] iteration 20/20
[22:25:41] film cr_film_id=3633 name='Zlatý transport (2022) CZ Dabing' candidates=1
[22:25:41]   candidate upload_id=421ca24141b789fe url=https://prehraj.to/zlaty-transport-2022-cz-dab-1080p/421ca24141b789fe
[22:25:42]   resolved in 1.3s → 1080p (https://pf-storage5.premiumcdn.net/165558059/NPOclKfBLuREF0AiBnfGxfwWT0aFkQU9KIe…)
[22:27:00]   downloaded 2,209.3 MB in 75.7s (29.2 MB/s)
[22:28:54]   upload done video_id=26105788 in 114.0s
[22:28:55] film cr_film_id=3633 OK in 193.9s
[22:28:55] batch-end ok=19 failed=1 dur=3790.3s avg/film=199.5s remaining=16355 eta_hours=906.3

===== run 2026-06-18T22:29:25Z shard=1/2 batch_size=20 (https://github.com/Olbrasoft/prehrajto-to-prehrajto/actions/runs/27793235275) =====
[22:29:26] description overrides loaded: 8187 from /home/runner/work/prehrajto-to-prehrajto/prehrajto-to-prehrajto/state/email-generated-descriptions-v3.jsonl
[22:29:26] batch-start shard=1/2 count=20 backlog=17650 uploads=1295 failed_attempts=95 description_overrides=8187
[22:29:26] login
[22:29:28] login done
[22:29:28] iteration 1/20
[22:29:28] film cr_film_id=3635 name='Občas myslím na smrt (2023) CZ Dabing' candidates=4
[22:29:28]   candidate upload_id=66a3baf466d45 url=https://prehraj.to/obcas-myslim-na-smrt-2023-cz-dabing-1080p/66a3baf466d45
[22:29:29]   resolved in 1.1s → 1080p (https://pf-storage1.premiumcdn.net/87094937/5A0IxQU49CoMCnQs8YH9ZUYpS49um6iK3FwE…)
[22:30:23]   downloaded 952.9 MB in 52.3s (18.2 MB/s)
[22:31:21]   upload done video_id=26105866 in 57.4s
[22:31:23] film cr_film_id=3635 OK in 114.9s
[22:31:23] iteration 2/20
[22:31:23] film cr_film_id=3641 name='Ptáci stěhováci (2023) CZ' candidates=2
[22:31:23]   candidate upload_id=98b86b78daeb2890 url=https://prehraj.to/ptaci-stehovaci-2023/98b86b78daeb2890
[22:31:24]   resolve FAILED: HTTP 502 wrapping permanent upstream error: https://prehraj.to/ptaci-stehovaci-2023/98b86b78daeb2890 (permanent=True)
[22:31:24]   candidate upload_id=df07e925d05770dc url=https://prehraj.to/ptaci-stehovaci-2023/df07e925d05770dc
[22:31:29]   resolve FAILED: HTTP 502 wrapping permanent upstream error: https://prehraj.to/ptaci-stehovaci-2023/df07e925d05770dc (permanent=True)
[22:31:29] film cr_film_id=3641 all candidates exhausted
[22:31:29] iteration 3/20
[22:31:29] film cr_film_id=3645 name='Tajemství staré bambitky (2011) CZ' candidates=7
[22:31:29]   candidate upload_id=85111bb626d79b4a url=https://prehraj.to/tajemstvi-stare-bambitky-2011-mkv/85111bb626d79b4a
[22:31:36]   resolved in 6.3s → 1080p (https://pf-storage3.premiumcdn.net/168018481/dBqTdqf1lHPauO8UoaH0gfPbI7ViW3sgJt9…)
[22:35:06]   downloaded 4,970.9 MB in 208.0s (23.9 MB/s)
[22:39:54]   upload done video_id=26105962 in 288.2s
[22:39:57] film cr_film_id=3645 OK in 507.1s
[22:39:57] iteration 4/20
[22:39:57] film cr_film_id=3649 name='Mavka: Strážkyně lesa (2023) CZ Dabing' candidates=2
[22:39:57]   candidate upload_id=1a7801ebda72a047 url=https://prehraj.to/mavka-strazkyne-lesa-2022-hd-cz-mp4/1a7801ebda72a047
[22:39:57]   resolve FAILED: HTTP 502 wrapping permanent upstream error: https://prehraj.to/mavka-strazkyne-lesa-2022-hd-cz-mp4/1a7801ebda72a047 (permanent=True)
[22:39:57]   candidate upload_id=3fff4fe871e47d78 url=https://prehraj.to/mavka-strazkyne-lesa-2022-cz-dabing/3fff4fe871e47d78
[22:40:05]   resolve FAILED: HTTP 502 wrapping permanent upstream error: https://prehraj.to/mavka-strazkyne-lesa-2022-cz-dabing/3fff4fe871e47d78 (permanent=True)
[22:40:05] film cr_film_id=3649 all candidates exhausted
[22:40:05] iteration 5/20
[22:40:05] film cr_film_id=3653 name='Irský zázrak (2022) CZ Dabing' candidates=1
[22:40:05]   candidate upload_id=6377f7b845168 url=https://prehraj.to/irsky-zazrak-2022-czdab/6377f7b845168
[22:40:11]   resolved in 6.2s → 720p (https://pf-storage3.premiumcdn.net/34713673/ejZfV0TN3TDwI2wUX5unXTMeUMGFd2tB5iDm…)
[22:40:58]   downloaded 1,023.6 MB in 45.1s (22.7 MB/s)
[22:42:16]   upload done video_id=26106053 in 77.3s
[22:42:17] film cr_film_id=3653 OK in 132.4s
[22:42:17] iteration 6/20
[22:42:17] film cr_film_id=3655 name='Róise a Frank (2022) CZ Dabing' candidates=4
[22:42:17]   candidate upload_id=650c76108d966 url=https://prehraj.to/roise-a-frank-2022-cz-dabing-hd-1080p/650c76108d966
[22:42:18]   resolved in 1.1s → 1080p (https://pf-storage1.premiumcdn.net/45722099/wB5HXGCyeIAmCDeiqoU4eCMDHaZtelfNwSXQ…)
[22:43:49]   downloaded 1,645.0 MB in 88.3s (18.6 MB/s)
[22:45:25]   upload done video_id=26106119 in 96.3s
[22:45:27] film cr_film_id=3655 OK in 189.6s
[22:45:27] iteration 7/20
[22:45:27] film cr_film_id=3657 name='Narkóza (2022) CZ Dabing' candidates=1
[22:45:27]   candidate upload_id=64f3fe5886102 url=https://prehraj.to/narkoza-2023-czdab/64f3fe5886102
[22:45:28]   resolved in 1.3s → 720p (https://pf-storage1.premiumcdn.net/43962998/gymUv1HKvCqMhE4IpvtOvHjruD0fvXF8ZSpV…)
[22:46:23]   downloaded 959.4 MB in 52.7s (18.2 MB/s)
[22:47:26]   upload done video_id=26106195 in 63.5s
[22:47:29] film cr_film_id=3657 OK in 121.8s
[22:47:29] iteration 8/20
[22:47:29] film cr_film_id=3665 name='Flash (2023) CZ Dabing' candidates=3
[22:47:29]   candidate upload_id=65afbe84849ce url=https://prehraj.to/the-flash-2023-1080p-cz-dab/65afbe84849ce
[22:47:30]   resolved in 1.4s → 1080p (https://pf-storage1.premiumcdn.net/72611723/bz9tZXSQWC0MHPGhLPswWSv1hwWsPvsoJtOJ…)
[22:50:57]   downloaded 4,910.5 MB in 205.0s (24.0 MB/s)
[22:56:16]   upload done video_id=26106316 in 318.6s
[22:56:18] film cr_film_id=3665 OK in 529.2s
[22:56:18] iteration 9/20
[22:56:18] film cr_film_id=3673 name='AKA (2023) CZ Dabing' candidates=2
[22:56:18]   candidate upload_id=644bea955ce13 url=https://prehraj.to/aka-2023-czdab/644bea955ce13
[22:56:19]   resolved in 1.2s → 1080p (https://pf-storage3.premiumcdn.net/39952123/rm1FvxceNuM5Fk7u6WTZec6RhZMFrRI9qigy…)
[22:58:00]   downloaded 1,875.6 MB in 99.2s (18.9 MB/s)
[23:00:32]   upload done video_id=26106604 in 151.2s
[23:00:34] film cr_film_id=3673 OK in 255.9s
[23:00:34] iteration 10/20
[23:00:34] film cr_film_id=3677 name='Pok-sun nesmí přežít (2023) CZ Dabing' candidates=5
[23:00:34]   candidate upload_id=64279fcfa4111 url=https://prehraj.to/pok-sun-nesmi-prezit-2023-cz-dabing-1080p/64279fcfa4111
[23:00:35]   resolved in 1.5s → 1080p (https://pf-storage3.premiumcdn.net/39041743/ZyAh6qCL0hbwUw1UdqtjQC9EUaqfEkiMnilA…)
[23:02:10]   downloaded 2,163.1 MB in 92.8s (23.3 MB/s)
[23:04:14]   upload done video_id=26106700 in 124.2s
[23:04:16] film cr_film_id=3677 OK in 222.5s
[23:04:16] iteration 11/20
[23:04:16] film cr_film_id=3685 name='Black Panther: Wakanda nechť žije (2022) CZ Dabing' candidates=4
[23:04:16]   candidate upload_id=6758259ba1bd9 url=https://prehraj.to/cerny-panter-2-wakanda-2023-cz-dab-tit-partner-5704894/6758259ba1bd9
[23:04:17]   resolved in 1.2s → 720p (https://pf-storage4.premiumcdn.net/120262658/QK6hBmH7Wt0QskrTGDtovHKbt0QujnSKVfd…)
[23:06:11]   downloaded 2,635.6 MB in 111.2s (23.7 MB/s)
[23:08:49]   upload done video_id=26106824 in 158.5s
[23:08:51] film cr_film_id=3685 OK in 274.7s
[23:08:51] iteration 12/20
[23:08:51] film cr_film_id=3689 name='Vánoce na cestách (2020) CZ Dabing' candidates=1
[23:08:51]   candidate upload_id=63b38560a9df2 url=https://prehraj.to/vanoce-na-cestach-2020-czdab/63b38560a9df2
[23:08:52]   resolved in 1.2s → 1080p (https://pf-storage1.premiumcdn.net/35886292/q9buKNFZYuX2tzwIV5SzrFZ9FPzsjNIDAUjZ…)
[23:10:34]   downloaded 1,911.3 MB in 99.9s (19.1 MB/s)
[23:12:16]   upload done video_id=26106898 in 102.2s
[23:12:19] film cr_film_id=3689 OK in 208.1s
[23:12:19] iteration 13/20
[23:12:19] film cr_film_id=3691 name='Milenec lady Chatterleyové (2022) CZ Dabing' candidates=2
[23:12:19]   candidate upload_id=638b6840a1d5a url=https://prehraj.to/milenec-lady-chatterleyove-cz-dabing-2022-1080p/638b6840a1d5a
[23:12:20]   resolved in 1.2s → 720p (https://pf-storage3.premiumcdn.net/34981279/YbrsMZC8RSevfzYujEUpVCaKH9dSmGhX5HDq…)
[23:13:28]   downloaded 1,492.9 MB in 65.4s (22.8 MB/s)
[23:14:57]   upload done video_id=26106946 in 89.8s
[23:14:59] film cr_film_id=3691 OK in 160.3s
[23:14:59] iteration 14/20
[23:14:59] film cr_film_id=3695 name='Plni milosti (2022) CZ Dabing' candidates=1
[23:14:59]   candidate upload_id=6362f11bbe588 url=https://prehraj.to/plni-milosti-2022-czdab/6362f11bbe588
[23:15:00]   resolved in 1.2s → 720p (https://pf-storage2.premiumcdn.net/34257307/96KfZvIvYF2riQ8Sz8iWJIRBCL1SzJsJEFE3…)
[23:16:16]   downloaded 1,364.0 MB in 72.9s (18.7 MB/s)
[23:17:33]   upload done video_id=26106994 in 77.0s
[23:17:34] film cr_film_id=3695 OK in 154.9s
[23:17:34] iteration 15/20
[23:17:34] film cr_film_id=3707 name='Zkrať to, zlato (2021) CZ Dabing' candidates=2
[23:17:34]   candidate upload_id=629be4f336243 url=https://prehraj.to/zkrat-to-zlato-long-story-short-2021-1080p-webrip-cz-dabing-5-1-miki/629be4f336243
[23:17:37]   resolved in 2.5s → 720p (https://pf-storage1.premiumcdn.net/31084856/P0KIpkf6wInLh2WFwzUN3frzsYgCw3SMecPN…)
[23:18:24]   downloaded 829.9 MB in 45.7s (18.2 MB/s)
[23:19:28]   upload done video_id=26107032 in 64.2s
[23:19:30] film cr_film_id=3707 OK in 116.2s
[23:19:30] iteration 16/20
[23:19:30] film cr_film_id=3711 name='Zadržet dech: Pod ledem (2022) CZ' candidates=1
[23:19:30]   candidate upload_id=64c15ab88193b url=https://prehraj.to/zadrzet-dech-pod-ledem-hold-your-breath-the-ice-dive-2023-dokumentarni-czech-dabing-1080p-mp4/64c15ab88193b
[23:19:32]   resolved in 1.3s → 1080p (https://pf-storage3.premiumcdn.net/42783179/PA0ImeTgZuxoUdkCZLs9OTyYSkqCQji3EHZ7…)
[23:20:23]   downloaded 907.6 MB in 49.6s (18.3 MB/s)
[23:21:13]   upload done video_id=26107070 in 50.1s
[23:21:15] film cr_film_id=3711 OK in 104.8s
[23:21:15] iteration 17/20
[23:21:15] film cr_film_id=3717 name='Klan Gucci (2021) CZ Dabing' candidates=2
[23:21:15]   candidate upload_id=5928212db6360848 url=https://prehraj.to/klan-gucci-2021-cz-dab-1080p/5928212db6360848
[23:21:16]   resolve FAILED: HTTP 502 wrapping permanent upstream error: https://prehraj.to/klan-gucci-2021-cz-dab-1080p/5928212db6360848 (permanent=True)
[23:21:16]   candidate upload_id=621d1b4c28215 url=https://prehraj.to/house-of-gucci-2021-czdab/621d1b4c28215
[23:21:22]   resolved in 5.9s → 720p (https://pf-storage3.premiumcdn.net/29821160/ayrFrziWyuM3FjZC97s73imKI5pHJaFKJtQZ…)
[23:23:25]   downloaded 2,857.1 MB in 120.9s (23.6 MB/s)
[23:26:20]   upload done video_id=26107149 in 175.0s
[23:26:22] film cr_film_id=3717 OK in 306.9s
[23:26:22] iteration 18/20
[23:26:22] film cr_film_id=3719 name='Noční doktor (2020) CZ Dabing' candidates=2
[23:26:22]   candidate upload_id=6206eb2d8e1c2 url=https://prehraj.to/nocni-doktor-2020-czdab/6206eb2d8e1c2
[23:26:23]   resolved in 1.3s → 1080p (https://pf-storage4.premiumcdn.net/29266152/eXoumKhowC5EsK3hoyTVrh3YUbntYKCNWFXp…)
[23:27:51]   downloaded 1,565.2 MB in 84.9s (18.4 MB/s)
[23:29:40]   upload done video_id=26107451 in 109.2s
[23:29:42] film cr_film_id=3719 OK in 199.6s
[23:29:42] iteration 19/20
[23:29:42] film cr_film_id=3723 name='Šťastné a veselé (2020) CZ Dabing' candidates=5
[23:29:42]   candidate upload_id=65aea14781d72 url=https://prehraj.to/vesele-a-stastne-2020-hd-1080p-cz-dabing-novinka-mp4/65aea14781d72
[23:29:43]   resolved in 1.3s → 720p (https://pf-storage4.premiumcdn.net/72592622/zBQIQ6HMNFgrUwVf2RIQ5He2Fx8Td5tb3uZO…)
[23:30:56]   downloaded 1,274.0 MB in 70.9s (18.0 MB/s)
[23:32:19]   upload done video_id=26107554 in 83.5s
[23:32:21] film cr_film_id=3723 OK in 159.5s
[23:32:21] iteration 20/20
[23:32:21] film cr_film_id=3725 name='Berlínská mise (2013) CZ Dabing' candidates=2
[23:32:21]   candidate upload_id=63244cc7bc1cd url=https://prehraj.to/berlinska-mise-bereullin-2013-cz-dabing-bluray-1080p/63244cc7bc1cd
[23:32:22]   resolved in 1.3s → 720p (https://pf-storage3.premiumcdn.net/33057784/m9RsKQiM7cXJHQESAGcGKiJqF4pSy0fBxH14…)
[23:34:26]   downloaded 2,322.1 MB in 121.3s (19.1 MB/s)
[23:36:43]   upload done video_id=26107675 in 137.0s
[23:36:45] film cr_film_id=3725 OK in 264.0s
[23:36:45] batch-end ok=18 failed=2 dur=4037.4s avg/film=224.3s remaining=16337 eta_hours=1017.9

===== run 2026-06-18T23:37:14Z shard=1/2 batch_size=20 (https://github.com/Olbrasoft/prehrajto-to-prehrajto/actions/runs/27795934411) =====
[23:37:15] description overrides loaded: 8188 from /home/runner/work/prehrajto-to-prehrajto/prehrajto-to-prehrajto/state/email-generated-descriptions-v3.jsonl
[23:37:15] batch-start shard=1/2 count=20 backlog=17650 uploads=1313 failed_attempts=100 description_overrides=8188
[23:37:15] login
[23:37:17] login done
[23:37:17] iteration 1/20
[23:37:17] film cr_film_id=3727 name='Přebíhání (2021) CZ Dabing' candidates=1
[23:37:17]   candidate upload_id=618c4392e0553 url=https://prehraj.to/prebihani-2021-czdabing/618c4392e0553
[23:37:18]   resolved in 1.0s → 1080p (https://pf-storage2.premiumcdn.net/26365420/87RcwMhzMU30h5lHwZtYEhyEH2oIYyfWYs29…)
[23:38:09]   downloaded 1,439.3 MB in 50.1s (28.7 MB/s)
[23:39:16]   upload done video_id=26107779 in 66.2s
[23:39:17] film cr_film_id=3727 OK in 120.0s
[23:39:17] iteration 2/20
[23:39:17] film cr_film_id=3733 name='Výbuch bude v pět (1984) CZ Dabing' candidates=2
[23:39:17]   candidate upload_id=c6d11242672888fe url=https://prehraj.to/vybuch-bude-v-pet-1984-up-uhd-cz-mkv/c6d11242672888fe
[23:39:18]   resolved in 1.1s → 1080p (https://pf-storage4.premiumcdn.net/155858048/kVOh6bIEjSqZsZMU7OHGgIaPsKVc3WF6Yh7…)
[23:40:18]   downloaded 2,157.0 MB in 58.9s (36.6 MB/s)
[23:42:02]   upload done video_id=26107843 in 104.1s
[23:42:04] film cr_film_id=3733 OK in 166.8s
[23:42:04] iteration 3/20
[23:42:04] film cr_film_id=3735 name='Hotel Transylvánie: Strašidelní mazlíčci (2021) CZ Dabing' candidates=4
[23:42:04]   candidate upload_id=60898e4ae14b1 url=https://prehraj.to/hotel-transylvanie-strasidelni-mazlicci-2021-czdab/60898e4ae14b1
[23:42:05]   resolved in 1.2s → 720p (https://pf-storage1.premiumcdn.net/23295543/bpEINEhbxcr6CWkImQfkGhQesjQTpaIo3Uyb…)
[23:42:10]   downloaded 65.6 MB in 4.0s (16.4 MB/s)
[23:42:17]   upload done video_id=26108019 in 6.7s
[23:42:18] film cr_film_id=3735 OK in 14.4s
[23:42:18] iteration 4/20
[23:42:18] film cr_film_id=3743 name='Otcovství (2021) CZ Dabing' candidates=1
[23:42:18]   candidate upload_id=6e5ab082ee6037cb url=https://prehraj.to/otcovstvi-2021-cz-dabing/6e5ab082ee6037cb
[23:42:19]   resolve FAILED: HTTP 502 wrapping permanent upstream error: https://prehraj.to/otcovstvi-2021-cz-dabing/6e5ab082ee6037cb (permanent=True)
[23:42:19] film cr_film_id=3743 all candidates exhausted
[23:42:19] iteration 5/20
[23:42:19] film cr_film_id=3745 name='Modrý zázrak (2021) CZ Dabing' candidates=4
[23:42:19]   candidate upload_id=6103e4bf4d9d6 url=https://prehraj.to/modry-zazrak-blue-miracle-2021-ab-1080p-dd-5-1-cz-dab-novinka-novinky/6103e4bf4d9d6
[23:42:25]   resolved in 6.1s → 1080p (https://pf-storage3.premiumcdn.net/24440078/jmDtLaFxjuqYsm5Te9h63FvDtmOfDmtWES7e…)
[23:43:50]   downloaded 2,545.7 MB in 82.8s (30.7 MB/s)
[23:45:43]   upload done video_id=26108184 in 113.9s
[23:45:45] film cr_film_id=3745 OK in 205.8s
[23:45:45] iteration 6/20
[23:45:45] film cr_film_id=3747 name='Černý víkend (2019) CZ Dabing' candidates=2
[23:45:45]   candidate upload_id=609ebb972415b url=https://prehraj.to/cerny-vikend-2019-czdab/609ebb972415b
[23:45:46]   resolved in 1.5s → 720p (https://pf-storage1.premiumcdn.net/23515128/XQ5IL3fXaCgahEdcYktGWf8ACBdIAgtz3SPa…)
[23:46:12]   downloaded 682.3 MB in 24.2s (28.2 MB/s)
[23:46:47]   upload done video_id=26108248 in 34.6s
[23:46:48] film cr_film_id=3747 OK in 63.3s
[23:46:48] iteration 7/20
[23:46:48] film cr_film_id=3749 name='Melanie: Dar života a smrti (2016) CZ Dabing' candidates=4
[23:46:48]   candidate upload_id=656dadd89943b url=https://prehraj.to/melanie-dar-zivota-a-smrti-2016-cz-dabing/656dadd89943b
[23:46:49]   resolved in 1.1s → 720p (https://pf-storage1.premiumcdn.net/61528283/jveiBkSBjUK6C6MHkwFAJSdgUE4HBXCdQfEw…)
[23:47:30]   downloaded 1,425.4 MB in 39.0s (36.5 MB/s)
[23:48:21]   upload done video_id=26108276 in 51.1s
[23:48:22] film cr_film_id=3749 OK in 94.6s
[23:48:22] iteration 8/20
[23:48:22] film cr_film_id=3751 name='Léto v Kreuzbergu (2020) CZ' candidates=1
[23:48:22]   candidate upload_id=608a82e159c8e url=https://prehraj.to/leto-v-kreuzbergu-2020-cz-titulky/608a82e159c8e
[23:48:24]   resolved in 1.1s → 720p (https://pf-storage5.premiumcdn.net/23301660/ApwseocNEcjzIJrSDyInycz3spBuZrt4Ptwj…)
[23:49:11]   downloaded 1,348.7 MB in 46.1s (29.3 MB/s)
[23:50:13]   upload done video_id=26108319 in 61.8s
[23:50:14] film cr_film_id=3751 OK in 111.8s
[23:50:14] iteration 9/20
[23:50:14] film cr_film_id=3757 name='Továrna na sny (2019) CZ Dabing' candidates=5
[23:50:14]   candidate upload_id=5f2ac0dfb85bc url=https://prehraj.to/tovarna-na-sny-2019-czdabing/5f2ac0dfb85bc
[23:50:15]   resolved in 1.1s → 720p (https://pf-storage3.premiumcdn.net/17806188/mEQh4YfmJTMAhAyT31cM0fBYtYlCwbFLvtba…)
[23:51:29]   downloaded 2,680.1 MB in 72.5s (37.0 MB/s)
[23:54:05]   upload done video_id=26108385 in 155.9s
[23:54:07] film cr_film_id=3757 OK in 232.3s
[23:54:07] iteration 10/20
[23:54:07] film cr_film_id=3759 name='Žlutá růže (2019) CZ Dabing' candidates=6
[23:54:07]   candidate upload_id=61d5007b33d64 url=https://prehraj.to/zluta-ruze-2020-czdab-mp4/61d5007b33d64
[23:54:08]   resolved in 1.1s → 720p (https://pf-storage3.premiumcdn.net/28075731/1j2tXehEQFOWhqgFy3ILzhPzHoAUZRIYQFlG…)
[23:54:59]   downloaded 1,470.7 MB in 49.8s (29.5 MB/s)
[23:56:29]   upload done video_id=26108483 in 89.8s
[23:56:30] film cr_film_id=3759 OK in 143.4s
[23:56:30] iteration 11/20
[23:56:30] film cr_film_id=3761 name='Naše Matky (2019) CZ Dabing' candidates=1
[23:56:30]   candidate upload_id=60a2cfbbc6875 url=https://prehraj.to/nase-matky-2019-czdab/60a2cfbbc6875
[23:56:31]   resolved in 1.0s → 1080p (https://pf-storage1.premiumcdn.net/23551959/qaktZ7TXOIBYSKkTGlu0mTxyIOKumks3GCPp…)
[23:57:15]   downloaded 1,242.9 MB in 42.8s (29.0 MB/s)
[23:58:26]   upload done video_id=26108545 in 70.5s
[23:58:27] film cr_film_id=3761 OK in 117.2s
[23:58:27] iteration 12/20
[23:58:27] film cr_film_id=3765 name='Nevinná lež (2019) CZ Dabing' candidates=5
[23:58:27]   candidate upload_id=5fc42eb60ef56 url=https://prehraj.to/nevinna-lez-2019-czdabing/5fc42eb60ef56
[23:58:28]   resolved in 1.1s → 1080p (https://pf-storage5.premiumcdn.net/20417658/EwPcaDh3MSnjsZASrgF4AhkRFE0HABidjI5j…)
[23:59:00]   downloaded 1,051.9 MB in 29.8s (35.3 MB/s)
[00:00:59]   upload done video_id=26108590 in 119.0s
[00:01:00] film cr_film_id=3765 OK in 153.2s
[00:01:00] iteration 13/20
[00:01:00] film cr_film_id=3767 name='Balkánská hranice (2019) CZ' candidates=2
[00:01:00]   candidate upload_id=68b7a2c010455 url=https://prehraj.to/rus-balkanska-hranice-anton-pampusnyj-jurij-gosa-kucenko-2019-akcni-drama-1080p-hd-tvrip-mp4/68b7a2c010455
[00:01:02]   resolved in 1.2s → 720p (https://pf-storage4.premiumcdn.net/145296414/N8etOVi47fK0TvgFy0s5BizkuY6SLJuJLh3…)
[00:01:37]   downloaded 1,215.2 MB in 33.7s (36.1 MB/s)
[00:02:47]   upload done video_id=26108635 in 70.3s
[00:02:48] film cr_film_id=3767 OK in 107.9s
[00:02:48] iteration 14/20
[00:02:48] film cr_film_id=3771 name='Bílý bílý den (2019) CZ Dabing' candidates=1
[00:02:48]   candidate upload_id=5f87e52ddebf9 url=https://prehraj.to/bily-bily-den-2019-czdabing/5f87e52ddebf9
[00:02:49]   resolved in 1.2s → 1080p (https://pf-storage5.premiumcdn.net/19254224/Gl8sz9fRkHnWcwvTRYcwYf0KcwmFL7C0KI9A…)
[00:04:04]   downloaded 2,141.4 MB in 72.7s (29.5 MB/s)
[00:05:58]   upload done video_id=26108676 in 114.5s
[00:05:59] film cr_film_id=3771 OK in 190.9s
[00:05:59] iteration 15/20
[00:05:59] film cr_film_id=3777 name='Všechno nejhorší (2017) CZ Dabing' candidates=9
[00:05:59]   candidate upload_id=46d80e792f3c93ef url=https://prehraj.to/vsechno-nejhorsi-2017-cz-dab-2160p/46d80e792f3c93ef
[00:06:00]   resolved in 1.0s → 1080p (https://pf-storage4.premiumcdn.net/168079804/w8ViVZczQTRgUkqTOas5ycGvuxli25F9XCM…)
[00:07:18]   downloaded 2,464.7 MB in 75.8s (32.5 MB/s)
[00:09:00]   upload done video_id=26108715 in 102.8s
[00:09:02] film cr_film_id=3777 OK in 182.5s
[00:09:02] iteration 16/20
[00:09:02] film cr_film_id=3783 name='Vítejte v džungli (2003) CZ Dabing' candidates=21
[00:09:02]   candidate upload_id=5bdd369420a4d url=https://prehraj.to/vitejte-v-dzungli-2003-cz-dabing/5bdd369420a4d
[00:09:03]   resolved in 1.0s → 480p (https://pf-storage1.premiumcdn.net/7811893/gAPi4VHmOSn1tprU5pFMBHYWtGNFkpTzmIwrh…)
[00:09:27]   downloaded 625.1 MB in 22.6s (27.7 MB/s)
[00:09:57]   upload done video_id=26108748 in 30.0s
[00:09:58] film cr_film_id=3783 OK in 56.5s
[00:09:58] iteration 17/20
[00:09:58] film cr_film_id=3785 name='Světlo mého života (2019) CZ Dabing' candidates=4
[00:09:58]   candidate upload_id=5f37a36def135 url=https://prehraj.to/svetlo-meho-zivota-light-of-my-life-2019-1080p-czdabing-czforced-zdlo/5f37a36def135
[00:09:59]   resolved in 1.1s → 1080p (https://pf-storage1.premiumcdn.net/18029733/GKviYbcK4UL1UXPfEoHn6cA4SKBfWmfw0SkG…)
[00:11:15]   downloaded 2,159.8 MB in 74.3s (29.1 MB/s)
[00:12:37]   upload done video_id=26108781 in 82.5s
[00:12:39] film cr_film_id=3785 OK in 160.4s
[00:12:39] iteration 18/20
[00:12:39] film cr_film_id=3787 name='Svatební radosti (2019) CZ Dabing' candidates=5
[00:12:39]   candidate upload_id=5f24c20326957 url=https://prehraj.to/svatebni-radosti-plus-one-2019-bluray-cz-dabing/5f24c20326957
[00:12:40]   resolved in 0.8s → 720p (https://pf-storage3.premiumcdn.net/17691183/9d7TvVi5PImyfOnuqWFq9i7BFnLCJWSyYhLX…)
[00:13:33]   downloaded 1,524.6 MB in 51.8s (29.4 MB/s)
[00:14:35]   upload done video_id=26108817 in 61.6s
[00:14:36] film cr_film_id=3787 OK in 117.6s
[00:14:36] iteration 19/20
[00:14:36] film cr_film_id=3789 name='Jumanji: Další level (2019) CZ Dabing' candidates=65
[00:14:36]   candidate upload_id=6157d8c95f279 url=https://prehraj.to/jumanji-2019-cz-dabing-dalsi-level-the-next-level-hd-1080p-koy/6157d8c95f279
[00:14:37]   resolved in 1.1s → 720p (https://pf-storage3.premiumcdn.net/25134836/2Meu6BTZnuLAsmeh5AUKlTgkfmaFgGudnCp1…)
[00:16:02]   downloaded 2,489.6 MB in 83.0s (30.0 MB/s)
[00:17:44]   upload done video_id=26108851 in 102.7s
[00:17:46] film cr_film_id=3789 OK in 189.4s
[00:17:46] iteration 20/20
[00:17:46] film cr_film_id=3797 name='Nová generace (2018) CZ Dabing' candidates=1
[00:17:46]   candidate upload_id=5d77da0206328 url=https://prehraj.to/next-gen-2018-cz-dabing/5d77da0206328
[00:17:47]   resolved in 1.1s → 720p (https://pf-storage1.premiumcdn.net/14810892/ab5T1QS3vUpZhzqs5XUvGSWmi2dtQ7H1XFkp…)
[00:18:45]   downloaded 2,054.6 MB in 56.6s (36.3 MB/s)
[00:20:49]   upload done video_id=26108885 in 124.1s
[00:20:50] film cr_film_id=3797 OK in 184.3s
[00:20:50] batch-end ok=19 failed=1 dur=2613.4s avg/film=137.5s remaining=16318 eta_hours=623.3

===== run 2026-06-19T00:34:23Z shard=1/2 batch_size=20 (https://github.com/Olbrasoft/prehrajto-to-prehrajto/actions/runs/27798004125) =====
[00:34:24] description overrides loaded: 8206 from /home/runner/work/prehrajto-to-prehrajto/prehrajto-to-prehrajto/state/email-generated-descriptions-v3.jsonl
[00:34:24] batch-start shard=1/2 count=20 backlog=17650 uploads=1332 failed_attempts=101 description_overrides=8206
[00:34:24] login
[00:34:26] login done
[00:34:26] iteration 1/20
[00:34:26] film cr_film_id=3799 name='Blaze (2018) CZ Dabing' candidates=1
[00:34:26]   candidate upload_id=5d3ee7c97d131 url=https://prehraj.to/blaze-2018-cz-dabing-bst/5d3ee7c97d131
[00:34:27]   resolved in 1.1s → 480p (https://pf-storage2.premiumcdn.net/14507412/NWDS2yHRgU8jF0LuxoTrvH2yiVXheKiP6I2x…)
[00:34:47]   downloaded 480.3 MB in 18.5s (26.0 MB/s)
[00:35:05]   upload done video_id=26109181 in 18.1s
[00:35:06] film cr_film_id=3799 OK in 40.5s
[00:35:06] iteration 2/20
[00:35:06] film cr_film_id=3801 name='Kursk (2018) CZ Dabing' candidates=13
[00:35:06]   candidate upload_id=5cf9ffe025fac url=https://prehraj.to/kursk-2018-1080p-bluray-x265-10bit-ac-3-dd-5-1-cz-dabing/5cf9ffe025fac
[00:35:07]   resolved in 1.1s → 720p (https://pf-storage5.premiumcdn.net/13843284/224clgU8QCOEUwjIvQhp4UoJuPOCx0CgqSmd…)
[00:36:06]   downloaded 1,684.8 MB in 56.8s (29.7 MB/s)
[00:39:05]   upload done video_id=26109201 in 178.9s
[00:39:07] film cr_film_id=3801 OK in 240.4s
[00:39:07] iteration 3/20
[00:39:07] film cr_film_id=3803 name='Mary Poppins se vrací (2018) CZ Dabing' candidates=2
[00:39:07]   candidate upload_id=5ccf112e5f021 url=https://prehraj.to/mary-poppins-se-vraci-2018-1080p-cz-dabing/5ccf112e5f021
[00:39:08]   resolved in 1.1s → 720p (https://pf-storage5.premiumcdn.net/13184301/VPXTaBirYcJMsqru2qTAJiMLFBNtMmu4eTrY…)
[00:40:38]   downloaded 2,694.2 MB in 89.5s (30.1 MB/s)
[00:42:32]   upload done video_id=26109284 in 113.5s
[00:42:33] film cr_film_id=3803 OK in 206.8s
[00:42:33] iteration 4/20
[00:42:33] film cr_film_id=3805 name='Jackpot (2011) CZ Dabing' candidates=6
[00:42:33]   candidate upload_id=5b4e548124159 url=https://prehraj.to/jackpot-krimi-cz-dab-2011-jad/5b4e548124159
[00:42:34]   resolved in 1.0s → 480p (https://pf-storage1.premiumcdn.net/4881809/35Ji01uKxSLDSDAHqKsBAu3oCJ4FdEcQ1i2Es…)
[00:42:48]   downloaded 395.1 MB in 12.3s (32.1 MB/s)
[00:43:07]   upload done video_id=26109331 in 18.7s
[00:43:08] film cr_film_id=3805 OK in 34.2s
[00:43:08] iteration 5/20
[00:43:08] film cr_film_id=3807 name='Pravda zabíjí (1999) CZ' candidates=1
[00:43:08]   candidate upload_id=5a91d2886d08b url=https://prehraj.to/pravda-zabiji-1999/5a91d2886d08b
[00:43:09]   resolved in 0.9s → 720p (https://pf-storage5.premiumcdn.net/3467413/2d8fqBIVGsJLTxnibOhr8IdeC5qCxAh1oSEZU…)
[00:43:54]   downloaded 1,610.9 MB in 44.0s (36.6 MB/s)
[00:45:58]   upload done video_id=26109355 in 124.1s
[00:46:00] film cr_film_id=3807 OK in 172.4s
[00:46:00] iteration 6/20
[00:46:00] film cr_film_id=3809 name='Útok z hlubin (2018) CZ Dabing' candidates=5
[00:46:00]   candidate upload_id=5eb7aeca99097 url=https://prehraj.to/utok-z-hlubin-cz-dabing-2018/5eb7aeca99097
[00:46:01]   resolved in 1.0s → 480p (https://pf-storage1.premiumcdn.net/16485328/Z3Lf8jHPMIljIL9FmBsZvH3Gt8mi08hqWFGX…)
[00:46:36]   downloaded 1,237.1 MB in 33.7s (36.7 MB/s)
[00:47:34]   upload done video_id=26109422 in 57.4s
[00:47:35] film cr_film_id=3809 OK in 94.7s
[00:47:35] iteration 7/20
[00:47:35] film cr_film_id=3813 name='Overlord (2018) CZ Dabing' candidates=1
[00:47:35]   candidate upload_id=68f602cb45427 url=https://prehraj.to/overlord-2018-cz-dabing-4k-hdr/68f602cb45427
[00:47:36]   resolved in 1.0s → 720p (https://pf-storage4.premiumcdn.net/152526624/6OxHBLF69sNnh8wfGPS3eFgxC9OHNjsjet5…)
[00:48:28]   downloaded 1,890.1 MB in 51.2s (36.9 MB/s)
[00:50:06]   upload done video_id=26109482 in 97.7s
[00:50:08] film cr_film_id=3813 OK in 152.9s
[00:50:08] iteration 8/20
[00:50:08] film cr_film_id=3815 name='Neposlušnost (2017) CZ Dabing' candidates=11
[00:50:08]   candidate upload_id=5c7594488168e url=https://prehraj.to/neposlusnost-cz-dabing-2017/5c7594488168e
[00:50:09]   resolved in 1.2s → 720p (https://pf-storage1.premiumcdn.net/12181459/V9js6WIeqT67HpeUkJtwLIxPCnbFpGtWEuj8…)
[00:50:49]   downloaded 1,422.2 MB in 38.9s (36.6 MB/s)
[00:52:04]   upload done video_id=26109547 in 75.3s
[00:52:05] film cr_film_id=3815 OK in 117.7s
[00:52:05] iteration 9/20
[00:52:05] film cr_film_id=3817 name='Půlnoční láska (2018) CZ Dabing' candidates=25
[00:52:05]   candidate upload_id=5c7138a60ba23 url=https://prehraj.to/pulnocni-laska-midnight-sun-2018-bdrip-cz-dabing/5c7138a60ba23
[00:52:06]   resolved in 0.8s → 480p (https://pf-storage4.premiumcdn.net/12084856/Zlpir4f9KuaQSnmT3YH72fzRCXduxJik7CJR…)
[00:52:25]   downloaded 469.5 MB in 17.4s (27.0 MB/s)
[00:52:52]   upload done video_id=26109595 in 27.1s
[00:52:53] film cr_film_id=3817 OK in 48.0s
[00:52:53] iteration 10/20
[00:52:53] film cr_film_id=3821 name='Yeti: Ledové dobrodružství (2018) CZ Dabing' candidates=2
[00:52:53]   candidate upload_id=5c536dcb9a12f url=https://prehraj.to/yeti-ledove-dobrodruzstvi-cz-dabing-2018-animovany/5c536dcb9a12f
[00:52:54]   resolved in 0.9s → 480p (https://pf-storage1.premiumcdn.net/11515405/B1LUP4uEyUedcKWuo8H6puDlfPqUqZt3xTW3…)
[00:53:18]   downloaded 610.7 MB in 22.2s (27.5 MB/s)
[00:54:39]   upload done video_id=26109619 in 81.5s
[00:54:40] film cr_film_id=3821 OK in 106.7s
[00:54:40] iteration 11/20
[00:54:40] film cr_film_id=3825 name='Vinylová láska (2018) CZ Dabing' candidates=1
[00:54:40]   candidate upload_id=9c12eb4f6e0859cf url=https://prehraj.to/vinylova-laska-2018-cz-dabing-hd-mp4/9c12eb4f6e0859cf
[00:54:41]   resolve FAILED: no videos.push() blocks found at https://prehraj.to/vinylova-laska-2018-cz-dabing-hd-mp4/9c12eb4f6e0859cf (permanent=True)
[00:54:41] film cr_film_id=3825 all candidates exhausted
[00:54:41] iteration 12/20
[00:54:41] film cr_film_id=3827 name='Horizont události (1997) CZ Dabing' candidates=7
[00:54:41]   candidate upload_id=64b02c4c230e8 url=https://prehraj.to/horizont-udalosti-remastered-event-horizon-1997-cz-dab-tit-1080p-bluray/64b02c4c230e8
[00:54:47]   resolved in 5.7s → 720p (https://pf-storage5.premiumcdn.net/42401420/K8WSDyu1OFMpSe4SO1F2Wu7GsgdsXETEQCJ4…)
[00:55:47]   downloaded 2,195.9 MB in 59.7s (36.8 MB/s)
[00:57:27]   upload done video_id=26109680 in 100.0s
[00:57:28] film cr_film_id=3827 OK in 167.7s
[00:57:28] iteration 13/20
[00:57:28] film cr_film_id=3829 name='Reservation Road (2007) CZ Dabing' candidates=2
[00:57:28]   candidate upload_id=5bc614ea1c910 url=https://prehraj.to/reservation-road-thriller-cz-dab-2007-jad/5bc614ea1c910
[00:57:29]   resolved in 1.0s → 480p (https://pf-storage1.premiumcdn.net/7197821/AwqUogSpKTb9hM0tpLHrOSQouMlsrVhowh07I…)
[00:57:47]   downloaded 423.6 MB in 16.1s (26.3 MB/s)
[00:58:03]   upload done video_id=26109732 in 16.7s
[00:58:05] film cr_film_id=3829 OK in 36.0s
[00:58:05] iteration 14/20
[00:58:05] film cr_film_id=3833 name='Café Society (2016) CZ Dabing' candidates=5
[00:58:05]   candidate upload_id=58c7021c39042 url=https://prehraj.to/cafe-society-hd-1080p-cz-dabing-2016-tuta/58c7021c39042
[00:58:05]   resolved in 1.0s → 1080p (https://pf-storage5.premiumcdn.net/1839085/21KtjnHLnFzJfJkS7msD9HpxSyzFJgu62Hapt…)
[00:59:18]   downloaded 2,134.2 MB in 70.9s (30.1 MB/s)
[01:00:54]   upload done video_id=26109752 in 95.9s
[01:00:55] film cr_film_id=3833 OK in 170.4s
[01:00:55] iteration 15/20
[01:00:55] film cr_film_id=3837 name='22 výstřelů (2010) CZ Dabing' candidates=14
[01:00:55]   candidate upload_id=55c58ef75838f url=https://prehraj.to/22-vystrelu-2010-cz-dab-akc-krimi-koko/55c58ef75838f
[01:00:56]   resolved in 1.2s → 480p (https://pf-storage4.premiumcdn.net/92014/1X2fyBFy1i92IroSYDumrF4AIDoTZ8IbAs6yTXy…)
[01:01:16]   downloaded 661.5 MB in 19.1s (34.6 MB/s)
[01:01:49]   upload done video_id=26109790 in 32.3s
[01:01:50] film cr_film_id=3837 OK in 55.0s
[01:01:50] iteration 16/20
[01:01:50] film cr_film_id=3839 name='Bella a Sebastian: Dobrodružství pokračuje (2015) CZ Dabing' candidates=3
[01:01:50]   candidate upload_id=5c1f13299f71b url=https://prehraj.to/bella-a-sebastian-dobrodruzstvi-pokracuje-2-cz-dab-2015-jad/5c1f13299f71b
[01:01:51]   resolved in 0.8s → 480p (https://pf-storage5.premiumcdn.net/9828887/3a5SBDfABtBYt4VCQEtv0fYXhdKux0FMYumbU…)
[01:02:13]   downloaded 702.7 MB in 20.8s (33.8 MB/s)
[01:03:11]   upload done video_id=26109805 in 58.1s
[01:03:13] film cr_film_id=3839 OK in 82.8s
[01:03:13] iteration 17/20
[01:03:13] film cr_film_id=3841 name='Králíček Petr (2018) CZ Dabing' candidates=26
[01:03:13]   candidate upload_id=6304ee3178465 url=https://prehraj.to/kralicek-petr-2018-ab-1080p-cz-dab/6304ee3178465
[01:03:15]   resolved in 2.0s → 720p (https://pf-storage1.premiumcdn.net/32396710/7xWTVgINOI5MtlVf1qhnkIRVsbyFBkCk3f5Y…)
[01:04:17]   downloaded 2,256.4 MB in 60.9s (37.1 MB/s)
[01:06:41]   upload done video_id=26109846 in 144.0s
[01:06:42] film cr_film_id=3841 OK in 209.3s
[01:06:42] iteration 18/20
[01:06:42] film cr_film_id=3849 name='Rudá volavka (2018) CZ Dabing' candidates=25
[01:06:42]   candidate upload_id=5c168f5ede8d4 url=https://prehraj.to/ruda-volavka-2018-hdrip-cz-dabing-m3/5c168f5ede8d4
[01:06:43]   resolved in 1.1s → 480p (https://pf-storage5.premiumcdn.net/9544016/01dhLlsLDUVEFNeiB5sQos2VUZRCGgHroT4GU…)
[01:07:09]   downloaded 872.9 MB in 24.9s (35.1 MB/s)
[01:07:44]   upload done video_id=26109907 in 34.4s
[01:07:45] film cr_film_id=3849 OK in 63.0s
[01:07:45] iteration 19/20
[01:07:45] film cr_film_id=3853 name='Život (2017) CZ Dabing' candidates=14
[01:07:45]   candidate upload_id=5dc873d81e6d3 url=https://prehraj.to/zivot-life-2017-cz-dab-a-titulky-1080p-brrip/5dc873d81e6d3
[01:07:46]   resolved in 1.0s → 720p (https://pf-storage1.premiumcdn.net/15237175/0zriGrILWiDlTROcM3fnkIm7skoC4wizYsQa…)
[01:08:25]   downloaded 1,338.6 MB in 37.1s (36.1 MB/s)
[01:09:34]   upload done video_id=26109946 in 69.4s
[01:09:36] film cr_film_id=3853 OK in 110.7s
[01:09:36] iteration 20/20
[01:09:36] film cr_film_id=3893 name='Rychle a zběsile 8 (2017) CZ Dabing' candidates=35
[01:09:36]   candidate upload_id=664e1e4419546 url=https://prehraj.to/rychle-a-zbesile-8-rychlo-a-zbesilo-8-2017-hd-1080p-cz-dabing/664e1e4419546
[01:09:37]   resolved in 0.9s → 720p (https://pf-storage5.premiumcdn.net/77559461/7yPtlDiGVIZ9UKaiyXsq5iepHYgfZWFPzHZB…)
[01:10:45]   downloaded 2,485.9 MB in 66.4s (37.4 MB/s)
[01:12:18]   upload done video_id=26109980 in 93.6s
[01:12:19] film cr_film_id=3893 OK in 163.7s
[01:12:19] batch-end ok=19 failed=1 dur=2273.7s avg/film=119.7s remaining=16299 eta_hours=541.9

===== run 2026-06-19T01:31:28Z shard=1/2 batch_size=20 (https://github.com/Olbrasoft/prehrajto-to-prehrajto/actions/runs/27799877803) =====
[01:31:30] description overrides loaded: 8207 from /home/runner/work/prehrajto-to-prehrajto/prehrajto-to-prehrajto/state/email-generated-descriptions-v3.jsonl
[01:31:30] batch-start shard=1/2 count=20 backlog=17650 uploads=1351 failed_attempts=102 description_overrides=8207
[01:31:30] login
[01:31:31] login done
[01:31:31] iteration 1/20
[01:31:31] film cr_film_id=3903 name='Poslední čas na lásku (2008) CZ Dabing' candidates=10
[01:31:31]   candidate upload_id=5a6a7c1da1f3b url=https://prehraj.to/posledni-cas-na-lasku-2008-cz-dabing/5a6a7c1da1f3b
[01:31:32]   resolved in 1.1s → 480p (https://pf-storage1.premiumcdn.net/3325840/LMRFLEcbVC9mSe3FvgTj7cyWS7gfnYhwlHPZu…)
[01:31:54]   downloaded 480.8 MB in 19.7s (24.4 MB/s)
[01:32:14]   upload done video_id=26110285 in 20.6s
[01:32:16] film cr_film_id=3903 OK in 44.6s
[01:32:16] iteration 2/20
[01:32:16] film cr_film_id=3905 name='Pramen života – Der Lebensborn (2000) CZ Dabing' candidates=10
[01:32:16]   candidate upload_id=564e1798712d9 url=https://prehraj.to/pramen-zivota-2000-drama-cz-dab/564e1798712d9
[01:32:17]   resolved in 1.0s → 480p (https://pf-storage2.premiumcdn.net/326604/QvetJLcpWsGxSg3c3aC02cQbhZ8HAEI3Xu5EhX…)
[01:32:44]   downloaded 690.5 MB in 25.6s (27.0 MB/s)
[01:33:09]   upload done video_id=26110296 in 25.5s
[01:33:10] film cr_film_id=3905 OK in 54.8s
[01:33:10] iteration 3/20
[01:33:10] film cr_film_id=3909 name='Scooby Doo: Shaggyho souboj (2017) CZ Dabing' candidates=4
[01:33:10]   candidate upload_id=5a2aa8791fd7d url=https://prehraj.to/scooby-doo-shaggyho-souboj-2017-cz-dabing-animovany/5a2aa8791fd7d
[01:33:12]   resolved in 1.1s → 480p (https://pf-storage2.premiumcdn.net/3077013/xLnf7KFGWs4WtRks7QuvxFo9IwOtEKcOai5vi…)
[01:33:25]   downloaded 396.5 MB in 12.9s (30.7 MB/s)
[01:33:42]   upload done video_id=26110301 in 16.2s
[01:33:43] film cr_film_id=3909 OK in 32.1s
[01:33:43] iteration 4/20
[01:33:43] film cr_film_id=3915 name='Šťastný a veselý Madagaskar (2009) CZ Dabing' candidates=5
[01:33:43]   candidate upload_id=652fb379632b7 url=https://prehraj.to/stastny-a-vesely-madagaskar-novinky-2009-cz-dabing/652fb379632b7
[01:33:44]   resolved in 1.0s → 480p (https://pf-storage5.premiumcdn.net/48734741/jvas2DfarIjkSBpIe0TJxfoEcByI3yHJNhd4…)
[01:33:54]   downloaded 255.9 MB in 9.1s (28.1 MB/s)
[01:34:05]   upload done video_id=26110303 in 10.8s
[01:34:06] film cr_film_id=3915 OK in 23.5s
[01:34:06] iteration 5/20
[01:34:06] film cr_film_id=3921 name='Jason Bourne (2016) CZ Dabing' candidates=2
[01:34:06]   candidate upload_id=91c57538dd0575f6 url=https://prehraj.to/jason-bourne-2016-cz-dabing-full-hd/91c57538dd0575f6
[01:34:07]   resolved in 1.2s → 720p (https://pf-storage5.premiumcdn.net/167866765/zgpszOS07smJFvOU6zFAPSgLhzmfO1InzTE…)
[01:35:10]   downloaded 2,186.9 MB in 61.8s (35.4 MB/s)
[01:36:28]   upload done video_id=26110310 in 77.9s
[01:36:30] film cr_film_id=3921 OK in 143.5s
[01:36:30] iteration 6/20
[01:36:30] film cr_film_id=3929 name='Vesnice (2004) CZ Dabing' candidates=3
[01:36:30]   candidate upload_id=582128dfd17ce url=https://prehraj.to/vesnice-cz-dabing-2004/582128dfd17ce
[01:36:31]   resolved in 1.0s → 480p (https://pf-storage3.premiumcdn.net/812762/wLXunxT7LsZ3fnps7AtqATnetYEsRNu7qf84Sv…)
[01:36:46]   downloaded 445.5 MB in 14.3s (31.2 MB/s)
[01:37:10]   upload done video_id=26110323 in 23.8s
[01:37:11] film cr_film_id=3929 OK in 41.7s
[01:37:11] iteration 7/20
[01:37:11] film cr_film_id=3933 name='Moje tlustá řecká svatba (2002) CZ Dabing' candidates=2
[01:37:11]   candidate upload_id=4f96b49e4845f916 url=https://prehraj.to/moje-tlusta-recka-svatba-2002-cz-dab-1080p/4f96b49e4845f916
[01:37:12]   resolve FAILED: HTTP 502 wrapping permanent upstream error: https://prehraj.to/moje-tlusta-recka-svatba-2002-cz-dab-1080p/4f96b49e4845f916 (permanent=True)
[01:37:12]   candidate upload_id=a96223862fc80c8e url=https://prehraj.to/moje-tlusta-recka-svatba-2002-cz-dab-1080p/a96223862fc80c8e
[01:37:18]   resolve FAILED: HTTP 502 wrapping permanent upstream error: https://prehraj.to/moje-tlusta-recka-svatba-2002-cz-dab-1080p/a96223862fc80c8e (permanent=True)
[01:37:18] film cr_film_id=3933 all candidates exhausted
[01:37:18] iteration 8/20
[01:37:18] film cr_film_id=3935 name='Poslední vlak (2006) CZ Dabing' candidates=9
[01:37:18]   candidate upload_id=5ba5849fbbc7d url=https://prehraj.to/posledni-vlak-2007-cz-dabing/5ba5849fbbc7d
[01:37:24]   resolved in 6.1s → 480p (https://pf-storage4.premiumcdn.net/6400783/5x6HE1IarCbMCKzIrjU61IXaimgsn6TXbh5gC…)
[01:37:47]   downloaded 718.0 MB in 21.4s (33.6 MB/s)
[01:38:13]   upload done video_id=26110336 in 26.9s
[01:38:15] film cr_film_id=3935 OK in 57.7s
[01:38:15] iteration 9/20
[01:38:15] film cr_film_id=3941 name='Hrdost a sláva (2008) CZ Dabing' candidates=7
[01:38:15]   candidate upload_id=61e028fb5c672c76 url=https://prehraj.to/hrdost-a-slava-colin-farrell-edward-norton-jon-voight-2008-krimi-drama-thriller-hdrip-1080p-cz-dabing/61e028fb5c672c76
[01:38:16]   resolved in 1.0s → 720p (https://pf-storage3.premiumcdn.net/163050398/X0jTmkSRJT5LF32c7lcJ6S61TblikzF3jiK…)
[01:39:09]   downloaded 1,838.0 MB in 51.9s (35.4 MB/s)
[01:40:16]   upload done video_id=26110349 in 66.5s
[01:40:17] film cr_film_id=3941 OK in 121.8s
[01:40:17] iteration 10/20
[01:40:17] film cr_film_id=3943 name='Hunger Games: Síla vzdoru 2. část (2015) CZ Dabing' candidates=27
[01:40:17]   candidate upload_id=5701a4dcd8594 url=https://prehraj.to/the-hunger-games-sila-vzdoru-2-cast-2015-czdab-1080p/5701a4dcd8594
[01:40:18]   resolved in 1.0s → 720p (https://pf-storage1.premiumcdn.net/24588/gBAhAbFjXIyXTGdiyQU2nF4aHYjIloiZPHZ6Im0…)
[01:41:20]   downloaded 1,693.7 MB in 60.4s (28.0 MB/s)
[01:42:28]   upload done video_id=26110383 in 68.0s
[01:42:29] film cr_film_id=3943 OK in 132.2s
[01:42:29] iteration 11/20
[01:42:29] film cr_film_id=3945 name='Hitch: Lék pro moderního muže (2005) CZ Dabing' candidates=3
[01:42:29]   candidate upload_id=6798ddeec7378 url=https://prehraj.to/hitch-lek-pro-moderniho-muze-2005-cz-dab-1080p/6798ddeec7378
[01:42:31]   resolved in 2.0s → 720p (https://pf-storage5.premiumcdn.net/128411957/DdEtP4H3Nc1ktGWi25t9bHr7SV0t5OueDto…)
[01:43:42]   downloaded 2,510.8 MB in 69.9s (35.9 MB/s)
[01:45:17]   upload done video_id=26110426 in 95.0s
[01:45:19] film cr_film_id=3945 OK in 169.4s
[01:45:19] iteration 12/20
[01:45:19] film cr_film_id=3947 name='Iracionální muž (2015) CZ Dabing' candidates=3
[01:45:19]   candidate upload_id=59d3275546f79 url=https://prehraj.to/iracionalni-muz-2015-cz-dabing/59d3275546f79
[01:45:20]   resolved in 1.2s → 480p (https://pf-storage3.premiumcdn.net/2747009/2kdFXBC7AUL7fOYsVRHojCY4hRBfWBHebTlGH…)
[01:45:46]   downloaded 669.4 MB in 24.7s (27.1 MB/s)
[01:46:42]   upload done video_id=26110457 in 56.0s
[01:46:43] film cr_film_id=3947 OK in 84.4s
[01:46:43] iteration 13/20
[01:46:43] film cr_film_id=3949 name='Elysium (2013) CZ Dabing' candidates=35
[01:46:43]   candidate upload_id=5c87077f84e53 url=https://prehraj.to/elysium-2013-hdrip-cz-dabing-m3/5c87077f84e53
[01:46:44]   resolved in 1.0s → 480p (https://pf-storage2.premiumcdn.net/12381973/PY0foKUl3iKGhlyFyVHxXUN4uBQt8AfjZCbl…)
[01:47:13]   downloaded 706.3 MB in 27.2s (26.0 MB/s)
[01:47:45]   upload done video_id=26110486 in 32.7s
[01:47:46] film cr_film_id=3949 OK in 63.5s
[01:47:46] iteration 14/20
[01:47:46] film cr_film_id=3953 name='Tučňáci z Madagaskaru (2014) CZ Dabing' candidates=37
[01:47:46]   candidate upload_id=67de49318f5b7 url=https://prehraj.to/tucnaci-z-madagaskaru-2014-cz-dabing-animovany/67de49318f5b7
[01:47:48]   resolved in 1.1s → 720p (https://pf-storage3.premiumcdn.net/132964418/a38inJHrEu2gTKoHLwS27H7kUPEFo9S7viQ…)
[01:48:29]   downloaded 1,394.2 MB in 39.8s (35.0 MB/s)
[01:50:01]   upload done video_id=26110517 in 92.2s
[01:50:02] film cr_film_id=3953 OK in 135.6s
[01:50:02] iteration 15/20
[01:50:02] film cr_film_id=3961 name='Clevelandský únos (2015) CZ Dabing' candidates=12
[01:50:02]   candidate upload_id=5a1f3a3d6330b url=https://prehraj.to/clevelandsky-unos-cz-dabing-2015/5a1f3a3d6330b
[01:50:03]   resolved in 1.0s → 720p (https://pf-storage3.premiumcdn.net/3014353/p0GHLViXqcn9CjRIAyURwi6rcv5T3bf17sDdF…)
[01:50:32]   downloaded 944.5 MB in 27.8s (34.0 MB/s)
[01:51:26]   upload done video_id=26110582 in 53.2s
[01:51:27] film cr_film_id=3961 OK in 85.3s
[01:51:27] iteration 16/20
[01:51:27] film cr_film_id=3967 name='Bourneův odkaz (2012) CZ Dabing' candidates=2
[01:51:27]   candidate upload_id=69007b31c44b3 url=https://prehraj.to/bournov-odkaz-2012-cz-dabing-1080p/69007b31c44b3
[01:51:28]   resolved in 1.0s → 720p (https://pf-storage5.premiumcdn.net/154073625/VP3hlwu7pUDktAqFY9iLwudDczVIgYI9mcb…)
[01:52:25]   downloaded 1,926.1 MB in 55.1s (35.0 MB/s)
[01:54:48]   upload done video_id=26110641 in 142.8s
[01:54:49] film cr_film_id=3967 OK in 201.6s
[01:54:49] iteration 17/20
[01:54:49] film cr_film_id=3969 name='Skrytá vada (2014) CZ Dabing' candidates=1
[01:54:49]   candidate upload_id=5e7f14edce5f7 url=https://prehraj.to/skryta-vada-2014-hd-dd5-1-cz-dabing/5e7f14edce5f7
[01:54:50]   resolved in 1.1s → 480p (https://pf-storage1.premiumcdn.net/16082017/oPbSy2TgAcJlu5JCrmULWTZgfnmfRlU7Jtea…)
[01:55:26]   downloaded 929.0 MB in 34.4s (27.0 MB/s)
[01:56:15]   upload done video_id=26110741 in 49.1s
[01:56:16] film cr_film_id=3969 OK in 87.4s
[01:56:16] iteration 18/20
[01:56:16] film cr_film_id=3973 name='I Love You Phillip Morris (2009) CZ Dabing' candidates=7
[01:56:16]   candidate upload_id=582106944beeb url=https://prehraj.to/i-love-you-phillip-morris-cz-dabing-2009/582106944beeb
[01:56:17]   resolved in 1.0s → 480p (https://pf-storage4.premiumcdn.net/812279/769hxjuNnujOcXATBpudmuz9Cd7HXYu9BhqYf7…)
[01:56:39]   downloaded 503.3 MB in 20.4s (24.7 MB/s)
[01:56:59]   upload done video_id=26110790 in 20.0s
[01:57:00] film cr_film_id=3973 OK in 44.0s
[01:57:00] iteration 19/20
[01:57:00] film cr_film_id=3975 name='Válka světů (2005) CZ' candidates=2
[01:57:00]   candidate upload_id=68956d9005630 url=https://prehraj.to/valka-svetu-2f-war-of-the-worlds-1080p-x264-ac3-5-1-cz-dab-2005/68956d9005630
[01:57:01]   resolve FAILED: HTTP 502 wrapping permanent upstream error: https://prehraj.to/valka-svetu-2f-war-of-the-worlds-1080p-x264-ac3-5-1-cz-dab-2005/68956d9005630 (permanent=True)
[01:57:01]   candidate upload_id=686dedd8659c7 url=https://prehraj.to/valka-svetu-2005-uhdrdv-cz-en/686dedd8659c7
[01:57:07]   resolved in 6.2s → 1080p (https://pf-storage5.premiumcdn.net/141397868/OqwHb1SdEhNkUL0f8MhPeSwKUnXuoYtdVi6…)
[01:59:12]   downloaded 4,435.6 MB in 123.0s (36.1 MB/s)
[02:03:32]   upload done video_id=26110878 in 260.2s
[02:03:34] film cr_film_id=3975 OK in 393.9s
[02:03:34] iteration 20/20
[02:03:34] film cr_film_id=3979 name='Oko dravce (2008) CZ Dabing' candidates=2
[02:03:34]   candidate upload_id=68f477417edfb url=https://prehraj.to/oko-dravce-2008-cz-dab-1080p/68f477417edfb
[02:03:35]   resolved in 1.1s → 1080p (https://pf-storage4.premiumcdn.net/152388189/ykmSLrh0XSD8f8pUoMivNhmOtGVTOmCxvFM…)
[02:05:30]   downloaded 3,119.0 MB in 112.9s (27.6 MB/s)
[02:08:49]   upload done video_id=26111064 in 199.2s
[02:08:50] film cr_film_id=3979 OK in 316.1s
[02:08:50] batch-end ok=19 failed=1 dur=2239.4s avg/film=117.9s remaining=16280 eta_hours=533.2

===== run 2026-06-19T02:28:33Z shard=1/2 batch_size=20 (https://github.com/Olbrasoft/prehrajto-to-prehrajto/actions/runs/27801667488) =====
[02:28:35] description overrides loaded: 8207 from /home/runner/work/prehrajto-to-prehrajto/prehrajto-to-prehrajto/state/email-generated-descriptions-v3.jsonl
[02:28:35] batch-start shard=1/2 count=20 backlog=17650 uploads=1370 failed_attempts=105 description_overrides=8207
[02:28:35] login
[02:28:36] login done
[02:28:36] iteration 1/20
[02:28:36] film cr_film_id=3981 name='Já, mé druhé já a Irena (2000) CZ Dabing' candidates=13
[02:28:36]   candidate upload_id=5a26d7f3d0ea9 url=https://prehraj.to/ja-me-druhe-ja-a-irena-2000-hdrip-cz-dabing-m3/5a26d7f3d0ea9
[02:28:38]   resolved in 1.1s → 480p (https://pf-storage2.premiumcdn.net/3045285/a9oHMefAeI0XiEoCgAFYQf70HO1CQnh0XiK9s…)
[02:29:10]   downloaded 1,029.4 MB in 30.3s (34.0 MB/s)
[02:29:49]   upload done video_id=26111529 in 39.7s
[02:29:51] film cr_film_id=3981 OK in 74.2s
[02:29:51] iteration 2/20
[02:29:51] film cr_film_id=3989 name='Piráti z Karibiku: Na vlnách podivna (2011) CZ Dabing' candidates=26
[02:29:51]   candidate upload_id=5c05a86e92c4a url=https://prehraj.to/pirati-z-karibiku-4-na-vlnach-podivna-cz-dabing-2011/5c05a86e92c4a
[02:29:52]   resolved in 1.1s → 480p (https://pf-storage1.premiumcdn.net/8969864/LwvSgjhrdtWoT2PUjBcDwhgmSm5srjF1VHx1U…)
[02:30:21]   downloaded 965.1 MB in 28.2s (34.2 MB/s)
[02:30:57]   upload done video_id=26111548 in 35.5s
[02:30:58] film cr_film_id=3989 OK in 67.5s
[02:30:58] iteration 3/20
[02:30:58] film cr_film_id=3991 name='X-Men: Poslední vzdor (2006) CZ Dabing' candidates=8
[02:30:58]   candidate upload_id=57fb9c4b820cd url=https://prehraj.to/x-men-posledni-vzdor-2006-czdabing/57fb9c4b820cd
[02:30:59]   resolved in 1.1s → 480p (https://pf-storage2.premiumcdn.net/689275/n67TYkf0oTAWfJLI5xijKf8OIbJcXAUOwHMOtl…)
[02:31:23]   downloaded 583.3 MB in 22.3s (26.2 MB/s)
[02:31:48]   upload done video_id=26111570 in 24.9s
[02:31:49] film cr_film_id=3991 OK in 50.9s
[02:31:49] iteration 4/20
[02:31:49] film cr_film_id=3993 name='Resident Evil (2002) CZ Dabing' candidates=11
[02:31:49]   candidate upload_id=58211c46e1e58 url=https://prehraj.to/resident-evil-1-cz-dabing-2002/58211c46e1e58
[02:31:50]   resolved in 1.1s → 480p (https://pf-storage2.premiumcdn.net/812570/OLGiV2Tn2u1ai2Pt1eIKXTlQFadhzMhRjigrhp…)
[02:32:06]   downloaded 456.6 MB in 14.3s (31.9 MB/s)
[02:32:24]   upload done video_id=26111585 in 18.1s
[02:32:25] film cr_film_id=3993 OK in 35.8s
[02:32:25] iteration 5/20
[02:32:25] film cr_film_id=3995 name='Za hranici (2014) CZ Dabing' candidates=3
[02:32:25]   candidate upload_id=5d2eb44ad553c url=https://prehraj.to/za-hranici-drama-cz-dab-2014-jad/5d2eb44ad553c
[02:32:26]   resolved in 1.2s → 720p (https://pf-storage1.premiumcdn.net/14425656/7PLhg7caoSK7Ubdurgs6xc7EIKyCQ0UEriNZ…)
[02:33:31]   downloaded 1,661.9 MB in 63.2s (26.3 MB/s)
[02:34:39]   upload done video_id=26111606 in 68.7s
[02:34:40] film cr_film_id=3995 OK in 135.7s
[02:34:40] iteration 6/20
[02:34:40] film cr_film_id=3997 name='Drsňačky (2013) CZ Dabing' candidates=9
[02:34:40]   candidate upload_id=56f7916cedded url=https://prehraj.to/drsnacky-2013-novinky-cz-dabing/56f7916cedded
[02:34:41]   resolved in 1.0s → 480p (https://pf-storage2.premiumcdn.net/21827/EmniqdCZLiQ3hGoS5DuXkC9LC4dcQRFAZcKzT9y…)
[02:34:58]   downloaded 491.5 MB in 15.4s (31.9 MB/s)
[02:35:18]   upload done video_id=26111632 in 19.7s
[02:35:19] film cr_film_id=3997 OK in 38.8s
[02:35:19] iteration 7/20
[02:35:19] film cr_film_id=4001 name='Zvonilka a piráti (2014) CZ Dabing' candidates=21
[02:35:19]   candidate upload_id=592d1f417d283 url=https://prehraj.to/zvonilka-a-pirati-2014-cz-dabing/592d1f417d283
[02:35:20]   resolved in 1.1s → 480p (https://pf-storage2.premiumcdn.net/2277829/7KJUwRsgRcY1h1XtqoteEsMpuD2cpPU7xI41t…)
[02:35:47]   downloaded 638.7 MB in 25.0s (25.5 MB/s)
[02:36:13]   upload done video_id=26111647 in 26.7s
[02:36:14] film cr_film_id=4001 OK in 55.0s
[02:36:14] iteration 8/20
[02:36:14] film cr_film_id=4005 name='30 dní dlouhá noc (2007) CZ Dabing' candidates=13
[02:36:14]   candidate upload_id=5e951796f1e29 url=https://prehraj.to/30-dni-dlouha-noc-2007-czdabing/5e951796f1e29
[02:36:15]   resolved in 1.0s → 1080p (https://pf-storage5.premiumcdn.net/16225996/VjGI58Tk0idDsD1hnjtVRTEghD1u3GfLlck4…)
[02:37:22]   downloaded 2,256.4 MB in 64.9s (34.8 MB/s)
[02:38:51]   upload done video_id=26111664 in 89.1s
[02:38:53] film cr_film_id=4005 OK in 158.6s
[02:38:53] iteration 9/20
[02:38:53] film cr_film_id=4009 name='Robin Hood (2010) CZ Dabing' candidates=34
[02:38:53]   candidate upload_id=56d089e19c939 url=https://prehraj.to/robin-hood-2010-brrip-720p-cz-dabing/56d089e19c939
[02:38:54]   resolved in 1.0s → 480p (https://pf-storage5.premiumcdn.net/35824/Jw7ca8u3Jt63FRWhg0C3JujOFJAs64IzPCmJSk4…)
[02:39:55]   downloaded 1,699.4 MB in 59.7s (28.5 MB/s)
[02:41:16]   upload done video_id=26111685 in 81.2s
[02:41:17] film cr_film_id=4009 OK in 144.4s
[02:41:17] iteration 10/20
[02:41:17] film cr_film_id=4011 name='Humint (2026) CZ Dabing' candidates=5
[02:41:17]   candidate upload_id=b3c41cc2ceb738d2 url=https://prehraj.to/humint-2026-1080p-cz-dabing/b3c41cc2ceb738d2
[02:41:19]   resolved in 1.3s → 1080p (https://pf-storage5.premiumcdn.net/168007369/pa1tvluZ3tAruErF1xTzduXkUnwFEyu82T7…)
[02:42:24]   downloaded 2,246.9 MB in 63.7s (35.3 MB/s)
[02:44:18]   upload done video_id=26111704 in 114.1s
[02:44:19] film cr_film_id=4011 OK in 181.8s
[02:44:19] iteration 11/20
[02:44:19] film cr_film_id=4019 name='Slepota (2008) CZ Dabing' candidates=5
[02:44:19]   candidate upload_id=561c6c1baac0c url=https://prehraj.to/slepota-cz-dabing-2015/561c6c1baac0c
[02:44:20]   resolved in 1.0s → 480p (https://pf-storage4.premiumcdn.net/428852/BAdflgIOrup9FnWtljheYILGCGpTdJHrZh8XFp…)
[02:44:45]   downloaded 606.4 MB in 23.4s (25.9 MB/s)
[02:45:14]   upload done video_id=26111744 in 28.6s
[02:45:15] film cr_film_id=4019 OK in 55.6s
[02:45:15] iteration 12/20
[02:45:15] film cr_film_id=4021 name='Prachová příšera (2025) CZ Dabing' candidates=16
[02:45:15]   candidate upload_id=ec88e215597d62f3 url=https://prehraj.to/prachova-prisera-2025-cz-dabing-1080p-mkv/ec88e215597d62f3
[02:45:16]   resolved in 1.1s → 1080p (https://pf-storage6.premiumcdn.net/169989526/7dDfZBuYZHADu4Atj8sbBukNUmpC7GUGjIp…)
[02:45:55]   downloaded 1,288.7 MB in 37.2s (34.6 MB/s)
[02:46:50]   upload done video_id=26111765 in 55.0s
[02:46:51] film cr_film_id=4021 OK in 96.2s
[02:46:51] iteration 13/20
[02:46:51] film cr_film_id=4023 name='Na sedadle smrti (2025) CZ Dabing' candidates=6
[02:46:51]   candidate upload_id=8039f40e5d8188f8 url=https://prehraj.to/na-sedadle-smrti-2025-cz-dabing-1080p-raf/8039f40e5d8188f8
[02:46:53]   resolved in 1.9s → 720p (https://pf-storage5.premiumcdn.net/166935074/DMeF6DuBafVlhLXHmViLduQmhJZUWwFPDIe…)
[02:48:45]   downloaded 4,004.1 MB in 110.9s (36.1 MB/s)
[02:52:04]   upload done video_id=26111817 in 199.0s
[02:52:07] film cr_film_id=4023 OK in 315.8s
[02:52:07] iteration 14/20
[02:52:07] film cr_film_id=4025 name='Gremlins 2 (1990) CZ Dabing' candidates=6
[02:52:07]   candidate upload_id=5828c2a24b980 url=https://prehraj.to/gremlins-2-cz-dabing-1990-by-kamer/5828c2a24b980
[02:52:08]   resolved in 1.0s → 480p (https://pf-storage4.premiumcdn.net/860847/4yku5YsWKi34sprS39cOasadHEWixWUJ2uZNUX…)
[02:52:33]   downloaded 644.7 MB in 23.8s (27.1 MB/s)
[02:53:05]   upload done video_id=26111924 in 31.7s
[02:53:06] film cr_film_id=4025 OK in 59.4s
[02:53:06] iteration 15/20
[02:53:06] film cr_film_id=4027 name='Jen ve snu (2025) CZ Dabing' candidates=4
[02:53:06]   candidate upload_id=4e905c83fe79e311 url=https://prehraj.to/jen-ve-snu-2025-animovany-dobrodruzny-1080p-cz-dabing-1-mp4/4e905c83fe79e311
[02:53:07]   resolved in 1.3s → 1080p (https://pf-storage3.premiumcdn.net/155670545/PgGs2vSkqiL0tJVhPOSjmSE1Cgmc4pcKYCV…)
[02:53:58]   downloaded 1,368.5 MB in 48.8s (28.0 MB/s)
[02:55:37]   upload done video_id=26111979 in 99.4s
[02:55:38] film cr_film_id=4027 OK in 152.3s
[02:55:38] iteration 16/20
[02:55:38] film cr_film_id=4029 name='Poslední tanec (2024) CZ Dabing' candidates=2
[02:55:38]   candidate upload_id=6949c5c8d5a5d156 url=https://prehraj.to/posledni-tanec-2024-cz-dab-1080p/6949c5c8d5a5d156
[02:55:39]   resolve FAILED: HTTP 502 wrapping permanent upstream error: https://prehraj.to/posledni-tanec-2024-cz-dab-1080p/6949c5c8d5a5d156 (permanent=True)
[02:55:39]   candidate upload_id=68fce1dc1d532 url=https://prehraj.to/venom-posledni-tanec-2024-akcni-dobrodruzny-sci-fi-czdab/68fce1dc1d532
[02:55:45]   resolved in 6.0s → 720p (https://pf-storage4.premiumcdn.net/153369603/v3ohyEUYQHJOSD9cp8svdUg3u1oi3ysLKFo…)
[02:56:54]   downloaded 1,896.7 MB in 67.4s (28.1 MB/s)
[02:58:16]   upload done video_id=26112066 in 81.6s
[02:58:17] film cr_film_id=4029 OK in 158.5s
[02:58:17] iteration 17/20
[02:58:17] film cr_film_id=4033 name='Čtvrteční klub amatérských detektivů (2025) CZ Dabing' candidates=1
[02:58:17]   candidate upload_id=68b02192826dd url=https://prehraj.to/the-thursday-murder-club-2025-cz-dabing/68b02192826dd
[02:58:18]   resolve FAILED: HTTP 502 wrapping permanent upstream error: https://prehraj.to/the-thursday-murder-club-2025-cz-dabing/68b02192826dd (permanent=True)
[02:58:18] film cr_film_id=4033 all candidates exhausted
[02:58:18] iteration 18/20
[02:58:18] film cr_film_id=4035 name='To nevymyslíš (2025) CZ Dabing' candidates=3
[02:58:18]   candidate upload_id=6884fac4d3c76 url=https://prehraj.to/to-nevymyslis-2025-cz-dabing/6884fac4d3c76
[02:58:24]   resolved in 6.1s → 1080p (https://pf-storage4.premiumcdn.net/142241087/ZknSMxFLwSaqh0wTx5fBrFOnIazt9mTprsM…)
[02:59:26]   downloaded 2,160.4 MB in 60.5s (35.7 MB/s)
[03:01:19]   upload done video_id=26112112 in 113.5s
[03:01:21] film cr_film_id=4035 OK in 183.8s
[03:01:21] iteration 19/20
[03:01:21] film cr_film_id=4039 name='Vražda v horách (2024) CZ Dabing' candidates=1
[03:01:21]   candidate upload_id=68810964ec97b url=https://prehraj.to/vrazda-v-horach-2025-cz-dabing/68810964ec97b
[03:01:22]   resolved in 1.0s → 1080p (https://pf-storage3.premiumcdn.net/142059038/63KSNxF3phGdCdjHjXsexFn6C1XsY7Im5hG…)
[03:02:20]   downloaded 1,993.2 MB in 56.4s (35.3 MB/s)
[03:04:22]   upload done video_id=26112167 in 121.9s
[03:04:24] film cr_film_id=4039 OK in 182.5s
[03:04:24] iteration 20/20
[03:04:24] film cr_film_id=4041 name='Poslední kapka (2025) CZ Dabing' candidates=2
[03:04:24]   candidate upload_id=6842f91b91d46 url=https://prehraj.to/straw-2025-cz-dabing-1080p/6842f91b91d46
[03:04:25]   resolved in 1.0s → 1080p (https://pf-storage5.premiumcdn.net/139338653/zVXIlOuV8U72H6bFGLtvMuArI5XTroSrKtl…)
[03:05:21]   downloaded 1,957.2 MB in 55.0s (35.6 MB/s)
[03:07:19]   upload done video_id=26112234 in 117.8s
[03:07:21] film cr_film_id=4041 OK in 176.9s
[03:07:21] batch-end ok=19 failed=1 dur=2324.3s avg/film=122.3s remaining=16261 eta_hours=552.4

===== run 2026-06-19T03:09:23Z shard=1/2 batch_size=20 (https://github.com/Olbrasoft/prehrajto-to-prehrajto/actions/runs/27802939893) =====
[03:09:24] description overrides loaded: 8207 from /home/runner/work/prehrajto-to-prehrajto/prehrajto-to-prehrajto/state/email-generated-descriptions-v3.jsonl
[03:09:24] batch-start shard=1/2 count=20 backlog=17650 uploads=1389 failed_attempts=107 description_overrides=8207
[03:09:24] login
[03:09:36] login done
[03:09:36] iteration 1/20
[03:09:36] film cr_film_id=4043 name='Air Force One (1997) CZ Dabing' candidates=2
[03:09:36]   candidate upload_id=63a55aa21681c url=https://prehraj.to/air-force-one-1997-akcni-thriller-dobrodruzny-drama-full-hd-en-sk-cz-dabing/63a55aa21681c
[03:09:37]   resolved in 1.2s → 720p (https://pf-storage1.premiumcdn.net/35704456/8mwiV6I0QilbfQESq4tl2IV8FwytLQH0dUrq…)
[03:10:22]   downloaded 1,493.9 MB in 42.9s (34.8 MB/s)
[03:11:47]   upload done video_id=26112337 in 84.9s
[03:11:48] film cr_film_id=4043 OK in 132.0s
[03:11:48] iteration 2/20
[03:11:48] film cr_film_id=4045 name='Bridget Jonesová: Láskou šílená (2025) CZ Dabing' candidates=10
[03:11:48]   candidate upload_id=4dec3170152ce7a2 url=https://prehraj.to/bridget-jonesova-4-laskou-silena-2025-cz-dabing-1080p-mp4/4dec3170152ce7a2
[03:11:49]   resolved in 1.0s → 720p (https://pf-storage3.premiumcdn.net/156941276/jN6FLzUdBt8Ks7xipQfdzU2oHwgc6EfVqur…)
[03:12:30]   downloaded 1,369.6 MB in 39.9s (34.3 MB/s)
[03:13:42]   upload done video_id=26112403 in 72.0s
[03:13:43] film cr_film_id=4045 OK in 115.7s
[03:13:43] iteration 3/20
[03:13:43] film cr_film_id=4049 name='Romance s kovbojem (2023) CZ Dabing' candidates=1
[03:13:43]   candidate upload_id=6808d17a60fa0 url=https://prehraj.to/romance-s-kovbojem-2023-cz-dab-1080p/6808d17a60fa0
[03:13:45]   resolved in 1.4s → 1080p (https://pf-storage5.premiumcdn.net/135950825/zjAhPJf8gCKMtePh9Pi7MfAWFxAi5rsx5F0…)
[03:14:41]   downloaded 1,916.1 MB in 54.7s (35.0 MB/s)
[03:17:00]   upload done video_id=26112466 in 138.7s
[03:17:02] film cr_film_id=4049 OK in 198.3s
[03:17:02] iteration 4/20
[03:17:02] film cr_film_id=4053 name='Příručák (2024) CZ Dabing' candidates=3
[03:17:02]   candidate upload_id=67f81ea2a5b17 url=https://prehraj.to/prirucak-2024-akcni-krimi-thriller-czdab/67f81ea2a5b17
[03:17:03]   resolved in 0.9s → 1080p (https://pf-storage1.premiumcdn.net/134709107/oJrimQSBlH7OslEUOGhBESPRCQPf41s1PTx…)
[03:18:49]   downloaded 2,990.0 MB in 105.1s (28.4 MB/s)
[03:21:38]   upload done video_id=26112570 in 168.6s
[03:21:40] film cr_film_id=4053 OK in 278.0s
[03:21:40] iteration 5/20
[03:21:40] film cr_film_id=4055 name='Přízraky v Benátkách (2023) CZ Dabing' candidates=6
[03:21:40]   candidate upload_id=6740a83880acf url=https://prehraj.to/prizraky-v-benatkach-2023-cz-dabing-1080p/6740a83880acf
[03:21:41]   resolved in 1.2s → 1080p (https://pf-storage4.premiumcdn.net/110259284/eVpuX6Tjnt9rCXlf41TqbT2GuBgIjJuE0Hr…)
[03:22:33]   downloaded 1,803.1 MB in 50.7s (35.6 MB/s)
[03:24:48]   upload done video_id=26112635 in 135.1s
[03:24:50] film cr_film_id=4055 OK in 190.1s
[03:24:50] iteration 6/20
[03:24:50] film cr_film_id=4057 name='Ze stínů (2024) CZ Dabing' candidates=3
[03:24:50]   candidate upload_id=6710ebb260031 url=https://prehraj.to/the-shadow-strays-2024-cz-dabing-1080p/6710ebb260031
[03:24:52]   resolved in 2.0s → 1080p (https://pf-storage4.premiumcdn.net/102361868/NG3ur3SBgUYbs0OimGHvJSBAuE0TbJI0XCd…)
[03:26:12]   downloaded 2,703.1 MB in 78.1s (34.6 MB/s)
[03:28:03]   upload done video_id=26112693 in 111.2s
[03:28:05] film cr_film_id=4057 OK in 195.2s
[03:28:05] iteration 7/20
[03:28:05] film cr_film_id=4059 name='Tiché znamení (2024) CZ Dabing' candidates=3
[03:28:05]   candidate upload_id=6701b3ed4c61b url=https://prehraj.to/tiche-znameni-2024-cz-dabing-1080p/6701b3ed4c61b
[03:28:06]   resolved in 1.1s → 720p (https://pf-storage4.premiumcdn.net/100248299/gDAiPvT4NIm4IDahLwuKqTN0hgGCbRtGoip…)
[03:28:52]   downloaded 1,538.2 MB in 44.1s (34.9 MB/s)
[03:29:54]   upload done video_id=26112733 in 62.5s
[03:29:55] film cr_film_id=4059 OK in 110.4s
[03:29:55] iteration 8/20
[03:29:55] film cr_film_id=4063 name='Mizerové: Na život a na smrt (2024) CZ Dabing' candidates=8
[03:29:55]   candidate upload_id=673210ba62d39 url=https://prehraj.to/mizerove-na-zivot-a-na-smrt-will-smith-martin-lawrence-vanessa-hudgens-2024-akcni-komedie-krimi-bdrip-1080p-cz-dabing/673210ba62d39
[03:29:57]   resolved in 1.2s → 720p (https://pf-storage5.premiumcdn.net/105608651/11psBGuBVtNgFgNu8Rc2YuzYcywCvAIwdfz…)
[03:31:14]   downloaded 2,047.7 MB in 76.0s (26.9 MB/s)
[03:32:43]   upload done video_id=26112773 in 89.1s
[03:32:44] film cr_film_id=4063 OK in 169.1s
[03:32:44] iteration 9/20
[03:32:44] film cr_film_id=4065 name='Boxer (2024) CZ Dabing' candidates=1
[03:32:44]   candidate upload_id=66e47bb74b74f url=https://prehraj.to/boxer-2024-czdab/66e47bb74b74f
[03:32:45]   resolved in 1.0s → 1080p (https://pf-storage3.premiumcdn.net/96112547/OmqFjvidNHRrtjwt92sWyi7KHydc1whmpcQj…)
[03:34:41]   downloaded 3,234.3 MB in 114.0s (28.4 MB/s)
[03:37:07]   upload done video_id=26112833 in 145.7s
[03:37:08] film cr_film_id=4065 OK in 263.6s
[03:37:08] iteration 10/20
[03:37:08] film cr_film_id=4071 name='Bostonský škrtič (2023) CZ Dabing' candidates=4
[03:37:08]   candidate upload_id=765ec903351e409b url=https://prehraj.to/bostonsky-skrtic-2023-cz-dab-1080p-mkv/765ec903351e409b
[03:37:09]   resolved in 1.1s → 1080p (https://pf-storage3.premiumcdn.net/155421443/KxRiYpF9BcpNILVUDgIPZF42t1YfWnSjmIr…)
[03:37:56]   downloaded 1,608.8 MB in 45.0s (35.8 MB/s)
[03:39:18]   upload done video_id=26112881 in 82.5s
[03:39:20] film cr_film_id=4071 OK in 131.8s
[03:39:20] iteration 11/20
[03:39:20] film cr_film_id=4073 name='Vražda v Londýně (2022) CZ Dabing' candidates=2
[03:39:20]   candidate upload_id=84769fe7978f5058 url=https://prehraj.to/vrazda-v-londyne-2022-cz-dabing-mp4/84769fe7978f5058
[03:39:21]   resolve FAILED: HTTP 502 wrapping permanent upstream error: https://prehraj.to/vrazda-v-londyne-2022-cz-dabing-mp4/84769fe7978f5058 (permanent=True)
[03:39:21]   candidate upload_id=8dfa11a75153af2c url=https://prehraj.to/vrazda-v-londyne-2022-cz-dabing-mp4/8dfa11a75153af2c
[03:39:26]   resolve FAILED: HTTP 502 wrapping permanent upstream error: https://prehraj.to/vrazda-v-londyne-2022-cz-dabing-mp4/8dfa11a75153af2c (permanent=True)
[03:39:26] film cr_film_id=4073 all candidates exhausted
[03:39:26] iteration 12/20
[03:39:26] film cr_film_id=4075 name='Bývala jsem vtipná (2023) CZ Dabing' candidates=7
[03:39:26]   candidate upload_id=6851d4f996e44 url=https://prehraj.to/byvala-jsem-vtipna-2023-cz-dabing-1080p/6851d4f996e44
[03:39:32]   resolved in 6.0s → 1080p (https://pf-storage4.premiumcdn.net/140161160/KdnuGDUZkunETmeHvbFemU1luAEFZ9ukOcp…)
[03:40:46]   downloaded 2,054.8 MB in 71.5s (28.7 MB/s)
[03:42:51]   upload done video_id=26112923 in 125.8s
[03:42:53] film cr_film_id=4075 OK in 206.3s
[03:42:53] iteration 13/20
[03:42:53] film cr_film_id=4077 name='První znamení: Přichází satan! (2024) CZ Dabing' candidates=6
[03:42:53]   candidate upload_id=6839addd6afe9 url=https://prehraj.to/the-first-omen-2024-cz-dabing-1080p/6839addd6afe9
[03:42:54]   resolved in 1.2s → 1080p (https://pf-storage4.premiumcdn.net/138908144/0Pqfpecv8TMjfrAuR8HdZcr2faJhnNTO0f7…)
[03:44:27]   downloaded 3,293.8 MB in 91.8s (35.9 MB/s)
[03:46:52]   upload done video_id=26112979 in 144.7s
[03:46:53] film cr_film_id=4077 OK in 240.6s
[03:46:53] iteration 14/20
[03:46:53] film cr_film_id=4081 name='Konvoi (2023) CZ Dabing' candidates=2
[03:46:53]   candidate upload_id=f0d413267c37e8b5 url=https://prehraj.to/konvoi-konvoi-2023-cz-dab/f0d413267c37e8b5
[03:46:54]   resolved in 1.0s → 480p (https://pf-storage3.premiumcdn.net/155850647/LPoHwxSRqIw7hPQsyniy1S8GHxLIwduLbIK…)
[03:47:12]   downloaded 402.7 MB in 16.4s (24.6 MB/s)
[03:47:32]   upload done video_id=26113017 in 19.9s
[03:47:33] film cr_film_id=4081 OK in 39.8s
[03:47:33] iteration 15/20
[03:47:33] film cr_film_id=4089 name='Jeden gól (2023) CZ Dabing' candidates=1
[03:47:33]   candidate upload_id=67d8923270ff9 url=https://prehraj.to/jeden-gol-2023-cz-dab-1080p/67d8923270ff9
[03:47:34]   resolved in 1.0s → 1080p (https://pf-storage5.premiumcdn.net/132425426/JDphRETKqioPf8YUZzc1bT6qhR8iK9srMck…)
[03:48:51]   downloaded 2,689.8 MB in 75.4s (35.7 MB/s)
[03:51:11]   upload done video_id=26113042 in 139.7s
[03:51:12] film cr_film_id=4089 OK in 219.2s
[03:51:12] iteration 16/20
[03:51:12] film cr_film_id=4091 name='Ukradené jméno (2021) CZ Dabing' candidates=1
[03:51:12]   candidate upload_id=641dad00213b6 url=https://prehraj.to/ukradene-jmeno-2021-cz-dabing-720p/641dad00213b6
[03:51:13]   resolved in 1.1s → 720p (https://pf-storage2.premiumcdn.net/38661439/ajqsBMfXMIKmIVmtQ2caGfePIjasqxC2qSjG…)
[03:51:52]   downloaded 1,016.2 MB in 37.0s (27.5 MB/s)
[03:53:22]   upload done video_id=26113082 in 90.5s
[03:53:24] film cr_film_id=4091 OK in 131.8s
[03:53:24] iteration 17/20
[03:53:24] film cr_film_id=4097 name='Rustin (2023) CZ Dabing' candidates=5
[03:53:24]   candidate upload_id=6557c18863c97 url=https://prehraj.to/rustin-2023-cz-dabing-hd-1080p/6557c18863c97
[03:53:25]   resolved in 1.2s → 1080p (https://pf-storage1.premiumcdn.net/52176857/bgxFwXukGCwzTMRT1vUrwuWKT6JSKGHXOsez…)
[03:54:28]   downloaded 1,699.5 MB in 61.1s (27.8 MB/s)
[03:55:40]   upload done video_id=26113132 in 71.7s
[03:55:41] film cr_film_id=4097 OK in 136.8s
[03:55:41] iteration 18/20
[03:55:41] film cr_film_id=4099 name='Naprostý zabiják (2023) CZ' candidates=1
[03:55:41]   candidate upload_id=677c909dc99d8 url=https://prehraj.to/naprosty-zabijak-totally-killer-2023-sktonline/677c909dc99d8
[03:55:41]   resolve FAILED: HTTP 502 wrapping permanent upstream error: https://prehraj.to/naprosty-zabijak-totally-killer-2023-sktonline/677c909dc99d8 (permanent=True)
[03:55:41] film cr_film_id=4099 all candidates exhausted
[03:55:41] iteration 19/20
[03:55:41] film cr_film_id=4103 name='Alibi na klíč: Den D (2023) CZ Dabing' candidates=1
[03:55:41]   candidate upload_id=680950b4594a4 url=https://prehraj.to/alibi-na-klic-den-d-2024-1080p-cz-dab/680950b4594a4
[03:55:47]   resolved in 6.0s → 720p (https://pf-storage3.premiumcdn.net/135997202/prmf5qimohX8co7tNwfDoiO0cgkux4txQCq…)
[03:56:37]   downloaded 1,695.2 MB in 48.3s (35.1 MB/s)
[03:58:03]   upload done video_id=26113173 in 85.6s
[03:58:04] film cr_film_id=4103 OK in 142.6s
[03:58:04] iteration 20/20
[03:58:04] film cr_film_id=4107 name='Chevalier (2022) CZ Dabing' candidates=5
[03:58:04]   candidate upload_id=727775950e383129 url=https://prehraj.to/chevalier-2022-cz-dab-1080p/727775950e383129
[03:58:05]   resolved in 1.0s → 1080p (https://pf-storage5.premiumcdn.net/168349831/RqZHgmTwbSPefO5SNYHaxT7BFeEuPeC1KuB…)
[03:59:27]   downloaded 2,102.8 MB in 80.1s (26.3 MB/s)
[04:01:14]   upload done video_id=26113227 in 107.0s
[04:01:15] film cr_film_id=4107 OK in 191.1s
[04:01:15] batch-end ok=18 failed=2 dur=3099.4s avg/film=172.2s remaining=16243 eta_hours=777.0

===== run 2026-06-19T04:32:39Z shard=1/2 batch_size=20 (https://github.com/Olbrasoft/prehrajto-to-prehrajto/actions/runs/27805547399) =====
[04:32:40] description overrides loaded: 8207 from /home/runner/work/prehrajto-to-prehrajto/prehrajto-to-prehrajto/state/email-generated-descriptions-v3.jsonl
[04:32:40] batch-start shard=1/2 count=20 backlog=17650 uploads=1407 failed_attempts=110 description_overrides=8207
[04:32:40] login
[04:32:42] login done
[04:32:42] iteration 1/20
[04:32:42] film cr_film_id=4109 name='Smrtelné zlo: Probuzení (2023) CZ Dabing' candidates=6
[04:32:42]   candidate upload_id=68b22639bcc6a url=https://prehraj.to/smrtelne-zlo-probuzeni-2023-cz-dabing-uhdr/68b22639bcc6a
[04:32:43]   resolved in 1.5s → 1080p (https://pf-storage4.premiumcdn.net/144904413/9kdTrOfZNTDxirQhvZtoAf7RSX4cjAtbKTq…)
[04:34:57]   downloaded 1,711.3 MB in 131.0s (13.1 MB/s)
[04:36:38]   upload done video_id=26113961 in 101.5s
[04:36:40] film cr_film_id=4109 OK in 237.9s
[04:36:40] iteration 2/20
[04:36:40] film cr_film_id=4113 name='Palmy a stožáry (2022) CZ Dabing' candidates=5
[04:36:40]   candidate upload_id=65b9f85939f01 url=https://prehraj.to/palmy-a-stozary-palm-trees-and-power-lines-2022-1080p-webrip-cz-dabing-mp4/65b9f85939f01
[04:36:41]   resolved in 1.3s → 720p (https://pf-storage4.premiumcdn.net/72870659/z26iRWCvQtG6uYnCeoTXYCzqFaWSywuKwTq1…)
[04:39:39]   downloaded 1,552.3 MB in 175.4s (8.8 MB/s)
[04:41:05]   upload done video_id=26114038 in 86.3s
[04:41:07] film cr_film_id=4113 OK in 267.6s
[04:41:07] iteration 3/20
[04:41:07] film cr_film_id=4115 name='Deset dnů dobrého muže (2023) CZ Dabing' candidates=4
[04:41:07]   candidate upload_id=659e27aa6d229 url=https://prehraj.to/deset-dnu-dobreho-muze-webrip-cz-dabing-2023-1080p/659e27aa6d229
[04:41:09]   resolved in 1.5s → 1080p (https://pf-storage3.premiumcdn.net/72195335/l6DFvosblhA2soNID8TQ9s9ZhL5Fe6HpWIlY…)
[04:43:02]   downloaded 1,995.1 MB in 111.1s (18.0 MB/s)
[04:44:58]   upload done video_id=26114089 in 116.2s
[04:45:00] film cr_film_id=4115 OK in 232.7s
[04:45:00] iteration 4/20
[04:45:00] film cr_film_id=4119 name='Příběh dealera (2021) CZ Dabing' candidates=3
[04:45:00]   candidate upload_id=63e7fb4169670 url=https://prehraj.to/pribeh-dealera-dealer-2021-hd-5-1-cz-dabing-1080p/63e7fb4169670
[04:45:01]   resolved in 1.2s → 1080p (https://pf-storage4.premiumcdn.net/37297234/RQZTLyHakfdMhw3fyQcn1HKbsjdsb4cXRczm…)
[04:47:26]   downloaded 2,641.2 MB in 142.9s (18.5 MB/s)
[04:50:02]   upload done video_id=26114153 in 155.9s
[04:50:04] film cr_film_id=4119 OK in 304.1s
[04:50:04] iteration 5/20
[04:50:04] film cr_film_id=4123 name='X (2022) CZ Dabing' candidates=2
[04:50:04]   candidate upload_id=c3bdbf0dc7d16756 url=https://prehraj.to/x-2022-cz-dab-1080p/c3bdbf0dc7d16756
[04:50:06]   resolved in 1.6s → 1080p (https://pf-storage5.premiumcdn.net/168258205/a30HkEcORuEnIjYURjtO9c4dH5QI9niXGtD…)
[04:51:19]   downloaded 1,724.6 MB in 71.3s (24.2 MB/s)
[04:53:18]   upload done video_id=26114236 in 118.6s
[04:53:21] film cr_film_id=4123 OK in 196.2s
[04:53:21] iteration 6/20
[04:53:21] film cr_film_id=4125 name='Její cesta (2021) CZ Dabing' candidates=2
[04:53:21]   candidate upload_id=63c7c4c398ac2 url=https://prehraj.to/jeji-cesta-2021-cz-dabing-1080p/63c7c4c398ac2
[04:53:22]   resolved in 1.5s → 1080p (https://pf-storage3.premiumcdn.net/36448411/MzdHYlUq8cObUGEfWXsMoUxrHpWh6eHAYTak…)
[04:54:51]   downloaded 1,691.2 MB in 86.9s (19.5 MB/s)
[04:56:43]   upload done video_id=26114335 in 112.0s
[04:56:45] film cr_film_id=4125 OK in 204.7s
[04:56:45] iteration 7/20
[04:56:45] film cr_film_id=4127 name='Pes (2022) CZ Dabing' candidates=2
[04:56:45]   candidate upload_id=15aab693420261b5 url=https://prehraj.to/zabavna-psi-cesta-2022-cz-dabing-top-kvalita-mkv/15aab693420261b5
[04:56:47]   resolved in 1.3s → 1080p (https://pf-storage5.premiumcdn.net/168501118/QYec5gTAbHOlTB7sJEFEMTbBUqXup8i7wiO…)
[04:58:58]   downloaded 2,186.7 MB in 129.0s (17.0 MB/s)
[05:01:00]   upload done video_id=26114442 in 122.5s
[05:01:03] film cr_film_id=4127 OK in 257.3s
[05:01:03] iteration 8/20
[05:01:03] film cr_film_id=4129 name='Tátův drak (2022) CZ Dabing' candidates=2
[05:01:03]   candidate upload_id=636f18617db7f url=https://prehraj.to/tatuv-drak-2022-czdab/636f18617db7f
[05:01:04]   resolved in 1.2s → 1080p (https://pf-storage1.premiumcdn.net/34596862/dG7IdauEGH7ktoWHN0Ij5u3zHAYcL5H3QSBa…)
[05:02:27]   downloaded 1,408.0 MB in 81.4s (17.3 MB/s)
[05:03:45]   upload done video_id=26114519 in 78.1s
[05:03:47] film cr_film_id=4129 OK in 164.9s
[05:03:47] iteration 9/20
[05:03:47] film cr_film_id=4135 name='Šťastně až do smrti (2022) CZ Dabing' candidates=2
[05:03:47]   candidate upload_id=674fd89e9e199 url=https://prehraj.to/stastne-az-do-smrti-2022-cz-dab-1080p/674fd89e9e199
[05:03:49]   resolved in 1.2s → 1080p (https://pf-storage4.premiumcdn.net/116425991/1g9cPjSxLudoTEXIY3H54SE7hVJuLDu38tk…)
[05:05:52]   downloaded 1,976.7 MB in 121.1s (16.3 MB/s)
[05:08:07]   upload done video_id=26114578 in 134.9s
[05:08:11] film cr_film_id=4135 OK in 263.9s
[05:08:11] iteration 10/20
[05:08:11] film cr_film_id=4137 name='Šedý muž (2022) CZ Dabing' candidates=7
[05:08:11]   candidate upload_id=62da87097bf56 url=https://prehraj.to/the-gray-man-2022-1080p-cz-dabing/62da87097bf56
[05:08:14]   resolved in 2.3s → 1080p (https://pf-storage1.premiumcdn.net/31708334/o0dCENcE0hxmfzRhajF6wcb6h0kCWJHKbIvO…)
[05:10:08]   downloaded 2,701.0 MB in 112.0s (24.1 MB/s)
[05:12:45]   upload done video_id=26114674 in 156.6s
[05:12:47] film cr_film_id=4137 OK in 275.3s
[05:12:47] iteration 11/20
[05:12:47] film cr_film_id=4141 name='Král útěků (2021) CZ Dabing' candidates=2
[05:12:47]   candidate upload_id=628012ccdf2ed url=https://prehraj.to/kral-uteku-2021-czdab/628012ccdf2ed
[05:12:48]   resolved in 1.5s → 1080p (https://pf-storage1.premiumcdn.net/30831632/1erUYeH64iExi9xhQju6ZHeohmMuZqT8BUk8…)
[05:14:57]   downloaded 2,503.7 MB in 126.1s (19.9 MB/s)
[05:18:27]   upload done video_id=26114790 in 210.7s
[05:18:30] film cr_film_id=4141 OK in 343.6s
[05:18:30] iteration 12/20
[05:18:30] film cr_film_id=4151 name='Gagarin: První ve vesmíru (2013) CZ' candidates=1
[05:18:30]   candidate upload_id=654786db64bc8 url=https://prehraj.to/gagarin-prvni-ve-vesmiru-2023-cz-sk-ru-ru/654786db64bc8
[05:18:32]   resolved in 2.2s → 1080p (https://pf-storage1.premiumcdn.net/50711672/DpDSXQFaXHQnTERsXns4lFk6Cpntw4Il7T2k…)
[05:18:35]   oversize: 6630906517 B > 6000000000 B, skip
[05:18:35] film cr_film_id=4151 all candidates exhausted
[05:18:35] iteration 13/20
[05:18:35] film cr_film_id=4153 name='Gump – pes, který naučil lidi žít (2021) CZ' candidates=3
[05:18:35]   candidate upload_id=3117820bd314ff01 url=https://prehraj.to/gump-pes-ktery-naucil-lidi-zit-2021-1080p-dd-5-1-h-264/3117820bd314ff01
[05:18:39]   resolved in 4.0s → 1080p (https://pf-storage5.premiumcdn.net/160628909/BnqFD9uw2IawIx8UZASr9uvzUM3smosJqTA…)
[05:20:28]   downloaded 2,418.7 MB in 107.4s (22.5 MB/s)
[05:23:49]   upload done video_id=26114965 in 200.7s
[05:23:51] film cr_film_id=4153 OK in 316.3s
[05:23:51] iteration 14/20
[05:23:51] film cr_film_id=4155 name='Osel, milenec a já (2020) CZ Dabing' candidates=2
[05:23:51]   candidate upload_id=61ac0c45cc35a url=https://prehraj.to/osel-milenec-a-ja-2020-czdab/61ac0c45cc35a
[05:23:52]   resolved in 1.4s → 720p (https://pf-storage1.premiumcdn.net/27118413/xWDh1ourAS7YSEaCd9fD1uovIJESx3Id0SOy…)
[05:25:46]   downloaded 2,170.4 MB in 112.3s (19.3 MB/s)
[05:28:32]   upload done video_id=26115093 in 165.7s
[05:28:36] film cr_film_id=4155 OK in 285.1s
[05:28:36] iteration 15/20
[05:28:36] film cr_film_id=4157 name='Město lží (2018) CZ' candidates=1
[05:28:36]   candidate upload_id=76ea6a407fbc97d3 url=https://prehraj.to/mesto-lzi-2018-mp4/76ea6a407fbc97d3
[05:28:37]   resolve FAILED: HTTP 502 wrapping permanent upstream error: https://prehraj.to/mesto-lzi-2018-mp4/76ea6a407fbc97d3 (permanent=True)
[05:28:37] film cr_film_id=4157 all candidates exhausted
[05:28:37] iteration 16/20
[05:28:37] film cr_film_id=4159 name='Příprava k soužití na dobu neurčitou (2020) CZ Dabing' candidates=2
[05:28:37]   candidate upload_id=61a7a7164e6c9 url=https://prehraj.to/priprava-k-souziti-na-dobu-neurcitou-2020-cz-dabing/61a7a7164e6c9
[05:28:43]   resolved in 6.5s → 720p (https://pf-storage3.premiumcdn.net/27015942/xbnhdAI8vHEoS20FvOi3zIPLTWlcvVHoWfxN…)
[05:29:43]   downloaded 1,100.9 MB in 57.5s (19.1 MB/s)
[05:30:55]   upload done video_id=26115170 in 72.3s
[05:30:57] film cr_film_id=4159 OK in 140.3s
[05:30:57] iteration 17/20
[05:30:57] film cr_film_id=4165 name='Šampion (2019) CZ' candidates=1
[05:30:57]   candidate upload_id=61c4febe30252 url=https://prehraj.to/sampion-the-champion-il-campione-2019-slovensky-dabing/61c4febe30252
[05:30:58]   resolved in 1.2s → 1080p (https://pf-storage4.premiumcdn.net/27718707/lpyhKgi3oc5RUjRSmPTKLioOHmwT0gsYRFge…)
[05:32:52]   downloaded 2,167.8 MB in 111.7s (19.4 MB/s)
[05:35:24]   upload done video_id=26115230 in 152.1s
[05:35:26] film cr_film_id=4165 OK in 269.0s
[05:35:26] iteration 18/20
[05:35:26] film cr_film_id=4167 name='Můj rok se Salingerem (2020) CZ Dabing' candidates=5
[05:35:26]   candidate upload_id=527d6ec0b0789009 url=https://prehraj.to/muj-rok-se-salingerem-2020-drama-czdab-m-mkv/527d6ec0b0789009
[05:35:27]   resolved in 1.2s → 720p (https://pf-storage1.premiumcdn.net/156890348/vnKtJ2TL0tW8ieVtVdCpQTrOIJEFedCQ7Un…)
[05:36:22]   downloaded 1,044.1 MB in 52.6s (19.9 MB/s)
[05:37:30]   upload done video_id=26115298 in 68.0s
[05:37:32] film cr_film_id=4167 OK in 125.6s
[05:37:32] iteration 19/20
[05:37:32] film cr_film_id=4175 name='Podolští kadeti (2020) CZ Dabing' candidates=13
[05:37:32]   candidate upload_id=611959de2790b url=https://prehraj.to/posledni-hranice-podolskije-kursanty-2020-cz-ru-1080p-cz-dabing/611959de2790b
[05:37:33]   resolved in 1.5s → 720p (https://pf-storage5.premiumcdn.net/24615188/qr3tz4sOeuxEFdNflnhvgsJnfQlHOnSeWH90…)
[05:39:50]   downloaded 2,871.8 MB in 135.1s (21.3 MB/s)
[05:42:38]   upload done video_id=26115366 in 167.8s
[05:42:41] film cr_film_id=4175 OK in 309.2s
[05:42:41] iteration 20/20
[05:42:41] film cr_film_id=4179 name='Kyslík (2021) CZ Dabing' candidates=16
[05:42:41]   candidate upload_id=609e16ccc7f4e url=https://prehraj.to/kyslik-2021-cz-dabing-1080p/609e16ccc7f4e
[05:42:43]   resolved in 1.9s → 1080p (https://pf-storage1.premiumcdn.net/23503638/r8LTRzs9QU64fD0UeMInys5LSKECDkuROI0m…)
[05:45:10]   downloaded 2,009.8 MB in 145.5s (13.8 MB/s)
[05:47:30]   upload done video_id=26115454 in 139.7s
[05:47:32] film cr_film_id=4179 OK in 291.0s
[05:47:32] batch-end ok=18 failed=2 dur=4489.9s avg/film=249.4s remaining=16225 eta_hours=1124.0

===== run 2026-06-19T05:48:02Z shard=1/2 batch_size=20 (https://github.com/Olbrasoft/prehrajto-to-prehrajto/actions/runs/27808047453) =====
[05:48:03] description overrides loaded: 8207 from /home/runner/work/prehrajto-to-prehrajto/prehrajto-to-prehrajto/state/email-generated-descriptions-v3.jsonl
[05:48:03] batch-start shard=1/2 count=20 backlog=17650 uploads=1425 failed_attempts=112 description_overrides=8207
[05:48:03] login
[05:48:05] login done
[05:48:05] iteration 1/20
[05:48:05] film cr_film_id=4181 name='Šachová partie (2020) CZ Dabing' candidates=1
[05:48:05]   candidate upload_id=608e68e44ed0b url=https://prehraj.to/sachova-partie-critical-thinking-2020-1080p-webrip-x264-cz-dab/608e68e44ed0b
[05:48:06]   resolved in 1.0s → 720p (https://pf-storage4.premiumcdn.net/23350539/A3yI4zu65c45iXBT1XsqVu5xFZlS1bTmEtNb…)
[05:49:19]   downloaded 2,043.1 MB in 72.1s (28.3 MB/s)
[05:51:15]   upload done video_id=26115530 in 115.2s
[05:51:16] film cr_film_id=4181 OK in 191.1s
[05:51:16] iteration 2/20
[05:51:16] film cr_film_id=4183 name='Poslední dům nalevo (2009) CZ Dabing' candidates=22
[05:51:16]   candidate upload_id=559f40893637d url=https://prehraj.to/posledni-dum-nalevo-the-last-house-on-the-left-2009-dvdrip-czdabing/559f40893637d
[05:51:17]   resolved in 0.9s → 480p (https://pf-storage2.premiumcdn.net/503010/zBysQxUp8S6xI7aCblSbdUapSGjudmSALhLdF0…)
[05:51:33]   downloaded 512.1 MB in 15.2s (33.7 MB/s)
[05:51:53]   upload done video_id=26115572 in 19.4s
[05:51:54] film cr_film_id=4183 OK in 38.1s
[05:51:54] iteration 3/20
[05:51:54] film cr_film_id=4187 name='Čističi vesmíru (2021) CZ' candidates=3
[05:51:54]   candidate upload_id=60225779dd041 url=https://prehraj.to/cistici-vesmiru-seungriho-2021-aac-5-1-720p-cz-title-vlozene-vypinatelne-sci-fi-dobrodruzny-drama/60225779dd041
[05:51:55]   resolved in 1.2s → 480p (https://pf-storage3.premiumcdn.net/22089024/eJ5Fj3feJsGnH7bclWUNDfP5hKGCRKUeVFDq…)
[05:52:28]   downloaded 1,142.2 MB in 31.6s (36.1 MB/s)
[05:53:15]   upload done video_id=26115589 in 47.4s
[05:53:18] film cr_film_id=4187 OK in 83.7s
[05:53:18] iteration 4/20
[05:53:18] film cr_film_id=4193 name='Humorista (2018) CZ Dabing' candidates=1
[05:53:18]   candidate upload_id=941ca671f21a7d9e url=https://prehraj.to/humorista-2019-cz-dabing/941ca671f21a7d9e
[05:53:18]   resolve FAILED: HTTP 502 wrapping permanent upstream error: https://prehraj.to/humorista-2019-cz-dabing/941ca671f21a7d9e (permanent=True)
[05:53:18] film cr_film_id=4193 all candidates exhausted
[05:53:18] iteration 5/20
[05:53:18] film cr_film_id=4197 name='Karbon (2017) CZ Dabing' candidates=6
[05:53:18]   candidate upload_id=5bcc38b4e234a url=https://prehraj.to/carbone-thriller-cz-dab-2017-zz/5bcc38b4e234a
[05:53:24]   resolved in 5.8s → 480p (https://pf-storage1.premiumcdn.net/7349453/ll1fv3sBmU6VcBgI6eUpvsyeS1nUYzurOFWeF…)
[05:53:43]   downloaded 459.5 MB in 17.2s (26.7 MB/s)
[05:54:01]   upload done video_id=26115610 in 18.2s
[05:54:02] film cr_film_id=4197 OK in 44.0s
[05:54:02] iteration 6/20
[05:54:02] film cr_film_id=4207 name='Eurovision Song Contest: The Story of Fire Saga (2020) CZ Dabing' candidates=12
[05:54:02]   candidate upload_id=5ef7a13c8cadf url=https://prehraj.to/eurovize-eurovision-song-contest-the-story-of-fire-saga-2020-cz-dabing-forced-webrip/5ef7a13c8cadf
[05:54:03]   resolved in 0.9s → 480p (https://pf-storage3.premiumcdn.net/17076945/WvRfxeUaXF1rfRjsVwCoAUwviYPhOaCpoh6R…)
[05:54:45]   downloaded 1,155.4 MB in 40.7s (28.4 MB/s)
[05:55:39]   upload done video_id=26115620 in 54.0s
[05:55:40] film cr_film_id=4207 OK in 98.0s
[05:55:40] iteration 7/20
[05:55:40] film cr_film_id=4209 name='Kde se touláš, Bernadetto (2019) CZ Dabing' candidates=5
[05:55:40]   candidate upload_id=5eefb6ec93005 url=https://prehraj.to/kde-se-toulas-bernadetto-czdabing-2019/5eefb6ec93005
[05:55:41]   resolved in 1.1s → 1080p (https://pf-storage3.premiumcdn.net/17002092/4O9tr6iJRUYyUQpCrLc0oirPcqKCp2urYUpg…)
[05:57:30]   downloaded 3,215.9 MB in 107.2s (30.0 MB/s)
[06:00:07]   upload done video_id=26115657 in 157.6s
[06:00:09] film cr_film_id=4209 OK in 268.5s
[06:00:09] iteration 8/20
[06:00:09] film cr_film_id=4215 name='Mizerové navždy (2020) CZ Dabing' candidates=8
[06:00:09]   candidate upload_id=66640b0489cf0 url=https://prehraj.to/mizerove-navzdy-2019-1080p-cz-dabing/66640b0489cf0
[06:00:11]   resolved in 2.1s → 720p (https://pf-storage5.premiumcdn.net/78116654/N7RSM5CObtKmUrMszgIzBC2jIKvcm9SQVUNP…)
[06:01:30]   downloaded 2,915.9 MB in 77.4s (37.7 MB/s)
[06:03:24]   upload done video_id=26115701 in 114.0s
[06:03:25] film cr_film_id=4215 OK in 196.4s
[06:03:25] iteration 9/20
[06:03:25] film cr_film_id=4217 name='Ježek Sonic (2020) CZ Dabing' candidates=5
[06:03:25]   candidate upload_id=619cc7c4a810b url=https://prehraj.to/jzk-sonic-sonic-the-hedgehog-2020-1080p-cz-dab/619cc7c4a810b
[06:03:26]   resolved in 0.9s → 720p (https://pf-storage4.premiumcdn.net/26756548/bebhVvSdbU20se8hzGsLDS7LfvJtj9uOlFQ7…)
[06:04:15]   downloaded 1,724.7 MB in 47.9s (36.0 MB/s)
[06:06:04]   upload done video_id=26115729 in 108.4s
[06:06:06] film cr_film_id=4217 OK in 160.4s
[06:06:06] iteration 10/20
[06:06:06] film cr_film_id=4219 name='To Kapitola 2 (2019) CZ Dabing' candidates=4
[06:06:06]   candidate upload_id=5e144519a5c0d url=https://prehraj.to/to-kapitola-2-it-chapter-two-2019-1080p-dd5-1-cz-dabing/5e144519a5c0d
[06:06:07]   resolved in 1.0s → 720p (https://pf-storage5.premiumcdn.net/15613171/vGAfgyhEZsMdfnbsP8hV7hk3s7XsAaIdXHJ3…)
[06:07:34]   downloaded 3,161.2 MB in 86.9s (36.4 MB/s)
[06:09:27]   upload done video_id=26115766 in 113.0s
[06:09:29] film cr_film_id=4219 OK in 203.5s
[06:09:29] iteration 11/20
[06:09:29] film cr_film_id=4221 name='Ad Astra (2019) CZ Dabing' candidates=14
[06:09:29]   candidate upload_id=600de6bb2bd9c url=https://prehraj.to/astra-ad-ad-astra-2019-hd-1080p-cz-dabing/600de6bb2bd9c
[06:09:30]   resolved in 1.3s → 720p (https://pf-storage1.premiumcdn.net/21743010/449iLmSw7cn1Fk8cYWfbBSk1sJRUMocyEs2Y…)
[06:10:34]   downloaded 1,818.1 MB in 62.4s (29.1 MB/s)
[06:11:52]   upload done video_id=26115795 in 78.1s
[06:11:54] film cr_film_id=4221 OK in 144.7s
[06:11:54] iteration 12/20
[06:11:54] film cr_film_id=4223 name='Já, knedlíček (2018) CZ Dabing' candidates=19
[06:11:54]   candidate upload_id=5dc504ccbf69a url=https://prehraj.to/ja-knedlicek-dumplin-2018-1080p-webrip-czdabing/5dc504ccbf69a
[06:11:55]   resolved in 0.9s → 1080p (https://pf-storage1.premiumcdn.net/15219151/8pKSXBh8VCp6HvAUNgSNlhrNCE6tW6C0PCKZ…)
[06:13:22]   downloaded 2,576.4 MB in 86.4s (29.8 MB/s)
[06:15:27]   upload done video_id=26115827 in 125.1s
[06:15:29] film cr_film_id=4223 OK in 214.8s
[06:15:29] iteration 13/20
[06:15:29] film cr_film_id=4225 name='Roztříštění (2019) CZ' candidates=4
[06:15:29]   candidate upload_id=60538ac66c0ee url=https://prehraj.to/roztristeni-fractured-2019-720p-x264-1280x534-cz-title-vlozene/60538ac66c0ee
[06:15:29]   resolved in 0.9s → 480p (https://pf-storage4.premiumcdn.net/22708343/DbGcvkFM4SPRToAh4eFz4FnpSwmfDAukmhRP…)
[06:15:49]   downloaded 627.1 MB in 19.0s (33.0 MB/s)
[06:16:34]   upload done video_id=26115871 in 44.1s
[06:16:35] film cr_film_id=4225 OK in 66.8s
[06:16:35] iteration 14/20
[06:16:35] film cr_film_id=4227 name='Romulus a Remus: První král (2019) CZ Dabing' candidates=5
[06:16:35]   candidate upload_id=5d93a0f5ea320 url=https://prehraj.to/romulus-a-remus-prvni-kral-2019-cz-dabing/5d93a0f5ea320
[06:16:36]   resolved in 0.9s → 720p (https://pf-storage1.premiumcdn.net/14975716/AM5HG9hYRtLYtrYizKUJyhpZcKvidrfPkHRl…)
[06:17:57]   downloaded 3,004.8 MB in 79.7s (37.7 MB/s)
[06:20:03]   upload done video_id=26115910 in 125.8s
[06:20:04] film cr_film_id=4227 OK in 208.8s
[06:20:04] iteration 15/20
[06:20:04] film cr_film_id=4231 name='LEGO® příběh 2 (2019) CZ Dabing' candidates=7
[06:20:04]   candidate upload_id=61590b5586281 url=https://prehraj.to/lego-pribeh-2-2019-cz-dabing/61590b5586281
[06:20:05]   resolved in 1.1s → 720p (https://pf-storage5.premiumcdn.net/25167494/YeOunXFrOcm1COrcNvukEFnOIMNuPJfOlT3Y…)
[06:20:58]   downloaded 1,874.3 MB in 51.6s (36.3 MB/s)
[06:22:52]   upload done video_id=26115965 in 113.8s
[06:22:53] film cr_film_id=4231 OK in 168.8s
[06:22:53] iteration 16/20
[06:22:53] film cr_film_id=4233 name='Milionový závod (2001) CZ Dabing' candidates=14
[06:22:53]   candidate upload_id=603119cb78264 url=https://prehraj.to/milionovy-zavod-2001-cz-dabing/603119cb78264
[06:22:54]   resolved in 1.0s → 480p (https://pf-storage3.premiumcdn.net/22335914/nAXi6kTwgFYyIzqt2ViZaTv0h7MS8RijKS4Y…)
[06:23:34]   downloaded 1,094.5 MB in 38.1s (28.7 MB/s)
[06:24:28]   upload done video_id=26116017 in 54.0s
[06:24:29] film cr_film_id=4233 OK in 95.9s
[06:24:29] iteration 17/20
[06:24:29] film cr_film_id=4235 name='Mladý gangster (2018) CZ Dabing' candidates=9
[06:24:29]   candidate upload_id=5e1d8e5007a56 url=https://prehraj.to/mlady-gangster-cz-dabing-2018/5e1d8e5007a56
[06:24:30]   resolved in 1.0s → 480p (https://pf-storage1.premiumcdn.net/15659641/eVEFlbsM7UvVTkxh9vIDgsGPS7bHYVU2zSzx…)
[06:24:52]   downloaded 549.0 MB in 20.2s (27.2 MB/s)
[06:25:16]   upload done video_id=26116037 in 24.5s
[06:25:17] film cr_film_id=4235 OK in 48.5s
[06:25:17] iteration 18/20
[06:25:17] film cr_film_id=4237 name='Ip Man: Cheung Tin Chi (2018) CZ Dabing' candidates=4
[06:25:17]   candidate upload_id=5fce3e4d0780e url=https://prehraj.to/mistr-z-ve-stinu-ip-mana-2018-full-hd-cz-dabing-playfilm-to/5fce3e4d0780e
[06:25:18]   resolved in 1.1s → 1080p (https://pf-storage3.premiumcdn.net/20617362/lXlf1MCgKsZpSkqsyoUXnCR5HVoflOcGPUwL…)
[06:26:19]   downloaded 2,157.8 MB in 59.1s (36.5 MB/s)
[06:28:02]   upload done video_id=26116081 in 102.8s
[06:28:03] film cr_film_id=4237 OK in 165.4s
[06:28:03] iteration 19/20
[06:28:03] film cr_film_id=4241 name='Peppermint: Anděl pomsty (2018) CZ Dabing' candidates=15
[06:28:03]   candidate upload_id=5c862be049866 url=https://prehraj.to/andel-pomsty-peppermint-2018-hdrip-cz-dabing-m3/5c862be049866
[06:28:03]   resolved in 0.7s → 480p (https://pf-storage1.premiumcdn.net/12369958/JAni8wcdMhr8SP4TQJIEBcd5T8wTj6hz6fPd…)
[06:28:25]   downloaded 725.7 MB in 20.8s (34.9 MB/s)
[06:29:05]   upload done video_id=26116133 in 40.3s
[06:29:07] film cr_film_id=4241 OK in 64.6s
[06:29:07] iteration 20/20
[06:29:07] film cr_film_id=4243 name='Bradův život (2017) CZ Dabing' candidates=2
[06:29:07]   candidate upload_id=5c3de0147240b url=https://prehraj.to/braduv-zivot-2017-cz-dabing-bst/5c3de0147240b
[06:29:08]   resolved in 0.8s → 480p (https://pf-storage1.premiumcdn.net/10975288/WNdidbTLZimyunyHkOfldTBecL8CPvSr9IBW…)
[06:29:32]   downloaded 610.2 MB in 22.6s (27.0 MB/s)
[06:30:18]   upload done video_id=26116171 in 45.9s
[06:30:19] film cr_film_id=4243 OK in 71.8s
[06:30:19] batch-end ok=19 failed=1 dur=2534.6s avg/film=133.4s remaining=16206 eta_hours=600.5

===== run 2026-06-19T06:51:29Z shard=1/2 batch_size=20 (https://github.com/Olbrasoft/prehrajto-to-prehrajto/actions/runs/27810398908) =====
[06:51:30] description overrides loaded: 8207 from /home/runner/work/prehrajto-to-prehrajto/prehrajto-to-prehrajto/state/email-generated-descriptions-v3.jsonl
[06:51:30] batch-start shard=1/2 count=20 backlog=17650 uploads=1444 failed_attempts=113 description_overrides=8207
[06:51:30] login
[06:51:33] login done
[06:51:33] iteration 1/20
[06:51:33] film cr_film_id=4247 name='Mauglí - příběh džungle (2018) CZ' candidates=3
[06:51:33]   candidate upload_id=5c10f97227421 url=https://prehraj.to/maugli-legenda-dzungle-2018-cz-tit-vloz/5c10f97227421
[06:51:34]   resolved in 1.2s → 1080p (https://pf-storage1.premiumcdn.net/9403586/QM6s5vSKVUV1uY5SJrHKJSMoiqmHzkHyZuqgC…)
[06:53:45]   downloaded 2,397.8 MB in 128.8s (18.6 MB/s)
[06:56:41]   upload done video_id=26116559 in 176.2s
[06:56:44] film cr_film_id=4247 OK in 311.2s
[06:56:44] iteration 2/20
[06:56:44] film cr_film_id=4249 name='Silent Hill (2006) CZ Dabing' candidates=22
[06:56:44]   candidate upload_id=670b02c6ddb71 url=https://prehraj.to/silent-hill-2006-cz-dabing-1080p/670b02c6ddb71
[06:56:45]   resolved in 1.4s → 720p (https://pf-storage3.premiumcdn.net/101572907/37ds1Vu8rCJ4tGYUKNtKwurXTgyfbgcEXFd…)
[06:58:36]   downloaded 2,385.9 MB in 108.9s (21.9 MB/s)
[07:01:26]   upload done video_id=26116629 in 170.1s
[07:01:28] film cr_film_id=4249 OK in 284.5s
[07:01:28] iteration 3/20
[07:01:28] film cr_film_id=4251 name='Máš ji! (2018) CZ Dabing' candidates=32
[07:01:28]   candidate upload_id=5c0f395a3d712 url=https://prehraj.to/mas-ji-2018-hdrip-cz-dabing-m3/5c0f395a3d712
[07:01:30]   resolved in 1.5s → 720p (https://pf-storage1.premiumcdn.net/9361889/xNnhkOFrxtdVfqrTZVU4dFrMi7NsBvCvXumpt…)
[07:02:46]   downloaded 1,670.7 MB in 74.3s (22.5 MB/s)
[07:04:38]   upload done video_id=26116714 in 111.7s
[07:04:40] film cr_film_id=4251 OK in 191.4s
[07:04:40] iteration 4/20
[07:04:40] film cr_film_id=4257 name='Letopisy Narnie: Princ Kaspian (2008) CZ Dabing' candidates=34
[07:04:40]   candidate upload_id=5b5e553858c7b url=https://prehraj.to/letopisy-narnie-princ-kaspian-2008-cz-dabing/5b5e553858c7b
[07:04:41]   resolved in 1.5s → 480p (https://pf-storage5.premiumcdn.net/5066332/r1ZIWafe0SL3CR5uB5f7QfdBCX5hl8sjaUdXI…)
[07:06:18]   downloaded 2,082.1 MB in 94.3s (22.1 MB/s)
[07:08:16]   upload done video_id=26116754 in 118.1s
[07:08:18] film cr_film_id=4257 OK in 218.6s
[07:08:18] iteration 5/20
[07:08:18] film cr_film_id=4261 name='3096 dní - Příběh Nataschi Kampuschové (2013) CZ' candidates=11
[07:08:18]   candidate upload_id=884ee217c6e748e7 url=https://prehraj.to/3096-dni-pribeh-nataschi-kampuschove-2013-cz-1080p-mp4/884ee217c6e748e7
[07:08:20]   resolved in 1.5s → 1080p (https://pf-storage3.premiumcdn.net/166088951/nQ7iyKUBWHWxsAocYduEDUYLSnbhensyDfY…)
[07:09:50]   downloaded 1,942.8 MB in 88.3s (22.0 MB/s)
[07:12:13]   upload done video_id=26116803 in 142.5s
[07:12:15] film cr_film_id=4261 OK in 236.8s
[07:12:15] iteration 6/20
[07:12:15] film cr_film_id=4267 name='Můj strýček Archimedes (2018) CZ' candidates=4
[07:12:15]   candidate upload_id=5c4042e95f456 url=https://prehraj.to/muj-strycek-archimedes-2018-1080p-ac3-cz/5c4042e95f456
[07:12:16]   resolved in 1.2s → 1080p (https://pf-storage1.premiumcdn.net/11034589/dbdSaWiJxFBNuekSg8tBbiMGCZlhLKSE0IZV…)
[07:14:18]   downloaded 2,040.9 MB in 119.3s (17.1 MB/s)
[07:16:21]   upload done video_id=26116898 in 123.3s
[07:16:23] film cr_film_id=4267 OK in 247.9s
[07:16:23] iteration 7/20
[07:16:23] film cr_film_id=4273 name='Vražda v Orient expresu (2017) CZ Dabing' candidates=24
[07:16:23]   candidate upload_id=5c4c8a256cdba url=https://prehraj.to/vrazda-v-orient-expresu-2017-hdrip-cz-dabing-m3/5c4c8a256cdba
[07:16:24]   resolved in 1.4s → 480p (https://pf-storage1.premiumcdn.net/11363998/8EaS5mhdNHx9FyDu8yHdMhxJsxlulocn7SD0…)
[07:16:55]   downloaded 509.1 MB in 28.2s (18.1 MB/s)
[07:17:28]   upload done video_id=26116961 in 33.5s
[07:17:30] film cr_film_id=4273 OK in 67.1s
[07:17:30] iteration 8/20
[07:17:30] film cr_film_id=4277 name='Žádná volba (2017) CZ Dabing' candidates=6
[07:17:30]   candidate upload_id=5addf76312a6d url=https://prehraj.to/zadna-volba-paradox-akcni-cz-dab-2017-jad/5addf76312a6d
[07:17:31]   resolved in 1.4s → 480p (https://pf-storage1.premiumcdn.net/3943117/XoGT9rcMVszku9vCqOs4VcG7s58UxpCQ3H0rS…)
[07:18:13]   downloaded 660.2 MB in 39.3s (16.8 MB/s)
[07:19:09]   upload done video_id=26116989 in 56.2s
[07:19:12] film cr_film_id=4277 OK in 101.6s
[07:19:12] iteration 9/20
[07:19:12] film cr_film_id=4283 name='Muž na pravém místě (2016) CZ Dabing' candidates=7
[07:19:12]   candidate upload_id=5a460a7716c47 url=https://prehraj.to/muz-na-pravem-miste-cz-dabing-2016/5a460a7716c47
[07:19:13]   resolved in 1.2s → 720p (https://pf-storage5.premiumcdn.net/3194275/ejVF1gh1Jfn0HkXtB1hyAho9HVdhPLSpVULyt…)
[07:20:34]   downloaded 1,161.6 MB in 79.2s (14.7 MB/s)
[07:22:18]   upload done video_id=26117042 in 103.9s
[07:22:20] film cr_film_id=4283 OK in 188.2s
[07:22:20] iteration 10/20
[07:22:20] film cr_film_id=4285 name='Annabelle 2: Zrození zla (2017) CZ Dabing' candidates=7
[07:22:20]   candidate upload_id=5efa284b6bcf9 url=https://prehraj.to/anabelle-2-zrozeni-zla-2017-cz-dab/5efa284b6bcf9
[07:22:21]   resolved in 1.4s → 480p (https://pf-storage3.premiumcdn.net/17096314/J2PtOWi8XCY5uNkImWcJOiR4HQnhMDfnbtyx…)
[07:22:44]   downloaded 398.6 MB in 21.1s (18.9 MB/s)
[07:23:13]   upload done video_id=26117090 in 28.7s
[07:23:15] film cr_film_id=4285 OK in 55.0s
[07:23:15] iteration 11/20
[07:23:15] film cr_film_id=4287 name='Bezva finta (1985) CZ Dabing' candidates=2
[07:23:15]   candidate upload_id=6375717dc776c9fd url=https://prehraj.to/bezva-finta-1985-komedie-cz-dabing-spickova-kvalita-1080p-by-nexsus-mkv/6375717dc776c9fd
[07:23:17]   resolved in 1.7s → 1080p (https://pf-storage1.premiumcdn.net/163156490/mbgcNjuBnsknso7IKQtaMuWbtkDU89iWAFl…)
[07:27:38]   downloaded 5,837.8 MB in 259.1s (22.5 MB/s)
[07:36:11]   upload done video_id=26117234 in 512.7s
[07:36:14] film cr_film_id=4287 OK in 778.7s
[07:36:14] iteration 12/20
[07:36:14] film cr_film_id=4293 name='The Ledge (2011) CZ Dabing' candidates=2
[07:36:14]   candidate upload_id=61c262893be7c url=https://prehraj.to/the-ledge-2011-thriller-drama-czdab-1080p/61c262893be7c
[07:36:17]   resolved in 3.6s → 1080p (https://pf-storage4.premiumcdn.net/27654864/aEDcDAfD1spxh8AFg3IayfpRFLdSK6tWjT6V…)
[07:37:42]   downloaded 1,870.9 MB in 82.8s (22.6 MB/s)
[07:40:23]   upload done video_id=26117544 in 161.2s
[07:40:25] film cr_film_id=4293 OK in 251.7s
[07:40:25] iteration 13/20
[07:40:25] film cr_film_id=4295 name='Vánoční zázrak (2007) CZ Dabing' candidates=1
[07:40:25]   candidate upload_id=5a3b00cdc8b5a url=https://prehraj.to/vanocni-zazrak-2007-dvdrip-cz-dabing-vanocni-film/5a3b00cdc8b5a
[07:40:26]   resolved in 1.2s → 480p (https://pf-storage2.premiumcdn.net/3161733/6OnsPzTYdIKjhyQCm4c21T3Xh5eupdiKNCEzC…)
[07:40:55]   downloaded 425.5 MB in 26.6s (16.0 MB/s)
[07:41:26]   upload done video_id=26117642 in 30.6s
[07:41:28] film cr_film_id=4295 OK in 62.3s
[07:41:28] iteration 14/20
[07:41:28] film cr_film_id=4297 name='Po čem ženy touží (2000) CZ Dabing' candidates=1
[07:41:28]   candidate upload_id=120f5e43f27781bd url=https://prehraj.to/po-cem-zeny-touzi-2000-cz-dabing-1080p/120f5e43f27781bd
[07:41:30]   resolve FAILED: HTTP 502 wrapping permanent upstream error: https://prehraj.to/po-cem-zeny-touzi-2000-cz-dabing-1080p/120f5e43f27781bd (permanent=True)
[07:41:30] film cr_film_id=4297 all candidates exhausted
[07:41:30] iteration 15/20
[07:41:30] film cr_film_id=4299 name='Piráti z Karibiku: Salazarova pomsta (2017) CZ Dabing' candidates=27
[07:41:30]   candidate upload_id=5c010d71d2b1d url=https://prehraj.to/pirati-z-karibiku-salazarova-pomsta-pirates-of-the-caribbean-dead-men-tell-no-tales-2017-1080p-bluray-en-dts-cz-dabing-5-1-x264-rls-tayto/5c010d71d2b1d
[07:41:36]   resolve FAILED: upload not found (404): https://prehraj.to/pirati-z-karibiku-salazarova-pomsta-pirates-of-the-caribbean-dead-men-tell-no-tales-2017-1080p-bluray-en-dts-cz-dabing-5-1-x264-rls-tayto/5c010d71d2b1d (permanent=True)
[07:41:36]   candidate upload_id=5c01985cd8fea url=https://prehraj.to/pirati-z-karibiku-salazarova-pomsta-2017-web-dl-cz-dabing/5c01985cd8fea
[07:41:43]   resolved in 6.4s → 480p (https://pf-storage1.premiumcdn.net/8882774/n5wHpnCVPuZnsy1Ig6c0rCVEc1WF8xtaXFl5s…)
[07:42:28]   downloaded 929.4 MB in 42.9s (21.7 MB/s)
[07:43:45]   upload done video_id=26117677 in 77.3s
[07:43:47] film cr_film_id=4299 OK in 136.6s
[07:43:47] iteration 16/20
[07:43:47] film cr_film_id=4303 name='Hudbu složil, slova napsal (2007) CZ Dabing' candidates=18
[07:43:47]   candidate upload_id=57cb05dcd10ed url=https://prehraj.to/hudbu-slozil-slova-napsal-2007-czdab/57cb05dcd10ed
[07:43:48]   resolved in 1.4s → 480p (https://pf-storage2.premiumcdn.net/495413/nEvtmpu2bu47iEwFQ7i35uo0cmxso0Hp6Ck5f4…)
[07:44:25]   downloaded 597.8 MB in 34.1s (17.5 MB/s)
[07:45:42]   upload done video_id=26117726 in 76.6s
[07:45:44] film cr_film_id=4303 OK in 116.9s
[07:45:44] iteration 17/20
[07:45:44] film cr_film_id=4317 name='Dívka ve vlaku (2016) CZ Dabing' candidates=18
[07:45:44]   candidate upload_id=60602b2a1bae8 url=https://prehraj.to/divka-ve-vlaku-the-girl-on-the-train-2016-1080p-cz-dabing-2-0/60602b2a1bae8
[07:45:45]   resolved in 1.6s → 720p (https://pf-storage5.premiumcdn.net/22850904/Z87U50swMFaeFY5sKVSOgswRtD6FpxiWAt1m…)
[07:47:05]   downloaded 1,391.8 MB in 76.8s (18.1 MB/s)
[07:48:37]   upload done video_id=26117784 in 92.4s
[07:48:39] film cr_film_id=4317 OK in 174.9s
[07:48:39] iteration 18/20
[07:48:39] film cr_film_id=4319 name='Nerve: Hra o život (2016) CZ Dabing' candidates=22
[07:48:39]   candidate upload_id=60cbbf34c4575 url=https://prehraj.to/nerve-hra-o-zivot-2016-br-1080p-x264-ac3-cz-dab/60cbbf34c4575
[07:48:40]   resolved in 1.3s → 720p (https://pf-storage1.premiumcdn.net/23932650/RartlrS9QUovuK2Skyf65SX9U2pf74CZjh73…)
[07:50:21]   downloaded 2,262.1 MB in 98.8s (22.9 MB/s)
[07:52:57]   upload done video_id=26117850 in 156.1s
[07:52:59] film cr_film_id=4319 OK in 259.9s
[07:52:59] iteration 19/20
[07:52:59] film cr_film_id=4321 name='Nejhorší obavy (2002) CZ Dabing' candidates=12
[07:52:59]   candidate upload_id=55de24725c431 url=https://prehraj.to/nejhorsi-obavy-2002-czdab/55de24725c431
[07:53:00]   resolved in 1.7s → 480p (https://pf-storage2.premiumcdn.net/239317/eKDcX3CGZUDnIn6fB3CEQCwOtzxc8ycolTg6uA…)
[07:53:36]   downloaded 588.5 MB in 33.9s (17.4 MB/s)
[07:54:21]   upload done video_id=26117931 in 44.2s
[07:54:22] film cr_film_id=4321 OK in 83.5s
[07:54:22] iteration 20/20
[07:54:22] film cr_film_id=4327 name='Tajný život mazlíčků (2016) CZ Dabing' candidates=75
[07:54:22]   candidate upload_id=68eb073fe2f43 url=https://prehraj.to/tajny-zivot-mazlicku-2016-cz-dab-1080p/68eb073fe2f43
[07:54:24]   resolved in 1.4s → 720p (https://pf-storage5.premiumcdn.net/151011315/xEAu9vfkjh0bU78s6xHyDfWncOpS1MC61fL…)
[07:55:44]   downloaded 1,421.7 MB in 78.2s (18.2 MB/s)
[07:57:35]   upload done video_id=26118017 in 111.0s
[07:57:37] film cr_film_id=4327 OK in 194.7s
[07:57:37] batch-end ok=19 failed=1 dur=3964.3s avg/film=208.6s remaining=16187 eta_hours=937.9

===== run 2026-06-19T08:06:28Z shard=1/2 batch_size=20 (https://github.com/Olbrasoft/prehrajto-to-prehrajto/actions/runs/27813642892) =====
[08:06:29] description overrides loaded: 8727 from /home/runner/work/prehrajto-to-prehrajto/prehrajto-to-prehrajto/state/email-generated-descriptions-v3.jsonl
[08:06:29] batch-start shard=1/2 count=20 backlog=17650 uploads=1463 failed_attempts=115 description_overrides=8727
[08:06:29] login
[08:06:31] login done
[08:06:31] iteration 1/20
[08:06:31] film cr_film_id=4329 name='Zítřek nikdy neumírá (1997) CZ Dabing' candidates=9
[08:06:31]   candidate upload_id=5caf482e28788 url=https://prehraj.to/james-bond-zitrek-nikdy-neumira-1997-hdrip-cz-dabing-m3/5caf482e28788
[08:06:32]   resolved in 1.1s → 480p (https://pf-storage5.premiumcdn.net/12877851/Go3Idgf3pU4XUMAH5wUXofJOUE6FPQijNhY0…)
[08:07:07]   downloaded 696.0 MB in 33.0s (21.1 MB/s)
[08:07:50]   upload done video_id=26118267 in 43.5s
[08:07:52] film cr_film_id=4329 OK in 80.9s
[08:07:52] iteration 2/20
[08:07:52] film cr_film_id=4337 name='Dokonalý únik (2009) CZ Dabing' candidates=4
[08:07:52]   candidate upload_id=57c684c208a3b url=https://prehraj.to/dokonaly-unik-2009-czdab/57c684c208a3b
[08:07:53]   resolved in 1.3s → 480p (https://pf-storage2.premiumcdn.net/494108/Eb6twzHGrSkvFxdIypfaoHmWI4JuAzC5euqBtW…)
[08:08:27]   downloaded 676.2 MB in 32.3s (20.9 MB/s)
[08:09:00]   upload done video_id=26118287 in 33.2s
[08:09:02] film cr_film_id=4337 OK in 70.2s
[08:09:02] iteration 3/20
[08:09:02] film cr_film_id=4339 name='X-Men Origins: Wolverine (2009) CZ Dabing' candidates=29
[08:09:02]   candidate upload_id=59447a8f9b309 url=https://prehraj.to/x-men-origins-wolverine-cz-dabing-2009/59447a8f9b309
[08:09:03]   resolved in 1.3s → 480p (https://pf-storage3.premiumcdn.net/2353677/JGNibpIdGsZXunaCN5iQ5IlBHMLieJsZYsNPu…)
[08:09:22]   downloaded 427.7 MB in 17.3s (24.7 MB/s)
[08:09:45]   upload done video_id=26118296 in 22.9s
[08:09:47] film cr_film_id=4339 OK in 44.7s
[08:09:47] iteration 4/20
[08:09:47] film cr_film_id=4341 name='Na doraz (2010) CZ Dabing' candidates=7
[08:09:47]   candidate upload_id=5f53460beabc5 url=https://prehraj.to/na-doraz-2010-fullhd-czdabing/5f53460beabc5
[08:09:48]   resolved in 1.2s → 720p (https://pf-storage1.premiumcdn.net/18448011/zgGI1JUVphGvCP3SdQtDJUJ5S1xc4Mta4sgX…)
[08:10:46]   downloaded 1,522.7 MB in 57.0s (26.7 MB/s)
[08:11:59]   upload done video_id=26118318 in 72.8s
[08:12:01] film cr_film_id=4341 OK in 134.1s
[08:12:01] iteration 5/20
[08:12:01] film cr_film_id=4343 name='Každý milion dobrý (2016) CZ Dabing' candidates=3
[08:12:01]   candidate upload_id=5731e3fd36ae3 url=https://prehraj.to/kazdy-milion-dobry-2016-cz-dabing/5731e3fd36ae3
[08:12:01]   resolved in 0.9s → 480p (https://pf-storage2.premiumcdn.net/63700/GeZcGyCgdSxzI3JTyYtemCe4spVFW7Hk8c9YuXy…)
[08:12:29]   downloaded 512.9 MB in 25.2s (20.4 MB/s)
[08:12:58]   upload done video_id=26118342 in 29.5s
[08:12:59] film cr_film_id=4343 OK in 58.9s
[08:12:59] iteration 6/20
[08:12:59] film cr_film_id=4347 name='Mezi náhrobními kameny (2014) CZ Dabing' candidates=3
[08:12:59]   candidate upload_id=570ab9f6c37b4 url=https://prehraj.to/mezi-nahrobnimi-kameny-cz-dabing-2014/570ab9f6c37b4
[08:13:01]   resolved in 1.1s → 480p (https://pf-storage2.premiumcdn.net/27976/PKxUyjSEehbXhW6U5RuXYSJEcgRFJbsK4iJmhG1…)
[08:13:22]   downloaded 405.0 MB in 20.1s (20.2 MB/s)
[08:13:47]   upload done video_id=26118353 in 25.1s
[08:13:49] film cr_film_id=4347 OK in 49.9s
[08:13:49] iteration 7/20
[08:13:49] film cr_film_id=4349 name='Okrsek 13: Ultimatum (2009) CZ Dabing' candidates=2
[08:13:49]   candidate upload_id=67a290c31980a url=https://prehraj.to/okrsek-13-ultimatum-2009-cz-dab-1080p/67a290c31980a
[08:13:51]   resolved in 1.3s → 1080p (https://pf-storage5.premiumcdn.net/128962184/YyEH40Fv2TPEtNWUOVS9NFyDuOVfj9hpRsv…)
[08:16:15]   downloaded 3,135.8 MB in 142.6s (22.0 MB/s)
[08:19:09]   upload done video_id=26118387 in 174.1s
[08:19:11] film cr_film_id=4349 OK in 321.4s
[08:19:11] iteration 8/20
[08:19:11] film cr_film_id=4351 name='The Program: Pád legendy (2015) CZ Dabing' candidates=1
[08:19:11]   candidate upload_id=5d7012e1e3de7 url=https://prehraj.to/the-program-pad-legendy-cz-dabing-2015/5d7012e1e3de7
[08:19:12]   resolved in 1.1s → 480p (https://pf-storage2.premiumcdn.net/14762445/KdJhXmcvBTKzFnGHbXT4vc9eCePTb5CzPFLr…)
[08:19:49]   downloaded 730.5 MB in 34.6s (21.1 MB/s)
[08:20:53]   upload done video_id=26118433 in 63.9s
[08:20:54] film cr_film_id=4351 OK in 103.3s
[08:20:54] iteration 9/20
[08:20:54] film cr_film_id=4353 name='Purpurový vrch (2015) CZ Dabing' candidates=9
[08:20:54]   candidate upload_id=592c58e520c7b url=https://prehraj.to/purpurovy-vrch-2015-cz-dabing/592c58e520c7b
[08:20:55]   resolved in 1.4s → 480p (https://pf-storage2.premiumcdn.net/2277055/dNyS1jcEmIJoF8KFeOh58c4XTkluanfWYSL5C…)
[08:21:36]   downloaded 835.7 MB in 38.7s (21.6 MB/s)
[08:22:31]   upload done video_id=26118472 in 54.9s
[08:22:34] film cr_film_id=4353 OK in 99.8s
[08:22:34] iteration 10/20
[08:22:34] film cr_film_id=4355 name='Underworld: Vzpoura Lycanů (2009) CZ Dabing' candidates=12
[08:22:34]   candidate upload_id=679bea3b713b1 url=https://prehraj.to/underworld-vzpoura-lycanu-rhona-mitra-steven-mackintosh-bill-nighy-2009-akcni-fantasy-dobrodruzny-thriller-bdrip-1080p-cz-dabing/679bea3b713b1
[08:22:35]   resolved in 1.1s → 720p (https://pf-storage3.premiumcdn.net/128591648/5jwfKzFAEHjrINYUz0tyJFApsqwUk6hVOSz…)
[08:24:12]   downloaded 2,234.5 MB in 95.0s (23.5 MB/s)
[08:26:50]   upload done video_id=26118522 in 158.0s
[08:26:52] film cr_film_id=4355 OK in 258.0s
[08:26:52] iteration 11/20
[08:26:52] film cr_film_id=4357 name='Dovolená za trest (2014) CZ Dabing' candidates=9
[08:26:52]   candidate upload_id=58d797b8d1dbc url=https://prehraj.to/dovolena-za-trest-2014-cz-dabing-blended-cz-dabing-2014/58d797b8d1dbc
[08:26:53]   resolved in 1.0s → 480p (https://pf-storage3.premiumcdn.net/1923627/qv3crzUzQiKAs36SyvhNVU7bh0lsJoSMyF5AH…)
[08:27:27]   downloaded 866.6 MB in 32.4s (26.7 MB/s)
[08:28:32]   upload done video_id=26118614 in 64.4s
[08:28:33] film cr_film_id=4357 OK in 101.1s
[08:28:33] iteration 12/20
[08:28:33] film cr_film_id=4359 name='Nesmrtelný (2015) CZ Dabing' candidates=8
[08:28:33]   candidate upload_id=598b176b9bdf5 url=https://prehraj.to/nesmrtelny-2015-cz-dabing/598b176b9bdf5
[08:28:34]   resolved in 1.1s → 1080p (https://pf-storage5.premiumcdn.net/2546552/2RWT4LhGYfawUYAhZBs4ehv8U0zcZ4CgQI1as…)
[08:29:41]   downloaded 1,805.5 MB in 65.0s (27.8 MB/s)
[08:31:25]   upload done video_id=26118680 in 104.2s
[08:31:27] film cr_film_id=4359 OK in 173.7s
[08:31:27] iteration 13/20
[08:31:27] film cr_film_id=4361 name='Poslední nás zachrání (2015) CZ' candidates=2
[08:31:27]   candidate upload_id=5f110d49e941e url=https://prehraj.to/final-girl-2015-novinka-vlozene-titulky-cz-bluray-rip/5f110d49e941e
[08:31:28]   resolved in 1.1s → 480p (https://pf-storage2.premiumcdn.net/17337678/lmlTxrUjLHvaf9Yt1YulBURniNWIJPFL5imD…)
[08:31:44]   downloaded 323.9 MB in 14.2s (22.8 MB/s)
[08:32:13]   upload done video_id=26118740 in 29.7s
[08:32:15] film cr_film_id=4361 OK in 48.3s
[08:32:15] iteration 14/20
[08:32:15] film cr_film_id=4363 name='Absurdistán (2006) CZ Dabing' candidates=22
[08:32:15]   candidate upload_id=68f38ca4e9a3b url=https://prehraj.to/absurdistan-2006-cz-dab-1080p/68f38ca4e9a3b
[08:32:16]   resolved in 1.2s → 720p (https://pf-storage4.premiumcdn.net/152253000/bwDFkxHMqf6zixQI6vs5ZHJEUexSBRc3aSk…)
[08:33:02]   downloaded 1,190.3 MB in 44.1s (27.0 MB/s)
[08:34:32]   upload done video_id=26118763 in 89.6s
[08:34:33] film cr_film_id=4363 OK in 138.2s
[08:34:33] iteration 15/20
[08:34:33] film cr_film_id=4365 name='Quantum of Solace (2008) CZ Dabing' candidates=8
[08:34:33]   candidate upload_id=68e7a604585a8 url=https://prehraj.to/quantum-of-solace-2008-cz-dab-1080p/68e7a604585a8
[08:34:34]   resolved in 1.2s → 1080p (https://pf-storage4.premiumcdn.net/150593946/3nosJbfn6SebFLrTKDHwGf5QhvRcrdCZqIg…)
[08:36:30]   downloaded 3,020.3 MB in 114.2s (26.4 MB/s)
[08:40:07]   upload done video_id=26118849 in 216.3s
[08:40:09] film cr_film_id=4365 OK in 335.9s
[08:40:09] iteration 16/20
[08:40:09] film cr_film_id=4367 name='Králova zahradnice (2014) CZ Dabing' candidates=7
[08:40:09]   candidate upload_id=6165cfdc441d6 url=https://prehraj.to/kralova-zahradnice-2014-czdabing/6165cfdc441d6
[08:40:10]   resolved in 1.1s → 480p (https://pf-storage2.premiumcdn.net/25465406/7deFaxTL9FaOh0yirpCL8TG4CmWuZQumbu3a…)
[08:40:38]   downloaded 652.6 MB in 25.9s (25.2 MB/s)
[08:41:12]   upload done video_id=26118960 in 33.9s
[08:41:14] film cr_film_id=4367 OK in 65.4s
[08:41:14] iteration 17/20
[08:41:14] film cr_film_id=4371 name='Jak jsme hráli čáru (2014) CZ Dabing' candidates=4
[08:41:14]   candidate upload_id=60a86991c8b12 url=https://prehraj.to/jak-jsme-hrali-caru-2014-czdab/60a86991c8b12
[08:41:17]   resolved in 2.2s → 480p (https://pf-storage1.premiumcdn.net/23612619/np2IKwFLVIYPS16skbsNlFbDf2EcloC2JTv0…)
[08:41:51]   downloaded 672.2 MB in 32.3s (20.8 MB/s)
[08:42:26]   upload done video_id=26118983 in 35.6s
[08:42:28] film cr_film_id=4371 OK in 73.3s
[08:42:28] iteration 18/20
[08:42:28] film cr_film_id=4375 name='Brewsterovy milióny (1985) CZ Dabing' candidates=1
[08:42:28]   candidate upload_id=67192c08e86c2 url=https://prehraj.to/brewsterovy-miliony-1985-czdab/67192c08e86c2
[08:42:29]   resolved in 1.1s → 720p (https://pf-storage1.premiumcdn.net/103518002/YRyTZacWxUEyt9kubMtzYcpyFXrul0fZVhw…)
[08:43:28]   downloaded 1,298.5 MB in 57.6s (22.5 MB/s)
[08:44:47]   upload done video_id=26119015 in 78.8s
[08:44:49] film cr_film_id=4375 OK in 141.0s
[08:44:49] iteration 19/20
[08:44:49] film cr_film_id=4379 name='Proti slunci (2014) CZ Dabing' candidates=1
[08:44:49]   candidate upload_id=3bb6f4cd8393ce5e url=https://prehraj.to/proti-slunci-2015-cz-dab-1080p/3bb6f4cd8393ce5e
[08:44:50]   resolved in 1.1s → 1080p (https://pf-storage5.premiumcdn.net/168386998/2Npu7ZIkESazSxzH0NTOXI95Tr9cxQsaqsj…)
[08:46:40]   downloaded 3,085.6 MB in 108.2s (28.5 MB/s)
[08:51:13]   upload done video_id=26119072 in 272.9s
[08:51:15] film cr_film_id=4379 OK in 386.0s
[08:51:15] iteration 20/20
[08:51:15] film cr_film_id=4381 name='Podivné dědictví (1972) CZ Dabing' candidates=3
[08:51:15]   candidate upload_id=673b742f46344 url=https://prehraj.to/podivne-dedictvi-terence-hill-gregory-walcott-yanti-somer-1972-western-komedie-akcni-bdrip-1080p-cz-dabing/673b742f46344
[08:51:16]   resolved in 1.2s → 1080p (https://pf-storage1.premiumcdn.net/108086207/yE7s1KumdcbZUW0smjFqdu51cL3toqH2jSa…)
[08:53:16]   downloaded 3,348.1 MB in 118.6s (28.2 MB/s)
[08:57:09]   upload done video_id=26119282 in 232.5s
[08:57:11] film cr_film_id=4381 OK in 356.6s
[08:57:11] batch-end ok=20 failed=0 dur=3040.6s avg/film=152.0s remaining=16167 eta_hours=682.6

===== run 2026-06-19T08:57:43Z shard=1/2 batch_size=20 (https://github.com/Olbrasoft/prehrajto-to-prehrajto/actions/runs/27816006165) =====
[08:57:45] description overrides loaded: 9199 from /home/runner/work/prehrajto-to-prehrajto/prehrajto-to-prehrajto/state/email-generated-descriptions-v3.jsonl
[08:57:45] batch-start shard=1/2 count=20 backlog=17650 uploads=1483 failed_attempts=115 description_overrides=9199
[08:57:45] login
[08:57:46] login done
[08:57:46] iteration 1/20
[08:57:46] film cr_film_id=4383 name='Kamarád taky rád (2011) CZ Dabing' candidates=14
[08:57:46]   candidate upload_id=caa82dbc7ac943ad url=https://prehraj.to/kamarad-taky-rad-2011-cz-dab-1080p/caa82dbc7ac943ad
[08:57:47]   resolved in 1.1s → 1080p (https://pf-storage3.premiumcdn.net/166761197/N9PumNSzqHNKt43UZwI2lS3LhPYh68cBNul…)
[08:59:19]   downloaded 3,409.1 MB in 90.6s (37.6 MB/s)
[09:01:17]   upload done video_id=26119409 in 117.2s
[09:01:18] film cr_film_id=4383 OK in 212.0s
[09:01:18] iteration 2/20
[09:01:18] film cr_film_id=4385 name='Terminator Salvation (2009) CZ Dabing' candidates=1
[09:01:18]   candidate upload_id=67761fde9da39 url=https://prehraj.to/terminator-salvation-2009-cz-dab/67761fde9da39
[09:01:19]   resolved in 1.0s → 720p (https://pf-storage4.premiumcdn.net/126923975/mNwsRghAxTwaHOEIgkt2bh78S5gCJpFWDsm…)
[09:02:29]   downloaded 2,533.4 MB in 68.7s (36.9 MB/s)
[09:04:44]   upload done video_id=26119462 in 135.0s
[09:04:46] film cr_film_id=4385 OK in 207.7s
[09:04:46] iteration 3/20
[09:04:46] film cr_film_id=4389 name='Mamma Mia! (2008) CZ Dabing' candidates=7
[09:04:46]   candidate upload_id=657252a6470f7 url=https://prehraj.to/mama-mia-2008-muzikal-romanticky-komedie-czdab/657252a6470f7
[09:04:47]   resolved in 1.0s → 480p (https://pf-storage1.premiumcdn.net/66523103/l5jcy9iwpFBYfmpIJVTyOiw9UrbhaVFjBtRM…)
[09:05:10]   downloaded 753.6 MB in 22.2s (33.9 MB/s)
[09:05:40]   upload done video_id=26119531 in 30.1s
[09:05:42] film cr_film_id=4389 OK in 55.9s
[09:05:42] iteration 4/20
[09:05:42] film cr_film_id=4393 name='Velký táta (1999) CZ Dabing' candidates=6
[09:05:42]   candidate upload_id=55f142422c3da url=https://prehraj.to/velky-tata-1999-czdab/55f142422c3da
[09:05:43]   resolved in 1.0s → 480p (https://pf-storage2.premiumcdn.net/293858/jVqI4ZsLPINbSYKs28I2Vsg2HvDCEkUEeTvMCl…)
[09:05:56]   downloaded 359.3 MB in 11.5s (31.2 MB/s)
[09:06:18]   upload done video_id=26119550 in 22.7s
[09:06:20] film cr_film_id=4393 OK in 37.9s
[09:06:20] iteration 5/20
[09:06:20] film cr_film_id=4395 name='Taxi, taxi (2000) CZ Dabing' candidates=13
[09:06:20]   candidate upload_id=5c24e4c821a34 url=https://prehraj.to/taxi-2-2000-cz-dabing/5c24e4c821a34
[09:06:21]   resolved in 1.0s → 480p (https://pf-storage5.premiumcdn.net/10068569/D73T46UeaH3BUVMIO1iKJUZ0H1BukefK2s1X…)
[09:06:59]   downloaded 1,092.0 MB in 37.1s (29.4 MB/s)
[09:07:51]   upload done video_id=26119564 in 51.9s
[09:07:54] film cr_film_id=4395 OK in 94.0s
[09:07:54] iteration 6/20
[09:07:54] film cr_film_id=4397 name='Zahulíme, uvidíme 2 (2008) CZ Dabing' candidates=13
[09:07:54]   candidate upload_id=0f996469f9b0a229 url=https://prehraj.to/zahulime-uvidime-2-2008-cz-dab-1080p/0f996469f9b0a229
[09:07:55]   resolved in 1.0s → 720p (https://pf-storage1.premiumcdn.net/155976359/QyQH7jUMzt95C0bsDPuoaUroFNDFrNtmvtb…)
[09:08:45]   downloaded 1,798.1 MB in 49.9s (36.0 MB/s)
[09:10:02]   upload done video_id=26119587 in 76.5s
[09:10:04] film cr_film_id=4397 OK in 130.0s
[09:10:04] iteration 7/20
[09:10:04] film cr_film_id=4399 name='Záhada Blair Witch (1999) CZ Dabing' candidates=11
[09:10:04]   candidate upload_id=60e8a35e4b172 url=https://prehraj.to/zahada-blair-witch-1999-czdab/60e8a35e4b172
[09:10:05]   resolved in 1.0s → 480p (https://pf-storage5.premiumcdn.net/24221325/2rGhmRcMkiDZFJjixwiLacjoipZfJRuAXf9Y…)
[09:10:30]   downloaded 838.6 MB in 24.0s (34.9 MB/s)
[09:11:09]   upload done video_id=26119611 in 39.2s
[09:11:11] film cr_film_id=4399 OK in 67.1s
[09:11:11] iteration 8/20
[09:11:11] film cr_film_id=4401 name='J. Edgar (2011) CZ Dabing' candidates=6
[09:11:11]   candidate upload_id=55d2b0ec2a471 url=https://prehraj.to/j-edgar-2011-cz-dab-drama-p-p/55d2b0ec2a471
[09:11:11]   resolved in 0.9s → 480p (https://pf-storage4.premiumcdn.net/197333/5W9I2WTQ0U5gtRPF9Af1qT9yivDsVxHmXFjJFL…)
[09:11:32]   downloaded 488.9 MB in 18.9s (25.9 MB/s)
[09:11:50]   upload done video_id=26119624 in 18.1s
[09:11:51] film cr_film_id=4401 OK in 40.4s
[09:11:51] iteration 9/20
[09:11:51] film cr_film_id=4403 name='Vždy připraven! (2010) CZ Dabing' candidates=2
[09:11:51]   candidate upload_id=5821378c61472 url=https://prehraj.to/vzdy-pripraven-friendship-cz-dabing-2010/5821378c61472
[09:11:52]   resolved in 0.9s → 480p (https://pf-storage2.premiumcdn.net/813001/z4pTPMuN9uZPiyGfLPCo8u4AUoxf9QfpnFdlIq…)
[09:12:17]   downloaded 653.8 MB in 23.4s (27.9 MB/s)
[09:12:41]   upload done video_id=26119634 in 24.6s
[09:12:42] film cr_film_id=4403 OK in 51.5s
[09:12:42] iteration 10/20
[09:12:42] film cr_film_id=4407 name='Road Trip (2000) CZ Dabing' candidates=1
[09:12:42]   candidate upload_id=59cd94f2b49c3 url=https://prehraj.to/road-trip-cz-dabing-2000/59cd94f2b49c3
[09:12:43]   resolved in 0.9s → 480p (https://pf-storage2.premiumcdn.net/2717518/Gdehkli52UnNfGEspRFOGiAotL9CjRfk2faOc…)
[09:13:07]   downloaded 773.6 MB in 22.0s (35.2 MB/s)
[09:13:36]   upload done video_id=26119647 in 29.0s
[09:13:37] film cr_film_id=4407 OK in 54.4s
[09:13:37] iteration 11/20
[09:13:37] film cr_film_id=4409 name='Pád Bílého domu (2013) CZ Dabing' candidates=28
[09:13:37]   candidate upload_id=5a1841d721851 url=https://prehraj.to/pad-bileho-domu-2013-hd720p-cz-dabing-m3/5a1841d721851
[09:13:38]   resolved in 1.0s → 480p (https://pf-storage1.premiumcdn.net/2985160/967SqXF6zTxZsOQTq5tBYFkNuYoTqpc0juwzu…)
[09:14:05]   downloaded 931.6 MB in 26.1s (35.7 MB/s)
[09:14:45]   upload done video_id=26119657 in 40.1s
[09:14:46] film cr_film_id=4409 OK in 69.6s
[09:14:46] iteration 12/20
[09:14:46] film cr_film_id=4411 name='Byzantium: Upíří příběh (2012) CZ Dabing' candidates=6
[09:14:46]   candidate upload_id=5a88b6dd4253f url=https://prehraj.to/byzantium-upiri-pribeh-2012-cz-dabing/5a88b6dd4253f
[09:14:47]   resolved in 0.9s → 480p (https://pf-storage2.premiumcdn.net/3409098/J4mskETVriNYUG5hAgU3wT5KU13cDzI6JF9nc…)
[09:15:06]   downloaded 563.1 MB in 17.2s (32.7 MB/s)
[09:15:26]   upload done video_id=26119675 in 20.2s
[09:15:27] film cr_film_id=4411 OK in 40.8s
[09:15:27] iteration 13/20
[09:15:27] film cr_film_id=4413 name='Pařba v Bangkoku (2011) CZ Dabing' candidates=18
[09:15:27]   candidate upload_id=5e9a9420568fe url=https://prehraj.to/parba-v-bangkoku-2011-czdabing/5e9a9420568fe
[09:15:28]   resolved in 1.1s → 480p (https://pf-storage5.premiumcdn.net/16265764/yROHD0IAeiRXfKRIGgt8wIzAfgbiY5UEgsbE…)
[09:16:05]   downloaded 1,294.3 MB in 35.5s (36.5 MB/s)
[09:17:05]   upload done video_id=26119689 in 60.0s
[09:17:06] film cr_film_id=4413 OK in 99.3s
[09:17:06] iteration 14/20
[09:17:06] film cr_film_id=4421 name='Demoliční četa (2026) CZ Dabing' candidates=19
[09:17:06]   candidate upload_id=45aec0b2dbe411b6 url=https://prehraj.to/demolicni-ceta-2026-1080p-cz-dabing-topkvalita-mkv/45aec0b2dbe411b6
[09:17:08]   resolved in 1.4s → 720p (https://pf-storage3.premiumcdn.net/165869741/oMYtxpFJEcaqSMdsWBhM3F4ehYqum6h8DiJ…)
[09:18:38]   downloaded 3,301.8 MB in 89.4s (36.9 MB/s)
[09:21:04]   upload done video_id=26119757 in 145.9s
[09:21:06] film cr_film_id=4421 OK in 239.9s
[09:21:06] iteration 15/20
[09:21:06] film cr_film_id=4425 name='Poslední bohatýr (2017) CZ' candidates=1
[09:21:06]   candidate upload_id=0e0cbcb3372a5989 url=https://prehraj.to/posledni-bohatyr-2017/0e0cbcb3372a5989
[09:21:07]   resolve FAILED: HTTP 502 wrapping permanent upstream error: https://prehraj.to/posledni-bohatyr-2017/0e0cbcb3372a5989 (permanent=True)
[09:21:07] film cr_film_id=4425 all candidates exhausted
[09:21:07] iteration 16/20
[09:21:07] film cr_film_id=4427 name='Jsem nesmělý, ale léčím se (1978) CZ' candidates=2
[09:21:07]   candidate upload_id=5c27c76391753 url=https://prehraj.to/jsem-nesmely-ale-lecim-se-1978/5c27c76391753
[09:21:13]   resolved in 5.9s → 720p (https://pf-storage1.premiumcdn.net/10198727/vGOcbVTRytWmIgqToafbnTvYuDjsvxuj7tnx…)
[09:21:46]   downloaded 1,142.7 MB in 32.4s (35.3 MB/s)
[09:23:10]   upload done video_id=26119822 in 83.2s
[09:23:11] film cr_film_id=4427 OK in 124.0s
[09:23:11] iteration 17/20
[09:23:11] film cr_film_id=4429 name='Moje sestra vlkodlak 2 (2004) CZ Dabing' candidates=5
[09:23:11]   candidate upload_id=5b4d76c5871df url=https://prehraj.to/moje-sestra-vlkodlak-2-2004-cz-dabing/5b4d76c5871df
[09:23:12]   resolved in 1.0s → 480p (https://pf-storage4.premiumcdn.net/4864711/MjqhRDC0Dho5UmZtblu9kCQosZehJMurksE1u…)
[09:23:29]   downloaded 444.3 MB in 16.4s (27.1 MB/s)
[09:23:49]   upload done video_id=26119867 in 19.2s
[09:23:50] film cr_film_id=4429 OK in 38.9s
[09:23:50] iteration 18/20
[09:23:50] film cr_film_id=4431 name='Steve (2025) CZ Dabing' candidates=2
[09:23:50]   candidate upload_id=68e2921c3b8fa url=https://prehraj.to/steve-cz-dabing-2025-uhd-topkvalita/68e2921c3b8fa
[09:23:51]   resolved in 1.0s → 1080p (https://pf-storage4.premiumcdn.net/149954880/pWrsVySz3cK9fQ8C5vhm4SzrFo4u56UNRce…)
[09:25:10]   downloaded 2,893.5 MB in 78.0s (37.1 MB/s)
[09:26:45]   upload done video_id=26119895 in 95.8s
[09:26:47] film cr_film_id=4431 OK in 177.1s
[09:26:47] iteration 19/20
[09:26:47] film cr_film_id=4433 name='Strach z nákazy (2015) CZ Dabing' candidates=3
[09:26:47]   candidate upload_id=67c674a18f09f url=https://prehraj.to/strach-z-nakazy-2015-cz-dab-1080p/67c674a18f09f
[09:26:48]   resolved in 1.0s → 720p (https://pf-storage5.premiumcdn.net/131270240/GkyIpzTyqs3qTbESVmCoATKRsl2trRsagcp…)
[09:27:22]   downloaded 1,193.7 MB in 33.2s (36.0 MB/s)
[09:28:15]   upload done video_id=26119919 in 53.0s
[09:28:16] film cr_film_id=4433 OK in 89.5s
[09:28:16] iteration 20/20
[09:28:16] film cr_film_id=4437 name='Malý velký pes (2024) CZ Dabing' candidates=6
[09:28:16]   candidate upload_id=241dfd30ce100dc6 url=https://prehraj.to/maly-velky-pes-2024-cz-dab-1080p-mp4/241dfd30ce100dc6
[09:28:17]   resolve FAILED: HTTP 502 wrapping permanent upstream error: https://prehraj.to/maly-velky-pes-2024-cz-dab-1080p-mp4/241dfd30ce100dc6 (permanent=True)
[09:28:17]   candidate upload_id=b6c0a1f59c12568d url=https://prehraj.to/maly-velky-pes-2024-cz-dab-1080p/b6c0a1f59c12568d
[09:28:22]   resolve FAILED: HTTP 502 wrapping permanent upstream error: https://prehraj.to/maly-velky-pes-2024-cz-dab-1080p/b6c0a1f59c12568d (permanent=True)
[09:28:22]   candidate upload_id=61d63da06cdaa649 url=https://prehraj.to/maly-velky-pes-2024-mp4/61d63da06cdaa649
[09:28:28]   resolve FAILED: HTTP 502 wrapping permanent upstream error: https://prehraj.to/maly-velky-pes-2024-mp4/61d63da06cdaa649 (permanent=True)
[09:28:28]   candidate upload_id=0c452c792521c4bf url=https://prehraj.to/maly-velky-pes-2024-mp4/0c452c792521c4bf
[09:28:34]   resolve FAILED: HTTP 502 wrapping permanent upstream error: https://prehraj.to/maly-velky-pes-2024-mp4/0c452c792521c4bf (permanent=True)
[09:28:34]   candidate upload_id=bba7a2a6b2c4cf59 url=https://prehraj.to/maly-velky-pes-2024-mp4/bba7a2a6b2c4cf59
[09:28:40]   resolved in 5.8s → 720p (https://pf-storage4.premiumcdn.net/165593936/LVXHQRfAnFWGTR5h8DS5zfp6UNKhOjURaC6…)
[09:29:30]   downloaded 1,803.5 MB in 49.1s (36.7 MB/s)
[09:29:30]   upload FAILED after 0.0s: ('Connection aborted.', RemoteDisconnected('Remote end closed connection without response'))
[09:29:30]   candidate upload_id=942b4c5fd6c9e185 url=https://prehraj.to/maly-velky-pes-2024-mp4/942b4c5fd6c9e185
[09:29:31]   resolved in 0.8s → 720p (https://pf-storage4.premiumcdn.net/163291763/DEluZpFgEtYKIQrCa3i8qFdPc8VhKgcVKCO…)
[09:30:21]   downloaded 1,803.5 MB in 49.2s (36.7 MB/s)
[09:31:36]   upload done video_id=26119951 in 74.5s
[09:31:37] film cr_film_id=4437 OK in 200.9s
[09:31:37] batch-end ok=19 failed=1 dur=2031.3s avg/film=106.9s remaining=16148 eta_hours=479.5

===== run 2026-06-19T10:10:33Z shard=1/2 batch_size=20 (https://github.com/Olbrasoft/prehrajto-to-prehrajto/actions/runs/27819477258) =====
[10:10:35] description overrides loaded: 9789 from /home/runner/work/prehrajto-to-prehrajto/prehrajto-to-prehrajto/state/email-generated-descriptions-v3.jsonl
[10:10:35] batch-start shard=1/2 count=20 backlog=17650 uploads=1502 failed_attempts=121 description_overrides=9789
[10:10:35] login
[10:10:36] login done
[10:10:36] iteration 1/20
[10:10:36] film cr_film_id=4439 name='Hlavy státu (2025) CZ Dabing' candidates=5
[10:10:36]   candidate upload_id=6865cdce9d493 url=https://prehraj.to/hlavy-statu-2025-cz-dabing-1080p/6865cdce9d493
[10:10:37]   resolved in 1.0s → 720p (https://pf-storage5.premiumcdn.net/141113951/1p2ukVcE5hQ2HbjfoyT13cmLFAOfpNtvlsG…)
[10:11:47]   downloaded 2,431.5 MB in 68.6s (35.4 MB/s)
[10:13:27]   upload done video_id=26120971 in 99.3s
[10:13:29] film cr_film_id=4439 OK in 172.5s
[10:13:29] iteration 2/20
[10:13:29] film cr_film_id=4443 name='Maria (2024) CZ Dabing' candidates=1
[10:13:29]   candidate upload_id=67ea382510014 url=https://prehraj.to/maria-2024-cz-dabing-1080p/67ea382510014
[10:13:30]   resolved in 1.0s → 720p (https://pf-storage3.premiumcdn.net/133763123/NRMhg0cepS1WhXktY9sD5ckMtLgTlaTRei0…)
[10:14:12]   downloaded 1,393.0 MB in 40.3s (34.6 MB/s)
[10:15:29]   upload done video_id=26121008 in 77.8s
[10:15:31] film cr_film_id=4443 OK in 122.1s
[10:15:31] iteration 3/20
[10:15:31] film cr_film_id=4445 name='Karate tiger 5: Nejlepší z nejlepších (1989) CZ Dabing' candidates=12
[10:15:31]   candidate upload_id=57d02cf35cf32 url=https://prehraj.to/karate-tiger-5-1990-nejlepsi-z-nejlepsich-1-cz-dab/57d02cf35cf32
[10:15:32]   resolved in 1.0s → 480p (https://pf-storage4.premiumcdn.net/15047/NlRToEsJdfngI7Dh9otE7sJ4fbYijBtB9fqEhY0…)
[10:15:56]   downloaded 600.3 MB in 22.8s (26.3 MB/s)
[10:16:37]   upload done video_id=26121045 in 40.9s
[10:16:38] film cr_film_id=4445 OK in 67.6s
[10:16:38] iteration 4/20
[10:16:38] film cr_film_id=4449 name='Your Monster (2024) CZ Dabing' candidates=1
[10:16:38]   candidate upload_id=68dfded7289d7 url=https://prehraj.to/your-monster-2024-cz-dabing/68dfded7289d7
[10:16:39]   resolved in 0.9s → 1080p (https://pf-storage4.premiumcdn.net/149613966/jZot1PukDhe3f9ESMYcBwudYSprHbdU4JSo…)
[10:17:43]   downloaded 1,773.5 MB in 62.1s (28.6 MB/s)
[10:19:58]   upload done video_id=26121083 in 135.2s
[10:20:00] film cr_film_id=4449 OK in 201.3s
[10:20:00] iteration 5/20
[10:20:00] film cr_film_id=4453 name='Boy Kills World (2023) CZ Dabing' candidates=3
[10:20:00]   candidate upload_id=2e930c9c4f2046e7 url=https://prehraj.to/sam-proti-svetu-2023-cz-dab-1080p/2e930c9c4f2046e7
[10:20:04]   resolved in 4.2s → 1080p (https://pf-storage3.premiumcdn.net/161949698/RVgSGeFd5IaLIdGsk5f9pFj3iG3fLoHqxuJ…)
[10:21:57]   downloaded 3,182.6 MB in 111.4s (28.6 MB/s)
[10:24:24]   upload done video_id=26121187 in 147.7s
[10:24:26] film cr_film_id=4453 OK in 266.6s
[10:24:26] iteration 6/20
[10:24:26] film cr_film_id=4455 name='Klub zázraků (2023) CZ Dabing' candidates=2
[10:24:26]   candidate upload_id=0e843caea70bb2bf url=https://prehraj.to/klub-zazraku-2023-cz-dab-1080p/0e843caea70bb2bf
[10:24:27]   resolved in 1.0s → 1080p (https://pf-storage3.premiumcdn.net/168230626/VVRIKzi9xhMbIvbUDMskYib2toMIv9FGvhq…)
[10:25:29]   downloaded 1,693.6 MB in 60.3s (28.1 MB/s)
[10:28:27]   upload done video_id=26121251 in 177.7s
[10:28:29] film cr_film_id=4455 OK in 242.9s
[10:28:29] iteration 7/20
[10:28:29] film cr_film_id=4457 name='Norský sen (2023) CZ Dabing' candidates=7
[10:28:29]   candidate upload_id=88cdd01b0253b705 url=https://prehraj.to/norsky-sen-2023-cz-dab-1080p/88cdd01b0253b705
[10:28:30]   resolved in 0.9s → 1080p (https://pf-storage4.premiumcdn.net/168264385/KJgievfJVu72I3vUy5ty2fPGSLqcjNT6duk…)
[10:29:36]   downloaded 1,836.1 MB in 64.1s (28.6 MB/s)
[10:31:11]   upload done video_id=26121317 in 95.3s
[10:31:13] film cr_film_id=4457 OK in 163.8s
[10:31:13] iteration 8/20
[10:31:13] film cr_film_id=4461 name='Ferrari (2023) CZ Dabing' candidates=2
[10:31:13]   candidate upload_id=7aa351bbed3a541c url=https://prehraj.to/ferrari-2023-cz-dab-1080p/7aa351bbed3a541c
[10:31:14]   resolved in 1.1s → 1080p (https://pf-storage1.premiumcdn.net/167166977/0OBfYgcZyf0YS6JhGOTZmcz6HkDfZ6Sl1FY…)
[10:32:28]   downloaded 2,594.9 MB in 72.9s (35.6 MB/s)
[10:34:57]   upload done video_id=26121347 in 148.6s
[10:34:58] film cr_film_id=4461 OK in 225.3s
[10:34:58] iteration 9/20
[10:34:58] film cr_film_id=4465 name='Policajt v Beverly Hills: Axel F (2024) CZ Dabing' candidates=7
[10:34:58]   candidate upload_id=6685516498427 url=https://prehraj.to/policajt-v-beverly-hills-axel-f-2024-cz-dabing-1080p/6685516498427
[10:34:59]   resolved in 1.1s → 1080p (https://pf-storage3.premiumcdn.net/82121798/pxPh4ws1JtpGI2Di0wTOlsEmt8aHZ4uxOIK9…)
[10:36:26]   downloaded 3,015.2 MB in 85.2s (35.4 MB/s)
[10:38:26]   upload done video_id=26121394 in 120.2s
[10:38:27] film cr_film_id=4465 OK in 209.3s
[10:38:27] iteration 10/20
[10:38:27] film cr_film_id=4467 name='Noc hrůzy (2011) CZ Dabing' candidates=5
[10:38:27]   candidate upload_id=5c1516de1061f url=https://prehraj.to/noc-hruzy-2011-dvdrip-cz-dabing-m3/5c1516de1061f
[10:38:28]   resolved in 1.0s → 480p (https://pf-storage2.premiumcdn.net/9513605/NkeUx8HMbTl0hdmto4T8lHW0s0EUX4cjDIBOU…)
[10:38:48]   downloaded 588.0 MB in 18.3s (32.1 MB/s)
[10:39:21]   upload done video_id=26121438 in 33.0s
[10:39:22] film cr_film_id=4467 OK in 54.9s
[10:39:22] iteration 11/20
[10:39:22] film cr_film_id=4469 name='Maškaráda (2022) CZ Dabing' candidates=5
[10:39:22]   candidate upload_id=664ca29540f28 url=https://prehraj.to/maskarada-2022-cz-dabing-1080p/664ca29540f28
[10:39:23]   resolved in 1.0s → 1080p (https://pf-storage5.premiumcdn.net/77519894/zg9TPrCvgFKrUBXizyfgnCW8S9ehBJh14iK9…)
[10:40:59]   downloaded 2,714.3 MB in 93.9s (28.9 MB/s)
[10:42:57]   upload done video_id=26121484 in 118.0s
[10:42:59] film cr_film_id=4469 OK in 216.6s
[10:42:59] iteration 12/20
[10:42:59] film cr_film_id=4471 name='Zásah štěstím (2023) CZ Dabing' candidates=1
[10:42:59]   candidate upload_id=663f05d657bb5 url=https://prehraj.to/zasah-stestim-2023-czdab/663f05d657bb5
[10:43:00]   resolved in 1.0s → 720p (https://pf-storage5.premiumcdn.net/77228603/0D0HBLs7aU3psjLcYoSGls1DtD1I5oiBkCne…)
[10:43:43]   downloaded 1,448.5 MB in 41.5s (34.9 MB/s)
[10:45:53]   upload done video_id=26121556 in 130.0s
