Initial state for filmy.prehrajto@email.cz: 406 preexisting uploads matched from profile export.

===== run 2026-06-16T18:27:32Z shard=1/2 batch_size=20 (https://github.com/Olbrasoft/prehrajto-to-prehrajto/actions/runs/27639113560) =====
[18:27:33] batch-start shard=1/2 count=20 backlog=10210 uploads=406 failed_attempts=0
[18:27:33] login
[18:27:35] login done
[18:27:35] iteration 1/20
[18:27:35] film cr_film_id=37209 name='Krev mého srdce (2026) CZ Dabing' candidates=5
[18:27:35]   candidate upload_id=08958d38aeb5b8f6 url=https://prehraj.to/krev-meho-srdce-2026-cz-dab-1080p/08958d38aeb5b8f6
[18:27:37]   resolved in 1.7s → 720p (https://pf-storage6.premiumcdn.net/171056951/jN1fGYSRKiVnsnZI1LUKJS7PfxVHlMtBzT0…)
[18:30:00]   downloaded 1,951.3 MB in 140.6s (13.9 MB/s)
[18:31:48]   upload done video_id=26020752 in 108.6s
[18:31:50] film cr_film_id=37209 OK in 254.8s
[18:31:50] iteration 2/20
[18:31:50] film cr_film_id=37251 name='Když se zhasne (2026) CZ Dabing' candidates=4
[18:31:50]   candidate upload_id=5c9a3b6a3bef1f3c url=https://prehraj.to/kdyz-se-zhasne-2026-cz-dab-mkv/5c9a3b6a3bef1f3c
[18:31:51]   resolve FAILED: HTTP 502 wrapping permanent upstream error: https://prehraj.to/kdyz-se-zhasne-2026-cz-dab-mkv/5c9a3b6a3bef1f3c (permanent=True)
[18:31:51]   candidate upload_id=ec4ce151b238fca4 url=https://prehraj.to/kdyz-se-zhasne-2026-cz-dab-mkv/ec4ce151b238fca4
[18:31:57]   resolve FAILED: HTTP 502 wrapping permanent upstream error: https://prehraj.to/kdyz-se-zhasne-2026-cz-dab-mkv/ec4ce151b238fca4 (permanent=True)
[18:31:57]   candidate upload_id=635ec55e226f285c url=https://prehraj.to/kdyz-se-zhasne-2026-komedie-czdab-mkv/635ec55e226f285c
[18:32:04]   resolve FAILED: HTTP 502 wrapping permanent upstream error: https://prehraj.to/kdyz-se-zhasne-2026-komedie-czdab-mkv/635ec55e226f285c (permanent=True)
[18:32:04]   candidate upload_id=91b36d7fd5e6a181 url=https://prehraj.to/kdyz-se-zhasne-2026-cz-1080p-mkv/91b36d7fd5e6a181
[18:32:11]   resolve FAILED: HTTP 502 wrapping permanent upstream error: https://prehraj.to/kdyz-se-zhasne-2026-cz-1080p-mkv/91b36d7fd5e6a181 (permanent=True)
[18:32:11] film cr_film_id=37251 all candidates exhausted
[18:32:11] iteration 3/20
[18:32:11] film cr_film_id=37293 name='Bouračka (2026) CZ Dabing' candidates=5
[18:32:11]   candidate upload_id=c6a71ac934817506 url=https://prehraj.to/bouracka-2026-czdab/c6a71ac934817506
[18:32:17]   resolved in 6.0s → 720p (https://pf-storage4.premiumcdn.net/172340204/zDatV9cqEiQeIj9TL0U36cKytPMt2WHgzSP…)
[18:34:30]   downloaded 926.8 MB in 131.5s (7.0 MB/s)
[18:35:24]   upload done video_id=26020867 in 53.4s
[18:35:25] film cr_film_id=37293 OK in 194.8s
[18:35:25] iteration 4/20
[18:35:25] film cr_film_id=37277 name='Ve stínu města (2025) CZ Dabing' candidates=2
[18:35:25]   candidate upload_id=1212870dac3d9c63 url=https://prehraj.to/ve-stinu-mesta-2025-cz-dabing-1080p-mkv/1212870dac3d9c63
[18:35:27]   resolved in 1.3s → 1080p (https://pf-storage6.premiumcdn.net/171814061/vxnS90i6aT3OiODTA2Hb1iemT74HvBUNytw…)
[18:40:45]   downloaded 1,880.1 MB in 316.1s (5.9 MB/s)
[18:42:33]   upload done video_id=26021007 in 107.8s
[18:42:34] film cr_film_id=37277 OK in 428.9s
[18:42:34] iteration 5/20
[18:42:34] film cr_film_id=7123 name='V pasti (2025) CZ Dabing' candidates=6
[18:42:34]   candidate upload_id=4deafa3613983ade url=https://prehraj.to/v-pasti-akcni-2025-cz-dab-mkv/4deafa3613983ade
[18:42:36]   resolved in 2.1s → 720p (https://pf-storage5.premiumcdn.net/162065405/6ERtNoIM7fQoFX6fBvIdBIKqiq0frwhaZU6…)
[18:44:28]   downloaded 1,521.5 MB in 109.5s (13.9 MB/s)
[18:46:09]   upload done video_id=26021107 in 100.8s
[18:46:11] film cr_film_id=7123 OK in 216.2s
[18:46:11] iteration 6/20
[18:46:11] film cr_film_id=1857 name='Thunderbolts* (2025) CZ Dabing' candidates=3
[18:46:11]   candidate upload_id=455e4b8672dfd3fc url=https://prehraj.to/thunderbolts-2025-cz-dabing-bh/455e4b8672dfd3fc
[18:46:12]   resolved in 1.6s → 720p (https://pf-storage6.premiumcdn.net/170134456/enpFxvcWviyBhd5H7NSbBckRIwlIbWuD1f7…)
[18:50:19]   downloaded 2,103.4 MB in 244.2s (8.6 MB/s)
[18:52:34]   upload done video_id=26021290 in 135.6s
[18:52:36] film cr_film_id=1857 OK in 385.4s
[18:52:36] iteration 7/20
[18:52:36] film cr_film_id=28847 name='Sidelined 2: Intercepted (2025) CZ Dabing' candidates=14
[18:52:36]   candidate upload_id=dea218ff55d47755 url=https://prehraj.to/sidelined-the-qb-and-me-2024-1080p-web-dl-mp4-mp4/dea218ff55d47755
[18:52:38]   resolved in 2.1s → 720p (https://pf-storage6.premiumcdn.net/171289757/nlEtgoFqQiVjs2ZfX9u50FPEs2ps76s6bhR…)
[18:53:48]   downloaded 898.2 MB in 67.8s (13.2 MB/s)
[18:55:09]   upload done video_id=26021392 in 81.0s
[18:55:10] film cr_film_id=28847 OK in 154.6s
[18:55:10] iteration 8/20
[18:55:10] film cr_film_id=28551 name='Polibek pavoučí ženy (2025) CZ Dabing' candidates=4
[18:55:10]   candidate upload_id=a7183fb6c3da2768 url=https://prehraj.to/spider-man-zbrusu-novy-den-2026-czdab-mkv/a7183fb6c3da2768
[18:55:12]   resolved in 1.6s → 1080p (https://pf-storage5.premiumcdn.net/171249473/KG7hnqT6bURrirNFyDfyWTXMcv4uD7u5MUK…)
[18:57:05]   downloaded 2,742.7 MB in 110.4s (24.8 MB/s)
[18:59:49]   upload done video_id=26021497 in 164.1s
[18:59:50] film cr_film_id=28551 OK in 280.0s
[18:59:50] iteration 9/20
[18:59:50] film cr_film_id=36993 name='Pachová stopa (2025) CZ Dabing' candidates=4
[18:59:50]   candidate upload_id=76e3e86d5c013cdd url=https://prehraj.to/pachova-stopa-2024-cz-dabing-1080p-mkv/76e3e86d5c013cdd
[18:59:52]   resolved in 1.5s → 1080p (https://pf-storage5.premiumcdn.net/164228522/27JHeyTvNSD3u1lUKkFjQTeoCpbSB9IR2Tl…)
[19:02:14]   downloaded 2,756.8 MB in 139.7s (19.7 MB/s)
[19:05:21]   upload done video_id=26021631 in 186.6s
[19:05:22] film cr_film_id=36993 OK in 331.9s
[19:05:22] iteration 10/20
[19:05:22] film cr_film_id=31637 name='Lost Horizon (2025) CZ Dabing' candidates=1
[19:05:22]   candidate upload_id=3dcb76c98366876c url=https://prehraj.to/lost-horizon-2025-cz-dabing-1080p-mkv/3dcb76c98366876c
[19:05:24]   resolved in 1.6s → 1080p (https://pf-storage6.premiumcdn.net/170079154/OPkiZvIrkUm9h09u2zi4zI89uELTX3TNYuE…)
[19:48:37]   downloaded 1,703.2 MB in 2590.2s (0.7 MB/s)
[19:50:05]   upload done video_id=26022532 in 88.2s
[19:50:07] film cr_film_id=31637 OK in 2684.3s
[19:50:07] iteration 11/20
[19:50:07] film cr_film_id=3579 name='Elio (2025) CZ Dabing' candidates=3
[19:50:07]   candidate upload_id=88b2ad13012fa1a1 url=https://prehraj.to/elio-2025-cz-dabing-topkvalita/88b2ad13012fa1a1
[19:50:08]   resolve FAILED: HTTP 502 wrapping permanent upstream error: https://prehraj.to/elio-2025-cz-dabing-topkvalita/88b2ad13012fa1a1 (permanent=True)
[19:50:08]   candidate upload_id=35ff81f66e4abb45 url=https://prehraj.to/elio-web-dl-cz-sk-2025-1080p/35ff81f66e4abb45
[19:50:13]   resolve FAILED: HTTP 502 wrapping permanent upstream error: https://prehraj.to/elio-web-dl-cz-sk-2025-1080p/35ff81f66e4abb45 (permanent=True)
[19:50:13]   candidate upload_id=d82ed750d6272ea1 url=https://prehraj.to/elio-web-dl-cz-sk-2025-1080p/d82ed750d6272ea1
[19:50:19]   resolve FAILED: HTTP 502 wrapping permanent upstream error: https://prehraj.to/elio-web-dl-cz-sk-2025-1080p/d82ed750d6272ea1 (permanent=True)
[19:50:19] film cr_film_id=3579 all candidates exhausted
[19:50:19] iteration 12/20
[19:50:19] film cr_film_id=31949 name='Bláznovství (2025) CZ Dabing' candidates=2
[19:50:19]   candidate upload_id=58937732a814f url=https://prehraj.to/blaznovstvi-2013-cz-dabing/58937732a814f
[19:50:26]   resolved in 6.6s → 480p (https://pf-storage2.premiumcdn.net/1603627/93ZTGys9QhOesGQFDyt2ks0QulESgEIoQh0ZC…)
[19:50:53]   downloaded 389.4 MB in 25.0s (15.6 MB/s)
[19:51:17]   upload done video_id=26022551 in 24.1s
[19:51:19] film cr_film_id=31949 OK in 59.8s
[19:51:19] iteration 13/20
[19:51:19] film cr_film_id=6473 name='Rok vdovy (2024) CZ Dabing' candidates=1
[19:51:19]   candidate upload_id=64fafff8158e8cf0 url=https://prehraj.to/rok-vdovy-2024-novinka-cz-dabing-full-hd-1080p-pucci-film-mp4-mp4/64fafff8158e8cf0
[19:51:20]   resolve FAILED: HTTP 502 wrapping permanent upstream error: https://prehraj.to/rok-vdovy-2024-novinka-cz-dabing-full-hd-1080p-pucci-film-mp4-mp4/64fafff8158e8cf0 (permanent=True)
[19:51:20] film cr_film_id=6473 all candidates exhausted
[19:51:20] iteration 14/20
[19:51:20] film cr_film_id=37269 name='Krásná role (2024) CZ Dabing' candidates=1
[19:51:20]   candidate upload_id=d07cbb747cabd7fa url=https://prehraj.to/krasna-role-2024-cz-dab-1080p/d07cbb747cabd7fa
[19:51:26]   resolved in 5.9s → 720p (https://pf-storage6.premiumcdn.net/171548945/PAKc15SAgtqLHOmT6xHpGSX6Ua4frxclKH7…)
[19:52:28]   downloaded 961.1 MB in 59.8s (16.1 MB/s)
[19:53:25]   upload done video_id=26022570 in 57.6s
[19:53:27] film cr_film_id=37269 OK in 127.0s
[19:53:27] iteration 15/20
[19:53:27] film cr_film_id=37291 name='Joe Baby (2024) CZ Dabing' candidates=4
[19:53:27]   candidate upload_id=5b021c3ef8c92be9 url=https://prehraj.to/joe-baby-2024-cz-dabing-1080p-mkv/5b021c3ef8c92be9
[19:53:29]   resolved in 1.8s → 1080p (https://pf-storage4.premiumcdn.net/172415513/Ym2cvqUYZuMlcl0HNvc5AUnrC57u69TejID…)
[20:17:40]   downloaded 1,430.0 MB in 1449.6s (1.0 MB/s)
[20:19:28]   upload done video_id=26022880 in 107.3s
[20:19:29] film cr_film_id=37291 OK in 1562.5s
[20:19:29] iteration 16/20
[20:19:29] film cr_film_id=6787 name='Ema a smrtihlav (2024) CZ Dabing' candidates=4
[20:19:29]   candidate upload_id=d41b2a0dd4d3d8d9 url=https://prehraj.to/ema-a-smrtihlav-2024-sk-novinka-cz-dabing-full-hd-1080p-pucci-film-mp4/d41b2a0dd4d3d8d9
[20:19:31]   resolved in 2.1s → 1080p (https://pf-storage5.premiumcdn.net/166013993/P18TbwS59I1VtGEfBnS8nSDMHAXTn1uAKTq…)
[20:21:52]   downloaded 2,475.1 MB in 138.8s (17.8 MB/s)
[20:24:37]   upload done video_id=26022939 in 164.8s
[20:24:39] film cr_film_id=6787 OK in 309.5s
[20:24:39] iteration 17/20
[20:24:39] film cr_film_id=27597 name='Láska, nebo Harvard (2023) CZ Dabing' candidates=4
[20:24:39]   candidate upload_id=65cbfae77210d url=https://prehraj.to/laska-stalking-vrazda-2024-czdab/65cbfae77210d
[20:24:42]   resolved in 2.9s → 1080p (https://pf-storage3.premiumcdn.net/73438607/6OnHvmFR4U7BU4jt5jc2vFJquKqHmbC0RTbd…)
[20:32:28]   downloaded 1,174.0 MB in 463.6s (2.5 MB/s)
[20:33:43]   upload done video_id=26023078 in 75.5s
[20:33:45] film cr_film_id=27597 OK in 545.9s
[20:33:45] iteration 18/20
[20:33:45] film cr_film_id=6169 name='Jednou si řekneme vše (2023) CZ Dabing' candidates=2
[20:33:45]   candidate upload_id=6d72cc7736906a7c url=https://prehraj.to/jednou-si-rekneme-vse-2023-cz-dab-1080p/6d72cc7736906a7c
[20:33:47]   resolved in 1.9s → 1080p (https://pf-storage3.premiumcdn.net/168076753/gWjtq8HvQTwPcVnUNWte3HBZUR2SAwu7Zt3…)
[20:37:40]   downloaded 2,541.7 MB in 230.7s (11.0 MB/s)
[20:40:00]   upload done video_id=26023127 in 140.1s
[20:40:02] film cr_film_id=6169 OK in 376.9s
[20:40:02] iteration 19/20
[20:40:02] film cr_film_id=5871 name='Thor: Láska jako hrom (2022) CZ Dabing' candidates=2
[20:40:02]   candidate upload_id=8760a98acb229e8a url=https://prehraj.to/thor-laska-jako-hrom-2022-cz-dabing-720p/8760a98acb229e8a
[20:40:03]   resolve FAILED: HTTP 502 wrapping permanent upstream error: https://prehraj.to/thor-laska-jako-hrom-2022-cz-dabing-720p/8760a98acb229e8a (permanent=True)
[20:40:03]   candidate upload_id=8c1253356209623e url=https://prehraj.to/thor-laska-jako-hrom-2022-cz-dabing/8c1253356209623e
[20:40:08]   resolve FAILED: HTTP 502 wrapping permanent upstream error: https://prehraj.to/thor-laska-jako-hrom-2022-cz-dabing/8c1253356209623e (permanent=True)
[20:40:08] film cr_film_id=5871 all candidates exhausted
[20:40:08] iteration 20/20
[20:40:08] film cr_film_id=15765 name='Soukromá lekce (2022) CZ Dabing' candidates=1
[20:40:08]   candidate upload_id=639dcdb3acf2d url=https://prehraj.to/soukroma-lekce-private-lesson-komedie-romanticky-2022-cz-dabing/639dcdb3acf2d
[20:40:15]   resolved in 6.4s → 720p (https://pf-storage2.premiumcdn.net/35597209/we8fxkCwdHd5cymtgJTAgC4QH85urWTxaSjq…)
[20:41:12]   downloaded 1,073.3 MB in 55.2s (19.4 MB/s)
[20:42:11]   upload done video_id=26023173 in 58.5s
[20:42:13] film cr_film_id=15765 OK in 124.1s
[20:42:13] batch-end ok=16 failed=4 dur=8077.4s avg/film=504.8s remaining=9788 eta_hours=1372.5

===== run 2026-06-16T20:49:03Z shard=1/2 batch_size=20 (https://github.com/Olbrasoft/prehrajto-to-prehrajto/actions/runs/27647192986) =====
[20:49:04] batch-start shard=1/2 count=20 backlog=10210 uploads=422 failed_attempts=10 description_overrides=0
[20:49:04] login
[20:49:05] login done
[20:49:05] iteration 1/20
[20:49:05] film cr_film_id=37271 name='Pět minut s tátou (2022) CZ Dabing' candidates=1
[20:49:05]   candidate upload_id=0cf2200cfa05a5f1 url=https://prehraj.to/pet-minut-s-tatou-2022-cz-dab-1080p/0cf2200cfa05a5f1
[20:49:06]   resolved in 1.1s → 1080p (https://pf-storage6.premiumcdn.net/171548996/BRAcYvTnBIYnFxzfVZCVmT1nIxRIGLH1yIO…)
[20:50:30]   downloaded 2,087.8 MB in 81.8s (25.5 MB/s)
[20:52:28]   upload done video_id=26023289 in 117.6s
[20:52:29] film cr_film_id=37271 OK in 204.3s
[20:52:29] iteration 2/20
[20:52:29] film cr_film_id=31643 name='Vražedné svody (2021) CZ Dabing' candidates=4
[20:52:29]   candidate upload_id=57bcd91f38b82 url=https://prehraj.to/vrazedne-vody-2006-cz-dabing/57bcd91f38b82
[20:52:31]   resolved in 1.3s → 480p (https://pf-storage2.premiumcdn.net/10973/Oa8HoGTGJhjBIbqU29HZXT9rFnXClWC4zuMrhKg…)
[20:54:05]   downloaded 446.6 MB in 92.3s (4.8 MB/s)
[20:54:32]   upload done video_id=26023346 in 27.5s
[20:54:34] film cr_film_id=31643 OK in 124.6s
[20:54:34] iteration 3/20
[20:54:34] film cr_film_id=9175 name='Poslední syn (2021) CZ Dabing' candidates=3
[20:54:34]   candidate upload_id=682b6795628c6 url=https://prehraj.to/western-mkv-cz-dab-posledni-syn-the-last-son-2021-cz-sktonline/682b6795628c6
[20:54:35]   resolved in 1.1s → 720p (https://pf-storage4.premiumcdn.net/138282521/WB8s93fWGH6mc0RIPBfrMfJ7CExIp1s1JHW…)
[20:55:07]   downloaded 697.6 MB in 29.7s (23.5 MB/s)
[20:55:43]   upload done video_id=26023361 in 35.7s
[20:55:44] film cr_film_id=9175 OK in 70.1s
[20:55:44] iteration 4/20
[20:55:44] film cr_film_id=35749 name='Noční směna (2021) CZ Dabing' candidates=3
[20:55:44]   candidate upload_id=69eff2e8828944ac url=https://prehraj.to/nocni-smena-2020-cz-dab-1080p/69eff2e8828944ac
[20:55:45]   resolve FAILED: HTTP 502 wrapping permanent upstream error: https://prehraj.to/nocni-smena-2020-cz-dab-1080p/69eff2e8828944ac (permanent=True)
[20:55:45]   candidate upload_id=d2b29bb7f2433936 url=https://prehraj.to/nocni-smena-1990-cz-dab-1080p/d2b29bb7f2433936
[20:55:51]   resolved in 6.2s → 1080p (https://pf-storage6.premiumcdn.net/171018806/mwqTlrfP1cVOsmNtXGurQfWpIVZtjVUBesk…)
[20:58:05]   downloaded 3,423.6 MB in 131.7s (26.0 MB/s)
[21:01:24]   upload done video_id=26023411 in 199.0s
[21:01:25] film cr_film_id=35749 OK in 341.2s
[21:01:25] iteration 5/20
[21:01:25] film cr_film_id=5419 name='Mám se dobře, díky za optání (2021) CZ Dabing' candidates=3
[21:01:25]   candidate upload_id=65a686ce90c04 url=https://prehraj.to/mam-se-dobre-diky-za-optani-im-fine-komedie-drama-usa-2021-cz-dabing/65a686ce90c04
[21:01:27]   resolved in 1.4s → 720p (https://pf-storage1.premiumcdn.net/72440684/jYwF4OUVqhN9IG3ilLIXvUxRumXSNKc5yigZ…)
[21:02:33]   downloaded 1,307.0 MB in 64.7s (20.2 MB/s)
[21:03:44]   upload done video_id=26023532 in 70.5s
[21:03:46] film cr_film_id=5419 OK in 140.4s
[21:03:46] iteration 6/20
[21:03:46] film cr_film_id=14171 name='Mapa dokonalých maličkostí (2021) CZ Dabing' candidates=11
[21:03:46]   candidate upload_id=66b7555d6ed41 url=https://prehraj.to/the-map-of-tiny-perfect-things-fantasy-2021-cz-dab/66b7555d6ed41
[21:03:47]   resolved in 1.1s → 480p (https://pf-storage3.premiumcdn.net/89870018/5xlsLvuQrTP0H9rcW3iwmu8PC6yCzeUDmcR9…)
[21:04:19]   downloaded 611.6 MB in 30.4s (20.1 MB/s)
[21:04:52]   upload done video_id=26023577 in 32.3s
[21:04:54] film cr_film_id=14171 OK in 68.6s
[21:04:54] iteration 7/20
[21:04:54] film cr_film_id=26789 name='Luca (2021) CZ Dabing' candidates=4
[21:04:54]   candidate upload_id=be75e4ab1200b58b url=https://prehraj.to/luca-2021-cz-dabing/be75e4ab1200b58b
[21:04:55]   resolve FAILED: HTTP 502 wrapping permanent upstream error: https://prehraj.to/luca-2021-cz-dabing/be75e4ab1200b58b (permanent=True)
[21:04:55]   candidate upload_id=535f3545596c145b url=https://prehraj.to/luca-2021-cz-dabing-mp4/535f3545596c145b
[21:05:01]   resolve FAILED: HTTP 502 wrapping permanent upstream error: https://prehraj.to/luca-2021-cz-dabing-mp4/535f3545596c145b (permanent=True)
[21:05:01]   candidate upload_id=acc41a98b0b7da8b url=https://prehraj.to/luca-2021-sk-dab-1080p/acc41a98b0b7da8b
[21:05:07]   resolve FAILED: HTTP 502 wrapping permanent upstream error: https://prehraj.to/luca-2021-sk-dab-1080p/acc41a98b0b7da8b (permanent=True)
[21:05:07]   candidate upload_id=3d1a970c6e554319 url=https://prehraj.to/luca-2021-animovany-dobrodruzny-rodinny-fantasy-bdrip-1080p-cz-sk-dabing/3d1a970c6e554319
[21:05:13]   resolve FAILED: HTTP 502 wrapping permanent upstream error: https://prehraj.to/luca-2021-animovany-dobrodruzny-rodinny-fantasy-bdrip-1080p-cz-sk-dabing/3d1a970c6e554319 (permanent=True)
[21:05:13] film cr_film_id=26789 all candidates exhausted
[21:05:13] iteration 8/20
[21:05:13] film cr_film_id=28499 name='Encanto (2021) CZ Dabing' candidates=3
[21:05:13]   candidate upload_id=4a92b72ad3488e8d url=https://prehraj.to/encanto-carovny-svet-2021-cz-dabing-1080p-animovany-dobrodruzny-komedie-rodinny-fantasy/4a92b72ad3488e8d
[21:05:18]   resolve FAILED: HTTP 502 wrapping permanent upstream error: https://prehraj.to/encanto-carovny-svet-2021-cz-dabing-1080p-animovany-dobrodruzny-komedie-rodinny-fantasy/4a92b72ad3488e8d (permanent=True)
[21:05:18]   candidate upload_id=0c6c806975547b70 url=https://prehraj.to/encanto-2021-cz-dabing/0c6c806975547b70
[21:05:24]   resolve FAILED: HTTP 502 wrapping permanent upstream error: https://prehraj.to/encanto-2021-cz-dabing/0c6c806975547b70 (permanent=True)
[21:05:24]   candidate upload_id=30cce9ee7521ea31 url=https://prehraj.to/encanto-2021-cz-dabing/30cce9ee7521ea31
[21:05:29]   resolve FAILED: HTTP 502 wrapping permanent upstream error: https://prehraj.to/encanto-2021-cz-dabing/30cce9ee7521ea31 (permanent=True)
[21:05:29] film cr_film_id=28499 all candidates exhausted
[21:05:29] iteration 9/20
[21:05:29] film cr_film_id=31707 name='V síti (2020) CZ Dabing' candidates=5
[21:05:29]   candidate upload_id=5565a185b16c720c url=https://prehraj.to/v-siti-2020-mp4/5565a185b16c720c
[21:05:35]   resolved in 6.0s → 720p (https://pf-storage6.premiumcdn.net/171344435/rOAIE2c8YCLgtJqfBjcvlc3LfOyf6KSvMUB…)
[21:06:18]   downloaded 1,001.5 MB in 40.9s (24.5 MB/s)
[21:07:14]   upload done video_id=26023625 in 55.8s
[21:07:15] film cr_film_id=31707 OK in 105.9s
[21:07:15] iteration 10/20
[21:07:15] film cr_film_id=9889 name='The Pale Door (2020) CZ Dabing' candidates=6
[21:07:15]   candidate upload_id=682b899dc311e url=https://prehraj.to/western-mkv-cz-dab-the-pale-door-2020-cz-titulky/682b899dc311e
[21:07:16]   resolved in 1.1s → 720p (https://pf-storage3.premiumcdn.net/138292067/5AKhbJi58sX0HxgSAkUdQi79tAqIWkirRCp…)
[21:08:03]   downloaded 1,088.9 MB in 44.6s (24.4 MB/s)
[21:08:56]   upload done video_id=26023675 in 52.9s
[21:08:57] film cr_film_id=9889 OK in 102.1s
[21:08:57] iteration 11/20
[21:08:57] film cr_film_id=8745 name='Kadáver (2020) CZ Dabing' candidates=6
[21:08:57]   candidate upload_id=5fb922ef54c43 url=https://prehraj.to/kadaver-drama-2020-cz-dabing/5fb922ef54c43
[21:08:58]   resolved in 1.0s → 1080p (https://pf-storage5.premiumcdn.net/20145771/MJQUX3fGziLJCxXIy0tLAfDXUnVibqTP0Ia3…)
[21:09:51]   downloaded 1,090.1 MB in 51.1s (21.3 MB/s)
[21:10:44]   upload done video_id=26023725 in 53.0s
[21:10:46] film cr_film_id=8745 OK in 108.3s
[21:10:46] iteration 12/20
[21:10:46] film cr_film_id=3763 name='Charm City Kings (2020) CZ Dabing' candidates=2
[21:10:46]   candidate upload_id=b85e8ec6522c94fb url=https://prehraj.to/charm-city-kings-2020-1080p-webrip-cz-dabing-mp4/b85e8ec6522c94fb
[21:10:47]   resolved in 1.1s → 720p (https://pf-storage5.premiumcdn.net/168857032/rx1t39u4LSkwSXvckpcKjuEyhoVfRNU7NUj…)
[21:15:05]   downloaded 925.3 MB in 256.2s (3.6 MB/s)
[21:16:01]   upload done video_id=26023810 in 56.3s
[21:16:03] film cr_film_id=3763 OK in 316.9s
[21:16:03] iteration 13/20
[21:16:03] film cr_film_id=26345 name='Western Stars (2019) CZ Dabing' candidates=2
[21:16:03]   candidate upload_id=682b876cedf15 url=https://prehraj.to/western-mkv-cz-dab-tenkrat-v-deadwoodu-2019-cz/682b876cedf15
[21:16:04]   resolved in 1.2s → 720p (https://pf-storage3.premiumcdn.net/138291803/Q21irwfPysMNiXDUQySvzfqdslMF3btA9cD…)
[21:16:52]   downloaded 1,161.3 MB in 46.7s (24.9 MB/s)
[21:17:52]   upload done video_id=26023842 in 60.2s
[21:17:54] film cr_film_id=26345 OK in 111.1s
[21:17:54] iteration 14/20
[21:17:54] film cr_film_id=26229 name='Ostrov monster (2019) CZ Dabing' candidates=3
[21:17:54]   candidate upload_id=37b9513152987687 url=https://prehraj.to/ostrov-monster-2019-cz-dab-720p/37b9513152987687
[21:17:55]   resolved in 1.2s → 720p (https://pf-storage6.premiumcdn.net/169116001/XNpS64snLTagTnouK6fGps6pfyLfN7UJbSm…)
[21:19:31]   downloaded 1,257.9 MB in 94.7s (13.3 MB/s)
[21:20:36]   upload done video_id=26023896 in 64.8s
[21:20:38] film cr_film_id=26229 OK in 164.1s
[21:20:38] iteration 15/20
[21:20:38] film cr_film_id=29265 name='Operace Brothers (2019) CZ Dabing' candidates=4
[21:20:38]   candidate upload_id=678ffcffbbabe url=https://prehraj.to/operace-brothers-chris-evans-haley-bennett-alessandro-nivola-2019-drama-historicky-thriller-bdrip-1080p-cz-dabing/678ffcffbbabe
[21:20:39]   resolved in 1.3s → 480p (https://pf-storage3.premiumcdn.net/127928438/MOJHqDULoH42F1DsnysqzU0JipaSGJHwRfV…)
[21:21:32]   downloaded 1,060.0 MB in 51.2s (20.7 MB/s)
[21:22:34]   upload done video_id=26023939 in 61.7s
[21:22:35] film cr_film_id=29265 OK in 117.4s
[21:22:35] iteration 16/20
[21:22:35] film cr_film_id=2945 name='Judy (2019) CZ Dabing' candidates=3
[21:22:35]   candidate upload_id=60cc5f38eb08d url=https://prehraj.to/judy-drama-2019-cz-dabing/60cc5f38eb08d
[21:22:36]   resolved in 1.2s → 480p (https://pf-storage5.premiumcdn.net/23938176/ejdIkMCVNFDau60UP9CmbC2MUXvsVvtyQtbp…)
[21:23:08]   downloaded 565.5 MB in 29.5s (19.2 MB/s)
[21:23:38]   upload done video_id=26023972 in 30.2s
[21:23:39] film cr_film_id=2945 OK in 64.1s
[21:23:39] iteration 17/20
[21:23:39] film cr_film_id=2259 name='Fany a pes (2019) CZ Dabing' candidates=4
[21:23:39]   candidate upload_id=5fb14b05ea5df url=https://prehraj.to/fany-a-pes-anim-2019-cz-dabing/5fb14b05ea5df
[21:23:40]   resolved in 1.1s → 720p (https://pf-storage5.premiumcdn.net/19944342/YYZf0qHpQSa4SNjtX0h9AH3Ghp0Cz0SB4Cjy…)
[21:25:23]   downloaded 949.1 MB in 101.1s (9.4 MB/s)
[21:26:13]   upload done video_id=26024010 in 50.5s
[21:26:16] film cr_film_id=2259 OK in 156.4s
[21:26:16] iteration 18/20
[21:26:16] film cr_film_id=83 name='Avengers: Endgame (2019) CZ Dabing' candidates=10
[21:26:16]   candidate upload_id=cc295aa58683d620 url=https://prehraj.to/avengers-endgame-2019-full-hd-cz-dabing-mp4/cc295aa58683d620
[21:26:17]   resolved in 1.2s → 720p (https://pf-storage5.premiumcdn.net/168248089/z1VSwkigotneUKEiXwFwoi8WsqjTmlcjoCa…)
[21:28:18]   downloaded 3,100.0 MB in 119.7s (25.9 MB/s)
[21:30:50]   upload done video_id=26024059 in 152.5s
[21:30:52] film cr_film_id=83 OK in 276.5s
[21:30:52] iteration 19/20
[21:30:52] film cr_film_id=16825 name='Slečna Dolittlová (2018) CZ Dabing' candidates=1
[21:30:52]   candidate upload_id=5f9433cc72e33 url=https://prehraj.to/slecna-dolittlova-rodinny-2018-cz-dabing/5f9433cc72e33
[21:30:53]   resolved in 1.2s → 1080p (https://pf-storage5.premiumcdn.net/19473425/G16HjxUbRuGyC2eS9LH1QUXds8xf0RuM2FnO…)
[21:32:55]   downloaded 2,568.8 MB in 120.1s (21.4 MB/s)
[21:35:05]   upload done video_id=26024116 in 129.6s
[21:35:06] film cr_film_id=16825 OK in 254.2s
[21:35:06] iteration 20/20
[21:35:06] film cr_film_id=30765 name='Prominenti (2018) CZ Dabing' candidates=5
[21:35:06]   candidate upload_id=5c62bf3358071 url=https://prehraj.to/prominenti-wakefield-2018-cz-dabing/5c62bf3358071
[21:35:08]   resolved in 1.3s → 1080p (https://pf-storage1.premiumcdn.net/11715619/85gFYViNdi23t61sY1TdeiGwi1kCDouKqt8d…)
[21:36:15]   downloaded 1,353.7 MB in 65.1s (20.8 MB/s)
[21:37:21]   upload done video_id=26024169 in 66.1s
[21:37:23] film cr_film_id=30765 OK in 136.4s
[21:37:23] batch-end ok=18 failed=2 dur=2897.6s avg/film=161.0s remaining=9770 eta_hours=436.9

===== run 2026-06-16T21:38:00Z shard=1/2 batch_size=20 (https://github.com/Olbrasoft/prehrajto-to-prehrajto/actions/runs/27649836659) =====
[21:38:01] batch-start shard=1/2 count=20 backlog=10210 uploads=440 failed_attempts=18 description_overrides=0
[21:38:01] login
[21:38:02] login done
[21:38:02] iteration 1/20
[21:38:02] film cr_film_id=35273 name='Pari (2018) CZ Dabing' candidates=5
[21:38:02]   candidate upload_id=390aefcd3fb66b0b url=https://prehraj.to/parici-2018-cz-dabing/390aefcd3fb66b0b
[21:38:03]   resolved in 1.1s → 720p (https://pf-storage6.premiumcdn.net/171805127/KaEfkLh6JSLkcKGhnpTPxhEKu4zTjbUGaTR…)
[21:39:39]   downloaded 1,309.6 MB in 94.4s (13.9 MB/s)
[21:40:44]   upload done video_id=26024214 in 64.6s
[21:40:45] film cr_film_id=35273 OK in 162.9s
[21:40:45] iteration 2/20
[21:40:45] film cr_film_id=5509 name='Ničitelka (2018) CZ Dabing' candidates=4
[21:40:45]   candidate upload_id=6710fbe65fc3a url=https://prehraj.to/nicitelka-2018-destroyer-czdub-bluray/6710fbe65fc3a
[21:40:46]   resolved in 1.2s → 720p (https://pf-storage4.premiumcdn.net/102372416/B1LIkeUn1FQNSDdhlqsMbUxjCDaCVasobsM…)
[21:41:48]   downloaded 1,848.1 MB in 60.3s (30.6 MB/s)
[21:43:04]   upload done video_id=26024248 in 75.3s
[21:43:05] film cr_film_id=5509 OK in 139.5s
[21:43:05] iteration 3/20
[21:43:05] film cr_film_id=7313 name='Jsem božská (2018) CZ Dabing' candidates=2
[21:43:05]   candidate upload_id=bdf55df9346d6ac7 url=https://prehraj.to/jsem-bozska-2018-cz-dab-530p/bdf55df9346d6ac7
[21:43:05]   resolve FAILED: HTTP 502 wrapping permanent upstream error: https://prehraj.to/jsem-bozska-2018-cz-dab-530p/bdf55df9346d6ac7 (permanent=True)
[21:43:05]   candidate upload_id=a0810c6b33903316 url=https://prehraj.to/jsem-bozska-2018-usa-chn-komedie-romanticky/a0810c6b33903316
[21:43:11]   resolved in 5.9s → 480p (https://pf-storage5.premiumcdn.net/167484401/DWdfmNsVvurWSjmcoPI9js6RUX6FW3tMxIr…)
[21:43:39]   downloaded 942.2 MB in 26.6s (35.4 MB/s)
[21:44:19]   upload done video_id=26024273 in 39.6s
[21:44:20] film cr_film_id=7313 OK in 75.3s
[21:44:20] iteration 4/20
[21:44:20] film cr_film_id=3819 name='Jan Palach (2018) CZ Dabing' candidates=3
[21:44:20]   candidate upload_id=6225409f9c53f url=https://prehraj.to/jan-palach-drama-2018-cz-dabing/6225409f9c53f
[21:44:21]   resolved in 1.0s → 1080p (https://pf-storage3.premiumcdn.net/29965751/835Ty3SWBtX6teaT7MuYQSvPsDGINRI8KcXA…)
[21:45:39]   downloaded 2,317.9 MB in 77.1s (30.1 MB/s)
[21:47:16]   upload done video_id=26024291 in 96.5s
[21:47:17] film cr_film_id=3819 OK in 177.0s
[21:47:17] iteration 5/20
[21:47:17] film cr_film_id=5513 name='Chladné přijetí (2018) CZ Dabing' candidates=1
[21:47:17]   candidate upload_id=5cdee8309a06c url=https://prehraj.to/chladne-prijeti-rodriguez-2018-cz-dabing/5cdee8309a06c
[21:47:18]   resolved in 1.1s → 480p (https://pf-storage5.premiumcdn.net/13431720/7p9cJqiaAuEotYMi9Au0KiXAtDGUznclgCPG…)
[21:47:39]   downloaded 531.0 MB in 19.4s (27.4 MB/s)
[21:48:18]   upload done video_id=26024318 in 39.3s
[21:48:19] film cr_film_id=5513 OK in 62.0s
[21:48:19] iteration 6/20
[21:48:19] film cr_film_id=8741 name='10x10 (2018) CZ Dabing' candidates=9
[21:48:19]   candidate upload_id=5c50490370803 url=https://prehraj.to/10x10-reilly-2018-cz-dabing/5c50490370803
[21:48:20]   resolved in 0.9s → 480p (https://pf-storage2.premiumcdn.net/11434669/z65fN8UEATP4FqGT4GUj7UD2CGMU82fd7Cno…)
[21:48:47]   downloaded 702.3 MB in 25.8s (27.2 MB/s)
[21:49:36]   upload done video_id=26024336 in 48.7s
[21:49:37] film cr_film_id=8741 OK in 77.8s
[21:49:37] iteration 7/20
[21:49:37] film cr_film_id=17125 name='Víc než zákon (2017) CZ Dabing' candidates=5
[21:49:37]   candidate upload_id=5ee023e72660a url=https://prehraj.to/vic-nez-zakon-zabijaci-czdabing-2017/5ee023e72660a
[21:49:38]   resolved in 0.8s → 1080p (https://pf-storage3.premiumcdn.net/16853199/69wtGjIN3In4fg5IoJs1mIORi6Xi1oC5vidx…)
[21:50:33]   downloaded 1,603.7 MB in 54.6s (29.4 MB/s)
[21:51:41]   upload done video_id=26024363 in 68.1s
[21:51:42] film cr_film_id=17125 OK in 125.6s
[21:51:42] iteration 8/20
[21:51:42] film cr_film_id=3017 name='Viktorie a Abdul (2017) CZ Dabing' candidates=9
[21:51:42]   candidate upload_id=c551c5e1a7a207f6 url=https://prehraj.to/viktorie-a-abdul-r-2017-1920x800-cz-dabing/c551c5e1a7a207f6
[21:51:43]   resolved in 1.0s → 720p (https://pf-storage5.premiumcdn.net/160130447/8LNSbgfpAsZbHBEI7AUnof6oh7Li2WI10I8…)
[21:52:35]   downloaded 1,544.2 MB in 50.1s (30.8 MB/s)
[21:53:37]   upload done video_id=26024388 in 62.4s
[21:53:38] film cr_film_id=3017 OK in 115.9s
[21:53:38] iteration 9/20
[21:53:38] film cr_film_id=16909 name='Noc šílených matek (2017) CZ Dabing' candidates=2
[21:53:38]   candidate upload_id=5d029a9599241 url=https://prehraj.to/noc-silenych-matek-collette-2017-cz-dabing/5d029a9599241
[21:53:39]   resolved in 0.9s → 480p (https://pf-storage5.premiumcdn.net/13934070/1o3sykuB4c5JcNBTGLIeJulGtMAIVYs4jCoJ…)
[21:53:55]   downloaded 370.8 MB in 14.0s (26.5 MB/s)
[21:54:32]   upload done video_id=26024413 in 37.3s
[21:54:33] film cr_film_id=16909 OK in 54.7s
[21:54:33] iteration 10/20
[21:54:33] film cr_film_id=6665 name='Konvoj (2017) CZ Dabing' candidates=2
[21:54:33]   candidate upload_id=6073170adb4d0 url=https://prehraj.to/konvoj-2017-cz-dabing/6073170adb4d0
[21:54:34]   resolved in 0.7s → 480p (https://pf-storage2.premiumcdn.net/23071917/LvmSoBFO5iY2c1OI3OIwnF45HpaTawIk0CzG…)
[21:54:53]   downloaded 485.0 MB in 17.8s (27.2 MB/s)
[21:55:15]   upload done video_id=26024422 in 22.3s
[21:55:16] film cr_film_id=6665 OK in 42.9s
[21:55:16] iteration 11/20
[21:55:16] film cr_film_id=2357 name='Škrtič z Martfü (2016) CZ Dabing' candidates=3
[21:55:16]   candidate upload_id=5efccd5be284b url=https://prehraj.to/skrtic-z-martfu-krimi-2016-cz-dabing/5efccd5be284b
[21:55:17]   resolved in 0.7s → 1080p (https://pf-storage5.premiumcdn.net/17119455/wrmiQAF2gFAxFgwFdnU4WFpPTrkheahB0imJ…)
[21:56:20]   downloaded 2,174.0 MB in 62.5s (34.8 MB/s)
[21:58:00]   upload done video_id=26024448 in 99.8s
[21:58:01] film cr_film_id=2357 OK in 165.2s
[21:58:01] iteration 12/20
[21:58:01] film cr_film_id=3479 name='Popstar: Vše pro slávu (2016) CZ Dabing' candidates=6
[21:58:01]   candidate upload_id=664a944aa163b url=https://prehraj.to/popstar-vse-pro-slavu-2016-cz-dabing/664a944aa163b
[21:58:02]   resolved in 0.8s → 720p (https://pf-storage1.premiumcdn.net/77460359/VdVc0XSBZhjZhlaHVvuOASaZiavtKAskqtXk…)
[21:58:57]   downloaded 2,022.4 MB in 54.0s (37.5 MB/s)
[22:00:25]   upload done video_id=26024487 in 88.2s
[22:00:26] film cr_film_id=3479 OK in 145.1s
[22:00:26] iteration 13/20
[22:00:26] film cr_film_id=29173 name='Planetární masakr (2016) CZ Dabing' candidates=1
[22:00:26]   candidate upload_id=5e43d97583443 url=https://prehraj.to/planetarni-masakr-sci-fi-2016-cz-dabing/5e43d97583443
[22:00:28]   resolved in 1.4s → 480p (https://pf-storage1.premiumcdn.net/15837592/QJ2IMQhoBsydubniEoHwYhExIvdFBgFJzTdZ…)
[22:00:48]   downloaded 508.4 MB in 18.5s (27.5 MB/s)
[22:01:10]   upload done video_id=26024518 in 22.1s
[22:01:12] film cr_film_id=29173 OK in 45.3s
[22:01:12] iteration 14/20
[22:01:12] film cr_film_id=7707 name='Mythica: Soumrak bohů (2016) CZ Dabing' candidates=2
[22:01:12]   candidate upload_id=6785b1fd08681 url=https://prehraj.to/mythica-soumrak-bohu-johnson-2016-cz-dabing/6785b1fd08681
[22:01:13]   resolved in 1.7s → 480p (https://pf-storage3.premiumcdn.net/127567469/15pTNwHBLSL4c05cPWHgMHAmCApIYztM3t5…)
[22:01:36]   downloaded 608.4 MB in 21.8s (27.9 MB/s)
[22:02:03]   upload done video_id=26024532 in 26.7s
[22:02:04] film cr_film_id=7707 OK in 52.3s
[22:02:04] iteration 15/20
[22:02:04] film cr_film_id=20589 name='Královna z Katwe (2016) CZ Dabing' candidates=2
[22:02:04]   candidate upload_id=5976b19e3a5a1 url=https://prehraj.to/kralovna-z-katwe-queen-of-katwe-2016-cz-dab/5976b19e3a5a1
[22:02:05]   resolved in 0.7s → 480p (https://pf-storage1.premiumcdn.net/2463767/0G5tJMInvs3xI4XFBVIE6IYOimWtL9SlVF24f…)
[22:02:49]   downloaded 1,423.6 MB in 42.7s (33.3 MB/s)
[22:04:13]   upload done video_id=26024558 in 84.9s
[22:04:15] film cr_film_id=20589 OK in 130.6s
[22:04:15] iteration 16/20
[22:04:15] film cr_film_id=35449 name='Western (2015) CZ Dabing' candidates=4
[22:04:15]   candidate upload_id=682b247881618 url=https://prehraj.to/western-mkv-cz-dab-forsaken-2015-cztit-v-obraze/682b247881618
[22:04:16]   resolved in 1.0s → 480p (https://pf-storage2.premiumcdn.net/138271238/5nxi1muxNckOTnyhmJfaZur9sBZSYltrZCx…)
[22:04:31]   downloaded 379.0 MB in 14.1s (26.9 MB/s)
[22:04:45]   upload done video_id=26024577 in 14.5s
[22:04:46] film cr_film_id=35449 OK in 31.9s
[22:04:46] iteration 17/20
[22:04:46] film cr_film_id=16711 name='Vítejte v Řecku, pane inspektore (2015) CZ Dabing' candidates=1
[22:04:46]   candidate upload_id=5e2c885da3484 url=https://prehraj.to/vitejte-v-recku-pane-inspektore-komedie-2015-cz-dabing/5e2c885da3484
[22:04:48]   resolved in 2.0s → 480p (https://pf-storage1.premiumcdn.net/15723169/ZjWFYVHKVflVsLOuVzC7DH4atB8Sm4IJZCKQ…)
[22:05:08]   downloaded 495.8 MB in 18.6s (26.7 MB/s)
[22:05:34]   upload done video_id=26024590 in 25.5s
[22:05:35] film cr_film_id=16711 OK in 48.4s
[22:05:35] iteration 18/20
[22:05:35] film cr_film_id=28947 name='Truman (2015) CZ Dabing' candidates=1
[22:05:35]   candidate upload_id=59d0129e1be62 url=https://prehraj.to/truman-2015-cz-dab/59d0129e1be62
[22:05:36]   resolved in 0.9s → 720p (https://pf-storage5.premiumcdn.net/2729715/9mjfb4c87HKEIERUp0C0dcm9uRytlMhbjijJU…)
[22:06:18]   downloaded 1,254.1 MB in 41.2s (30.4 MB/s)
[22:07:14]   upload done video_id=26024603 in 56.4s
[22:07:15] film cr_film_id=28947 OK in 100.6s
[22:07:15] iteration 19/20
[22:07:15] film cr_film_id=18769 name='Sněžná dívka a temný krystal (2015) CZ Dabing' candidates=4
[22:07:15]   candidate upload_id=5a4a692b8be55 url=https://prehraj.to/snezna-divka-a-temny-krystal-2015-cz-dabing/5a4a692b8be55
[22:07:17]   resolved in 1.1s → 720p (https://pf-storage1.premiumcdn.net/3207460/VLqHObc6zivbIOYiADsMycRjhDnhVWspPS7zT…)
[22:08:06]   downloaded 1,362.0 MB in 48.0s (28.4 MB/s)
[22:09:01]   upload done video_id=26024645 in 55.1s
[22:09:02] film cr_film_id=18769 OK in 106.3s
[22:09:02] iteration 20/20
[22:09:02] film cr_film_id=19017 name='Rammstein in Amerika (2015) CZ Dabing' candidates=9
[22:09:02]   candidate upload_id=2dc77e98e67f8f03 url=https://prehraj.to/kapitan-amerika-obcanska-valka-cz-dab-2016-jad-mp4/2dc77e98e67f8f03
[22:09:03]   resolved in 1.5s → 480p (https://pf-storage5.premiumcdn.net/168257632/zpnHvNuDpikWtzLUvOcZeu42hoxIn2HqgtM…)
[22:09:51]   downloaded 1,424.2 MB in 46.9s (30.4 MB/s)
[22:11:07]   upload done video_id=26024677 in 76.0s
[22:11:09] film cr_film_id=19017 OK in 126.9s
[22:11:09] batch-end ok=20 failed=0 dur=1986.4s avg/film=99.3s remaining=9750 eta_hours=268.9

===== run 2026-06-16T22:18:46Z shard=1/2 batch_size=20 (https://github.com/Olbrasoft/prehrajto-to-prehrajto/actions/runs/27651854761) =====
[22:18:47] batch-start shard=1/2 count=20 backlog=10210 uploads=460 failed_attempts=19 description_overrides=0
[22:18:47] login
[22:18:48] login done
[22:18:48] iteration 1/20
[22:18:48] film cr_film_id=28063 name='Nesmělý svůdník (2015) CZ Dabing' candidates=1
[22:18:48]   candidate upload_id=587b77b041432 url=https://prehraj.to/nesmely-svudnik-macho-man-2015-brrip-cz-dabing/587b77b041432
[22:18:49]   resolved in 1.0s → 480p (https://pf-storage1.premiumcdn.net/1451127/p8dH0OfANh5xSg0f3QUBwfj2CnKFxLsknsmWs…)
[22:19:19]   downloaded 760.6 MB in 28.1s (27.1 MB/s)
[22:20:03]   upload done video_id=26024803 in 44.4s
[22:20:04] film cr_film_id=28063 OK in 76.2s
[22:20:04] iteration 2/20
[22:20:04] film cr_film_id=33395 name='Druhý báječný hotel Marigold (2015) CZ Dabing' candidates=1
[22:20:04]   candidate upload_id=5c507a8ee1566 url=https://prehraj.to/druhy-bajecny-hotel-marigold-dev-patel-2015-cz-dabing/5c507a8ee1566
[22:20:37]   resolved in 32.3s → 480p (https://pf-storage5.premiumcdn.net/11438569/KgZTN8U1xIgVSb6t5NfvMURpC3vuEWIABhp4…)
[22:21:08]   downloaded 829.4 MB in 29.8s (27.8 MB/s)
[22:21:45]   upload done video_id=26024841 in 37.4s
[22:21:46] film cr_film_id=33395 OK in 102.2s
[22:21:46] iteration 3/20
[22:21:46] film cr_film_id=3965 name='Dokonalý svědek s.r.o. (2015) CZ Dabing' candidates=5
[22:21:46]   candidate upload_id=6055e26aae264 url=https://prehraj.to/dokonaly-svedek-s-r-o-komedie-2015-cz-dabing/6055e26aae264
[22:21:48]   resolved in 1.1s → 480p (https://pf-storage2.premiumcdn.net/22732391/4GMINPFLRIb0hOGUeEfVkF40s1Zfb4Iz1iEn…)
[22:22:05]   downloaded 492.4 MB in 16.2s (30.4 MB/s)
[22:22:26]   upload done video_id=26024854 in 20.9s
[22:22:27] film cr_film_id=3965 OK in 40.6s
[22:22:27] iteration 4/20
[22:22:27] film cr_film_id=3543 name='Pachuť pomsty (2014) CZ Dabing' candidates=3
[22:22:27]   candidate upload_id=63f7e651e132d url=https://prehraj.to/pachut-pomsty-2014-czdab/63f7e651e132d
[22:22:28]   resolved in 1.0s → 1080p (https://pf-storage3.premiumcdn.net/37729630/X0kIwLCBocYjtKDC4ACvJC8EHrJh9xSkGf7J…)
[22:23:49]   downloaded 2,351.3 MB in 79.1s (29.7 MB/s)
[22:25:25]   upload done video_id=26024890 in 96.0s
[22:25:26] film cr_film_id=3543 OK in 178.8s
[22:25:26] iteration 5/20
[22:25:26] film cr_film_id=20221 name='Marodi (2014) CZ Dabing' candidates=1
[22:25:26]   candidate upload_id=55d6858ca6d1a url=https://prehraj.to/marodi-kankerlijers-2014-cz-dabing/55d6858ca6d1a
[22:25:27]   resolved in 1.1s → 480p (https://pf-storage5.premiumcdn.net/215766/PY8h1VFoZSXRTyGIb8SwzF19h6BSXjcd1czyCD…)
[22:25:43]   downloaded 357.7 MB in 14.4s (24.8 MB/s)
[22:25:57]   upload done video_id=26024930 in 14.2s
[22:25:58] film cr_film_id=20221 OK in 32.3s
[22:25:58] iteration 6/20
[22:25:58] film cr_film_id=5279 name='Útok na Bílý dům (2013) CZ Dabing' candidates=2
[22:25:58]   candidate upload_id=5b3537450ee30 url=https://prehraj.to/utok-na-bily-dum-cz-dabing-2013/5b3537450ee30
[22:25:59]   resolved in 1.0s → 480p (https://pf-storage4.premiumcdn.net/4576487/ELpsGMulzT9dczZSaYtE0ukgI9RHezFvbfl2i…)
[22:26:19]   downloaded 593.3 MB in 18.8s (31.6 MB/s)
[22:26:57]   upload done video_id=26024944 in 38.0s
[22:26:58] film cr_film_id=5279 OK in 60.3s
[22:26:58] iteration 7/20
[22:26:58] film cr_film_id=36687 name='Zasažen bleskem (2013) CZ Dabing' candidates=1
[22:26:58]   candidate upload_id=57f0673684ffc url=https://prehraj.to/zasazen-bleskem-2012-bdrip-xvid-cz-dab/57f0673684ffc
[22:27:00]   resolved in 1.6s → 480p (https://pf-storage2.premiumcdn.net/664310/ERViQeh8bsy3c6JC4zh1OhPRSv4sWrCqbc96sg…)
[22:27:16]   downloaded 362.5 MB in 14.8s (24.5 MB/s)
[22:27:38]   upload done video_id=26024961 in 21.7s
[22:27:39] film cr_film_id=36687 OK in 40.2s
[22:27:39] iteration 8/20
[22:27:39] film cr_film_id=4387 name='Jackass: Děda Mizera (2013) CZ Dabing' candidates=3
[22:27:39]   candidate upload_id=5d0648ab53e7a url=https://prehraj.to/jacckas-deda-mizera-knoxvil-2013-cz-dabing/5d0648ab53e7a
[22:27:41]   resolved in 2.2s → 480p (https://pf-storage4.premiumcdn.net/13957332/lnmTpMInyiDNSJaHXbU89I1BiBdhE4sevsmM…)
[22:28:01]   downloaded 586.7 MB in 18.5s (31.7 MB/s)
[22:28:23]   upload done video_id=26024975 in 22.1s
[22:28:24] film cr_film_id=4387 OK in 45.1s
[22:28:24] iteration 9/20
[22:28:24] film cr_film_id=27571 name='StreetDance 2 (2012) CZ Dabing' candidates=3
[22:28:24]   candidate upload_id=6007296d656bf url=https://prehraj.to/street-dance-2-2012-cz-dabing/6007296d656bf
[22:28:25]   resolved in 1.0s → 480p (https://pf-storage5.premiumcdn.net/21609102/Dnwi39uRMTEATMaU7DF39udrTLxCNoSrGHy4…)
[22:28:49]   downloaded 774.0 MB in 23.2s (33.4 MB/s)
[22:29:24]   upload done video_id=26024989 in 35.1s
[22:29:25] film cr_film_id=27571 OK in 61.5s
[22:29:25] iteration 10/20
[22:29:25] film cr_film_id=27999 name='Rommel (2012) CZ Dabing' candidates=1
[22:29:25]   candidate upload_id=604c66c7d58a1 url=https://prehraj.to/rommel-valecny-2012-cz-dabing/604c66c7d58a1
[22:29:26]   resolved in 1.0s → 480p (https://pf-storage1.premiumcdn.net/22655294/6YRID9ukVT3kuvWS6EF73u0bSAwHqnCDaTvN…)
[22:29:56]   downloaded 976.5 MB in 28.4s (34.4 MB/s)
[22:30:30]   upload done video_id=26025015 in 34.5s
[22:30:32] film cr_film_id=27999 OK in 66.3s
[22:30:32] iteration 11/20
[22:30:32] film cr_film_id=20011 name='Prezidentské volby (2012) CZ Dabing' candidates=1
[22:30:32]   candidate upload_id=562cb89d3c072 url=https://prehraj.to/prezidentske-volby-novinka-2012-cz-dabing/562cb89d3c072
[22:30:32]   resolved in 0.8s → 480p (https://pf-storage2.premiumcdn.net/464754/BYZh32UmKue8HBvSO5TawUR8tyZc9KiEeIwycG…)
[22:30:51]   downloaded 531.2 MB in 17.1s (31.1 MB/s)
[22:31:12]   upload done video_id=26025030 in 20.8s
[22:31:13] film cr_film_id=20011 OK in 41.1s
[22:31:13] iteration 12/20
[22:31:13] film cr_film_id=33443 name='Eddie - náměsíčný kanibal (2012) CZ Dabing' candidates=1
[22:31:13]   candidate upload_id=5d064acae4594 url=https://prehraj.to/namesicny-winchester-2010-cz-dabing/5d064acae4594
[22:31:14]   resolved in 1.0s → 480p (https://pf-storage1.premiumcdn.net/13957380/XVNHlxiW6uVGF8wukqfGmiMphB8uwVURwUYN…)
[22:31:43]   downloaded 783.5 MB in 28.6s (27.4 MB/s)
[22:32:26]   upload done video_id=26025045 in 42.7s
[22:32:27] film cr_film_id=33443 OK in 74.5s
[22:32:27] iteration 13/20
[22:32:27] film cr_film_id=8087 name='Dům na konci ulice (2012) CZ Dabing' candidates=2
[22:32:27]   candidate upload_id=d0fb3c8be852a231 url=https://prehraj.to/dum-na-konci-ulice-house-at-the-end-of-the-street-2012-horor-mysteriozni-thriller-czdab-avi/d0fb3c8be852a231
[22:32:28]   resolved in 1.0s → 480p (https://pf-storage4.premiumcdn.net/169403986/NQVszOc9ehLYS2Wt8aiJVce4FNAIVGFd3Tz…)
[22:32:43]   downloaded 432.2 MB in 13.8s (31.3 MB/s)
[22:33:07]   upload done video_id=26025067 in 24.3s
[22:33:09] film cr_film_id=8087 OK in 41.4s
[22:33:09] iteration 14/20
[22:33:09] film cr_film_id=27777 name='Unaveni sluncem 3: Citadela (2011) CZ Dabing' candidates=2
[22:33:09]   candidate upload_id=6609c5b613b2a url=https://prehraj.to/unaveni-sluncem-3-citadela-2011-historicky-valecny-czdab/6609c5b613b2a
[22:33:10]   resolved in 1.0s → 480p (https://pf-storage1.premiumcdn.net/75521900/Rr1TaMFvOHyGh7BCZ8SNVFRnHe4fm4hozUNG…)
[22:34:03]   downloaded 1,824.9 MB in 52.0s (35.1 MB/s)
[22:35:09]   upload done video_id=26025095 in 66.3s
[22:35:10] film cr_film_id=27777 OK in 121.3s
[22:35:10] iteration 15/20
[22:35:10] film cr_film_id=32333 name='Tajný projekt (2011) CZ Dabing' candidates=1
[22:35:10]   candidate upload_id=5668de27b2c62 url=https://prehraj.to/tajna-projekt-2011-novinky-cz-dabing/5668de27b2c62
[22:35:11]   resolved in 1.0s → 480p (https://pf-storage2.premiumcdn.net/509411/OZdfjEcPNHNbSwdsbyiEOcJoSl5TgRuNzFOGT7…)
[22:35:43]   downloaded 829.3 MB in 31.0s (26.8 MB/s)
[22:36:14]   upload done video_id=26025130 in 30.8s
[22:36:15] film cr_film_id=32333 OK in 65.0s
[22:36:15] iteration 16/20
[22:36:15] film cr_film_id=27685 name='Tajemství Noemovy archy (2011) CZ Dabing' candidates=1
[22:36:15]   candidate upload_id=5873ff518cc36 url=https://prehraj.to/tajemstvi-noemovy-archy-cz-dabing-2011/5873ff518cc36
[22:36:16]   resolved in 1.0s → 480p (https://pf-storage2.premiumcdn.net/1403527/zjXFzPh0jFQ5UxOHANcqOhOpTGZcLwCZKtl2c…)
[22:36:50]   downloaded 889.8 MB in 32.8s (27.1 MB/s)
[22:37:41]   upload done video_id=26025153 in 50.8s
[22:37:42] film cr_film_id=27685 OK in 86.8s
[22:37:42] iteration 17/20
[22:37:42] film cr_film_id=27519 name='Territories (2010) CZ Dabing' candidates=1
[22:37:42]   candidate upload_id=583b2542d0c72 url=https://prehraj.to/territories-2010-novinka-horor-cz-dabing/583b2542d0c72
[22:37:43]   resolved in 1.0s → 480p (https://pf-storage2.premiumcdn.net/946486/4M9tOpsn0Fvbh5MImJf6nsJliYXsrkcO3UR2F4…)
[22:38:02]   downloaded 470.1 MB in 18.4s (25.6 MB/s)
[22:38:28]   upload done video_id=26025182 in 26.2s
[22:38:29] film cr_film_id=27519 OK in 47.8s
[22:38:29] iteration 18/20
[22:38:29] film cr_film_id=32701 name='Setkání s nebezpečím (2010) CZ Dabing' candidates=1
[22:38:29]   candidate upload_id=5869bbf078eef url=https://prehraj.to/setkani-s-nebezpecim-2009-cz-dabing/5869bbf078eef
[22:38:30]   resolved in 1.0s → 480p (https://pf-storage2.premiumcdn.net/1269412/396sM4fKwtl9FqkUBEfxLf0kFRquMvHpouAJu…)
[22:38:46]   downloaded 354.3 MB in 14.3s (24.8 MB/s)
[22:39:02]   upload done video_id=26025201 in 16.1s
[22:39:03] film cr_film_id=32701 OK in 33.5s
[22:39:03] iteration 19/20
[22:39:03] film cr_film_id=24865 name='Quantum Quest: A Cassini Space Odyssey (2010) CZ Dabing' candidates=1
[22:39:03]   candidate upload_id=5accce42a1410 url=https://prehraj.to/quantum-apocalypse-2010-cz-dab-avi/5accce42a1410
[22:39:04]   resolved in 0.8s → 480p (https://pf-storage2.premiumcdn.net/3861846/204H7MfoMHK4IMosmpcY4f2XFdKSlJhKGSE6H…)
[22:39:22]   downloaded 442.6 MB in 16.9s (26.2 MB/s)
[22:39:39]   upload done video_id=26025212 in 17.5s
[22:39:40] film cr_film_id=24865 OK in 37.2s
[22:39:40] iteration 20/20
[22:39:40] film cr_film_id=14289 name='Nesvatý (2010) CZ Dabing' candidates=3
[22:39:40]   candidate upload_id=6356a4a3279b0 url=https://prehraj.to/nesvaty-horor-2010-cz-dabing/6356a4a3279b0
[22:39:41]   resolved in 0.9s → 720p (https://pf-storage2.premiumcdn.net/34098148/M6YUZaI0AUwguOBHM6Cn6IbDHNQSg6UGlFYp…)
[22:40:11]   downloaded 948.7 MB in 28.7s (33.1 MB/s)
[22:40:56]   upload done video_id=26025226 in 45.0s
[22:40:56] film cr_film_id=14289 OK in 76.4s
[22:40:56] batch-end ok=20 failed=0 dur=1328.4s avg/film=66.4s remaining=9730 eta_hours=179.5

===== run 2026-06-16T22:41:27Z shard=1/2 batch_size=20 (https://github.com/Olbrasoft/prehrajto-to-prehrajto/actions/runs/27652903604) =====
[22:41:28] batch-start shard=1/2 count=20 backlog=10210 uploads=480 failed_attempts=19 description_overrides=0
[22:41:28] login
[22:41:29] login done
[22:41:29] iteration 1/20
[22:41:29] film cr_film_id=32465 name='Není zač (2010) CZ Dabing' candidates=5
[22:41:29]   candidate upload_id=583d8d6e516f0 url=https://prehraj.to/neni-zac-novinky-2010-komedie-cz-dabing/583d8d6e516f0
[22:41:30]   resolved in 1.2s → 480p (https://pf-storage2.premiumcdn.net/960583/XM6umdi63HdBhZXT95fnkiEzHq2CeNIVoI24CJ…)
[22:41:45]   downloaded 388.7 MB in 12.9s (30.1 MB/s)
[22:42:02]   upload done video_id=26025262 in 16.7s
[22:42:03] film cr_film_id=32465 OK in 33.3s
[22:42:03] iteration 2/20
[22:42:03] film cr_film_id=26483 name='Krach (2010) CZ Dabing' candidates=1
[22:42:03]   candidate upload_id=57717ec27e173 url=https://prehraj.to/krach-trader-games-2010-cz-dabing/57717ec27e173
[22:42:03]   resolved in 0.9s → 480p (https://pf-storage4.premiumcdn.net/218479/abNUB8Iv8FLDTOzFA7cnrImOtpvUw0UKluDNfp…)
[22:42:19]   downloaded 375.6 MB in 14.6s (25.7 MB/s)
[22:42:39]   upload done video_id=26025280 in 19.1s
[22:42:39] film cr_film_id=26483 OK in 36.9s
[22:42:39] iteration 3/20
[22:42:39] film cr_film_id=27307 name='Babylon Central (2010) CZ Dabing' candidates=1
[22:42:39]   candidate upload_id=5c5222b74e94b url=https://prehraj.to/babylon-ad-diesel-2010-cz-dabing/5c5222b74e94b
[22:42:40]   resolved in 0.9s → 480p (https://pf-storage3.premiumcdn.net/11477473/jXeFwPUG3sjGtzQHgxhdaURjsNVsAJinac7v…)
[22:43:01]   downloaded 508.4 MB in 19.5s (26.1 MB/s)
[22:43:27]   upload done video_id=26025292 in 25.0s
[22:43:27] film cr_film_id=27307 OK in 48.1s
[22:43:27] iteration 4/20
[22:43:27] film cr_film_id=14249 name='Z temnoty (2009) CZ Dabing' candidates=2
[22:43:27]   candidate upload_id=63f479394977e url=https://prehraj.to/z-temnoty-cz-dabing-2009/63f479394977e
[22:43:28]   resolved in 0.9s → 1080p (https://pf-storage1.premiumcdn.net/37627528/W39s61T39h6BIb0iZ6c8LTqjCaRh91UZXuP5…)
[22:45:03]   downloaded 2,676.1 MB in 93.0s (28.8 MB/s)
[22:46:44]   upload done video_id=26025344 in 101.5s
[22:46:45] film cr_film_id=14249 OK in 198.0s
[22:46:45] iteration 5/20
[22:46:45] film cr_film_id=32587 name='Třetí poločas (2009) CZ Dabing' candidates=1
[22:46:45]   candidate upload_id=5855b4f2b57cb url=https://prehraj.to/treti-polocas-stricken-2009-cz-dabing-novinky-tio/5855b4f2b57cb
[22:46:46]   resolved in 1.0s → 480p (https://pf-storage1.premiumcdn.net/1189174/9dntvbcQrFoDhpdIXJiNecoOIYRtONIDnUn4T…)
[22:47:21]   downloaded 907.8 MB in 32.6s (27.8 MB/s)
[22:47:54]   upload done video_id=26025400 in 33.5s
[22:47:55] film cr_film_id=32587 OK in 69.9s
[22:47:55] iteration 6/20
[22:47:55] film cr_film_id=14925 name='Temný dům (2009) CZ Dabing' candidates=1
[22:47:55]   candidate upload_id=61443e774e4e2 url=https://prehraj.to/temny-dum-the-dark-house-cz-dab-2009-fullhd/61443e774e4e2
[22:47:56]   resolved in 1.0s → 720p (https://pf-storage4.premiumcdn.net/24938534/NnXc76Td5tWmUG6hblt7YTypuMdc3OHnrUvb…)
[22:48:49]   downloaded 1,431.1 MB in 50.9s (28.1 MB/s)
[22:49:48]   upload done video_id=26025435 in 59.5s
[22:49:50] film cr_film_id=14925 OK in 114.2s
[22:49:50] iteration 7/20
[22:49:50] film cr_film_id=32631 name='Tajemná chůva (2009) CZ Dabing' candidates=1
[22:49:50]   candidate upload_id=58604c7bc7d07 url=https://prehraj.to/tajemna-chuva-2009-dvdrip-cz-dabing-podhrazs/58604c7bc7d07
[22:49:51]   resolved in 1.0s → 480p (https://pf-storage1.premiumcdn.net/1233566/MgJhK8F6Xc90CV6UO6saAFrotVyCQbCLMcMWu…)
[22:50:07]   downloaded 425.2 MB in 14.5s (29.3 MB/s)
[22:50:25]   upload done video_id=26025463 in 18.5s
[22:50:26] film cr_film_id=32631 OK in 36.6s
[22:50:26] iteration 8/20
[22:50:26] film cr_film_id=19753 name='Skrytý (2009) CZ Dabing' candidates=2
[22:50:26]   candidate upload_id=5ca7e603d5482 url=https://prehraj.to/skryty-cz-dabing-horor-norsko-2009-nejlepsi-filmy-mypage-cz-pres-multiload-cz/5ca7e603d5482
[22:50:27]   resolved in 0.9s → 480p (https://pf-storage1.premiumcdn.net/12798326/XYQsqKcyJF09T41S5KtQwcqjCw1s69C8kTPw…)
[22:50:45]   downloaded 399.4 MB in 16.6s (24.1 MB/s)
[22:51:10]   upload done video_id=26025480 in 24.5s
[22:51:11] film cr_film_id=19753 OK in 44.4s
[22:51:11] iteration 9/20
[22:51:11] film cr_film_id=32475 name='Lidská bestie (2009) CZ Dabing' candidates=1
[22:51:11]   candidate upload_id=583b0eb8a6b38 url=https://prehraj.to/lidska-bestie-2009-akcni-drama-cz-dab-avlys-105/583b0eb8a6b38
[22:51:12]   resolved in 1.0s → 480p (https://pf-storage2.premiumcdn.net/946002/mLAimgT8XIkASLnHZytVPTOkirKsQlUMnFKBcR…)
[22:51:26]   downloaded 296.3 MB in 12.8s (23.1 MB/s)
[22:51:40]   upload done video_id=26025495 in 14.0s
[22:51:41] film cr_film_id=32475 OK in 30.4s
[22:51:41] iteration 10/20
[22:51:41] film cr_film_id=26525 name='Kamui, ninja na útěku (2009) CZ Dabing' candidates=2
[22:51:41]   candidate upload_id=59db838f22f25 url=https://prehraj.to/kamui-ninja-na-uteku-2009-cz-dabing/59db838f22f25
[22:51:42]   resolved in 1.0s → 480p (https://pf-storage5.premiumcdn.net/2777816/bPQcBmSwGTKoCQDH3RU3rSAgHpxH40uAouzdT…)
[22:52:21]   downloaded 1,052.0 MB in 37.8s (27.8 MB/s)
[22:53:03]   upload done video_id=26025524 in 41.5s
[22:53:04] film cr_film_id=26525 OK in 83.0s
[22:53:04] iteration 11/20
[22:53:04] film cr_film_id=27027 name='Green Lantern: První let (2009) CZ Dabing' candidates=1
[22:53:04]   candidate upload_id=57f468eac430c url=https://prehraj.to/green-lantern-prvni-let-2009-cz-dabing/57f468eac430c
[22:53:05]   resolved in 0.8s → 480p (https://pf-storage4.premiumcdn.net/670452/gJvcPkS2mSlQfjzu2BcWgSn7s8XUngho7hbxsV…)
[22:53:24]   downloaded 433.9 MB in 17.4s (24.9 MB/s)
[22:53:41]   upload done video_id=26025547 in 16.8s
[22:53:42] film cr_film_id=27027 OK in 37.6s
[22:53:42] iteration 12/20
[22:53:42] film cr_film_id=2117 name='Bratři (2009) CZ Dabing' candidates=3
[22:53:42]   candidate upload_id=45e9bfeacd1ed2d6 url=https://prehraj.to/bratri-jake-gyllenhaal-natalie-portman-tobey-maguire-2009-drama-czdab-avi/45e9bfeacd1ed2d6
[22:53:42]   resolve FAILED: HTTP 502 wrapping permanent upstream error: https://prehraj.to/bratri-jake-gyllenhaal-natalie-portman-tobey-maguire-2009-drama-czdab-avi/45e9bfeacd1ed2d6 (permanent=True)
[22:53:42]   candidate upload_id=663051b603cee url=https://prehraj.to/brothers-2009-1080p-bluray-x264-sector7/663051b603cee
[22:53:48]   resolved in 6.0s → 720p (https://pf-storage5.premiumcdn.net/76732709/z7zhd8c6ACZXID1FBycyXcdaioBFRZswMfx5…)
[22:54:31]   downloaded 1,482.6 MB in 41.9s (35.4 MB/s)
[22:55:33]   upload done video_id=26025575 in 61.7s
[22:55:34] film cr_film_id=2117 OK in 112.7s
[22:55:34] iteration 13/20
[22:55:34] film cr_film_id=26159 name='Záhada sfingy (2008) CZ Dabing' candidates=3
[22:55:34]   candidate upload_id=5836bc83eefab url=https://prehraj.to/zahada-sfingy-scifi-2008-cz-dab-xidek/5836bc83eefab
[22:55:35]   resolved in 1.0s → 480p (https://pf-storage2.premiumcdn.net/919527/wgqfP6uGBc01Hx1sYGSrQu0BF5mh6MtbofWQcj…)
[22:55:52]   downloaded 379.3 MB in 15.5s (24.5 MB/s)
[22:56:11]   upload done video_id=26025599 in 19.0s
[22:56:13] film cr_film_id=26159 OK in 38.7s
[22:56:13] iteration 14/20
[22:56:13] film cr_film_id=399 name='Wrestler (2008) CZ Dabing' candidates=3
[22:56:13]   candidate upload_id=614d5feeba659 url=https://prehraj.to/wrestler-cz-dabing-novinky-2010/614d5feeba659
[22:56:14]   resolved in 1.1s → 480p (https://pf-storage2.premiumcdn.net/25004138/ANDFxvuG3fMPF12CvjCXeue5HJOTQrTqDUKn…)
[22:56:39]   downloaded 805.4 MB in 24.3s (33.1 MB/s)
[22:57:13]   upload done video_id=26025618 in 33.5s
[22:57:14] film cr_film_id=399 OK in 61.1s
[22:57:14] iteration 15/20
[22:57:14] film cr_film_id=35689 name='Vlak do pekel (2008) CZ Dabing' candidates=1
[22:57:14]   candidate upload_id=675256cae38eb url=https://prehraj.to/vlak-do-pekel-cz-dabing-horor-thriller-usa-2008-nejlepsi-filmy-mypage-cz/675256cae38eb
[22:57:15]   resolved in 1.2s → 480p (https://pf-storage5.premiumcdn.net/117471182/7DEI4QhPjUOjhqOSd4FO6hXbUwjuJDHbqCo…)
[22:57:36]   downloaded 495.0 MB in 19.2s (25.8 MB/s)
[22:57:55]   upload done video_id=26025632 in 19.5s
[22:57:57] film cr_film_id=35689 OK in 42.6s
[22:57:57] iteration 16/20
[22:57:57] film cr_film_id=35315 name='Toreador (2008) CZ Dabing' candidates=1
[22:57:57]   candidate upload_id=5ce6df7e513df url=https://prehraj.to/toreador-2007-cz-dabing/5ce6df7e513df
[22:57:57]   resolved in 0.9s → 480p (https://pf-storage5.premiumcdn.net/13586091/3mgSLjceqHPmf4rhj2tgac9RTDeSJpsv2fw9…)
[22:58:15]   downloaded 532.2 MB in 16.6s (32.1 MB/s)
[22:58:38]   upload done video_id=26025651 in 23.1s
[22:58:39] film cr_film_id=35315 OK in 42.7s
[22:58:39] iteration 17/20
[22:58:39] film cr_film_id=13961 name='Správná volba (2008) CZ Dabing' candidates=2
[22:58:39]   candidate upload_id=5c51df83816b1 url=https://prehraj.to/spravna-volba-costner-2008-cz-dabing/5c51df83816b1
[22:58:40]   resolved in 0.9s → 480p (https://pf-storage1.premiumcdn.net/11472025/5ZGHDaSzBcR2U1lFkAFGASLxF8eFXytjbuq9…)
[22:59:09]   downloaded 603.4 MB in 27.4s (22.0 MB/s)
[22:59:37]   upload done video_id=26025668 in 28.2s
[22:59:38] film cr_film_id=13961 OK in 58.8s
[22:59:38] iteration 18/20
[22:59:38] film cr_film_id=36627 name='Sonny Liston: Těžká váha (2008) CZ Dabing' candidates=2
[22:59:38]   candidate upload_id=584722d49891c url=https://prehraj.to/sonny-liston-tezka-vaha-cz-dabing/584722d49891c
[22:59:39]   resolved in 1.0s → 480p (https://pf-storage3.premiumcdn.net/1039197/XaJcQguZ6c2OT7Zig4Tqxu6GTO6hvbT1xTbBs…)
[23:00:03]   downloaded 557.3 MB in 21.9s (25.4 MB/s)
[23:00:27]   upload done video_id=26025686 in 24.3s
[23:00:28] film cr_film_id=36627 OK in 50.0s
[23:00:28] iteration 19/20
[23:00:28] film cr_film_id=26417 name='Milenci (2008) CZ Dabing' candidates=2
[23:00:28]   candidate upload_id=689e655f4991d url=https://prehraj.to/milenci-2008-drama-romanticky-dvdrip-cz-dabing/689e655f4991d
[23:00:29]   resolved in 1.1s → 720p (https://pf-storage4.premiumcdn.net/143647559/3GJHNofGJI9KCwmsjwS3PfNZIbYFMJt7ahA…)
[23:01:08]   downloaded 951.5 MB in 37.1s (25.6 MB/s)
[23:01:46]   upload done video_id=26025712 in 37.9s
[23:01:47] film cr_film_id=26417 OK in 78.8s
[23:01:47] iteration 20/20
[23:01:47] film cr_film_id=14165 name='Mafiánka (2008) CZ Dabing' candidates=4
[23:01:47]   candidate upload_id=58039a50dda38 url=https://prehraj.to/mafianka-cz-dabing-drama-krimi-usa-2008-nejlepsi-filmy-mypage-cz/58039a50dda38
[23:01:48]   resolved in 1.0s → 480p (https://pf-storage2.premiumcdn.net/711919/QgzHdOT3rCA3TjqtrPFY0TLEiZauoZIGPCeMuG…)
[23:02:05]   downloaded 406.6 MB in 16.0s (25.4 MB/s)
[23:02:21]   upload done video_id=26025728 in 15.9s
[23:02:23] film cr_film_id=14165 OK in 35.8s
[23:02:23] batch-end ok=20 failed=0 dur=1253.4s avg/film=62.7s remaining=9710 eta_hours=169.1

===== run 2026-06-16T23:02:49Z shard=1/2 batch_size=20 (https://github.com/Olbrasoft/prehrajto-to-prehrajto/actions/runs/27653871348) =====
[23:02:50] batch-start shard=1/2 count=20 backlog=10210 uploads=500 failed_attempts=20 description_overrides=0
[23:02:50] login
[23:02:51] login done
[23:02:51] iteration 1/20
[23:02:51] film cr_film_id=25109 name='Lymelife (2008) CZ Dabing' candidates=1
[23:02:51]   candidate upload_id=586e5d8a33242 url=https://prehraj.to/lymelife-kom-drama-usa-2008-cz-dabing/586e5d8a33242
[23:02:53]   resolved in 1.4s → 720p (https://pf-storage5.premiumcdn.net/1332200/OMbhEqIdLUVBFZ6iEnHNLI7NcQRFrdfzkUZqs…)
[23:03:45]   downloaded 1,188.5 MB in 50.0s (23.8 MB/s)
[23:04:53]   upload done video_id=26025769 in 68.4s
[23:04:55] film cr_film_id=25109 OK in 123.6s
[23:04:55] iteration 2/20
[23:04:55] film cr_film_id=13845 name='Falco (2008) CZ Dabing' candidates=4
[23:04:55]   candidate upload_id=57c5c04f23b1e url=https://prehraj.to/falco-2008-cz-dabing/57c5c04f23b1e
[23:04:56]   resolved in 1.1s → 480p (https://pf-storage2.premiumcdn.net/13060/4DAiz3ulzhpbfRwFmzTeyuMJFQvt2khyQC7Pc4m…)
[23:05:23]   downloaded 557.3 MB in 25.3s (22.0 MB/s)
[23:05:57]   upload done video_id=26025802 in 33.4s
[23:05:58] film cr_film_id=13845 OK in 63.4s
[23:05:58] iteration 3/20
[23:05:58] film cr_film_id=32477 name='Chvilkové zatmění (2008) CZ Dabing' candidates=3
[23:05:58]   candidate upload_id=63cb3de3434b3 url=https://prehraj.to/chvilkove-zatmeni-2008-komedie-cz-dabing/63cb3de3434b3
[23:05:59]   resolved in 1.2s → 720p (https://pf-storage1.premiumcdn.net/36541966/QO7ijgfP6HamUJjIMxh53fB9iG3iVjcBvuQK…)
[23:07:03]   downloaded 1,157.5 MB in 61.2s (18.9 MB/s)
[23:08:18]   upload done video_id=26025838 in 74.9s
[23:08:19] film cr_film_id=32477 OK in 141.0s
[23:08:19] iteration 4/20
[23:08:19] film cr_film_id=8825 name='10 000 př. n. l. (2008) CZ Dabing' candidates=4
[23:08:19]   candidate upload_id=57bb7c6eb83a9 url=https://prehraj.to/10-000-pr-n-l-2008-cz-dabing/57bb7c6eb83a9
[23:08:21]   resolved in 1.3s → 480p (https://pf-storage2.premiumcdn.net/10588/59ZTKZHykuJDtDzhv2IQMHyYiMrCBqUMOSLZc4M…)
[23:08:50]   downloaded 614.4 MB in 27.6s (22.3 MB/s)
[23:09:37]   upload done video_id=26025868 in 46.8s
[23:09:38] film cr_film_id=8825 OK in 79.2s
[23:09:38] iteration 5/20
[23:09:38] film cr_film_id=1257 name='REC (2007) CZ Dabing' candidates=11
[23:09:38]   candidate upload_id=5db5d10fc8685 url=https://prehraj.to/rec-1-velasco-2007-cz-dabing/5db5d10fc8685
[23:09:40]   resolved in 1.2s → 480p (https://pf-storage2.premiumcdn.net/15137728/4QAtYMI2eIyXF25hkvHlYINJckqTAbsaXiJ3…)
[23:10:08]   downloaded 582.1 MB in 26.4s (22.0 MB/s)
[23:10:41]   upload done video_id=26025890 in 32.8s
[23:10:42] film cr_film_id=1257 OK in 64.0s
[23:10:42] iteration 6/20
[23:10:42] film cr_film_id=719 name='Lovec draků (2007) CZ Dabing' candidates=6
[23:10:42]   candidate upload_id=67370bc6206b9 url=https://prehraj.to/lovec-draku-drama-romanticky-2007-cz-dab/67370bc6206b9
[23:10:44]   resolved in 1.4s → 480p (https://pf-storage1.premiumcdn.net/106157558/xyeFWnS3JuA8SaYHW9h7zS6AsQ8CvdCRVTL…)
[23:11:11]   downloaded 555.9 MB in 24.8s (22.4 MB/s)
[23:11:42]   upload done video_id=26025918 in 31.1s
[23:11:43] film cr_film_id=719 OK in 60.9s
[23:11:43] iteration 7/20
[23:11:43] film cr_film_id=26177 name='Battlestar Galactica: Břitva (2007) CZ Dabing' candidates=2
[23:11:43]   candidate upload_id=655025af5d79a url=https://prehraj.to/2007-battlestar-galactica-britva-cz-dab/655025af5d79a
[23:11:44]   resolved in 1.1s → 720p (https://pf-storage4.premiumcdn.net/51508778/W6aiLgSBLTaLcVDu41Sl2SV9iK4uV6UpJhR6…)
[23:12:50]   downloaded 1,532.2 MB in 63.6s (24.1 MB/s)
[23:14:22]   upload done video_id=26025945 in 91.9s
[23:14:23] film cr_film_id=26177 OK in 160.1s
[23:14:23] iteration 8/20
[23:14:23] film cr_film_id=33479 name='Žhavé nápady (2006) CZ Dabing' candidates=1
[23:14:23]   candidate upload_id=5dec0c78d75bc url=https://prehraj.to/zhave-napady-komedie-2009-cz-dabing/5dec0c78d75bc
[23:14:25]   resolved in 1.2s → 480p (https://pf-storage2.premiumcdn.net/15413824/oGDFDKTrRsd2helFrRUq1TodCokC6QUORC4j…)
[23:14:47]   downloaded 335.6 MB in 20.0s (16.8 MB/s)
[23:15:07]   upload done video_id=26026019 in 20.6s
[23:15:09] film cr_film_id=33479 OK in 45.4s
[23:15:09] iteration 9/20
[23:15:09] film cr_film_id=25651 name='Zavaleni (2006) CZ Dabing' candidates=1
[23:15:09]   candidate upload_id=584ca842ccad3 url=https://prehraj.to/zavaleni-horor-2006-cz-dabing/584ca842ccad3
[23:15:10]   resolved in 1.3s → 480p (https://pf-storage5.premiumcdn.net/1109080/7EnIL0SAWtEohY9SeEUl3SzMhGkU4ncRGuxwC…)
[23:15:41]   downloaded 498.2 MB in 28.1s (17.7 MB/s)
[23:16:09]   upload done video_id=26026126 in 28.3s
[23:16:10] film cr_film_id=25651 OK in 61.4s
[23:16:10] iteration 10/20
[23:16:10] film cr_film_id=32041 name='Svatba ve třech (2006) CZ Dabing' candidates=6
[23:16:10]   candidate upload_id=6071e8395f0cf url=https://prehraj.to/svatba-ve-trech-komedie-2005-cz-dabing/6071e8395f0cf
[23:16:12]   resolved in 1.4s → 480p (https://pf-storage5.premiumcdn.net/23055675/QxvtD7hjWI0nc4DszOinGh2YtnbHW5hoGsRL…)
[23:16:42]   downloaded 645.0 MB in 28.7s (22.5 MB/s)
[23:17:19]   upload done video_id=26026226 in 36.8s
[23:17:20] film cr_film_id=32041 OK in 70.0s
[23:17:20] iteration 11/20
[23:17:20] film cr_film_id=25629 name='Prokletí hrobky faraona Tutanchamona (2006) CZ Dabing' candidates=2
[23:17:20]   candidate upload_id=5cd5b22296c4e url=https://prehraj.to/prokleti-hrobky-faraona-tutanchamona-1-van-dien-2006-cz-dabing/5cd5b22296c4e
[23:17:21]   resolved in 1.1s → 480p (https://pf-storage1.premiumcdn.net/13255053/o1qhJ7fBRTlGTJ5SRkTeGfo3TPehBysJ4Fbk…)
[23:18:26]   downloaded 1,093.7 MB in 58.3s (18.8 MB/s)
[23:19:33]   upload done video_id=26026286 in 66.8s
[23:19:34] film cr_film_id=25629 OK in 134.0s
[23:19:34] iteration 12/20
[23:19:34] film cr_film_id=13665 name='Penelope (2006) CZ Dabing' candidates=2
[23:19:34]   candidate upload_id=042f9755c4ac95f1 url=https://prehraj.to/penelope-2006-cz-dabing-1080p-mkv/042f9755c4ac95f1
[23:19:36]   resolved in 1.5s → 720p (https://pf-storage4.premiumcdn.net/166989452/dkni5pHgRIOpHEDsx6c5pHRmunkIExtmncW…)
[23:20:42]   downloaded 1,528.1 MB in 64.5s (23.7 MB/s)
[23:22:05]   upload done video_id=26026356 in 83.3s
[23:22:07] film cr_film_id=13665 OK in 152.8s
[23:22:07] iteration 13/20
[23:22:07] film cr_film_id=25375 name='Minotaur (2006) CZ Dabing' candidates=1
[23:22:07]   candidate upload_id=583dc739b9d10 url=https://prehraj.to/minotaur-2006-cz-dabing/583dc739b9d10
[23:22:08]   resolved in 1.2s → 480p (https://pf-storage4.premiumcdn.net/963864/0DysXRHJeSnRcJ1T2BsrBHRwh2Vu8riRlsKZh3…)
[23:22:32]   downloaded 464.4 MB in 22.1s (21.0 MB/s)
[23:22:59]   upload done video_id=26026419 in 27.0s
[23:23:00] film cr_film_id=25375 OK in 53.3s
[23:23:00] iteration 14/20
[23:23:00] film cr_film_id=25663 name='Hrozba smrti 2 (2006) CZ Dabing' candidates=2
[23:23:00]   candidate upload_id=58558355ea51e url=https://prehraj.to/road-house-2-cz-dabing-2006/58558355ea51e
[23:23:02]   resolved in 1.4s → 480p (https://pf-storage4.premiumcdn.net/1188641/j7VcNgS9YskQT7viL6UzoS7zHMGHAeHYXcarI…)
[23:23:29]   downloaded 464.1 MB in 26.4s (17.6 MB/s)
[23:23:56]   upload done video_id=26026438 in 26.9s
[23:23:58] film cr_film_id=25663 OK in 57.6s
[23:23:58] iteration 15/20
[23:23:58] film cr_film_id=19511 name='Candy (2006) CZ Dabing' candidates=4
[23:23:58]   candidate upload_id=6398490cc841a url=https://prehraj.to/candy-romanticky-2006-cz-dabing-tuta/6398490cc841a
[23:23:59]   resolved in 1.3s → 480p (https://pf-storage1.premiumcdn.net/35519479/dnOI0PC1atVlhqATmztqWC5PFodfymTAliPK…)
[23:24:25]   downloaded 418.3 MB in 24.0s (17.4 MB/s)
[23:24:52]   upload done video_id=26026461 in 27.0s
[23:24:54] film cr_film_id=19511 OK in 55.9s
[23:24:54] iteration 16/20
[23:24:54] film cr_film_id=13659 name='Astronaut (2006) CZ Dabing' candidates=2
[23:24:54]   candidate upload_id=5c50575acc674 url=https://prehraj.to/astronaut-thornton-2006-cz-dabing/5c50575acc674
[23:24:55]   resolved in 1.4s → 480p (https://pf-storage5.premiumcdn.net/11436223/lJ3IO4TmBFrkfmJHgGhw4TZLHPeCv7cokHA7…)
[23:25:33]   downloaded 661.9 MB in 35.9s (18.4 MB/s)
[23:26:10]   upload done video_id=26026483 in 36.5s
[23:26:11] film cr_film_id=13659 OK in 77.6s
[23:26:11] iteration 17/20
[23:26:11] film cr_film_id=7733 name='Zbohatni nebo chcípni (2005) CZ Dabing' candidates=2
[23:26:11]   candidate upload_id=6071f0abce47f url=https://prehraj.to/zbohatni-nebo-chcipni-krimi-2005-cz-dabing/6071f0abce47f
[23:26:13]   resolved in 1.2s → 480p (https://pf-storage4.premiumcdn.net/23056077/M7XcXxs4XSOmskRue5hozsy1HzNTWMIY2H7W…)
[23:26:40]   downloaded 562.4 MB in 25.8s (21.8 MB/s)
[23:27:15]   upload done video_id=26026519 in 35.2s
[23:27:16] film cr_film_id=7733 OK in 65.1s
[23:27:16] iteration 18/20
[23:27:16] film cr_film_id=13695 name='Zajatci mlhy (2005) CZ Dabing' candidates=3
[23:27:16]   candidate upload_id=6071efd775a93 url=https://prehraj.to/zajatci-mlhy-drama-2005-cz-dabing/6071efd775a93
[23:27:18]   resolved in 1.6s → 480p (https://pf-storage3.premiumcdn.net/23056065/Vo3TbPS5Mu2ximXh3ai51Smgs91t26TjnH1P…)
[23:27:55]   downloaded 640.7 MB in 34.9s (18.4 MB/s)
[23:28:33]   upload done video_id=26026557 in 37.5s
[23:28:34] film cr_film_id=13695 OK in 77.7s
[23:28:34] iteration 19/20
[23:28:34] film cr_film_id=13849 name='Rána z milosti (2005) CZ Dabing' candidates=3
[23:28:34]   candidate upload_id=f8d5ca7d7d0b2f92 url=https://prehraj.to/rana-z-milosti-2005-cz-dab-1080p/f8d5ca7d7d0b2f92
[23:28:36]   resolved in 1.5s → 1080p (https://pf-storage6.premiumcdn.net/169575286/Vv7cmvFxVTrVUDkh8mTxDFP5I7pcj8TYpIP…)
[23:29:58]   downloaded 1,918.7 MB in 80.2s (23.9 MB/s)
[23:31:43]   upload done video_id=26026636 in 105.0s
[23:31:44] film cr_film_id=13849 OK in 190.3s
[23:31:44] iteration 20/20
[23:31:44] film cr_film_id=37279 name='Život a smrt Petera Sellerse (2004) CZ Dabing' candidates=4
[23:31:44]   candidate upload_id=5b49042f5ae4d url=https://prehraj.to/zivot-a-smrt-petera-sellerse-2004-cz-dabing/5b49042f5ae4d
[23:31:46]   resolved in 1.4s → 480p (https://pf-storage5.premiumcdn.net/4808558/59MhbGuX4C3auOJTeMsQmuV0cbKckvsqxUj9S…)
[23:32:17]   downloaded 517.6 MB in 29.4s (17.6 MB/s)
[23:32:50]   upload done video_id=26026723 in 32.4s
[23:32:51] film cr_film_id=37279 OK in 66.8s
[23:32:51] batch-end ok=20 failed=0 dur=1800.1s avg/film=90.0s remaining=9690 eta_hours=242.2

===== run 2026-06-16T23:33:24Z shard=1/2 batch_size=20 (https://github.com/Olbrasoft/prehrajto-to-prehrajto/actions/runs/27655153424) =====
[23:33:25] batch-start shard=1/2 count=20 backlog=10210 uploads=520 failed_attempts=20 description_overrides=0
[23:33:25] login
[23:33:36] login done
[23:33:36] iteration 1/20
[23:33:36] film cr_film_id=25283 name='Tyranosarie (2004) CZ Dabing' candidates=1
[23:33:36]   candidate upload_id=585a4e43b211a url=https://prehraj.to/tyranosarie-akcni-sci-fi-2004-cz-dabing/585a4e43b211a
[23:33:39]   resolved in 2.3s → 480p (https://pf-storage2.premiumcdn.net/1215467/Kd4He8h8QC63IDYuNgHB4h8MunBTAmCnDSOqT…)
[23:34:03]   downloaded 366.9 MB in 21.9s (16.8 MB/s)
[23:34:27]   upload done video_id=26026769 in 24.4s
[23:34:29] film cr_film_id=25283 OK in 52.3s
[23:34:29] iteration 2/20
[23:34:29] film cr_film_id=25273 name='Sestra i matka (2004) CZ Dabing' candidates=6
[23:34:29]   candidate upload_id=6074410b84d77 url=https://prehraj.to/sestra-i-matka-drama-2004-cz-dabing/6074410b84d77
[23:34:30]   resolved in 1.2s → 480p (https://pf-storage5.premiumcdn.net/23086044/VpwIeZSzMCpltM8tpyTYLSreFkECejc0YfwE…)
[23:35:04]   downloaded 538.3 MB in 31.8s (16.9 MB/s)
[23:35:47]   upload done video_id=26026794 in 43.1s
[23:35:48] film cr_film_id=25273 OK in 79.7s
[23:35:48] iteration 3/20
[23:35:48] film cr_film_id=13345 name='Pravidla boje (2004) CZ Dabing' candidates=2
[23:35:48]   candidate upload_id=60214f586b129 url=https://prehraj.to/pravidla-boje-spartan-2004-cz-dabing/60214f586b129
[23:35:50]   resolved in 1.2s → 480p (https://pf-storage3.premiumcdn.net/22068165/36lFN8sw2IzOuORI54TyVsKqiveC0LhjvTWp…)
[23:36:16]   downloaded 492.0 MB in 24.4s (20.2 MB/s)
[23:36:45]   upload done video_id=26026841 in 29.0s
[23:36:46] film cr_film_id=13345 OK in 57.9s
[23:36:46] iteration 4/20
[23:36:46] film cr_film_id=25625 name='Playboy Video Centerfold: Colleen Shannon - 50th Anniversary Playmate (2004) CZ Dabing' candidates=1
[23:36:46]   candidate upload_id=558bd237b54eb url=https://prehraj.to/playboy-z-prvaku-freshman-orientation-home-of-phobia-cz-dabing-bez-tit-komedie-usa-2004/558bd237b54eb
[23:36:47]   resolved in 1.1s → 480p (https://pf-storage4.premiumcdn.net/446495/vgoHYOCMviRruOeFw2ipOC4XIYeI09UZKH9Zs4…)
[23:37:21]   downloaded 559.5 MB in 31.4s (17.8 MB/s)
[23:37:54]   upload done video_id=26026861 in 33.7s
[23:37:56] film cr_film_id=25625 OK in 69.5s
[23:37:56] iteration 5/20
[23:37:56] film cr_film_id=25209 name='Nestvůra z hlubin (2004) CZ Dabing' candidates=2
[23:37:56]   candidate upload_id=583c1636c8110 url=https://prehraj.to/nestvura-z-hlubin-2004-horor-b-warlock-c-l-haggquist-cz-dab-dtvmir-91/583c1636c8110
[23:37:57]   resolved in 1.3s → 480p (https://pf-storage2.premiumcdn.net/951246/Y9QHObcWdheBCNesQYSgZcPeTR9u40uE1hzRI9…)
[23:38:27]   downloaded 458.9 MB in 27.8s (16.5 MB/s)
[23:38:56]   upload done video_id=26026886 in 29.7s
[23:38:58] film cr_film_id=25209 OK in 62.0s
[23:38:58] iteration 6/20
[23:38:58] film cr_film_id=29967 name='Mutant 3 (2004) CZ Dabing' candidates=1
[23:38:58]   candidate upload_id=57aec0b4b8651 url=https://prehraj.to/mutant-3-2004-cz-dabing/57aec0b4b8651
[23:38:59]   resolved in 1.6s → 480p (https://pf-storage2.premiumcdn.net/3930/6qmueKfoaCd6hB0Tv9HO6fRmtzOSKnHgbIO1Ir9I…)
[23:39:19]   downloaded 364.8 MB in 18.0s (20.3 MB/s)
[23:39:43]   upload done video_id=26026913 in 24.0s
[23:39:45] film cr_film_id=29967 OK in 46.7s
[23:39:45] iteration 7/20
[23:39:45] film cr_film_id=24967 name='Klub hrůzy (2004) CZ Dabing' candidates=1
[23:39:45]   candidate upload_id=5ca8486165b91 url=https://prehraj.to/klub-hruzy-paxton-2004-cz-dabing/5ca8486165b91
[23:39:47]   resolved in 2.6s → 480p (https://pf-storage2.premiumcdn.net/12801959/gQofBQhgdcZri6kuvWHORhpAsO2HZWTRAF8J…)
[23:40:16]   downloaded 564.7 MB in 27.1s (20.8 MB/s)
[23:40:52]   upload done video_id=26026944 in 36.0s
[23:40:53] film cr_film_id=24967 OK in 68.8s
[23:40:53] iteration 8/20
[23:40:53] film cr_film_id=7761 name='Alexander Veliký (2004) CZ Dabing' candidates=14
[23:40:53]   candidate upload_id=37732fc9e0b52b1b url=https://prehraj.to/alexander-veliky-2004-cz-dab-1080p/37732fc9e0b52b1b
[23:40:55]   resolved in 1.5s → 720p (https://pf-storage5.premiumcdn.net/170997575/P1OflKIPLSXeHGbiXnTPAIjmcEvflxC7MFe…)
[23:43:28]   downloaded 3,633.3 MB in 151.4s (24.0 MB/s)
[23:46:45]   upload done video_id=26027033 in 196.9s
[23:46:46] film cr_film_id=7761 OK in 352.9s
[23:46:46] iteration 9/20
[23:46:46] film cr_film_id=24625 name='Zákon Gangu (2002) CZ Dabing' candidates=3
[23:46:46]   candidate upload_id=0e625f058ac042c9 url=https://prehraj.to/zakon-gangu-2002-cz-dabing-1080p-mkv/0e625f058ac042c9
[23:46:49]   resolved in 2.4s → 1080p (https://pf-storage3.premiumcdn.net/166482506/281c5AF9xhYDfVoTWZhKdFyvIYmFb1t8kiv…)
[23:49:38]   downloaded 4,007.3 MB in 167.2s (24.0 MB/s)
[23:53:50]   upload done video_id=26027215 in 252.3s
[23:53:52] film cr_film_id=24625 OK in 425.4s
[23:53:52] iteration 10/20
[23:53:52] film cr_film_id=33393 name='Teror ve vlaku (2002) CZ Dabing' candidates=1
[23:53:52]   candidate upload_id=5c4f597732c64 url=https://prehraj.to/teror-ve-vlaku-van-damme-2002-cz-dabing/5c4f597732c64
[23:53:53]   resolved in 1.1s → 480p (https://pf-storage1.premiumcdn.net/11419084/PorH2DcLOHGKCVvtKLf1McwdspaiDxh1Ks58…)
[23:54:25]   downloaded 527.0 MB in 30.5s (17.3 MB/s)
[23:55:03]   upload done video_id=26027316 in 37.8s
[23:55:05] film cr_film_id=33393 OK in 72.9s
[23:55:05] iteration 11/20
[23:55:05] film cr_film_id=24441 name='Supersvůdníci 2 (2002) CZ Dabing' candidates=1
[23:55:05]   candidate upload_id=5c62c38639e84 url=https://prehraj.to/supersvudnici-2-jerry-o-connell-2002-cz-dabing/5c62c38639e84
[23:55:06]   resolved in 1.0s → 480p (https://pf-storage2.premiumcdn.net/11716126/EgntYauAzSdPIY2u54SQzuYXTklcYWi2Dtzr…)
[23:55:35]   downloaded 577.8 MB in 27.4s (21.1 MB/s)
[23:56:10]   upload done video_id=26027337 in 35.6s
[23:56:11] film cr_film_id=24441 OK in 66.9s
[23:56:11] iteration 12/20
[23:56:11] film cr_film_id=13071 name='Simone (2002) CZ Dabing' candidates=1
[23:56:11]   candidate upload_id=580cdb1e4076a url=https://prehraj.to/simone-2002-sci-fi-komedie-cz-dab-avlys-113min/580cdb1e4076a
[23:56:13]   resolved in 1.2s → 480p (https://pf-storage1.premiumcdn.net/742712/nxkfe9IQ4HOKI3RH6pTYvIeOhd5ilRuY7HnBFp…)
[23:56:43]   downloaded 483.8 MB in 28.3s (17.1 MB/s)
[23:57:16]   upload done video_id=26027351 in 33.2s
[23:57:17] film cr_film_id=13071 OK in 65.8s
[23:57:17] iteration 13/20
[23:57:17] film cr_film_id=13305 name='Osud světa (2002) CZ Dabing' candidates=2
[23:57:17]   candidate upload_id=68e91f6045882 url=https://prehraj.to/osud-sveta-akcni-dobr-scifi-cz-dab-2002/68e91f6045882
[23:57:19]   resolved in 1.3s → 1080p (https://pf-storage4.premiumcdn.net/150744480/k2RF4mfKyu41I32td2T4Nfz6T7rhXnsVEHL…)
[23:59:03]   downloaded 2,393.4 MB in 103.2s (23.2 MB/s)
[00:01:25]   upload done video_id=26027383 in 141.1s
[00:01:26] film cr_film_id=13305 OK in 248.8s
[00:01:26] iteration 14/20
[00:01:26] film cr_film_id=24789 name='Kadetka Kelly (2002) CZ Dabing' candidates=3
[00:01:26]   candidate upload_id=583ec14638fe8 url=https://prehraj.to/kadetka-kelly-komedie-2002-cz-dabing-ldandasova/583ec14638fe8
[00:01:27]   resolved in 1.1s → 480p (https://pf-storage1.premiumcdn.net/967853/ZQBHjesXxFGNIb5fDoTJNs58UnaUAquXlCyPf6…)
[00:01:58]   downloaded 501.2 MB in 28.8s (17.4 MB/s)
[00:02:29]   upload done video_id=26027428 in 31.6s
[00:02:31] film cr_film_id=24789 OK in 64.8s
[00:02:31] iteration 15/20
[00:02:31] film cr_film_id=24473 name='Divoká krev (2002) CZ Dabing' candidates=1
[00:02:31]   candidate upload_id=57eed0140ffb7 url=https://prehraj.to/divoka-krev-2002-cz-dabing/57eed0140ffb7
[00:02:32]   resolved in 1.5s → 480p (https://pf-storage4.premiumcdn.net/663437/0k8tYbUZOtzZF50sngcv4U0XcRYCZAsMys5LUW…)
[00:02:59]   downloaded 492.7 MB in 25.2s (19.6 MB/s)
[00:03:28]   upload done video_id=26027453 in 28.5s
[00:03:29] film cr_film_id=24473 OK in 58.2s
[00:03:29] iteration 16/20
[00:03:29] film cr_film_id=35467 name='Byl jsem mladým Faustem (2002) CZ Dabing' candidates=1
[00:03:29]   candidate upload_id=58698eb5a4aa1 url=https://prehraj.to/byl-jsem-mladym-faustem-kan-usa-2001-cs-dabing-tvrip/58698eb5a4aa1
[00:03:30]   resolved in 1.2s → 480p (https://pf-storage1.premiumcdn.net/1268992/rw6hNJT0Rhwas84FlgHlATOnIQzix4iwECaec…)
[00:04:00]   downloaded 458.8 MB in 27.9s (16.4 MB/s)
[00:04:45]   upload done video_id=26027478 in 44.8s
[00:04:46] film cr_film_id=35467 OK in 77.2s
[00:04:46] iteration 17/20
[00:04:46] film cr_film_id=12969 name='Replikant (2001) CZ Dabing' candidates=3
[00:04:46]   candidate upload_id=5c539413aaf64 url=https://prehraj.to/replikant-van-damme-2001-cz-dabing/5c539413aaf64
[00:04:47]   resolved in 1.1s → 480p (https://pf-storage2.premiumcdn.net/11518414/W3Ru60IeBiRPTAliMmtWwIjBCJycevC3ou2B…)
[00:05:20]   downloaded 647.4 MB in 30.5s (21.2 MB/s)
[00:06:05]   upload done video_id=26027507 in 45.1s
[00:06:06] film cr_film_id=12969 OK in 79.8s
[00:06:06] iteration 18/20
[00:06:06] film cr_film_id=13061 name='Pán kouzel - Ďáblův kámen (2001) CZ Dabing' candidates=1
[00:06:06]   candidate upload_id=5d3858394650c url=https://prehraj.to/pan-kouzel-dabluv-kamen-jason-connery-2001-cz-dabing/5d3858394650c
[00:06:07]   resolved in 1.2s → 480p (https://pf-storage2.premiumcdn.net/14471286/r1eFeQcvmTVwIW6tqNSENcW1TPqtgVTLESEW…)
[00:06:48]   downloaded 714.3 MB in 39.2s (18.2 MB/s)
[00:07:29]   upload done video_id=26027526 in 41.2s
[00:07:31] film cr_film_id=13061 OK in 84.9s
[00:07:31] iteration 19/20
[00:07:31] film cr_film_id=24681 name='Octopus 2 (2001) CZ Dabing' candidates=1
[00:07:31]   candidate upload_id=5837622ab8579 url=https://prehraj.to/octopus-2-cz-dabing-horor-usa-2001/5837622ab8579
[00:07:32]   resolved in 1.2s → 480p (https://pf-storage4.premiumcdn.net/926589/YvOUAQsPOC1GUrAHYPcz5sZ7i2NF7Rt3rFg8Cl…)
[00:08:10]   downloaded 630.1 MB in 36.5s (17.3 MB/s)
[00:08:48]   upload done video_id=26027549 in 37.3s
[00:08:49] film cr_film_id=24681 OK in 77.9s
[00:08:49] iteration 20/20
[00:08:49] film cr_film_id=24797 name='Marco Polo: Návrat do Xanadu (2001) CZ Dabing' candidates=1
[00:08:49]   candidate upload_id=5873c732ddf94 url=https://prehraj.to/marco-polo-navrat-do-xanadu-cz-dab-marco-polo-return-to-xanadu-2001/5873c732ddf94
[00:08:50]   resolved in 1.0s → 480p (https://pf-storage4.premiumcdn.net/1395797/L1Yh8pSR2TwXtGncDBtKlSnVtaWtZYh0ocNGU…)
[00:09:29]   downloaded 667.0 MB in 36.8s (18.1 MB/s)
[00:10:20]   upload done video_id=26027566 in 51.4s
[00:10:21] film cr_film_id=24797 OK in 92.4s
[00:10:21] batch-end ok=20 failed=0 dur=2204.8s avg/film=110.2s remaining=9670 eta_hours=296.0

===== run 2026-06-17T00:10:51Z shard=1/2 batch_size=20 (https://github.com/Olbrasoft/prehrajto-to-prehrajto/actions/runs/27656696797) =====
[00:10:52] batch-start shard=1/2 count=20 backlog=10210 uploads=540 failed_attempts=20 description_overrides=0
[00:10:52] login
[00:10:53] login done
[00:10:53] iteration 1/20
[00:10:53] film cr_film_id=23905 name='The Million Dollar Hotel (2000) CZ Dabing' candidates=1
[00:10:53]   candidate upload_id=583667c229653 url=https://prehraj.to/the-million-dollar-hotel-cz-dabing-2000/583667c229653
[00:10:55]   resolved in 1.5s → 480p (https://pf-storage2.premiumcdn.net/919168/qA6S8guKqCW0h8nslAU3luRZI4Oc5gC8LtGPSZ…)
[00:11:34]   downloaded 667.3 MB in 37.2s (17.9 MB/s)
[00:12:15]   upload done video_id=26027597 in 40.4s
[00:12:16] film cr_film_id=23905 OK in 82.8s
[00:12:16] iteration 2/20
[00:12:16] film cr_film_id=32819 name='Sto kroků (2000) CZ Dabing' candidates=1
[00:12:16]   candidate upload_id=5874dd2e8f801 url=https://prehraj.to/sto-kroku-it-drama-2000-cs-dabing-tvrip/5874dd2e8f801
[00:12:18]   resolved in 2.2s → 480p (https://pf-storage2.premiumcdn.net/1412469/7ePuZyHPlfrXfx0UQMcaeH1aSYAuZDUnlskrt…)
[00:12:58]   downloaded 696.5 MB in 37.7s (18.5 MB/s)
[00:13:36]   upload done video_id=26027612 in 38.3s
[00:13:37] film cr_film_id=32819 OK in 81.3s
[00:13:37] iteration 3/20
[00:13:37] film cr_film_id=24355 name='Jill Rips (2000) CZ Dabing' candidates=1
[00:13:37]   candidate upload_id=57c498cdd27a0 url=https://prehraj.to/jill-rips-2000-cz-dabing/57c498cdd27a0
[00:13:39]   resolved in 1.2s → 480p (https://pf-storage2.premiumcdn.net/12686/DGJSR6IQOiLefX1seMsOBIK4S0YtJXt3XsZoheM…)
[00:14:08]   downloaded 475.2 MB in 27.1s (17.5 MB/s)
[00:14:35]   upload done video_id=26027633 in 26.9s
[00:14:37] film cr_film_id=24355 OK in 59.1s
[00:14:37] iteration 4/20
[00:14:37] film cr_film_id=24345 name='Darebáčci (2000) CZ Dabing' candidates=1
[00:14:37]   candidate upload_id=5dd5a147491ca url=https://prehraj.to/darebacci-woody-aleen-2000-cz-dabing/5dd5a147491ca
[00:14:38]   resolved in 1.4s → 480p (https://pf-storage5.premiumcdn.net/15307084/X7AInxHMli1bIeBI9kfDBHxnU1qtbnCB1I8p…)
[00:15:19]   downloaded 722.1 MB in 39.2s (18.4 MB/s)
[00:16:00]   upload done video_id=26027652 in 40.8s
[00:16:02] film cr_film_id=24345 OK in 85.0s
[00:16:02] iteration 5/20
[00:16:02] film cr_film_id=24467 name='Salsa (1999) CZ Dabing' candidates=1
[00:16:02]   candidate upload_id=57c624746d6a1 url=https://prehraj.to/salsa-2000-cz-dabing/57c624746d6a1
[00:16:03]   resolved in 1.1s → 480p (https://pf-storage2.premiumcdn.net/13159/mgXIjWSlBUDAczbsaMcXkS12T9Eidyu8Phr1h5e…)
[00:16:46]   downloaded 776.2 MB in 41.7s (18.6 MB/s)
[00:17:35]   upload done video_id=26027685 in 48.6s
[00:17:37] film cr_film_id=24467 OK in 95.1s
[00:17:37] iteration 6/20
[00:17:37] film cr_film_id=3105 name='Torrente: Blbec jménem zákona (1998) CZ Dabing' candidates=1
[00:17:37]   candidate upload_id=5d08f1c8209cf url=https://prehraj.to/blbec-jmenem-zakona-segura-1998-cz-dabing/5d08f1c8209cf
[00:17:38]   resolved in 1.4s → 480p (https://pf-storage2.premiumcdn.net/13970457/w9YsvwiW8cLrfk3H6MS0RiJ2hQKfl0T0nfNL…)
[00:18:13]   downloaded 600.5 MB in 32.9s (18.3 MB/s)
[00:18:48]   upload done video_id=26027717 in 34.8s
[00:18:50] film cr_film_id=3105 OK in 72.9s
[00:18:50] iteration 7/20
[00:18:50] film cr_film_id=23917 name='Mutant 2 (1998) CZ Dabing' candidates=4
[00:18:50]   candidate upload_id=57aec02fd031c url=https://prehraj.to/mutant-2-1998-cz-dabing/57aec02fd031c
[00:18:52]   resolved in 2.7s → 480p (https://pf-storage4.premiumcdn.net/3928/LLvF4zcEwTjZCDBIvPHxacmPHNoSEZt4mi69seyH…)
[00:19:18]   downloaded 503.9 MB in 24.1s (20.9 MB/s)
[00:19:56]   upload done video_id=26027735 in 37.6s
[00:19:58] film cr_film_id=23917 OK in 68.3s
[00:19:58] iteration 8/20
[00:19:58] film cr_film_id=12403 name='Koule (1998) CZ Dabing' candidates=4
[00:19:58]   candidate upload_id=5cbb106b4b990 url=https://prehraj.to/koule-hoffman-1998-cz-dabing/5cbb106b4b990
[00:19:59]   resolved in 1.4s → 480p (https://pf-storage2.premiumcdn.net/13041249/GA8iwofzmU7gUeAiwWsDefv9TZ3h4OcoEHxw…)
[00:20:38]   downloaded 663.9 MB in 36.0s (18.4 MB/s)
[00:21:27]   upload done video_id=26027756 in 49.5s
[00:21:29] film cr_film_id=12403 OK in 90.7s
[00:21:29] iteration 9/20
[00:21:29] film cr_film_id=23869 name='Supertajná zbraň (1997) CZ Dabing' candidates=1
[00:21:29]   candidate upload_id=583ae46b54ce7 url=https://prehraj.to/supertajna-zbran-1997-akcni-s-oneal-a-gish-r-roundtree-cz-dab-dtvmir-93/583ae46b54ce7
[00:21:30]   resolved in 1.4s → 480p (https://pf-storage4.premiumcdn.net/945597/dQDH7gsnqtPOhvJUa2TVesz8HzbCJ8s5wu2GiD…)
[00:21:56]   downloaded 522.7 MB in 23.6s (22.1 MB/s)
[00:22:27]   upload done video_id=26027778 in 31.7s
[00:22:29] film cr_film_id=23869 OK in 60.4s
[00:22:29] iteration 10/20
[00:22:29] film cr_film_id=7455 name='Sopka (1997) CZ Dabing' candidates=19
[00:22:29]   candidate upload_id=60807fca34918 url=https://prehraj.to/sopka-katastroficky-1997-cz-dabing/60807fca34918
[00:22:30]   resolved in 1.4s → 1080p (https://pf-storage5.premiumcdn.net/23216997/m3ksb4ieoC0vSvxT5xcoRiaxT6lh5ASMGh5l…)
[00:24:51]   downloaded 3,420.9 MB in 138.7s (24.7 MB/s)
[00:28:17]   upload done video_id=26027832 in 206.5s
[00:28:19] film cr_film_id=7455 OK in 349.7s
[00:28:19] iteration 11/20
[00:28:19] film cr_film_id=23789 name='Pidilidi (1997) CZ Dabing' candidates=11
[00:28:19]   candidate upload_id=58ad8ac8ce291 url=https://prehraj.to/pidilidi-1997-cz-dabing-upload-www-mojetv-wz-cz/58ad8ac8ce291
[00:28:20]   resolved in 1.2s → 480p (https://pf-storage2.premiumcdn.net/1738891/qaJfOruPYT07hqWt73Sxgu0MsqQF76Cr9c9bC…)
[00:28:40]   downloaded 375.0 MB in 17.7s (21.2 MB/s)
[00:29:04]   upload done video_id=26027888 in 24.0s
[00:29:05] film cr_film_id=23789 OK in 46.6s
[00:29:05] iteration 12/20
[00:29:05] film cr_film_id=12467 name='Banzai (1997) CZ Dabing' candidates=2
[00:29:05]   candidate upload_id=5c5244e6e73f4 url=https://prehraj.to/fantozzi-banzai-villaggio-1997-cz-dabing/5c5244e6e73f4
[00:29:07]   resolved in 1.5s → 480p (https://pf-storage1.premiumcdn.net/11481559/ndbcLKfgeUjdIX9H61IBPfd0UNms1xu8Psx2…)
[00:29:35]   downloaded 599.7 MB in 26.5s (22.6 MB/s)
[00:30:10]   upload done video_id=26027902 in 34.3s
[00:30:11] film cr_film_id=12467 OK in 65.9s
[00:30:11] iteration 13/20
[00:30:11] film cr_film_id=32517 name='Sgt. Bilko (1996) CZ Dabing' candidates=2
[00:30:11]   candidate upload_id=5846e641173d3 url=https://prehraj.to/serzant-bilko-cz-dabing-komedie-1996/5846e641173d3
[00:30:14]   resolved in 3.3s → 480p (https://pf-storage2.premiumcdn.net/1033253/Dp9s6kU4YFmEF4pH5jTxRU76ikNTGwfKas9KS…)
[00:30:52]   downloaded 657.6 MB in 35.8s (18.4 MB/s)
[00:31:30]   upload done video_id=26027918 in 38.2s
[00:31:32] film cr_film_id=32517 OK in 80.7s
[00:31:32] iteration 14/20
[00:31:32] film cr_film_id=35477 name='Sabotáž (1996) CZ Dabing' candidates=1
[00:31:32]   candidate upload_id=5c5343b1607e8 url=https://prehraj.to/sabotaz-schwarzenegger-1996-cz-dabing/5c5343b1607e8
[00:31:33]   resolved in 1.0s → 480p (https://pf-storage2.premiumcdn.net/11509270/MObHvZugKiXJc73FezUMLuDMselHzltQRcbQ…)
[00:32:19]   downloaded 581.6 MB in 31.9s (18.2 MB/s)
[00:32:55]   upload done video_id=26027941 in 36.2s
[00:32:56] film cr_film_id=35477 OK in 84.3s
[00:32:56] iteration 15/20
[00:32:56] film cr_film_id=23769 name='Pohovka v New Yorku (1996) CZ Dabing' candidates=1
[00:32:56]   candidate upload_id=585548159ab1c url=https://prehraj.to/pohovka-v-new-yorku-1996-cz-dab-nomad1205/585548159ab1c
[00:32:57]   resolved in 1.2s → 480p (https://pf-storage2.premiumcdn.net/1188291/jGlfvRTxoIbGUpNU0JFJwTjLC8BCEOFnwCWOc…)
[00:33:18]   downloaded 376.4 MB in 18.1s (20.8 MB/s)
[00:33:40]   upload done video_id=26027956 in 22.2s
[00:33:41] film cr_film_id=23769 OK in 45.1s
[00:33:41] iteration 16/20
[00:33:41] film cr_film_id=3637 name='Nevyhrožuj (1996) CZ Dabing' candidates=5
[00:33:41]   candidate upload_id=55b769ebe0a2d url=https://prehraj.to/nevyhrozuj-1996-cz-dabing-komedie-krimi-usa-1996-89-min/55b769ebe0a2d
[00:33:43]   resolved in 1.6s → 480p (https://pf-storage4.premiumcdn.net/37906/D9JclMIm2ixNt2BHXjhL8InMSvXUJMcB4SNmFOE…)
[00:34:18]   downloaded 582.2 MB in 32.8s (17.7 MB/s)
[00:34:51]   upload done video_id=26027969 in 32.9s
[00:34:52] film cr_film_id=3637 OK in 71.2s
[00:34:52] iteration 17/20
[00:34:52] film cr_film_id=23683 name='Kapitán Conan (1996) CZ Dabing' candidates=1
[00:34:52]   candidate upload_id=5867155504d5d url=https://prehraj.to/kapitan-conan-cz-dabing-drama-valecny-francie-1996-pres-multiload-cz/5867155504d5d
[00:34:54]   resolved in 1.4s → 480p (https://pf-storage2.premiumcdn.net/1259716/mkpc3whM1iAwhNKTdAiwnhaBS2li9ki2yiWPs…)
[00:35:26]   downloaded 558.1 MB in 30.6s (18.2 MB/s)
[00:35:57]   upload done video_id=26027984 in 31.1s
[00:35:59] film cr_film_id=23683 OK in 66.1s
[00:35:59] iteration 18/20
[00:35:59] film cr_film_id=23761 name='Jménem spravedlnosti (1996) CZ Dabing' candidates=2
[00:35:59]   candidate upload_id=587787e418e75 url=https://prehraj.to/jmenem-spravedlnosti-1996-cz-dabing/587787e418e75
[00:36:00]   resolved in 1.2s → 480p (https://pf-storage3.premiumcdn.net/1432175/4AKTZpi6rsZrujLF3wfDdi18uDetLQUxACmKh…)
[00:36:30]   downloaded 619.1 MB in 28.3s (21.9 MB/s)
[00:37:14]   upload done video_id=26028004 in 43.5s
[00:37:15] film cr_film_id=23761 OK in 76.6s
[00:37:15] iteration 19/20
[00:37:15] film cr_film_id=33719 name='Expert Witness (1996) CZ Dabing' candidates=1
[00:37:15]   candidate upload_id=608141d947a7f url=https://prehraj.to/expert-thriller-1996-cz-dabing/608141d947a7f
[00:37:16]   resolved in 1.3s → 480p (https://pf-storage2.premiumcdn.net/23221083/qvLiAkcdmSRQT0NCjKfBQcWpSBztbesBpHNB…)
[00:37:46]   downloaded 506.7 MB in 27.9s (18.2 MB/s)
[00:38:20]   upload done video_id=26028021 in 33.6s
[00:38:21] film cr_film_id=33719 OK in 66.0s
[00:38:21] iteration 20/20
[00:38:21] film cr_film_id=34311 name='Machři (1995) CZ Dabing' candidates=1
[00:38:21]   candidate upload_id=687005ef27c30 url=https://prehraj.to/machri-patrick-swayze-1995-dobrodruzny-rodinny-western-czdab/687005ef27c30
[00:38:22]   resolved in 1.0s → 1080p (https://pf-storage4.premiumcdn.net/141454025/7Z3SJOFw4TEnT7EiW7IdKFW9czAholtoASQ…)
[00:40:37]   downloaded 2,700.8 MB in 133.4s (20.2 MB/s)
[00:43:11]   upload done video_id=26028050 in 153.9s
[00:43:12] film cr_film_id=34311 OK in 291.3s
[00:43:12] batch-end ok=20 failed=0 dur=1939.1s avg/film=97.0s remaining=9650 eta_hours=260.0

===== run 2026-06-17T00:43:42Z shard=1/2 batch_size=20 (https://github.com/Olbrasoft/prehrajto-to-prehrajto/actions/runs/27657931230) =====
[00:43:43] batch-start shard=1/2 count=20 backlog=10210 uploads=560 failed_attempts=20 description_overrides=0
[00:43:43] login
[00:43:44] login done
[00:43:44] iteration 1/20
[00:43:44] film cr_film_id=32797 name='Buffalo Girls (1995) CZ Dabing' candidates=1
[00:43:44]   candidate upload_id=675b16b16dd30 url=https://prehraj.to/konec-divokeho-zapadu-buffalo-girls-western-1995-cz-dab/675b16b16dd30
[00:43:45]   resolved in 1.0s → 480p (https://pf-storage2.premiumcdn.net/121554050/kjmhwRSelFlvIQWCAWHvdSXqsVwCRKuQ2sD…)
[00:44:21]   downloaded 938.7 MB in 34.4s (27.3 MB/s)
[00:44:56]   upload done video_id=26028096 in 35.3s
[00:44:57] film cr_film_id=32797 OK in 73.3s
[00:44:57] iteration 2/20
[00:44:57] film cr_film_id=4701 name='Rapa Nui – Střed světa (1994) CZ Dabing' candidates=1
[00:44:57]   candidate upload_id=58738db346f95 url=https://prehraj.to/rapa-nui-stred-sveta-cz-dabing-1994/58738db346f95
[00:44:58]   resolved in 1.0s → 480p (https://pf-storage4.premiumcdn.net/1394511/55rhMXun3i27SgRu62HmbuN0CZJSKYFJNh1PI…)
[00:45:21]   downloaded 691.8 MB in 20.8s (33.3 MB/s)
[00:45:58]   upload done video_id=26028111 in 37.0s
[00:45:59] film cr_film_id=4701 OK in 61.4s
[00:45:59] iteration 3/20
[00:45:59] film cr_film_id=37245 name='House Party 3 (1994) CZ Dabing' candidates=1
[00:45:59]   candidate upload_id=c62f098b62ae4b17 url=https://prehraj.to/house-party-1990-1-cz-dab/c62f098b62ae4b17
[00:46:00]   resolve FAILED: HTTP 502 wrapping permanent upstream error: https://prehraj.to/house-party-1990-1-cz-dab/c62f098b62ae4b17 (permanent=True)
[00:46:00] film cr_film_id=37245 all candidates exhausted
[00:46:00] iteration 4/20
[00:46:00] film cr_film_id=12151 name='Hercules a Amazonky (1994) CZ Dabing' candidates=2
[00:46:00]   candidate upload_id=2dc00f775e1b58c7 url=https://prehraj.to/hercules-a-amazonky-1994-cz-dab-1080p/2dc00f775e1b58c7
[00:46:06]   resolved in 6.0s → 1080p (https://pf-storage3.premiumcdn.net/158340833/NBET8vfPoFomFXxSQ5tkXfW0Fg4u70CgpI2…)
[00:47:21]   downloaded 2,676.3 MB in 74.1s (36.1 MB/s)
[00:49:29]   upload done video_id=26028145 in 127.9s
[00:49:30] film cr_film_id=12151 OK in 210.6s
[00:49:30] iteration 5/20
[00:49:30] film cr_film_id=12061 name='Beethoven II. (1993) CZ Dabing' candidates=4
[00:49:30]   candidate upload_id=608787d9619cd url=https://prehraj.to/beethoven-2-komedie-1993-cz-dabing/608787d9619cd
[00:49:31]   resolved in 1.0s → 480p (https://pf-storage2.premiumcdn.net/23275506/jXnTrvIakun7Fv2u2oTWeIp8hrPS5RSlOcD2…)
[00:49:54]   downloaded 702.5 MB in 21.8s (32.2 MB/s)
[00:50:20]   upload done video_id=26028201 in 25.7s
[00:50:21] film cr_film_id=12061 OK in 51.1s
[00:50:21] iteration 6/20
[00:50:21] film cr_film_id=12027 name='Šaman (1992) CZ Dabing' candidates=6
[00:50:21]   candidate upload_id=58481de0c3f35 url=https://prehraj.to/saman-cz-dabing-1992/58481de0c3f35
[00:50:22]   resolved in 1.1s → 480p (https://pf-storage5.premiumcdn.net/1050295/gm3sYKFgmTMvsJ6c4eFbdFQ6H1luZGfzoc28c…)
[00:50:44]   downloaded 694.1 MB in 20.7s (33.5 MB/s)
[00:51:14]   upload done video_id=26028218 in 29.7s
[00:51:15] film cr_film_id=12027 OK in 54.0s
[00:51:15] iteration 7/20
[00:51:15] film cr_film_id=23339 name='Full Contact (1992) CZ Dabing' candidates=2
[00:51:15]   candidate upload_id=580af609a0fa6 url=https://prehraj.to/full-contact-cz-dabing-akcni-drama-hong-kong-1992-nejlepsi-filmy-mypage-cz-pres-multiload-cz/580af609a0fa6
[00:51:16]   resolved in 1.2s → 480p (https://pf-storage2.premiumcdn.net/736297/ELxtlwIM5crGTaOCoycyqInYSL3hqwSaMFeLSq…)
[00:51:34]   downloaded 502.6 MB in 16.1s (31.2 MB/s)
[00:52:04]   upload done video_id=26028230 in 29.7s
[00:52:05] film cr_film_id=23339 OK in 49.5s
[00:52:05] iteration 8/20
[00:52:05] film cr_film_id=32437 name='A Stranger Among Us (1992) CZ Dabing' candidates=1
[00:52:05]   candidate upload_id=5820f5ef45900 url=https://prehraj.to/cizinec-mezi-nami-melanie-griffith-1992-cz-dab/5820f5ef45900
[00:52:06]   resolved in 1.0s → 480p (https://pf-storage2.premiumcdn.net/812089/Vo1f4Oux2tyETvoCM2hA3ulGhNRs2nHozcABfo…)
[00:52:25]   downloaded 461.0 MB in 17.9s (25.8 MB/s)
[00:52:47]   upload done video_id=26028242 in 22.4s
[00:52:49] film cr_film_id=32437 OK in 43.8s
[00:52:49] iteration 9/20
[00:52:49] film cr_film_id=23219 name='Vražedné myšlenky (1991) CZ Dabing' candidates=1
[00:52:49]   candidate upload_id=5c4cec2bdffe8 url=https://prehraj.to/vrazedne-myslenky-bruce-willis-1991-cz-dabing/5c4cec2bdffe8
[00:52:50]   resolved in 1.1s → 480p (https://pf-storage2.premiumcdn.net/11371819/BQKHGMimbUKncVDImdtx1iPkUBeTWXtoZTJE…)
[00:53:14]   downloaded 585.5 MB in 22.5s (26.0 MB/s)
[00:53:36]   upload done video_id=26028258 in 22.5s
[00:53:37] film cr_film_id=23219 OK in 48.7s
[00:53:37] iteration 10/20
[00:53:37] film cr_film_id=11953 name='Red Force 6 (1991) CZ Dabing' candidates=3
[00:53:37]   candidate upload_id=5c52f8cac3d13 url=https://prehraj.to/red-force-6-1991-cz-dabing/5c52f8cac3d13
[00:53:38]   resolved in 1.0s → 480p (https://pf-storage5.premiumcdn.net/11501188/xvVhyRSlYimnINYuPQSVaSXYhjVhG5h5GcBx…)
[00:54:20]   downloaded 1,086.5 MB in 39.9s (27.2 MB/s)
[00:55:11]   upload done video_id=26028268 in 51.1s
[00:55:12] film cr_film_id=11953 OK in 94.6s
[00:55:12] iteration 11/20
[00:55:12] film cr_film_id=11879 name='Větrný démon (1990) CZ Dabing' candidates=1
[00:55:12]   candidate upload_id=58414f2021ed1 url=https://prehraj.to/vetrny-demon-horor-1990-cz-dabing/58414f2021ed1
[00:55:13]   resolved in 1.1s → 480p (https://pf-storage2.premiumcdn.net/980175/Lb2tBrs5wix0CpGfjGUkAsR7SBeIaGtZjUOoT5…)
[00:55:35]   downloaded 503.7 MB in 20.9s (24.1 MB/s)
[00:55:55]   upload done video_id=26028288 in 19.6s
[00:55:56] film cr_film_id=11879 OK in 44.1s
[00:55:56] iteration 12/20
[00:55:56] film cr_film_id=11875 name="China O'Brien (1990) CZ Dabing" candidates=1
[00:55:56]   candidate upload_id=58415d1731d1c url=https://prehraj.to/china-o-brien-1-1988-cz-dabing/58415d1731d1c
[00:55:57]   resolved in 1.0s → 480p (https://pf-storage4.premiumcdn.net/980358/8gBfKPS04fejHYDSNyfp9SeBUw0CdYF7ZUL8F9…)
[00:56:24]   downloaded 669.8 MB in 25.3s (26.5 MB/s)
[00:56:49]   upload done video_id=26028299 in 25.0s
[00:56:50] film cr_film_id=11875 OK in 53.6s
[00:56:50] iteration 13/20
[00:56:50] film cr_film_id=11899 name='Ultra Force 3: Pod policejní ochranou (1989) CZ Dabing' candidates=2
[00:56:50]   candidate upload_id=58415c66d77d8 url=https://prehraj.to/ultra-force-3-pod-policejni-ochranou-1989-cz-dabing/58415c66d77d8
[00:56:50]   resolved in 1.0s → 480p (https://pf-storage5.premiumcdn.net/980339/X2McGLfdkH5YF62hxBs8dfdxH3kTydheqHxNuz…)
[00:57:13]   downloaded 563.5 MB in 21.4s (26.3 MB/s)
[00:57:41]   upload done video_id=26028311 in 27.7s
[00:57:42] film cr_film_id=11899 OK in 52.1s
[00:57:42] iteration 14/20
[00:57:42] film cr_film_id=31925 name='Laserová mise (1989) CZ Dabing' candidates=2
[00:57:42]   candidate upload_id=58414e1412447 url=https://prehraj.to/laserova-mise-1990-cz-dabing/58414e1412447
[00:57:43]   resolved in 1.0s → 480p (https://pf-storage2.premiumcdn.net/980148/gKatwRsVZTvqCP1urqU3Qs0xTV2SL7IWLSaEfb…)
[00:57:56]   downloaded 284.9 MB in 11.9s (23.9 MB/s)
[00:58:07]   upload done video_id=26028326 in 11.6s
[00:58:08] film cr_film_id=31925 OK in 26.6s
[00:58:08] iteration 15/20
[00:58:08] film cr_film_id=24005 name='Krutý boj (1989) CZ Dabing' candidates=2
[00:58:08]   candidate upload_id=58414c949d52d url=https://prehraj.to/kruty-boj-1989-cz-dabing/58414c949d52d
[00:58:09]   resolved in 0.9s → 480p (https://pf-storage2.premiumcdn.net/980108/lz7febcLMfQAuJ7H4RcJ5cARU3OT4XI4PSZXil…)
[00:58:22]   downloaded 273.6 MB in 11.5s (23.8 MB/s)
[00:58:34]   upload done video_id=26028333 in 12.4s
[00:58:35] film cr_film_id=24005 OK in 26.7s
[00:58:35] iteration 16/20
[00:58:35] film cr_film_id=11845 name='Hrozba smrti (1989) CZ Dabing' candidates=14
[00:58:35]   candidate upload_id=5c509003a0e9f url=https://prehraj.to/hrozba-smrti-swayze-1989-cz-dabing/5c509003a0e9f
[00:58:36]   resolved in 1.0s → 480p (https://pf-storage1.premiumcdn.net/11440096/ZYWHkRS3rfyNTODFxLhZNSAbC4kCZEcWwU1z…)
[00:58:58]   downloaded 664.1 MB in 20.6s (32.2 MB/s)
[00:59:23]   upload done video_id=26028339 in 25.6s
[00:59:24] film cr_film_id=11845 OK in 49.5s
[00:59:24] iteration 17/20
[00:59:24] film cr_film_id=23027 name='Coming Out (1989) CZ Dabing' candidates=2
[00:59:24]   candidate upload_id=608ae0de679d2 url=https://prehraj.to/coming-out-romanticke-1989-cz-dabing/608ae0de679d2
[00:59:25]   resolved in 1.0s → 480p (https://pf-storage1.premiumcdn.net/23311473/YLXtgOIkqcBmf3VFaoFYlIz3snKhJVTkpcQ7…)
[00:59:51]   downloaded 663.9 MB in 25.0s (26.6 MB/s)
[01:00:18]   upload done video_id=26028357 in 26.7s
[01:00:19] film cr_film_id=23027 OK in 54.7s
[01:00:19] iteration 18/20
[01:00:19] film cr_film_id=11805 name='C.H.U.D. II - Bud the Chud (1989) CZ Dabing' candidates=2
[01:00:19]   candidate upload_id=5b0b6b5f77553 url=https://prehraj.to/c-h-u-d-2-bud-the-chud-horor-1989-cz-dabing-1/5b0b6b5f77553
[01:00:20]   resolved in 1.0s → 480p (https://pf-storage1.premiumcdn.net/4335594/n4QUb6sDdFg0TxyfVac4ms7EH0Vfz5tQrUyKt…)
[01:00:37]   downloaded 465.7 MB in 15.2s (30.6 MB/s)
[01:00:54]   upload done video_id=26028406 in 17.3s
[01:00:55] film cr_film_id=11805 OK in 36.0s
[01:00:55] iteration 19/20
[01:00:55] film cr_film_id=11737 name='Černý orel (1988) CZ Dabing' candidates=1
[01:00:55]   candidate upload_id=58415ccc57e3a url=https://prehraj.to/cerny-orel-1988-cz-dabing/58415ccc57e3a
[01:00:56]   resolved in 1.2s → 480p (https://pf-storage2.premiumcdn.net/980350/E7OcMGs96hlKSDRh6GSORs6vcd1SPouz9IdYUQ…)
[01:01:16]   downloaded 475.6 MB in 18.4s (25.8 MB/s)
[01:01:35]   upload done video_id=26028555 in 18.8s
[01:01:36] film cr_film_id=11737 OK in 41.0s
[01:01:36] iteration 20/20
[01:01:36] film cr_film_id=11775 name='Phantasm II (1988) CZ Dabing' candidates=3
[01:01:36]   candidate upload_id=58414d5c6d05f url=https://prehraj.to/phantasm-2-horor-1988-cz-dabing/58414d5c6d05f
[01:01:38]   resolved in 1.6s → 480p (https://pf-storage2.premiumcdn.net/980129/kQxs0wHGLhbXClxC4yHNDHKMf1ys42IxZuqriN…)
[01:02:00]   downloaded 525.4 MB in 20.7s (25.4 MB/s)
[01:02:22]   upload done video_id=26028720 in 22.1s
[01:02:23] film cr_film_id=11775 OK in 46.5s
[01:02:23] batch-end ok=19 failed=1 dur=1118.3s avg/film=58.9s remaining=9631 eta_hours=157.6

===== run 2026-06-17T01:15:36Z shard=1/2 batch_size=20 (https://github.com/Olbrasoft/prehrajto-to-prehrajto/actions/runs/27659113761) =====
[01:15:36] batch-start shard=1/2 count=20 backlog=10210 uploads=579 failed_attempts=21 description_overrides=0
[01:15:36] login
[01:15:38] login done
[01:15:38] iteration 1/20
[01:15:38] film cr_film_id=22975 name='Kvílení vlkodlaků 4 (1988) CZ Dabing' candidates=1
[01:15:38]   candidate upload_id=58559b84e0aaa url=https://prehraj.to/kvileni-vlkodlaku-4-1988-dvd-rip-cz-dabing/58559b84e0aaa
[01:15:39]   resolved in 1.0s → 480p (https://pf-storage2.premiumcdn.net/1188903/80QUl8IqwU6pFj7FdohnKI6LUwot21c41H9Ah…)
[01:16:01]   downloaded 531.3 MB in 20.3s (26.2 MB/s)
[01:16:23]   upload done video_id=26029014 in 22.2s
[01:16:24] film cr_film_id=22975 OK in 45.9s
[01:16:24] iteration 2/20
[01:16:24] film cr_film_id=11733 name='BAT 21 (1988) CZ Dabing' candidates=2
[01:16:24]   candidate upload_id=608c75fb39aab url=https://prehraj.to/bat-21-drama-1988-cz-dabing/608c75fb39aab
[01:16:25]   resolved in 0.9s → 480p (https://pf-storage5.premiumcdn.net/23330118/V49tV5Tm0sXgSLnFQZF2pT8Zt6BCXMFK9sYp…)
[01:16:51]   downloaded 868.0 MB in 24.7s (35.1 MB/s)
[01:17:25]   upload done video_id=26029022 in 34.8s
[01:17:27] film cr_film_id=11733 OK in 62.7s
[01:17:27] iteration 3/20
[01:17:27] film cr_film_id=22877 name='Lampa (1987) CZ Dabing' candidates=1
[01:17:27]   candidate upload_id=577c1d8b465f3 url=https://prehraj.to/lampa-1987-horor-cz-dabing-krufo/577c1d8b465f3
[01:17:28]   resolved in 1.0s → 480p (https://pf-storage4.premiumcdn.net/241377/zzJIM5FPkUELhWRIxataxFyWC9eTqzuEXf9vtg…)
[01:17:44]   downloaded 498.0 MB in 14.8s (33.7 MB/s)
[01:18:04]   upload done video_id=26029032 in 20.3s
[01:18:05] film cr_film_id=22877 OK in 38.7s
[01:18:05] iteration 4/20
[01:18:05] film cr_film_id=22873 name='Nemilosrdně (1986) CZ Dabing' candidates=1
[01:18:05]   candidate upload_id=584162575205d url=https://prehraj.to/nemilosrdne-1986-cz-dabing/584162575205d
[01:18:06]   resolved in 1.0s → 480p (https://pf-storage2.premiumcdn.net/980491/kLpuyvcgQsevSVdt37iGKcR1hwGtVKIQZsB0Cj…)
[01:18:29]   downloaded 574.2 MB in 21.5s (26.7 MB/s)
[01:18:50]   upload done video_id=26029051 in 20.5s
[01:18:51] film cr_film_id=22873 OK in 45.5s
[01:18:51] iteration 5/20
[01:18:51] film cr_film_id=19397 name='Kačer Howard (1986) CZ Dabing' candidates=6
[01:18:51]   candidate upload_id=60902427ecb7b url=https://prehraj.to/kacer-howard-akcni-1986-cz-dabing/60902427ecb7b
[01:18:52]   resolved in 0.9s → 480p (https://pf-storage1.premiumcdn.net/23369895/PYEtLKFo1S1OtLAhK6ilBFnot3zUGqS3lHaz…)
[01:19:16]   downloaded 624.2 MB in 23.4s (26.7 MB/s)
[01:19:47]   upload done video_id=26029129 in 30.6s
[01:19:48] film cr_film_id=19397 OK in 57.1s
[01:19:48] iteration 6/20
[01:19:48] film cr_film_id=11615 name='Démoni 2 (1986) CZ Dabing' candidates=4
[01:19:48]   candidate upload_id=609020b868ba9 url=https://prehraj.to/demoni-2-horor-1986-cz-dabing/609020b868ba9
[01:19:49]   resolved in 1.0s → 480p (https://pf-storage4.premiumcdn.net/23369793/5Q8sLgfjbTzQtDjU7RuJPfPrsKGUWEFP7SV8…)
[01:20:10]   downloaded 521.3 MB in 19.4s (26.9 MB/s)
[01:20:28]   upload done video_id=26029335 in 19.0s
[01:20:29] film cr_film_id=11615 OK in 41.7s
[01:20:29] iteration 7/20
[01:20:29] film cr_film_id=34843 name='Cesta Černého měsíce (1986) CZ Dabing' candidates=1
[01:20:29]   candidate upload_id=55b7a319dade3 url=https://prehraj.to/cesta-cerneho-mesice-1986-czdub-super-obraz-i-zvuk/55b7a319dade3
[01:20:31]   resolved in 1.0s → 480p (https://pf-storage2.premiumcdn.net/41620/Yg6HpefeYUJWFaGhdASOxfQVhGkCvdI86u9PheG…)
[01:20:42]   downloaded 251.3 MB in 10.4s (24.2 MB/s)
[01:20:54]   upload done video_id=26029467 in 11.6s
[01:20:55] film cr_film_id=34843 OK in 25.5s
[01:20:55] iteration 8/20
[01:20:55] film cr_film_id=22817 name='Ochránce spravedlnosti (1985) CZ Dabing' candidates=4
[01:20:55]   candidate upload_id=68d07e4e47d09 url=https://prehraj.to/ochrance-1985-akcni-czdab/68d07e4e47d09
[01:20:56]   resolved in 0.9s → 720p (https://pf-storage4.premiumcdn.net/147800421/Y29tYbFOpHvJSqdiLgu2VF9jt0jCjaHp8h0…)
[01:22:13]   downloaded 2,225.8 MB in 75.5s (29.5 MB/s)
[01:23:30]   upload done video_id=26029880 in 77.4s
[01:23:31] film cr_film_id=22817 OK in 156.3s
[01:23:31] iteration 9/20
[01:23:31] film cr_film_id=22803 name='Maska (1985) CZ Dabing' candidates=3
[01:23:31]   candidate upload_id=609170957d926 url=https://prehraj.to/maska-drama-1985-cz-dabing/609170957d926
[01:23:32]   resolved in 1.0s → 480p (https://pf-storage5.premiumcdn.net/23385387/MqpTlJIMqtN7t5GH9xub7ILeUkYsmLHyWs9D…)
[01:23:55]   downloaded 562.0 MB in 21.1s (26.6 MB/s)
[01:24:19]   upload done video_id=26030101 in 24.3s
[01:24:20] film cr_film_id=22803 OK in 48.8s
[01:24:20] iteration 10/20
[01:24:20] film cr_film_id=22775 name='Chorus Line (1985) CZ Dabing' candidates=2
[01:24:20]   candidate upload_id=60916d1a57f0c url=https://prehraj.to/chorus-line-drama-1985-cz-dabing/60916d1a57f0c
[01:24:21]   resolved in 1.0s → 480p (https://pf-storage1.premiumcdn.net/23385297/x6msZDTG6ULpudOuawI6yTDRFMBsxlfjkSw2…)
[01:24:49]   downloaded 760.4 MB in 26.9s (28.3 MB/s)
[01:25:22]   upload done video_id=26030117 in 33.0s
[01:25:23] film cr_film_id=22775 OK in 63.1s
[01:25:23] iteration 11/20
[01:25:23] film cr_film_id=11551 name='Superdívka (1984) CZ Dabing' candidates=3
[01:25:23]   candidate upload_id=60931b7db6fe6 url=https://prehraj.to/superdivka-sci-fi-1984-cz-dabing/60931b7db6fe6
[01:25:24]   resolved in 0.8s → 480p (https://pf-storage1.premiumcdn.net/23396826/OYotx7i6zh36i5MHMmspRi5GSpqSOZseJfvm…)
[01:25:46]   downloaded 568.3 MB in 20.7s (27.5 MB/s)
[01:26:13]   upload done video_id=26030142 in 27.5s
[01:26:14] film cr_film_id=11551 OK in 51.1s
[01:26:14] iteration 12/20
[01:26:14] film cr_film_id=31983 name='Pod nohama nebe (1984) CZ Dabing' candidates=2
[01:26:14]   candidate upload_id=cdc3f4a18d95679f url=https://prehraj.to/pod-nohama-nebe-1983-czdabing/cdc3f4a18d95679f
[01:26:15]   resolved in 1.0s → 720p (https://pf-storage3.premiumcdn.net/165618386/1KkipNIGbhz5fYAIdWtkJIl7tdgFJwh0XUr…)
[01:26:41]   downloaded 877.0 MB in 25.0s (35.1 MB/s)
[01:27:17]   upload done video_id=26030175 in 35.6s
[01:27:18] film cr_film_id=31983 OK in 64.0s
[01:27:18] iteration 13/20
[01:27:18] film cr_film_id=32361 name='Exterminator 2 (1984) CZ Dabing' candidates=1
[01:27:18]   candidate upload_id=577c220cb7ac0 url=https://prehraj.to/exterminator-trida-1999-1990-sci-fi-b-gregg-t-lin-m-mcdowell-cz-dab-dtvmir-93/577c220cb7ac0
[01:27:19]   resolved in 0.8s → 480p (https://pf-storage4.premiumcdn.net/241555/6MrTvRhm6CZnIbAcwNiawh9dInBFadcEwiqaT7…)
[01:27:36]   downloaded 548.0 MB in 16.1s (34.0 MB/s)
[01:28:00]   upload done video_id=26030196 in 23.4s
[01:28:01] film cr_film_id=32361 OK in 42.4s
[01:28:01] iteration 14/20
[01:28:01] film cr_film_id=11465 name='Don Camillo (1984) CZ Dabing' candidates=2
[01:28:01]   candidate upload_id=60943ba43078f url=https://prehraj.to/don-camillo-akcni-1983-cz-dabing/60943ba43078f
[01:28:01]   resolved in 0.7s → 480p (https://pf-storage2.premiumcdn.net/23405052/mjpfyxuzdF0AiVZie7cZWu4Yi96T3WUJAsqR…)
[01:28:36]   downloaded 1,157.2 MB in 33.7s (34.3 MB/s)
[01:29:31]   upload done video_id=26030220 in 54.2s
[01:29:32] film cr_film_id=11465 OK in 91.1s
[01:29:32] iteration 15/20
[01:29:32] film cr_film_id=22665 name='Cindy (1984) CZ Dabing' candidates=5
[01:29:32]   candidate upload_id=60930a47cc4aa url=https://prehraj.to/cindy-drama-1984-cz-dabing/60930a47cc4aa
[01:29:33]   resolved in 1.0s → 480p (https://pf-storage1.premiumcdn.net/23396259/JDWtGdindhvNIBNSNMtVqiR3U0YCeRHrNUWR…)
[01:30:03]   downloaded 1,040.3 MB in 29.1s (35.7 MB/s)
[01:30:50]   upload done video_id=26030232 in 47.2s
[01:30:51] film cr_film_id=22665 OK in 79.4s
[01:30:51] iteration 16/20
[01:30:51] film cr_film_id=22713 name='Příliš tvrdý (1983) CZ Dabing' candidates=2
[01:30:51]   candidate upload_id=8e2b0976f1ad7909 url=https://prehraj.to/prilis-tvrdy-1983-cz-dab-1080p/8e2b0976f1ad7909
[01:30:52]   resolved in 0.8s → 720p (https://pf-storage1.premiumcdn.net/163015388/YAwudbfJLUlYsx6IyncRbfmnhlOhrPue4TG…)
[01:31:51]   downloaded 1,704.5 MB in 58.3s (29.2 MB/s)
[01:32:48]   upload done video_id=26030259 in 56.5s
[01:32:49] film cr_film_id=22713 OK in 117.7s
[01:32:49] iteration 17/20
[01:32:49] film cr_film_id=17693 name='Oheň a led (1983) CZ Dabing' candidates=2
[01:32:49]   candidate upload_id=79490ccb14f43306 url=https://prehraj.to/fire-and-ice-1983-fhd-1080p-hevc-en-cz-ai-remaster-mkv/79490ccb14f43306
[01:32:50]   resolved in 1.0s → 1080p (https://pf-storage3.premiumcdn.net/162839588/VrzTYLfvMseptPeSKzFykfWyhrZiYbIa7Hq…)
[01:33:55]   downloaded 2,400.4 MB in 64.0s (37.5 MB/s)
[01:35:50]   upload done video_id=26030292 in 115.5s
[01:35:51] film cr_film_id=17693 OK in 182.5s
[01:35:51] iteration 18/20
[01:35:51] film cr_film_id=22721 name='Jentl (1983) CZ Dabing' candidates=2
[01:35:51]   candidate upload_id=60943e3090272 url=https://prehraj.to/jentl-drama-1983-cz-dabing/60943e3090272
[01:35:52]   resolved in 0.9s → 480p (https://pf-storage4.premiumcdn.net/23405160/16BsvxcMkC70iLDIqyCJGc4bH1DuQAuwpsJY…)
[01:36:17]   downloaded 689.2 MB in 24.0s (28.7 MB/s)
[01:36:42]   upload done video_id=26030329 in 24.4s
[01:36:43] film cr_film_id=22721 OK in 51.5s
[01:36:43] iteration 19/20
[01:36:43] film cr_film_id=25301 name='James Bond: The First 21 Years (1983) CZ Dabing' candidates=2
[01:36:43]   candidate upload_id=5c529fe3886a3 url=https://prehraj.to/james-bond-0-nikdy-nerikej-nikdy-connery-1983-cz-dabing/5c529fe3886a3
[01:36:44]   resolved in 1.0s → 480p (https://pf-storage3.premiumcdn.net/11491081/XerhLZI2WILGtqvSkVH8wIqOHPyFlXhNjCL4…)
[01:37:16]   downloaded 897.6 MB in 31.3s (28.7 MB/s)
[01:37:49]   upload done video_id=26030349 in 33.0s
[01:37:50] film cr_film_id=25301 OK in 67.4s
[01:37:50] iteration 20/20
[01:37:50] film cr_film_id=22677 name='Hlad (1983) CZ Dabing' candidates=2
[01:37:50]   candidate upload_id=60943ccc788ae url=https://prehraj.to/hlad-horor-1983-cz-dabing/60943ccc788ae
[01:37:51]   resolved in 0.7s → 720p (https://pf-storage5.premiumcdn.net/23405106/bgzunvcEkC6pf3afGNCY3ckGCqeCjEHQOCrl…)
[01:38:41]   downloaded 1,816.9 MB in 48.8s (37.2 MB/s)
[01:39:47]   upload done video_id=26030378 in 66.2s
[01:39:48] film cr_film_id=22677 OK in 117.8s
[01:39:48] batch-end ok=20 failed=0 dur=1450.2s avg/film=72.5s remaining=9611 eta_hours=193.6

===== run 2026-06-17T01:44:45Z shard=1/2 batch_size=20 (https://github.com/Olbrasoft/prehrajto-to-prehrajto/actions/runs/27660158242) =====
[01:44:46] batch-start shard=1/2 count=20 backlog=10210 uploads=599 failed_attempts=21 description_overrides=0
[01:44:46] login
[01:44:47] login done
[01:44:47] iteration 1/20
[01:44:47] film cr_film_id=11467 name='Faunovo velmi pozdní odpoledne (1983) CZ Dabing' candidates=2
[01:44:47]   candidate upload_id=933baebd6aacf7cd url=https://prehraj.to/faunovo-velmi-pozdni-odpoledne-1983-czdabing/933baebd6aacf7cd
[01:44:48]   resolved in 1.2s → 720p (https://pf-storage3.premiumcdn.net/165524162/DLzSo2HMjfaRFWnSxafK4H72TzLTXocYgUa…)
[01:45:31]   downloaded 1,242.4 MB in 40.3s (30.8 MB/s)
[01:46:26]   upload done video_id=26030474 in 55.1s
[01:46:27] film cr_film_id=11467 OK in 100.1s
[01:46:27] iteration 2/20
[01:46:27] film cr_film_id=35205 name='Bojovník (1983) CZ Dabing' candidates=4
[01:46:27]   candidate upload_id=609433d4c7094 url=https://prehraj.to/bojovnik-krimi-1983-cz-dabing/609433d4c7094
[01:46:29]   resolved in 1.2s → 480p (https://pf-storage1.premiumcdn.net/23404773/D8msOdu2duLwcqmfmECmAuBJHJacEvTyKsGr…)
[01:47:00]   downloaded 684.3 MB in 30.3s (22.6 MB/s)
[01:47:29]   upload done video_id=26030495 in 28.3s
[01:47:30] film cr_film_id=35205 OK in 62.2s
[01:47:30] iteration 3/20
[01:47:30] film cr_film_id=22653 name='Panna nebo orel (1982) CZ Dabing' candidates=1
[01:47:30]   candidate upload_id=6095527a83fa7 url=https://prehraj.to/panna-nebo-orel-komedie-1982-cz-dabing/6095527a83fa7
[01:47:30]   resolved in 0.8s → 480p (https://pf-storage5.premiumcdn.net/23419758/eRYF3yivDSYjtbksnecmMiXMtrGUQyt8oFW1…)
[01:47:57]   downloaded 573.3 MB in 25.2s (22.7 MB/s)
[01:48:29]   upload done video_id=26030516 in 31.9s
[01:48:30] film cr_film_id=22653 OK in 60.5s
[01:48:30] iteration 4/20
[01:48:30] film cr_film_id=22609 name='Amityville 2 - Posedlost (1982) CZ Dabing' candidates=1
[01:48:30]   candidate upload_id=609549d34a83a url=https://prehraj.to/amityville-2-posedlost-horor-1982-cz-dabing/609549d34a83a
[01:48:31]   resolved in 1.1s → 480p (https://pf-storage2.premiumcdn.net/23419467/1NvSOYFlyuVkUdkcOGhw8FRotVxcdku2BhW3…)
[01:48:52]   downloaded 528.7 MB in 18.8s (28.1 MB/s)
[01:49:15]   upload done video_id=26030531 in 23.0s
[01:49:16] film cr_film_id=22609 OK in 45.7s
[01:49:16] iteration 5/20
[01:49:16] film cr_film_id=22593 name='Ragtime (1981) CZ Dabing' candidates=5
[01:49:16]   candidate upload_id=8697a2f23674187c url=https://prehraj.to/ragtime-1981-1080p-cz-dab/8697a2f23674187c
[01:49:17]   resolved in 0.8s → 720p (https://pf-storage5.premiumcdn.net/167642537/26lSPvFW1HyVIMrIGys76FDOuKJCJYFyKIR…)
[01:51:02]   downloaded 2,638.0 MB in 103.9s (25.4 MB/s)
[01:53:00]   upload done video_id=26030563 in 117.5s
[01:53:01] film cr_film_id=22593 OK in 225.0s
[01:53:01] iteration 6/20
[01:53:01] film cr_film_id=22579 name='Peprná žvejka (1981) CZ Dabing' candidates=1
[01:53:01]   candidate upload_id=586fd3969a6b5 url=https://prehraj.to/peprna-zvejka-izr-nem-komedie-1981-cs-dabing-tvrip/586fd3969a6b5
[01:53:02]   resolved in 1.1s → 480p (https://pf-storage2.premiumcdn.net/1353396/6dlSGoi7LfjVc0luO4h4GiaYfxYfg5HPzs0wS…)
[01:53:22]   downloaded 493.9 MB in 18.6s (26.6 MB/s)
[01:53:57]   upload done video_id=26030597 in 34.9s
[01:53:58] film cr_film_id=22579 OK in 57.2s
[01:53:58] iteration 7/20
[01:53:58] film cr_film_id=22567 name='Oko jehly (1981) CZ Dabing' candidates=2
[01:53:58]   candidate upload_id=5814daad5ce6d url=https://prehraj.to/oko-jehly-eye-of-the-needle-1981-cesky-dabing/5814daad5ce6d
[01:53:59]   resolved in 1.1s → 480p (https://pf-storage1.premiumcdn.net/764322/YMRh3NIaKsXJSqPswLT1kI2KhVvTkMTJKT5zfq…)
[01:54:34]   downloaded 783.0 MB in 33.3s (23.5 MB/s)
[01:55:06]   upload done video_id=26030620 in 31.9s
[01:55:07] film cr_film_id=22567 OK in 68.7s
[01:55:07] iteration 8/20
[01:55:07] film cr_film_id=32577 name='Frightmare (1981) CZ Dabing' candidates=1
[01:55:07]   candidate upload_id=58553a62bafbd url=https://prehraj.to/frightmare-legenda-hororu-frightmare-cz-dabing-1983-hq-dvdrip/58553a62bafbd
[01:55:08]   resolved in 0.8s → 480p (https://pf-storage2.premiumcdn.net/1188232/YY0T4aI6nurEcplhZRF5mIVJhYpFOZh1KHO3U…)
[01:55:27]   downloaded 407.1 MB in 18.1s (22.5 MB/s)
[01:55:51]   upload done video_id=26030638 in 24.0s
[01:55:52] film cr_film_id=32577 OK in 45.4s
[01:55:52] iteration 9/20
[01:55:52] film cr_film_id=22561 name='Drakobijce (1981) CZ Dabing' candidates=3
[01:55:52]   candidate upload_id=57ca01ea84f8d url=https://prehraj.to/drakobijce-1981-cz-dabing/57ca01ea84f8d
[01:55:53]   resolved in 1.1s → 480p (https://pf-storage2.premiumcdn.net/13996/xGvck5Hn1T9bCl8iwJIZdH0ZsV4u5wUjBTApT0z…)
[01:56:18]   downloaded 534.3 MB in 23.6s (22.6 MB/s)
[01:56:40]   upload done video_id=26030653 in 22.5s
[01:56:42] film cr_film_id=22561 OK in 49.4s
[01:56:42] iteration 10/20
[01:56:42] film cr_film_id=11355 name='Vyzvednutí Titaniku (1980) CZ Dabing' candidates=1
[01:56:42]   candidate upload_id=6097eaa670c89 url=https://prehraj.to/vyzvednuti-titaniku-akcni-1980-cz-dabing/6097eaa670c89
[01:56:43]   resolved in 1.1s → 480p (https://pf-storage5.premiumcdn.net/23443575/vpGSPxhopuElukKuqGinzhWdtyec9pSLzue6…)
[01:57:18]   downloaded 834.2 MB in 34.1s (24.5 MB/s)
[01:57:53]   upload done video_id=26030670 in 35.1s
[01:57:55] film cr_film_id=11355 OK in 73.0s
[01:57:55] iteration 11/20
[01:57:55] film cr_film_id=5311 name='Páter Thomas (1980) CZ Dabing' candidates=4
[01:57:55]   candidate upload_id=6097df6488a7a url=https://prehraj.to/pater-thomas-horor-1980-cz-dabing/6097df6488a7a
[01:57:56]   resolved in 1.1s → 480p (https://pf-storage1.premiumcdn.net/23443095/lOgsgWCQ8FXDcebsmrIzBCv0TDBUvBH6PfR9…)
[01:58:17]   downloaded 435.9 MB in 19.9s (21.9 MB/s)
[01:58:38]   upload done video_id=26030687 in 20.6s
[01:58:39] film cr_film_id=5311 OK in 44.5s
[01:58:39] iteration 12/20
[01:58:39] film cr_film_id=22499 name='Caddyshack (1980) CZ Dabing' candidates=5
[01:58:39]   candidate upload_id=2cb09ca09ccccf5d url=https://prehraj.to/caddyshack-1980-1080p-cz-dab/2cb09ca09ccccf5d
[01:58:40]   resolved in 1.2s → 1080p (https://pf-storage5.premiumcdn.net/161580947/K7PFjmIpaUPAHkJULluorI1nHryFODF7yTP…)
[02:00:57]   downloaded 4,404.7 MB in 135.9s (32.4 MB/s)
[02:04:17]   upload done video_id=26030736 in 199.9s
[02:04:19] film cr_film_id=22499 OK in 339.6s
[02:04:19] iteration 13/20
[02:04:19] film cr_film_id=457 name='Kramerová versus Kramer (1979) CZ Dabing' candidates=4
[02:04:19]   candidate upload_id=fa9a02cc34273284 url=https://prehraj.to/kramerova-versus-kramer-1979-cz-dab-720p/fa9a02cc34273284
[02:04:20]   resolved in 0.9s → 480p (https://pf-storage1.premiumcdn.net/167060345/EVPHOLc7ksXrURphyDTBNcW0HnXHeQtPWi9…)
[02:04:45]   downloaded 700.6 MB in 23.7s (29.6 MB/s)
[02:05:19]   upload done video_id=26030791 in 34.0s
[02:05:20] film cr_film_id=457 OK in 61.4s
[02:05:20] iteration 14/20
[02:05:20] film cr_film_id=22459 name='Elektrický jezdec (1979) CZ Dabing' candidates=3
[02:05:20]   candidate upload_id=689eda97294ea url=https://prehraj.to/elektricky-jezdec-1979-drama-romanticky-dvdrip-cz-dabing/689eda97294ea
[02:05:21]   resolved in 1.1s → 720p (https://pf-storage4.premiumcdn.net/143669600/bb2s8dFbBhWdUeqs9pS7dF53iXrsJ8cnoCG…)
[02:06:04]   downloaded 1,274.5 MB in 41.7s (30.6 MB/s)
[02:06:59]   upload done video_id=26030811 in 55.1s
[02:07:00] film cr_film_id=22459 OK in 100.5s
[02:07:00] iteration 15/20
[02:07:00] film cr_film_id=22481 name='Okupace ve 26 obrazech (1978) CZ Dabing' candidates=2
[02:07:00]   candidate upload_id=688cf3030fa1c url=https://prehraj.to/okupace-ve-26-obrazech-1978-czdab/688cf3030fa1c
[02:07:02]   resolved in 1.2s → 480p (https://pf-storage3.premiumcdn.net/142705880/WgEFp0iO4fxrHMdH0dc7YizNCmpIbLIeaFW…)
[02:07:30]   downloaded 819.4 MB in 27.5s (29.8 MB/s)
[02:08:06]   upload done video_id=26030832 in 36.1s
[02:08:08] film cr_film_id=22481 OK in 67.1s
[02:08:08] iteration 16/20
[02:08:08] film cr_film_id=11335 name='Drak z chrámu Šaolin 2: Lehkomyslný bojovník (1978) CZ Dabing' candidates=1
[02:08:08]   candidate upload_id=df832d29c274c747 url=https://prehraj.to/drak-z-chramu-saolin-2-lehkomyslny-bojovnik-1978-akcni-cz-dabing-spickova-kvalita-by-nexsus-mkv/df832d29c274c747
[02:08:08]   resolved in 0.8s → 720p (https://pf-storage2.premiumcdn.net/163109204/Ey4fbLijMsBYcRkhlLIBPiRltO7uERCDNIA…)
[02:09:06]   downloaded 1,283.0 MB in 56.2s (22.8 MB/s)
[02:10:26]   upload done video_id=26030858 in 80.1s
[02:10:27] film cr_film_id=11335 OK in 139.5s
[02:10:27] iteration 17/20
[02:10:27] film cr_film_id=11271 name='Buldozer (1978) CZ Dabing' candidates=3
[02:10:27]   candidate upload_id=609a69892f430 url=https://prehraj.to/buldozer-komedie-1978-cz-dabing/609a69892f430
[02:10:28]   resolved in 1.3s → 480p (https://pf-storage1.premiumcdn.net/23465715/O8eunwSO6tbvIJdiw6iBnSd6IOMFpBUo5HB9…)
[02:10:58]   downloaded 839.5 MB in 28.7s (29.3 MB/s)
[02:11:38]   upload done video_id=26030884 in 40.2s
[02:11:40] film cr_film_id=11271 OK in 72.5s
[02:11:40] iteration 18/20
[02:11:40] film cr_film_id=22345 name='Železný stisk (1977) CZ Dabing' candidates=2
[02:11:40]   candidate upload_id=609adb32a9c6d url=https://prehraj.to/zelezny-stisk-akcni-1977-cz-dabing/609adb32a9c6d
[02:11:41]   resolved in 1.1s → 480p (https://pf-storage2.premiumcdn.net/23475960/akKt2RcjyhkRCqpFVaHWZcRJTGMuwlFyMHwE…)
[02:12:01]   downloaded 533.8 MB in 19.0s (28.1 MB/s)
[02:12:26]   upload done video_id=26030903 in 24.6s
[02:12:27] film cr_film_id=22345 OK in 47.3s
[02:12:27] iteration 19/20
[02:12:27] film cr_film_id=22369 name='Oranžský voják (1977) CZ Dabing' candidates=1
[02:12:27]   candidate upload_id=58152b32edfc8 url=https://prehraj.to/oranzsky-vojak-1977-cz-dab-nomad1205/58152b32edfc8
[02:12:28]   resolved in 1.0s → 480p (https://pf-storage1.premiumcdn.net/765489/J8diPpsd2hyaIpPf26idAsElhxltMESlbTQJiP…)
[02:13:03]   downloaded 755.5 MB in 33.4s (22.6 MB/s)
[02:13:35]   upload done video_id=26030921 in 32.5s
[02:13:37] film cr_film_id=22369 OK in 69.9s
[02:13:37] iteration 20/20
[02:13:37] film cr_film_id=22371 name='Mzda strachu (1977) CZ Dabing' candidates=5
[02:13:37]   candidate upload_id=62852bd1e383d url=https://prehraj.to/mzda-strachu-sorcerer-1080p-x264-ac3-cz-dab-1977/62852bd1e383d
[02:13:38]   resolved in 1.1s → 1080p (https://pf-storage5.premiumcdn.net/30879335/691IrAH3gCJmFojf0LU1zHq4cKjtLeSnjh2D…)
[02:16:28]   downloaded 4,236.0 MB in 168.5s (25.1 MB/s)
[02:19:26]   upload done video_id=26030982 in 178.2s
[02:19:27] film cr_film_id=22371 OK in 350.7s
[02:19:27] batch-end ok=20 failed=0 dur=2080.1s avg/film=104.0s remaining=9591 eta_hours=277.1

===== run 2026-06-17T02:19:59Z shard=1/2 batch_size=20 (https://github.com/Olbrasoft/prehrajto-to-prehrajto/actions/runs/27661427155) =====
[02:19:59] batch-start shard=1/2 count=20 backlog=10210 uploads=619 failed_attempts=21 description_overrides=0
[02:19:59] login
[02:20:01] login done
[02:20:01] iteration 1/20
[02:20:01] film cr_film_id=2919 name='Kozoroh jedna (1977) CZ Dabing' candidates=6
[02:20:01]   candidate upload_id=609ad14ca7bf1 url=https://prehraj.to/kozoroh-1-drama-1977-cz-dabing/609ad14ca7bf1
[02:20:02]   resolved in 1.0s → 480p (https://pf-storage1.premiumcdn.net/23475150/dV6hkMfwRSGdH4JC0Oi1mfoBImDHPAH2dCZv…)
[02:20:35]   downloaded 909.5 MB in 31.9s (28.5 MB/s)
[02:21:12]   upload done video_id=26031042 in 36.6s
[02:21:13] film cr_film_id=2919 OK in 72.1s
[02:21:13] iteration 2/20
[02:21:13] film cr_film_id=11245 name='Jiný muž, jiná šance (1977) CZ Dabing' candidates=2
[02:21:13]   candidate upload_id=5842d0155f1aa url=https://prehraj.to/jiny-muz-jina-sance-western-frausa-1977-cz-dab-720p/5842d0155f1aa
[02:21:14]   resolved in 1.1s → 720p (https://pf-storage3.premiumcdn.net/986941/kz9tN2uqbTjEceGtGnUrpuqAINWiRdI1ETRjto…)
[02:22:32]   downloaded 2,145.6 MB in 76.2s (28.2 MB/s)
[02:24:11]   upload done video_id=26031071 in 98.9s
[02:24:12] film cr_film_id=11245 OK in 179.0s
[02:24:12] iteration 3/20
[02:24:12] film cr_film_id=22283 name='Velký autobus (1976) CZ Dabing' candidates=3
[02:24:12]   candidate upload_id=609c75c05a612 url=https://prehraj.to/velky-autobus-komedie-1976-cz-dabing/609c75c05a612
[02:24:13]   resolved in 1.0s → 480p (https://pf-storage1.premiumcdn.net/23493753/4DxSOXFeyhl3tGkfXdTo5FzWuJKs5rSwyuJM…)
[02:24:33]   downloaded 461.5 MB in 18.3s (25.2 MB/s)
[02:24:51]   upload done video_id=26031124 in 18.5s
[02:24:52] film cr_film_id=22283 OK in 40.3s
[02:24:52] iteration 4/20
[02:24:52] film cr_film_id=11211 name='Střelec (1976) CZ Dabing' candidates=2
[02:24:52]   candidate upload_id=609c738cc7a56 url=https://prehraj.to/strelec-western-1976-cz-dabing/609c738cc7a56
[02:24:53]   resolved in 1.0s → 1080p (https://pf-storage1.premiumcdn.net/23493711/oG1FYqsg4u82S0QIwzheGsRkT2dUoaIgDCVL…)
[02:25:58]   downloaded 2,280.7 MB in 64.0s (35.6 MB/s)
[02:27:44]   upload done video_id=26031151 in 105.7s
[02:27:45] film cr_film_id=11211 OK in 173.1s
[02:27:45] iteration 5/20
[02:27:45] film cr_film_id=11205 name='Bitva o Midway (1976) CZ Dabing' candidates=5
[02:27:45]   candidate upload_id=609c5f1b0fdf0 url=https://prehraj.to/bitva-o-midway-drama-1976-cz-dabing/609c5f1b0fdf0
[02:27:46]   resolved in 0.9s → 480p (https://pf-storage1.premiumcdn.net/23493015/0R8IGWSaKFY7fM4seGi4eSzNCoYFa1U46UNo…)
[02:28:42]   downloaded 1,501.1 MB in 54.3s (27.6 MB/s)
[02:29:37]   upload done video_id=26031206 in 54.8s
[02:29:38] film cr_film_id=11205 OK in 112.6s
[02:29:38] iteration 6/20
[02:29:38] film cr_film_id=33143 name='Anna, sestra Jany (1976) CZ Dabing' candidates=3
[02:29:38]   candidate upload_id=a687b3b434d00bce url=https://prehraj.to/anna-sestra-jany-1975-cz-dabing/a687b3b434d00bce
[02:29:39]   resolved in 1.0s → 1080p (https://pf-storage4.premiumcdn.net/165188507/bKQFD0fXju2gtrksD3HvWf6WCjNtWvSLOFP…)
[02:30:48]   downloaded 1,895.8 MB in 67.5s (28.1 MB/s)
[02:32:14]   upload done video_id=26031238 in 86.6s
[02:32:16] film cr_film_id=33143 OK in 157.8s
[02:32:16] iteration 7/20
[02:32:16] film cr_film_id=11159 name='Zorro (1975) CZ Dabing' candidates=3
[02:32:16]   candidate upload_id=609d4368ba11d url=https://prehraj.to/zorro-western-1975-cz-dabing/609d4368ba11d
[02:32:17]   resolved in 1.0s → 480p (https://pf-storage1.premiumcdn.net/23499171/610SGaIvmumQCZ5f5Lf3rIY7FKPT5BtV2S8M…)
[02:32:43]   downloaded 826.5 MB in 24.9s (33.2 MB/s)
[02:33:13]   upload done video_id=26031275 in 30.4s
[02:33:14] film cr_film_id=11159 OK in 58.8s
[02:33:14] iteration 8/20
[02:33:14] film cr_film_id=22271 name='Rocky Horror Picture Show (1975) CZ Dabing' candidates=7
[02:33:14]   candidate upload_id=57f7016f9d558 url=https://prehraj.to/rocky-horror-picture-show-the-rocky-horror-picture-show-1975-cesky-dabing/57f7016f9d558
[02:33:15]   resolved in 1.0s → 480p (https://pf-storage2.premiumcdn.net/675036/1Rpil1h50Ca6UAwUY6fQzhalszZtrGfAwIrxSb…)
[02:33:28]   downloaded 252.7 MB in 11.1s (22.8 MB/s)
[02:33:40]   upload done video_id=26031285 in 11.9s
[02:33:41] film cr_film_id=22271 OK in 26.5s
[02:33:41] iteration 9/20
[02:33:41] film cr_film_id=22313 name='Operace "Daybreak" (1975) CZ Dabing' candidates=2
[02:33:41]   candidate upload_id=58552d693e993 url=https://prehraj.to/operace-daybreak-1975-cz-dabing-martincz75/58552d693e993
[02:33:42]   resolved in 1.1s → 480p (https://pf-storage4.premiumcdn.net/1188162/DoEIEPfMatqAhlgFqOt68fe7cnGCPxTDwc93i…)
[02:34:06]   downloaded 775.2 MB in 22.9s (33.8 MB/s)
[02:34:58]   upload done video_id=26031300 in 51.4s
[02:34:59] film cr_film_id=22313 OK in 77.7s
[02:34:59] iteration 10/20
[02:34:59] film cr_film_id=32015 name='Zapadákov (1974) CZ Dabing' candidates=4
[02:34:59]   candidate upload_id=609fbedc7b62e url=https://prehraj.to/zapadakov-thriller-1973-cz-dabing/609fbedc7b62e
[02:35:00]   resolved in 1.0s → 480p (https://pf-storage4.premiumcdn.net/23522163/eG4sRei9yUw4TrOFnRIDkiNYua0UOaCn6CxM…)
[02:35:21]   downloaded 629.6 MB in 19.6s (32.1 MB/s)
[02:35:44]   upload done video_id=26031320 in 23.8s
[02:35:45] film cr_film_id=32015 OK in 46.9s
[02:35:45] iteration 11/20
[02:35:45] film cr_film_id=22217 name='Spikesova banda (1974) CZ Dabing' candidates=2
[02:35:45]   candidate upload_id=609e0b782d221 url=https://prehraj.to/spikesova-banda-western-1974-cz-dabing/609e0b782d221
[02:35:46]   resolved in 1.0s → 1080p (https://pf-storage5.premiumcdn.net/23503311/4VkTlXuBotwMt3rfM0Se7uZpIkjHNxFa0Cdb…)
[02:36:58]   downloaded 2,017.8 MB in 70.9s (28.5 MB/s)
[02:38:55]   upload done video_id=26031353 in 116.5s
[02:38:56] film cr_film_id=22217 OK in 190.5s
[02:38:56] iteration 12/20
[02:38:56] film cr_film_id=22211 name='Potopa (1974) CZ Dabing' candidates=2
[02:38:56]   candidate upload_id=609e06bf67e15 url=https://prehraj.to/potopa-1-historicky-1974-cz-dabing/609e06bf67e15
[02:38:57]   resolved in 1.0s → 480p (https://pf-storage1.premiumcdn.net/23503218/MzQfYGFOnCnwTeQfGVtwWFPxcE3cglcqrtV8…)
[02:39:23]   downloaded 838.7 MB in 24.7s (34.0 MB/s)
[02:40:06]   upload done video_id=26031398 in 42.9s
[02:40:07] film cr_film_id=22211 OK in 71.1s
[02:40:07] iteration 13/20
[02:40:07] film cr_film_id=32599 name='Návrat bílého tesáka (1974) CZ Dabing' candidates=1
[02:40:07]   candidate upload_id=5857f030d49ff url=https://prehraj.to/navrat-bileho-tesaka-cz-dabing-1974-sabri/5857f030d49ff
[02:40:08]   resolved in 1.0s → 480p (https://pf-storage2.premiumcdn.net/1193958/MreHbkU6BiL3u67sjXhEGUJ5UnJSgWIvKC03c…)
[02:40:37]   downloaded 897.0 MB in 27.0s (33.2 MB/s)
[02:41:12]   upload done video_id=26031426 in 35.2s
[02:41:13] film cr_film_id=32599 OK in 66.0s
[02:41:13] iteration 14/20
[02:41:13] film cr_film_id=34853 name='Karambol (1974) CZ Dabing' candidates=1
[02:41:13]   candidate upload_id=682b483489729 url=https://prehraj.to/western-mkv-cz-dab-karambol-2-1974-italie-komedie-western-sktonline/682b483489729
[02:41:14]   resolved in 1.3s → 720p (https://pf-storage3.premiumcdn.net/138276794/x1xhQ8UwzcOPUy0h3oIgNU8QF2EInDto1Hq…)
[02:41:53]   downloaded 1,241.7 MB in 36.8s (33.7 MB/s)
[02:42:39]   upload done video_id=26031458 in 46.0s
[02:42:40] film cr_film_id=34853 OK in 86.8s
[02:42:40] iteration 15/20
[02:42:40] film cr_film_id=22131 name='Dva klobouky (1974) CZ Dabing' candidates=3
[02:42:40]   candidate upload_id=5870d127d48c4 url=https://prehraj.to/dva-klobouky-1974-cz-dabing-hdtv-1080p-jrk/5870d127d48c4
[02:42:41]   resolved in 0.7s → 1080p (https://pf-storage2.premiumcdn.net/1365619/lweIMaTzVhpRcYyTX1fyATzxSELtRwUyYfMjf…)
[02:44:00]   downloaded 2,175.4 MB in 77.6s (28.0 MB/s)
[02:45:31]   upload done video_id=26031499 in 91.1s
[02:45:32] film cr_film_id=22131 OK in 172.1s
[02:45:32] iteration 16/20
[02:45:32] film cr_film_id=22183 name='Borsalino a spol. (1974) CZ Dabing' candidates=5
[02:45:32]   candidate upload_id=609dfa05e7cc8 url=https://prehraj.to/borsalino-a-spol-drama-1974-cz-dabing/609dfa05e7cc8
[02:45:33]   resolved in 1.0s → 480p (https://pf-storage2.premiumcdn.net/23502939/vGasBbh0ZsG5HjKTJZc9Wh5OsR5sZxuoRT9o…)
[02:45:52]   downloaded 563.2 MB in 17.8s (31.6 MB/s)
[02:46:13]   upload done video_id=26031535 in 20.8s
[02:46:14] film cr_film_id=22183 OK in 41.9s
[02:46:14] iteration 17/20
[02:46:14] film cr_film_id=22159 name='Průkopnice (1973) CZ Dabing' candidates=2
[02:46:14]   candidate upload_id=609fb49233525 url=https://prehraj.to/prukopnice-western-1973-cz-dabing/609fb49233525
[02:46:18]   resolved in 4.4s → 480p (https://pf-storage1.premiumcdn.net/23521893/QK0FqLIPnsbvuAEiKvC3WI4zCZmfpwiZjSN0…)
[02:46:41]   downloaded 561.7 MB in 21.4s (26.2 MB/s)
[02:47:03]   upload done video_id=26031552 in 22.1s
[02:47:04] film cr_film_id=22159 OK in 50.2s
[02:47:04] iteration 18/20
[02:47:04] film cr_film_id=31981 name='Drsná Oklahoma (1973) CZ Dabing' candidates=2
[02:47:04]   candidate upload_id=586b7eddec2dc url=https://prehraj.to/drsna-oklahoma-cz-dabing-drama-komedie-usa-1973-pres-multiload-cz/586b7eddec2dc
[02:47:05]   resolved in 0.7s → 480p (https://pf-storage3.premiumcdn.net/1285454/y8VFkgc40I50IopUz3HnlcmBUkMtblh8pHp4F…)
[02:47:25]   downloaded 496.4 MB in 18.8s (26.4 MB/s)
[02:47:46]   upload done video_id=26031569 in 21.4s
[02:47:47] film cr_film_id=31981 OK in 42.9s
[02:47:47] iteration 19/20
[02:47:47] film cr_film_id=11103 name='Den Šakala (1973) CZ Dabing' candidates=3
[02:47:47]   candidate upload_id=5c507565dea05 url=https://prehraj.to/den-sakala-edward-fox-1973-cz-dabing/5c507565dea05
[02:47:48]   resolved in 0.9s → 480p (https://pf-storage1.premiumcdn.net/11438305/KLPFjmHgnIM2FXyf64U3KHadfDWC3RTlXCoD…)
[02:48:15]   downloaded 688.0 MB in 26.0s (26.5 MB/s)
[02:48:49]   upload done video_id=26031594 in 34.3s
[02:48:50] film cr_film_id=11103 OK in 63.3s
[02:48:50] iteration 20/20
[02:48:50] film cr_film_id=22127 name='Americké graffiti (1973) CZ Dabing' candidates=4
[02:48:50]   candidate upload_id=5cf0b235e02b3 url=https://prehraj.to/americke-graffiti-1973-dvd-rip-cz-dabing/5cf0b235e02b3
[02:48:52]   resolved in 1.3s → 480p (https://pf-storage2.premiumcdn.net/13717596/P3Eto2f2YfawcKXfL7SdofGRhR5hjoUxYCWv…)
[02:49:16]   downloaded 577.3 MB in 22.9s (25.2 MB/s)
[02:49:41]   upload done video_id=26031614 in 25.3s
[02:49:42] film cr_film_id=22127 OK in 52.0s
[02:49:42] batch-end ok=20 failed=0 dur=1781.5s avg/film=89.1s remaining=9571 eta_hours=236.9

===== run 2026-06-17T02:50:09Z shard=1/2 batch_size=20 (https://github.com/Olbrasoft/prehrajto-to-prehrajto/actions/runs/27662459644) =====
[02:50:11] batch-start shard=1/2 count=20 backlog=10210 uploads=639 failed_attempts=21 description_overrides=0
[02:50:11] login
[02:50:13] login done
[02:50:13] iteration 1/20
[02:50:13] film cr_film_id=22153 name='Americká noc (1973) CZ Dabing' candidates=2
[02:50:13]   candidate upload_id=609fa9fbbd150 url=https://prehraj.to/americka-noc-komedie-1973-cz-dabing/609fa9fbbd150
[02:50:14]   resolved in 1.4s → 480p (https://pf-storage2.premiumcdn.net/23521536/rWyfgOI9nUoLhl5t5VT34IXEf8QCPGsDlS8M…)
[02:50:57]   downloaded 897.5 MB in 40.8s (22.0 MB/s)
[02:52:13]   upload done video_id=26031651 in 75.8s
[02:52:15] film cr_film_id=22153 OK in 121.9s
[02:52:15] iteration 2/20
[02:52:15] film cr_film_id=22105 name='Junior Bonner (1972) CZ Dabing' candidates=1
[02:52:15]   candidate upload_id=60a12c04f18b1 url=https://prehraj.to/junior-bonner-western-1972-cz-dabing/60a12c04f18b1
[02:52:16]   resolved in 1.3s → 720p (https://pf-storage5.premiumcdn.net/23539428/BLkS7VCpXtaltg7CazswWCgkt5rHG4HYbuk7…)
[02:53:43]   downloaded 1,967.0 MB in 84.8s (23.2 MB/s)
[02:55:51]   upload done video_id=26031704 in 127.9s
[02:55:52] film cr_film_id=22105 OK in 217.7s
[02:55:52] iteration 3/20
[02:55:52] film cr_film_id=22085 name='Culpepperovi hoši (1972) CZ Dabing' candidates=1
[02:55:52]   candidate upload_id=60a12777b75b4 url=https://prehraj.to/culpepperovi-hosi-western-1972-cz-dabing/60a12777b75b4
[02:55:54]   resolved in 1.2s → 480p (https://pf-storage1.premiumcdn.net/23539257/jq4skgSWRT9BHYVS2lsGqSpPtmPtNdH2oTjb…)
[02:56:21]   downloaded 524.3 MB in 25.5s (20.6 MB/s)
[02:56:53]   upload done video_id=26031755 in 31.7s
[02:56:55] film cr_film_id=22085 OK in 62.2s
[02:56:55] iteration 4/20
[02:56:55] film cr_film_id=11085 name='Cesta draka (1972) CZ Dabing' candidates=4
[02:56:55]   candidate upload_id=672d86639b837 url=https://prehraj.to/cesta-draka-drak-prichazi-bruce-lee-nora-miao-ping-ao-wei-1972-akcni-krimi-drama-bdrip-1080p-cz-dabing/672d86639b837
[02:56:56]   resolved in 1.2s → 720p (https://pf-storage5.premiumcdn.net/105520118/ybRuNpsLduXzHa7UGXiMXs8Wi6EuwbU8MiB…)
[02:57:56]   downloaded 1,293.2 MB in 58.1s (22.3 MB/s)
[02:59:16]   upload done video_id=26031787 in 80.2s
[02:59:17] film cr_film_id=11085 OK in 142.7s
[02:59:17] iteration 5/20
[02:59:17] film cr_film_id=33743 name='Sunday Bloody Sunday (1971) CZ Dabing' candidates=1
[02:59:17]   candidate upload_id=60a1f42c13216 url=https://prehraj.to/krvave-slunce-western-1971-cz-dabing/60a1f42c13216
[02:59:19]   resolved in 1.6s → 480p (https://pf-storage5.premiumcdn.net/23545305/xo9FgjT08F39TK3T9PtOETxntjPtzvUMPCdA…)
[03:00:02]   downloaded 905.2 MB in 40.9s (22.1 MB/s)
[03:00:58]   upload done video_id=26031824 in 56.2s
[03:00:59] film cr_film_id=33743 OK in 102.1s
[03:00:59] iteration 6/20
[03:00:59] film cr_film_id=11043 name='Oklamaný (1971) CZ Dabing' candidates=3
[03:00:59]   candidate upload_id=60a1f88b573b6 url=https://prehraj.to/oklamany-drama-1971-cz-dabing/60a1f88b573b6
[03:01:01]   resolved in 1.6s → 480p (https://pf-storage1.premiumcdn.net/23545413/aA9hpXu9kU84tOpir7TVJurQi7qToBIzVFqp…)
[03:01:32]   downloaded 496.0 MB in 29.6s (16.8 MB/s)
[03:02:05]   upload done video_id=26031853 in 32.3s
[03:02:06] film cr_film_id=11043 OK in 66.5s
[03:02:06] iteration 7/20
[03:02:06] film cr_film_id=22083 name='Kořist (1971) CZ Dabing' candidates=5
[03:02:06]   candidate upload_id=1b8975c6f17b97fd url=https://prehraj.to/korist-1971-cz-dab-1080p/1b8975c6f17b97fd
[03:02:07]   resolved in 1.3s → 720p (https://pf-storage6.premiumcdn.net/169574350/eeQFwkS0LFbwuVLfpVsg5S3GudjflOtBbh9…)
[03:03:16]   downloaded 1,184.7 MB in 66.3s (17.9 MB/s)
[03:04:28]   upload done video_id=26031880 in 72.4s
[03:04:30] film cr_film_id=22083 OK in 143.6s
[03:04:30] iteration 8/20
[03:04:30] film cr_film_id=35281 name='Kočka (1971) CZ Dabing' candidates=1
[03:04:30]   candidate upload_id=60a1f36bd711c url=https://prehraj.to/kocka-drama-1971-cz-dabing/60a1f36bd711c
[03:04:31]   resolved in 1.3s → 480p (https://pf-storage1.premiumcdn.net/23545293/797hQbCnXikBFPRunrTQ3CM7iZAc52sL5hpA…)
[03:04:56]   downloaded 493.9 MB in 23.7s (20.8 MB/s)
[03:05:26]   upload done video_id=26031918 in 30.0s
[03:05:28] film cr_film_id=35281 OK in 58.4s
[03:05:28] iteration 9/20
[03:05:28] film cr_film_id=22045 name='Kapsy plné dynamitu (1971) CZ Dabing' candidates=1
[03:05:28]   candidate upload_id=60a1f28de3c66 url=https://prehraj.to/kapsy-plne-dynamitu-western-1971-cz-dabing/60a1f28de3c66
[03:05:30]   resolved in 1.5s → 480p (https://pf-storage1.premiumcdn.net/23545281/GAPSwQFlACEoCA1CNySjgFz3HbmHaXUQ9tzo…)
[03:06:13]   downloaded 921.5 MB in 41.4s (22.3 MB/s)
[03:07:10]   upload done video_id=26031942 in 57.8s
[03:07:12] film cr_film_id=22045 OK in 104.0s
[03:07:12] iteration 10/20
[03:07:12] film cr_film_id=22031 name='Sbohem, Sabato (1970) CZ Dabing' candidates=1
[03:07:12]   candidate upload_id=60a20c70715b0 url=https://prehraj.to/sbohem-sabato-westrn-1970-cz-dabing/60a20c70715b0
[03:07:13]   resolved in 1.2s → 480p (https://pf-storage1.premiumcdn.net/23545899/XRjTQdsBEtnbtOEibziYOsmRu74fjgh4QUb4…)
[03:07:49]   downloaded 585.8 MB in 34.6s (16.9 MB/s)
[03:08:27]   upload done video_id=26031965 in 37.1s
[03:08:28] film cr_film_id=22031 OK in 76.0s
[03:08:28] iteration 11/20
[03:08:28] film cr_film_id=11003 name='Siréna od Mississippi (1969) CZ Dabing' candidates=2
[03:08:28]   candidate upload_id=60a3e0a01c50d url=https://prehraj.to/sirena-od-mississippi-drama-1969-cz-dabing/60a3e0a01c50d
[03:08:29]   resolved in 1.2s → 480p (https://pf-storage1.premiumcdn.net/23566443/kl1sxRhy4FXNtk3FRoCblh4Efg4ubqCG1H4p…)
[03:09:09]   downloaded 669.5 MB in 38.5s (17.4 MB/s)
[03:09:48]   upload done video_id=26031980 in 38.4s
[03:09:50] film cr_film_id=11003 OK in 81.5s
[03:09:50] iteration 12/20
[03:09:50] film cr_film_id=10983 name='Most u Remagenu (1969) CZ Dabing' candidates=3
[03:09:50]   candidate upload_id=674faec9bf0ac url=https://prehraj.to/most-u-remagenu-the-bridge-at-remagen-1969-cz-dabing-1080p/674faec9bf0ac
[03:09:51]   resolved in 1.2s → 720p (https://pf-storage1.premiumcdn.net/116352839/2V1TBbcY1fvbHPVFXkIBQc8YsV0iqaIvMC4…)
[03:11:26]   downloaded 2,130.3 MB in 93.6s (22.8 MB/s)
[03:13:20]   upload done video_id=26032006 in 113.6s
[03:13:22] film cr_film_id=10983 OK in 212.0s
[03:13:22] iteration 13/20
[03:13:22] film cr_film_id=21927 name='Zlato v Black Hills (1968) CZ Dabing' candidates=2
[03:13:22]   candidate upload_id=58515b8edad7c url=https://prehraj.to/zlato-v-black-hills-1968-western-g-mitic-h-hasse-b-brylska-cz-dab-dtvmir-109/58515b8edad7c
[03:13:23]   resolved in 1.5s → 480p (https://pf-storage2.premiumcdn.net/1171841/pQOSPqha1t7ycpwt7XHgZh0NiEatwQi5jTX0T…)
[03:14:18]   downloaded 956.5 MB in 53.0s (18.0 MB/s)
[03:15:19]   upload done video_id=26032057 in 60.8s
[03:15:22] film cr_film_id=21927 OK in 120.4s
[03:15:22] iteration 14/20
[03:15:22] film cr_film_id=21873 name='Samuraj (1967) CZ Dabing' candidates=6
[03:15:22]   candidate upload_id=5c5df6fb7c1e5 url=https://prehraj.to/samuraj-delon-1967-cz-dabing/5c5df6fb7c1e5
[03:15:23]   resolved in 1.5s → 480p (https://pf-storage5.premiumcdn.net/11647720/ldZc4VUGQsKEi8PH0PijMUl3uMBi5wsa8fR4…)
[03:15:51]   downloaded 556.6 MB in 26.1s (21.3 MB/s)
[03:16:26]   upload done video_id=26032087 in 34.8s
[03:16:27] film cr_film_id=21873 OK in 65.5s
[03:16:27] iteration 15/20
[03:16:27] film cr_film_id=21797 name='Štvanice (1966) CZ Dabing' candidates=3
[03:16:27]   candidate upload_id=60a79b598d496 url=https://prehraj.to/stvanice-drama-1966-cz-dabing/60a79b598d496
[03:16:29]   resolved in 1.2s → 480p (https://pf-storage1.premiumcdn.net/23606514/L0jIRZC2PCAnCKYCL8cNGCAYu58SnBfW1u2E…)
[03:17:08]   downloaded 625.3 MB in 37.4s (16.7 MB/s)
[03:17:48]   upload done video_id=26032102 in 40.3s
[03:17:49] film cr_film_id=21797 OK in 82.1s
[03:17:49] iteration 16/20
[03:17:49] film cr_film_id=10893 name='Nezdolné trio (1966) CZ Dabing' candidates=2
[03:17:49]   candidate upload_id=60a797873a19f url=https://prehraj.to/nezdolne-trio-akcni-1966-cz-dabing/60a797873a19f
[03:17:51]   resolved in 1.7s → 480p (https://pf-storage5.premiumcdn.net/23606274/WyGidYIY1SkwfZzCy2tdlIRLS93uORuX2Fay…)
[03:18:24]   downloaded 526.7 MB in 31.0s (17.0 MB/s)
[03:19:03]   upload done video_id=26032122 in 39.1s
[03:19:05] film cr_film_id=10893 OK in 75.3s
[03:19:05] iteration 17/20
[03:19:05] film cr_film_id=19379 name='Maigret klade past (1966) CZ Dabing' candidates=2
[03:19:05]   candidate upload_id=60ad50a982a56 url=https://prehraj.to/maigret-klade-past-drama-1958-cz-dabing/60ad50a982a56
[03:19:06]   resolved in 1.2s → 480p (https://pf-storage5.premiumcdn.net/23664114/OJEfLRCJWSwytmrIBRCJwC97uxwc6Ls7gTGq…)
[03:19:54]   downloaded 864.6 MB in 46.8s (18.5 MB/s)
[03:20:55]   upload done video_id=26032141 in 61.0s
[03:20:57] film cr_film_id=19379 OK in 112.1s
[03:20:57] iteration 18/20
[03:20:57] film cr_film_id=21811 name='Harper (1966) CZ Dabing' candidates=1
[03:20:57]   candidate upload_id=60a790aa799cb url=https://prehraj.to/harper-krimi-1966-cz-dabing/60a790aa799cb
[03:21:00]   resolved in 3.6s → 480p (https://pf-storage3.premiumcdn.net/23605842/YzXSgyI3Zu6zc1oikji7aIkaiZrTGDF8Via2…)
[03:21:35]   downloaded 703.0 MB in 31.9s (22.0 MB/s)
[03:22:17]   upload done video_id=26032164 in 42.6s
[03:22:19] film cr_film_id=21811 OK in 81.8s
[03:22:19] iteration 19/20
[03:22:19] film cr_film_id=21803 name='451 stupňů Fahrenheita (1966) CZ Dabing' candidates=2
[03:22:19]   candidate upload_id=605b4760a7ced url=https://prehraj.to/451-stupnu-fahrenheita-1966-sci-fi-o-werner-j-christie-c-cusack-cz-dab-dtvmir-108/605b4760a7ced
[03:22:20]   resolved in 1.1s → 480p (https://pf-storage5.premiumcdn.net/22797071/7rqsvjT6eFqxujGSArfo8TZrIKMSq2FDWtgl…)
[03:22:59]   downloaded 657.2 MB in 37.3s (17.6 MB/s)
[03:23:40]   upload done video_id=26032179 in 40.9s
[03:23:41] film cr_film_id=21803 OK in 82.4s
[03:23:41] iteration 20/20
[03:23:41] film cr_film_id=33397 name='Perný den (1964) CZ Dabing' candidates=3
[03:23:41]   candidate upload_id=6806cbcbee4cc url=https://prehraj.to/perny-den-1964-cz-dab/6806cbcbee4cc
[03:23:42]   resolved in 1.0s → 480p (https://pf-storage1.premiumcdn.net/135820709/6NVi1Rhd8SQks8JTaQueyhLEFlnFx9tJetO…)
[03:24:13]   downloaded 536.3 MB in 29.2s (18.4 MB/s)
[03:24:46]   upload done video_id=26032191 in 32.8s
[03:24:47] film cr_film_id=33397 OK in 66.5s
[03:24:47] batch-end ok=20 failed=0 dur=2074.7s avg/film=103.7s remaining=9551 eta_hours=275.1

===== run 2026-06-17T03:25:20Z shard=1/2 batch_size=20 (https://github.com/Olbrasoft/prehrajto-to-prehrajto/actions/runs/27663668381) =====
[03:25:23] batch-start shard=1/2 count=20 backlog=10210 uploads=659 failed_attempts=21 description_overrides=0
[03:25:23] login
[03:25:24] login done
[03:25:24] iteration 1/20
[03:25:24] film cr_film_id=10861 name='Maska rudé smrti (1964) CZ Dabing' candidates=1
[03:25:24]   candidate upload_id=58415c1e52deb url=https://prehraj.to/maska-rude-smrti-1989-cz-dabing/58415c1e52deb
[03:25:25]   resolved in 1.0s → 480p (https://pf-storage3.premiumcdn.net/980328/06BtMWs0BtRkF6OhbMCLbsq6fK2Uw9FmkIqQfy…)
[03:25:47]   downloaded 546.9 MB in 19.9s (27.5 MB/s)
[03:26:10]   upload done video_id=26032217 in 23.1s
[03:26:11] film cr_film_id=10861 OK in 46.7s
[03:26:11] iteration 2/20
[03:26:11] film cr_film_id=10831 name='Transport z ráje (1963) CZ Dabing' candidates=3
[03:26:11]   candidate upload_id=60aad0f119251 url=https://prehraj.to/transport-z-raje-drama-1962-cz-dabing/60aad0f119251
[03:26:12]   resolved in 0.7s → 480p (https://pf-storage5.premiumcdn.net/23638677/DBwtJaf27fW1h6NU1XTbZfBjHXas3aC5Phbk…)
[03:26:35]   downloaded 793.6 MB in 22.3s (35.6 MB/s)
[03:27:13]   upload done video_id=26032228 in 37.4s
[03:27:14] film cr_film_id=10831 OK in 62.9s
[03:27:14] iteration 3/20
[03:27:14] film cr_film_id=5747 name='Karamboly (1963) CZ Dabing' candidates=1
[03:27:14]   candidate upload_id=60aa638376d45 url=https://prehraj.to/karamboly-komedie-1963-cz-dabing/60aa638376d45
[03:27:15]   resolved in 1.0s → 720p (https://pf-storage5.premiumcdn.net/23634627/Qa3tKrSjOIorfMdfmbC0KSvDI2aC1dHbXU21…)
[03:27:53]   downloaded 1,059.3 MB in 37.0s (28.6 MB/s)
[03:29:03]   upload done video_id=26032246 in 69.6s
[03:29:05] film cr_film_id=5747 OK in 110.8s
[03:29:05] iteration 4/20
[03:29:05] film cr_film_id=21665 name='Stateční jsou osamělí (1962) CZ Dabing' candidates=2
[03:29:05]   candidate upload_id=60aacfb37ded8 url=https://prehraj.to/statecni-jsou-osameli-drama-1962-cz-dabing/60aacfb37ded8
[03:29:05]   resolved in 0.8s → 480p (https://pf-storage1.premiumcdn.net/23638656/DeYfOvieLuPYI3ytm6sNBiGXTnMTZRuLGh6O…)
[03:29:45]   downloaded 1,106.8 MB in 38.4s (28.8 MB/s)
[03:30:31]   upload done video_id=26032268 in 45.9s
[03:30:32] film cr_film_id=21665 OK in 87.6s
[03:30:32] iteration 5/20
[03:30:32] film cr_film_id=21647 name='Bitva u Thermopyl (1962) CZ Dabing' candidates=2
[03:30:32]   candidate upload_id=60aac85179671 url=https://prehraj.to/bitva-u-thermopyl-drama-1962-cz-dabing/60aac85179671
[03:30:33]   resolved in 1.0s → 720p (https://pf-storage5.premiumcdn.net/23638422/1k8IBLsX8CyAf3gTrkFxJsb4CYLCXLTYeCL6…)
[03:31:46]   downloaded 2,161.7 MB in 71.9s (30.1 MB/s)
[03:33:20]   upload done video_id=26032300 in 93.5s
[03:33:21] film cr_film_id=21647 OK in 168.7s
[03:33:21] iteration 6/20
[03:33:21] film cr_film_id=21113 name='Raz, dva, tři (1961) CZ Dabing' candidates=3
[03:33:21]   candidate upload_id=60aadcf7110d4 url=https://prehraj.to/raz-dva-tri-komedie-1961-cz-dabing/60aadcf7110d4
[03:33:22]   resolved in 1.0s → 480p (https://pf-storage1.premiumcdn.net/23639118/ZvdiGLSboFMWikKF2mi2PS64hWOcQAIeEFoQ…)
[03:33:56]   downloaded 821.8 MB in 32.4s (25.4 MB/s)
[03:34:38]   upload done video_id=26032326 in 42.4s
[03:34:39] film cr_film_id=21113 OK in 78.3s
[03:34:39] iteration 7/20
[03:34:39] film cr_film_id=21649 name='Obléhání Syrakus (1960) CZ Dabing' candidates=1
[03:34:39]   candidate upload_id=58781f2b4de2f url=https://prehraj.to/oblehani-syrakus-cz-dabing-drama-historicky-italie-francie-1960/58781f2b4de2f
[03:34:40]   resolved in 1.0s → 480p (https://pf-storage2.premiumcdn.net/1435417/OxEhomFV9U1NhAesLDSnlF9zf7oinYsmGUlVC…)
[03:35:19]   downloaded 1,028.1 MB in 36.7s (28.0 MB/s)
[03:36:11]   upload done video_id=26032340 in 52.2s
[03:36:12] film cr_film_id=21649 OK in 92.6s
[03:36:12] iteration 8/20
[03:36:12] film cr_film_id=32945 name='Konec cesty (1960) CZ Dabing' candidates=2
[03:36:12]   candidate upload_id=68e61f2cb5fed url=https://prehraj.to/konec-cesty-1959-krimi-cz-dabing-spickova-kvalita-by-nexsus/68e61f2cb5fed
[03:36:13]   resolved in 1.0s → 480p (https://pf-storage3.premiumcdn.net/150391965/b0GikySqMi18TGnsQBFymS9aTdDCV5Ce3cv…)
[03:36:30]   downloaded 543.2 MB in 16.3s (33.3 MB/s)
[03:37:02]   upload done video_id=26032354 in 31.5s
[03:37:03] film cr_film_id=32945 OK in 50.7s
[03:37:03] iteration 9/20
[03:37:03] film cr_film_id=21591 name='Draculovy nevěsty (1960) CZ Dabing' candidates=1
[03:37:03]   candidate upload_id=60aae280341b2 url=https://prehraj.to/draculovy-nevesty-horor-1960-cz-dabing/60aae280341b2
[03:37:04]   resolved in 1.0s → 720p (https://pf-storage5.premiumcdn.net/23639376/NmeizdCxVuevfvXFqPs4ECV8S6rUleFkWHXb…)
[03:37:33]   downloaded 793.3 MB in 28.4s (27.9 MB/s)
[03:38:00]   upload done video_id=26032369 in 27.1s
[03:38:01] film cr_film_id=21591 OK in 58.6s
[03:38:01] iteration 10/20
[03:38:01] film cr_film_id=10791 name='Alamo (1960) CZ Dabing' candidates=2
[03:38:01]   candidate upload_id=60aae0bb0a8cb url=https://prehraj.to/alamo-western-1960-cz-dabing/60aae0bb0a8cb
[03:38:04]   resolved in 2.4s → 480p (https://pf-storage5.premiumcdn.net/23639301/zX4ieEfXEIVOUJmtyot3EfJ0fYqhVXTxrHYO…)
[03:38:42]   downloaded 1,059.5 MB in 37.3s (28.4 MB/s)
[03:39:31]   upload done video_id=26032377 in 48.8s
[03:39:32] film cr_film_id=10791 OK in 90.6s
[03:39:32] iteration 11/20
[03:39:32] film cr_film_id=21559 name='Kavaleristé (1959) CZ Dabing' candidates=3
[03:39:32]   candidate upload_id=60acd6861a4f3 url=https://prehraj.to/kavaleriste-western-1959-cz-dabing/60acd6861a4f3
[03:39:33]   resolved in 1.0s → 480p (https://pf-storage1.premiumcdn.net/23660166/7WgFLDsmBSpvI0Nc87SorslGHrDcNkumKcwR…)
[03:40:11]   downloaded 1,050.7 MB in 37.4s (28.1 MB/s)
[03:40:58]   upload done video_id=26032391 in 46.6s
[03:40:59] film cr_film_id=21559 OK in 87.4s
[03:40:59] iteration 12/20
[03:40:59] film cr_film_id=21519 name='Kovboj (1958) CZ Dabing' candidates=3
[03:40:59]   candidate upload_id=60ad5053c8e36 url=https://prehraj.to/kovboj-western-1958-cz-dabing/60ad5053c8e36
[03:41:00]   resolved in 0.9s → 480p (https://pf-storage1.premiumcdn.net/23664105/N0mF61fz3FQYtDmUGPTgKfnXc35i8ru3VSYG…)
[03:41:28]   downloaded 767.3 MB in 26.9s (28.5 MB/s)
[03:41:57]   upload done video_id=26032401 in 28.7s
[03:41:58] film cr_film_id=21519 OK in 58.8s
[03:41:58] iteration 13/20
[03:41:58] film cr_film_id=21509 name='Hospoda ve Spessartu (1958) CZ Dabing' candidates=5
[03:41:58]   candidate upload_id=60ad4f38a9a89 url=https://prehraj.to/hospoda-ve-spessartu-komedie-1958-cz-dabing/60ad4f38a9a89
[03:41:59]   resolved in 0.6s → 480p (https://pf-storage5.premiumcdn.net/23664075/D5DtdWFNlF26impsoyivBFWLiRlSRQsaXcN9…)
[03:42:16]   downloaded 557.4 MB in 16.5s (33.8 MB/s)
[03:42:36]   upload done video_id=26032408 in 19.5s
[03:42:37] film cr_film_id=21509 OK in 38.7s
[03:42:37] iteration 14/20
[03:42:37] film cr_film_id=37281 name='Sayonara (1957) CZ Dabing' candidates=7
[03:42:37]   candidate upload_id=c37d42820f09fb67 url=https://prehraj.to/sayonara-1957-romanticky-cz-dabing-hd-720p-mp4/c37d42820f09fb67
[03:42:38]   resolved in 1.0s → 480p (https://pf-storage6.premiumcdn.net/172024937/z72TyKHvdI4XSelTqdh0wH8dFG1hWghk3c1…)
[03:43:23]   downloaded 1,285.9 MB in 44.4s (29.0 MB/s)
[03:44:06]   upload done video_id=26032420 in 43.1s
[03:44:08] film cr_film_id=37281 OK in 91.2s
[03:44:08] iteration 15/20
[03:44:08] film cr_film_id=32275 name='Plán 9 (1957) CZ Dabing' candidates=2
[03:44:08]   candidate upload_id=55bc723e8edef url=https://prehraj.to/plan-9-usa-scifi-1959-cs-dabing-tvrip/55bc723e8edef
[03:44:09]   resolved in 1.2s → 480p (https://pf-storage2.premiumcdn.net/62767/Q25HnVTozFl0hY2TglUVnTwNsgNhnLF5gUqofxN…)
[03:44:22]   downloaded 282.2 MB in 12.0s (23.5 MB/s)
[03:44:34]   upload done video_id=26032433 in 11.7s
[03:44:35] film cr_film_id=32275 OK in 26.9s
[03:44:35] iteration 16/20
[03:44:35] film cr_film_id=21497 name='Cabiriiny noci (1957) CZ Dabing' candidates=1
[03:44:35]   candidate upload_id=60af2bc737594 url=https://prehraj.to/cabiriiny-noci-drama-1957-cz-dabing/60af2bc737594
[03:44:36]   resolved in 1.0s → 480p (https://pf-storage1.premiumcdn.net/23674170/41yIYBsObTDqCZbTlyfzos5RHvVI7AfoRHLa…)
[03:45:13]   downloaded 1,011.0 MB in 35.7s (28.3 MB/s)
[03:45:52]   upload done video_id=26032444 in 39.8s
[03:45:53] film cr_film_id=21497 OK in 78.6s
[03:45:53] iteration 17/20
[03:45:53] film cr_film_id=21427 name='Jubal (1956) CZ Dabing' candidates=2
[03:45:53]   candidate upload_id=60afc80f5d245 url=https://prehraj.to/jubal-western-1956-cz-dabing/60afc80f5d245
[03:45:54]   resolved in 0.9s → 480p (https://pf-storage5.premiumcdn.net/23678046/a1ai3Wc3xukxIMkIa8taQcmbi4kFOxi9qHav…)
[03:46:18]   downloaded 781.6 MB in 22.2s (35.2 MB/s)
[03:46:56]   upload done video_id=26032451 in 38.2s
[03:46:57] film cr_film_id=21427 OK in 63.3s
[03:46:57] iteration 18/20
[03:46:57] film cr_film_id=10735 name='Muž z Laramie (1955) CZ Dabing' candidates=3
[03:46:57]   candidate upload_id=60b010f3af311 url=https://prehraj.to/muz-z-laramie-western-1955-cz-dabing/60b010f3af311
[03:46:58]   resolved in 0.9s → 480p (https://pf-storage1.premiumcdn.net/23680692/7eyuPlI3JfQGFYKIWvU9GIWAsjNTZYtQAsjR…)
[03:47:18]   downloaded 655.5 MB in 18.8s (34.9 MB/s)
[03:47:41]   upload done video_id=26032457 in 23.3s
[03:47:42] film cr_film_id=10735 OK in 45.1s
[03:47:42] iteration 19/20
[03:47:42] film cr_film_id=21423 name='Fort Yuma (1955) CZ Dabing' candidates=1
[03:47:42]   candidate upload_id=60b0065c4eaf2 url=https://prehraj.to/fort-yuma-western-1955-cz-dabing/60b0065c4eaf2
[03:47:43]   resolved in 0.9s → 480p (https://pf-storage5.premiumcdn.net/23680383/wwxfX1S3OT7zIrYsD6FmYS13UvlhoktpJtBN…)
[03:48:02]   downloaded 481.9 MB in 18.1s (26.6 MB/s)
[03:48:21]   upload done video_id=26032465 in 18.5s
[03:48:22] film cr_film_id=21423 OK in 39.6s
[03:48:22] iteration 20/20
[03:48:22] film cr_film_id=21385 name='Apač (1954) CZ Dabing' candidates=3
[03:48:22]   candidate upload_id=60b01c91b0c54 url=https://prehraj.to/apac-western-1954-cz-dabing/60b01c91b0c54
[03:48:23]   resolved in 1.0s → 480p (https://pf-storage1.premiumcdn.net/23681001/a3asLWI17tGxHNkiGnTnAI5PhK4Ip2fd3Hge…)
[03:48:48]   downloaded 706.4 MB in 24.7s (28.6 MB/s)
[03:49:19]   upload done video_id=26032471 in 30.4s
[03:49:20] film cr_film_id=21385 OK in 58.3s
[03:49:20] batch-end ok=20 failed=0 dur=1435.6s avg/film=71.8s remaining=9531 eta_hours=190.1

===== run 2026-06-17T03:59:48Z shard=1/2 batch_size=20 (https://github.com/Olbrasoft/prehrajto-to-prehrajto/actions/runs/27664808510) =====
[03:59:49] batch-start shard=1/2 count=20 backlog=10210 uploads=679 failed_attempts=21 description_overrides=0
[03:59:49] login
[03:59:51] login done
[03:59:51] iteration 1/20
[03:59:51] film cr_film_id=10717 name='Shane (1953) CZ Dabing' candidates=1
[03:59:51]   candidate upload_id=60b16be36fd3d url=https://prehraj.to/shane-western-1953-cz-dabing/60b16be36fd3d
[03:59:52]   resolved in 1.0s → 480p (https://pf-storage1.premiumcdn.net/23687934/dPGsMKFAwiNRt3rIrLt73FA8IE4tJ4cWwfL5…)
[04:00:22]   downloaded 799.9 MB in 28.4s (28.2 MB/s)
[04:00:57]   upload done video_id=26032604 in 35.3s
[04:00:58] film cr_film_id=10717 OK in 67.3s
[04:00:58] iteration 2/20
[04:00:58] film cr_film_id=21351 name='Odhalená stopa (1953) CZ Dabing' candidates=2
[04:00:58]   candidate upload_id=60b168ae19ac4 url=https://prehraj.to/odhalena-stopa-western-1953-cz-dabing/60b168ae19ac4
[04:00:59]   resolved in 1.0s → 480p (https://pf-storage5.premiumcdn.net/23687868/bkLSbGFg0tvMsDOUBDFG2FXyh7PSKMfBzHkY…)
[04:01:21]   downloaded 552.5 MB in 20.4s (27.1 MB/s)
[04:01:45]   upload done video_id=26032614 in 23.5s
[04:01:47] film cr_film_id=21351 OK in 48.7s
[04:01:47] iteration 3/20
[04:01:47] film cr_film_id=10711 name='Malý Muk (1953) CZ Dabing' candidates=2
[04:01:47]   candidate upload_id=60b16652de4aa url=https://prehraj.to/maly-muk-pohadka-1953-cz-dabing/60b16652de4aa
[04:01:48]   resolved in 1.0s → 720p (https://pf-storage1.premiumcdn.net/23687811/7ebuJ6IakipJsyrie1SlEI04t7AuRGSpacG6…)
[04:03:34]   downloaded 3,042.5 MB in 104.7s (29.1 MB/s)
[04:05:58]   upload done video_id=26032645 in 143.9s
[04:05:59] film cr_film_id=10711 OK in 252.3s
[04:05:59] iteration 4/20
[04:05:59] film cr_film_id=21365 name='Hondo (1953) CZ Dabing' candidates=3
[04:05:59]   candidate upload_id=60b163bd67355 url=https://prehraj.to/hondo-western-1953-cz-dabing/60b163bd67355
[04:06:01]   resolved in 1.7s → 720p (https://pf-storage1.premiumcdn.net/23687748/8Pas3mCokuGNH10IaQi7vCXJsGPhz7ca8ieJ…)
[04:06:37]   downloaded 1,260.5 MB in 34.8s (36.2 MB/s)
[04:07:22]   upload done video_id=26032674 in 45.5s
[04:07:23] film cr_film_id=21365 OK in 84.1s
[04:07:23] iteration 5/20
[04:07:23] film cr_film_id=21355 name='Springfieldka (1952) CZ Dabing' candidates=1
[04:07:23]   candidate upload_id=60b24b236fc68 url=https://prehraj.to/springfieldka-western-1952-cz-dabing/60b24b236fc68
[04:07:24]   resolved in 1.0s → 1080p (https://pf-storage1.premiumcdn.net/23692437/2y4IA3ckauQysKxc9QFpLcP3HNXHnlFBMU3A…)
[04:08:14]   downloaded 1,750.4 MB in 48.0s (36.5 MB/s)
[04:09:14]   upload done video_id=26032694 in 60.9s
[04:09:16] film cr_film_id=21355 OK in 112.3s
[04:09:16] iteration 6/20
[04:09:16] film cr_film_id=35047 name='Podivné okouzlení (1952) CZ Dabing' candidates=2
[04:09:16]   candidate upload_id=60b2484c4d481 url=https://prehraj.to/podivne-okouzleni-drama-1952-cz-dabing/60b2484c4d481
[04:09:17]   resolved in 1.0s → 480p (https://pf-storage3.premiumcdn.net/23692356/r4ztl6ca4iZrT9kfaeCzxcYVCD4tMqS1dSNe…)
[04:09:30]   downloaded 407.0 MB in 12.6s (32.3 MB/s)
[04:09:48]   upload done video_id=26032713 in 17.4s
[04:09:49] film cr_film_id=35047 OK in 33.1s
[04:09:49] iteration 7/20
[04:09:49] film cr_film_id=21253 name='Plynové lampy (1944) CZ Dabing' candidates=3
[04:09:49]   candidate upload_id=67359c9d781ca url=https://prehraj.to/plynove-lampy-1944-cz-dab/67359c9d781ca
[04:09:50]   resolved in 0.9s → 720p (https://pf-storage5.premiumcdn.net/105675266/Vo7tQlFW9fZnTEwUl4HA8FVwHEKt3eUeZHd…)
[04:10:21]   downloaded 1,096.3 MB in 30.4s (36.1 MB/s)
[04:11:00]   upload done video_id=26032727 in 38.6s
[04:11:01] film cr_film_id=21253 OK in 72.7s
[04:11:01] iteration 8/20
[04:11:01] film cr_film_id=12659 name='Eva tropí hlouposti (1939) CZ Dabing' candidates=3
[04:11:01]   candidate upload_id=81ad8c26b1dd2fa9 url=https://prehraj.to/eva-tropi-hlouposti-1939-cz-dab-1080p/81ad8c26b1dd2fa9
[04:11:02]   resolved in 0.9s → 1080p (https://pf-storage3.premiumcdn.net/167157557/G7JcdxsRzFz5Sryt8QFw3sRMCYEHW8f7LfZ…)
[04:11:55]   downloaded 1,950.3 MB in 51.7s (37.7 MB/s)
[04:13:06]   upload done video_id=26032744 in 70.6s
[04:13:07] film cr_film_id=12659 OK in 125.2s
[04:13:07] iteration 9/20
[04:13:07] film cr_film_id=21203 name='Velká iluze (1937) CZ Dabing' candidates=1
[04:13:07]   candidate upload_id=588eca9e5f6ab url=https://prehraj.to/velka-iluze-cz-dabing-drama-valecny-francie-1937-pres-multiload-cz/588eca9e5f6ab
[04:13:08]   resolved in 1.0s → 480p (https://pf-storage4.premiumcdn.net/1559781/vDeF9ei6GtDPULju78UMBierFVZTLXI73iNoc…)
[04:13:26]   downloaded 622.6 MB in 17.5s (35.6 MB/s)
[04:13:54]   upload done video_id=26032766 in 27.4s
[04:13:55] film cr_film_id=21203 OK in 48.2s
[04:13:55] iteration 10/20
[04:13:55] film cr_film_id=31191 name='The Dresden Sun (2026) CZ Titulky' candidates=1
[04:13:55]   candidate upload_id=cced3473a313f84d url=https://prehraj.to/the-dresden-sun-2026-cz-tit-ai-mkv/cced3473a313f84d
[04:13:56]   resolved in 1.0s → 720p (https://pf-storage4.premiumcdn.net/167328899/BADSWZH71seaf9pU71t2EHYAFGZUNRi9mSr…)
[04:14:41]   downloaded 1,634.7 MB in 44.1s (37.1 MB/s)
[04:15:52]   upload done video_id=26032783 in 71.2s
[04:15:53] film cr_film_id=31191 OK in 118.3s
[04:15:53] iteration 11/20
[04:15:53] film cr_film_id=16181 name='The Dreadful (2026) CZ Titulky' candidates=3
[04:15:53]   candidate upload_id=e1be76fa732da158 url=https://prehraj.to/the-dreadful-2026-cz-titulky-2160p/e1be76fa732da158
[04:15:54]   resolved in 1.1s → 1080p (https://pf-storage4.premiumcdn.net/166889348/QRMcO0Fklu3mFP0H7NUPeFdLUaXCaMuAQcx…)
[04:17:08]   downloaded 2,108.0 MB in 72.2s (29.2 MB/s)
[04:18:23]   upload done video_id=26032825 in 74.9s
[04:18:24] film cr_film_id=16181 OK in 150.8s
[04:18:24] iteration 12/20
[04:18:24] film cr_film_id=35371 name='Subedaar (2026) CZ Titulky' candidates=2
[04:18:24]   candidate upload_id=463d2a333c5edce6 url=https://prehraj.to/subedaar-2026-cz-titulky/463d2a333c5edce6
[04:18:26]   resolved in 1.8s → 1080p (https://pf-storage6.premiumcdn.net/169175413/O8rcyRi97hEGTQlCgBHaJiojtEDTY6hlXc0…)
[04:20:51]   downloaded 4,390.1 MB in 144.1s (30.5 MB/s)
[04:23:25]   upload done video_id=26032869 in 154.6s
[04:23:27] film cr_film_id=35371 OK in 302.9s
[04:23:27] iteration 13/20
[04:23:27] film cr_film_id=28849 name='Relationship Goals (2026) CZ Titulky' candidates=2
[04:23:27]   candidate upload_id=cf8548c4a1b535f9 url=https://prehraj.to/relationship-goals-2026-cz-titulky-hd/cf8548c4a1b535f9
[04:23:28]   resolved in 0.8s → 720p (https://pf-storage4.premiumcdn.net/165326696/JjrHD6iVMTMzHypsYVf9xiv3uGOFYGfagc0…)
[04:24:03]   downloaded 1,270.3 MB in 34.8s (36.5 MB/s)
[04:24:45]   upload done video_id=26032899 in 41.9s
[04:24:46] film cr_film_id=28849 OK in 79.7s
[04:24:46] iteration 14/20
[04:24:46] film cr_film_id=21145 name='Red Riding (2026) CZ Titulky' candidates=14
[04:24:46]   candidate upload_id=49ce5fe0f4f7fc2c url=https://prehraj.to/red-riding-2026-novinka-horor-cz-titulky/49ce5fe0f4f7fc2c
[04:24:47]   resolved in 1.0s → 720p (https://pf-storage6.premiumcdn.net/169264510/gqDfYyTo9SaDSDMhrbcVlT0pHdjSkqFNgCm…)
[04:25:23]   downloaded 1,238.4 MB in 34.1s (36.3 MB/s)
[04:26:13]   upload done video_id=26032914 in 50.1s
[04:26:14] film cr_film_id=21145 OK in 87.7s
[04:26:14] iteration 15/20
[04:26:14] film cr_film_id=16599 name='Pavana (2026) CZ Titulky' candidates=3
[04:26:14]   candidate upload_id=ae7260a5ea5957b3 url=https://prehraj.to/pabanneu-pavana-2026-cztitulky/ae7260a5ea5957b3
[04:26:15]   resolved in 1.0s → 1080p (https://pf-storage4.premiumcdn.net/166487435/YJxi9JTRAcQbuYOTJrskeTDPfo4hq1i3Zf1…)
[04:27:23]   downloaded 1,973.2 MB in 66.7s (29.6 MB/s)
[04:28:36]   upload done video_id=26032930 in 73.5s
[04:28:37] film cr_film_id=16599 OK in 143.4s
[04:28:37] iteration 16/20
[04:28:37] film cr_film_id=28417 name='Oscar Shaw (2026) CZ Titulky' candidates=4
[04:28:37]   candidate upload_id=4d008e7d3d8677b2 url=https://prehraj.to/oscar-shaw-2025-1080p-webrip-x264-aac5-1-yts-lt/4d008e7d3d8677b2
[04:28:38]   resolved in 0.7s → 720p (https://pf-storage5.premiumcdn.net/163007297/4VxFGOcZMFrGsVySOwTO5cR0FQxhYVtl8fj…)
[04:29:12]   downloaded 1,208.0 MB in 33.1s (36.5 MB/s)
[04:30:07]   upload done video_id=26032962 in 54.2s
[04:30:08] film cr_film_id=28417 OK in 90.0s
[04:30:08] iteration 17/20
[04:30:08] film cr_film_id=9147 name='One Mile: Chapter Two (2026) CZ Titulky' candidates=1
[04:30:08]   candidate upload_id=1d53f93a9bbf2e18 url=https://prehraj.to/one-mile-chapter-two-2026-cz-tit-1080p/1d53f93a9bbf2e18
[04:30:09]   resolve FAILED: HTTP 502 wrapping permanent upstream error: https://prehraj.to/one-mile-chapter-two-2026-cz-tit-1080p/1d53f93a9bbf2e18 (permanent=True)
[04:30:09] film cr_film_id=9147 all candidates exhausted
[04:30:09] iteration 18/20
[04:30:09] film cr_film_id=7445 name='One Mile: Chapter One (2026) CZ Titulky' candidates=3
[04:30:09]   candidate upload_id=df55d4bce4469898 url=https://prehraj.to/one-mile-chapter-one-2026-cz-titulky-mkv/df55d4bce4469898
[04:30:14]   resolve FAILED: HTTP 502 wrapping permanent upstream error: https://prehraj.to/one-mile-chapter-one-2026-cz-titulky-mkv/df55d4bce4469898 (permanent=True)
[04:30:14]   candidate upload_id=1de2fbc127db6005 url=https://prehraj.to/one-mile-chapter-one-2026-cz-titulky/1de2fbc127db6005
[04:30:20]   resolved in 6.0s → 720p (https://pf-storage3.premiumcdn.net/166246031/4LMT5diVJsWEs0XSaQH07iqzHpRsXaIeduY…)
[04:31:21]   downloaded 2,177.3 MB in 59.3s (36.7 MB/s)
[04:32:37]   upload done video_id=26032997 in 76.7s
[04:32:39] film cr_film_id=7445 OK in 149.8s
[04:32:39] iteration 19/20
[04:32:39] film cr_film_id=15759 name='Následky (2026) CZ Titulky' candidates=4
[04:32:39]   candidate upload_id=80b30e077ffad31b url=https://prehraj.to/nasledky-2026-hd-cz-tit-mkv-mp4/80b30e077ffad31b
[04:32:40]   resolved in 1.1s → 720p (https://pf-storage5.premiumcdn.net/168569953/xb8T2oiqGtM8T3VugrI5riYPTqYIAyFq6Tg…)
[04:33:19]   downloaded 1,410.9 MB in 38.6s (36.6 MB/s)
[04:34:29]   upload done video_id=26033037 in 69.2s
[04:34:30] film cr_film_id=15759 OK in 111.2s
[04:34:30] iteration 20/20
[04:34:30] film cr_film_id=28635 name='Najdou si tě (2026) CZ Titulky' candidates=15
[04:34:30]   candidate upload_id=f3d9998d9693044b url=https://prehraj.to/they-will-kill-you-2026-1080p-telesync-x264-syncup/f3d9998d9693044b
[04:34:31]   resolved in 0.8s → 720p (https://pf-storage5.premiumcdn.net/168078325/drDHepIzwt6RfGZu30T4PIadhLDCeQU6et9…)
[04:35:25]   downloaded 1,975.2 MB in 53.1s (37.2 MB/s)
[04:36:45]   upload done video_id=26033075 in 80.1s
[04:36:46] film cr_film_id=28635 OK in 136.5s
[04:36:46] batch-end ok=19 failed=1 dur=2215.4s avg/film=116.6s remaining=9512 eta_hours=308.1

===== run 2026-06-17T04:37:16Z shard=1/2 batch_size=20 (https://github.com/Olbrasoft/prehrajto-to-prehrajto/actions/runs/27666104096) =====
[04:37:17] batch-start shard=1/2 count=20 backlog=10210 uploads=698 failed_attempts=23 description_overrides=0
[04:37:17] login
[04:37:18] login done
[04:37:18] iteration 1/20
[04:37:18] film cr_film_id=28821 name='Melania (2026) CZ Titulky' candidates=4
[04:37:18]   candidate upload_id=d1920efd2f78b085 url=https://prehraj.to/melania-2026-cz-titulky-1080p/d1920efd2f78b085
[04:37:19]   resolved in 1.2s → 720p (https://pf-storage3.premiumcdn.net/167531531/a0zca5fD1cjkS5xCM5tXRf4osVWhy3i3KiY…)
[04:38:16]   downloaded 1,916.3 MB in 56.0s (34.2 MB/s)
[04:39:23]   upload done video_id=26033131 in 66.5s
[04:39:24] film cr_film_id=28821 OK in 126.3s
[04:39:24] iteration 2/20
[04:39:24] film cr_film_id=16359 name='Killer Whale (2026) CZ Titulky' candidates=6
[04:39:24]   candidate upload_id=8f2ae089579478e3 url=https://prehraj.to/killer-whale-2026-cz-titulky-1080p-mp4/8f2ae089579478e3
[04:39:26]   resolved in 1.3s → 720p (https://pf-storage3.premiumcdn.net/163701956/wJVuXgIGrhmOfYQIw3TERIa9t40HPBs56sq…)
[04:40:09]   downloaded 1,534.7 MB in 42.0s (36.5 MB/s)
[04:41:10]   upload done video_id=26033147 in 61.2s
[04:41:11] film cr_film_id=16359 OK in 107.1s
[04:41:11] iteration 3/20
[04:41:11] film cr_film_id=29047 name='Insidious Tales (2026) CZ Titulky' candidates=2
[04:41:11]   candidate upload_id=8512206856192df8 url=https://prehraj.to/insidious-tales-2026-cz-titulky/8512206856192df8
[04:41:12]   resolved in 1.0s → 720p (https://pf-storage4.premiumcdn.net/167104184/4WdtoBFj5cP7TplUXluxnF3ZsxGCdRI7WIg…)
[04:41:33]   downloaded 668.9 MB in 19.4s (34.5 MB/s)
[04:42:03]   upload done video_id=26033165 in 29.8s
[04:42:04] film cr_film_id=29047 OK in 52.5s
[04:42:04] iteration 4/20
[04:42:04] film cr_film_id=14845 name='Hellfire (2026) CZ Titulky' candidates=6
[04:42:04]   candidate upload_id=2547143a231c306c url=https://prehraj.to/hellfire-2026-cz-titulky-2160p/2547143a231c306c
[04:42:05]   resolved in 1.1s → 720p (https://pf-storage3.premiumcdn.net/166885979/Qxgf2oUBVuwYuLJHXAsO4UxPTKkHZLSBoIY…)
[04:42:44]   downloaded 1,398.1 MB in 38.1s (36.7 MB/s)
[04:44:00]   upload done video_id=26033180 in 75.7s
[04:44:01] film cr_film_id=14845 OK in 117.2s
[04:44:01] iteration 5/20
[04:44:01] film cr_film_id=37273 name='Faces of Death (2026) CZ Titulky' candidates=6
[04:44:01]   candidate upload_id=06f64bd41a3eb20b url=https://prehraj.to/faces-of-death-2026-1080p-amzn-web-dl-ddp5-1-h-264-scope-mkv/06f64bd41a3eb20b
[04:44:02]   resolved in 1.1s → 720p (https://pf-storage6.premiumcdn.net/171621353/5VpfLeFRYImOH2NiLqtg4FWyce2uZEIANs4…)
[04:44:53]   downloaded 1,439.4 MB in 49.5s (29.1 MB/s)
[04:45:55]   upload done video_id=26033203 in 61.7s
[04:45:56] film cr_film_id=37273 OK in 114.8s
[04:45:56] iteration 6/20
[04:45:56] film cr_film_id=9935 name='Do Not Enter (2026) CZ Titulky' candidates=7
[04:45:56]   candidate upload_id=c23e45385dbf7d33 url=https://prehraj.to/do-not-enter-2026-cz-titulky-1080p-mkv/c23e45385dbf7d33
[04:45:57]   resolved in 1.1s → 720p (https://pf-storage3.premiumcdn.net/167501663/OwYFXOf3XHnEsrOSa0cq9fvqSlyid8ieJUy…)
[04:46:29]   downloaded 1,094.6 MB in 30.2s (36.2 MB/s)
[04:47:05]   upload done video_id=26033220 in 36.2s
[04:47:06] film cr_film_id=9935 OK in 70.0s
[04:47:06] iteration 7/20
[04:47:06] film cr_film_id=33871 name='Dirty Hands (2026) CZ Titulky' candidates=2
[04:47:06]   candidate upload_id=e5d0652848a8978b url=https://prehraj.to/dirty-hands-2026-1080p-web-dl-ddp5-1-x264-cz-tit-mkv/e5d0652848a8978b
[04:47:07]   resolved in 0.9s → 1080p (https://pf-storage6.premiumcdn.net/170410715/NDnSpWU1wtoAulXf7GijGUx8C6dFmEunDsG…)
[04:48:01]   downloaded 1,539.5 MB in 53.3s (28.9 MB/s)
[04:48:52]   upload done video_id=26033251 in 51.3s
[04:48:53] film cr_film_id=33871 OK in 107.6s
[04:48:53] iteration 8/20
[04:48:53] film cr_film_id=31537 name='Caught by Love (2026) CZ Titulky' candidates=2
[04:48:53]   candidate upload_id=ecc83b5895500602 url=https://prehraj.to/caught-by-love-2026-hd-cz-tit-mp4/ecc83b5895500602
[04:48:54]   resolved in 1.1s → 1080p (https://pf-storage5.premiumcdn.net/164230283/R01TPES3kibPUv7UYEFnGSWYT4RIbOIx3Hm…)
[04:50:12]   downloaded 2,289.5 MB in 76.3s (30.0 MB/s)
[04:51:37]   upload done video_id=26033302 in 85.4s
[04:51:38] film cr_film_id=31537 OK in 165.1s
[04:51:38] iteration 9/20
[04:51:38] film cr_film_id=9299 name='Your Host (2025) CZ Titulky' candidates=2
[04:51:38]   candidate upload_id=fbee3b113c9cc624 url=https://prehraj.to/your-host-2025-1080p-webrip-x264-aac5-1-yts-mx-mp4/fbee3b113c9cc624
[04:51:39]   resolved in 0.9s → 720p (https://pf-storage3.premiumcdn.net/155262684/mnNieNSoaUjvTxPuOpH6oSvKilmikWt2ahr…)
[04:52:14]   downloaded 1,256.5 MB in 33.9s (37.1 MB/s)
[04:53:03]   upload done video_id=26033344 in 48.4s
[04:53:04] film cr_film_id=9299 OK in 85.4s
[04:53:04] iteration 10/20
[04:53:04] film cr_film_id=28761 name='Vleesdag (2025) CZ Titulky' candidates=3
[04:53:04]   candidate upload_id=14cd5226a08a9c8a url=https://prehraj.to/vleesdag-meat-kills-2025-720p-webrip-x264-aac-yts-mx-cz-tit-mkv/14cd5226a08a9c8a
[04:53:05]   resolved in 1.0s → 480p (https://pf-storage5.premiumcdn.net/155239641/07rT36I19sgbHORuPrI2VIzptewCQocLnso…)
[04:53:22]   downloaded 555.3 MB in 16.3s (34.1 MB/s)
[04:53:44]   upload done video_id=26033361 in 21.6s
[04:53:45] film cr_film_id=28761 OK in 41.3s
[04:53:45] iteration 11/20
[04:53:45] film cr_film_id=15587 name='Valiant One (2025) CZ Titulky' candidates=1
[04:53:45]   candidate upload_id=6821f3554a309 url=https://prehraj.to/valiant-one-2025-cztit-v-obraze-1080p/6821f3554a309
[04:53:46]   resolved in 0.9s → 720p (https://pf-storage4.premiumcdn.net/137860877/lRLsOBhwKH1vs7eiyzIwqhqPH7yiEwhXMCD…)
[04:54:33]   downloaded 1,686.3 MB in 45.7s (36.9 MB/s)
[04:55:50]   upload done video_id=26033392 in 77.3s
[04:55:51] film cr_film_id=15587 OK in 126.1s
[04:55:51] iteration 12/20
[04:55:51] film cr_film_id=16457 name='This Is Not a Test (2025) CZ Titulky' candidates=3
[04:55:51]   candidate upload_id=081723a55c2519a3 url=https://prehraj.to/this-is-not-a-test-2025-1080p-webrip-x264-aac5-1-yts-bz-mp4/081723a55c2519a3
[04:55:52]   resolved in 0.8s → 720p (https://pf-storage4.premiumcdn.net/167137004/AdmT8ofq4SWquaXuZXUN9fvLT4gUGPUg2Ub…)
[04:56:28]   downloaded 1,276.6 MB in 35.3s (36.2 MB/s)
[04:57:11]   upload done video_id=26033434 in 42.8s
[04:57:12] film cr_film_id=16457 OK in 81.2s
[04:57:12] iteration 13/20
[04:57:12] film cr_film_id=15867 name='The World Will Tremble (2025) CZ Titulky' candidates=2
[04:57:12]   candidate upload_id=69034332b8008 url=https://prehraj.to/the-world-will-tremble-2025-cz-titulky-v-obraze/69034332b8008
[04:57:13]   resolved in 0.8s → 720p (https://pf-storage5.premiumcdn.net/154434009/qajtv5hYRHo4FpaS4JhOBhZvU0WfVqun4CV…)
[04:58:14]   downloaded 2,217.7 MB in 59.6s (37.2 MB/s)
[04:59:45]   upload done video_id=26033470 in 91.2s
[04:59:46] film cr_film_id=15867 OK in 153.8s
[04:59:46] iteration 14/20
[04:59:46] film cr_film_id=31501 name='The Omro Heist (2025) CZ Titulky' candidates=3
[04:59:46]   candidate upload_id=7e3be90099e6bafd url=https://prehraj.to/the-omro-heist-2025-hd-cz-tit-mkv-mp4/7e3be90099e6bafd
[04:59:47]   resolved in 0.8s → 720p (https://pf-storage3.premiumcdn.net/163227077/Mrwtb6u7EivmsdlfnNcbjubGS5ECZAHz4cp…)
[05:00:28]   downloaded 1,155.6 MB in 40.2s (28.7 MB/s)
[05:01:25]   upload done video_id=26033524 in 57.2s
[05:01:26] film cr_film_id=31501 OK in 100.2s
[05:01:26] iteration 15/20
[05:01:26] film cr_film_id=16091 name='The Morrigan (2025) CZ Titulky' candidates=4
[05:01:26]   candidate upload_id=eb9fbd0dfa002b4d url=https://prehraj.to/the-morrigan-2025-1080p-webrip-x264-aac5-1-yts-bz-mp4/eb9fbd0dfa002b4d
[05:01:28]   resolved in 1.2s → 720p (https://pf-storage4.premiumcdn.net/167346050/YzWsM2cqbt8MUAGtMDSvXcwLI4GUAoiGBsl…)
[05:02:02]   downloaded 960.5 MB in 33.3s (28.8 MB/s)
[05:02:40]   upload done video_id=26033560 in 37.9s
[05:02:42] film cr_film_id=16091 OK in 75.2s
[05:02:42] iteration 16/20
[05:02:42] film cr_film_id=20985 name='The King of Kings (2025) CZ Titulky' candidates=1
[05:02:42]   candidate upload_id=6873c93f5bf46 url=https://prehraj.to/the-king-of-kings-2025-cztit-1080p/6873c93f5bf46
[05:02:42]   resolve FAILED: HTTP 502 wrapping permanent upstream error: https://prehraj.to/the-king-of-kings-2025-cztit-1080p/6873c93f5bf46 (permanent=True)
[05:02:42] film cr_film_id=20985 all candidates exhausted
[05:02:42] iteration 17/20
[05:02:42] film cr_film_id=1075 name='The Ballad of Wallis Island (2025) CZ Titulky' candidates=12
[05:02:42]   candidate upload_id=685e4fcd78f7e url=https://prehraj.to/the-ballad-of-wallis-island-2025-1080p-cz-sub/685e4fcd78f7e
[05:02:48]   resolved in 5.9s → 720p (https://pf-storage5.premiumcdn.net/140793668/y1AsVYF8eCyVtJbS57TWqFZvs9zUVbCrkSJ…)
[05:03:36]   downloaded 1,753.7 MB in 46.7s (37.6 MB/s)
[05:05:58]   upload done video_id=26033596 in 142.1s
[05:05:59] film cr_film_id=1075 OK in 196.8s
[05:05:59] iteration 18/20
[05:05:59] film cr_film_id=16003 name='Stín podezření (2025) CZ Titulky' candidates=2
[05:05:59]   candidate upload_id=68f7ee154b6d1 url=https://prehraj.to/my-father-the-btk-killer-2025-cz-titulky-novinka-mp4/68f7ee154b6d1
[05:06:00]   resolved in 0.9s → 1080p (https://pf-storage4.premiumcdn.net/152788602/YkwSOwHR2iMxSALi0vFnRH7NSWZi8xCa0iM…)
[05:06:52]   downloaded 1,771.6 MB in 51.4s (34.5 MB/s)
[05:08:08]   upload done video_id=26033677 in 75.8s
[05:08:09] film cr_film_id=16003 OK in 130.3s
[05:08:09] iteration 19/20
[05:08:09] film cr_film_id=9001 name='Stone Cold Fox (2025) CZ Titulky' candidates=1
[05:08:09]   candidate upload_id=51f42015f3f9bdac url=https://prehraj.to/stone-cold-fox-2025-2160p-web-dl-ddp5-1-hevc-cz-tit-mkv/51f42015f3f9bdac
[05:08:10]   resolved in 1.1s → 1080p (https://pf-storage4.premiumcdn.net/165820103/l2OHe1SPvUGPCOLsMZikwSzPCaqcLkCdEf9…)
[05:10:35]   downloaded 5,482.1 MB in 144.0s (38.1 MB/s)
[05:15:16]   upload done video_id=26033756 in 280.7s
[05:15:17] film cr_film_id=9001 OK in 428.3s
[05:15:17] iteration 20/20
[05:15:17] film cr_film_id=28601 name='Stans (2025) CZ Titulky' candidates=1
[05:15:17]   candidate upload_id=b4cc863ad7119e47 url=https://prehraj.to/stans-2025-1080p-webrip-ddp-5-1-10bit-h-265-ivy-mkv/b4cc863ad7119e47
[05:15:18]   resolve FAILED: HTTP 502 wrapping permanent upstream error: https://prehraj.to/stans-2025-1080p-webrip-ddp-5-1-10bit-h-265-ivy-mkv/b4cc863ad7119e47 (permanent=True)
[05:15:18] film cr_film_id=28601 all candidates exhausted
[05:15:18] batch-end ok=18 failed=2 dur=2280.0s avg/film=126.7s remaining=9494 eta_hours=334.1

===== run 2026-06-17T05:16:44Z shard=1/2 batch_size=20 (https://github.com/Olbrasoft/prehrajto-to-prehrajto/actions/runs/27667470871) =====
[05:16:47] batch-start shard=1/2 count=20 backlog=10210 uploads=716 failed_attempts=25 description_overrides=0
[05:16:47] login
[05:16:49] login done
[05:16:49] iteration 1/20
[05:16:49] film cr_film_id=9159 name='Stand Your Ground (2025) CZ Titulky' candidates=10
[05:16:49]   candidate upload_id=687e353a34b77 url=https://prehraj.to/stand-your-ground-2025-cz-titulky-1080p-mp4/687e353a34b77
[05:16:51]   resolved in 1.5s → 720p (https://pf-storage4.premiumcdn.net/141903440/nLrS1Ds14HlAtPpFzgH61sNMFJPUK4ix6i9…)
[05:18:01]   downloaded 1,217.8 MB in 68.2s (17.9 MB/s)
[05:19:24]   upload done video_id=26033897 in 83.5s
[05:19:26] film cr_film_id=9159 OK in 157.1s
[05:19:26] iteration 2/20
[05:19:26] film cr_film_id=16453 name='Socky na vzestupu (2025) CZ Titulky' candidates=1
[05:19:26]   candidate upload_id=67c898848718c url=https://prehraj.to/sosyal-climbers-2025-cztitulky-mp4/67c898848718c
[05:19:27]   resolved in 1.2s → 1080p (https://pf-storage5.premiumcdn.net/131403665/8nXfqPSG9FzbIEWhn8UlvS81c3OHb9iolCj…)
[05:22:02]   downloaded 2,802.9 MB in 153.2s (18.3 MB/s)
[05:24:47]   upload done video_id=26033990 in 165.0s
[05:24:49] film cr_film_id=16453 OK in 322.8s
[05:24:49] iteration 3/20
[05:24:49] film cr_film_id=17497 name='Silent Zone (2025) CZ Titulky' candidates=4
[05:24:49]   candidate upload_id=67d7b6e62dc36 url=https://prehraj.to/silent-zone-2025-cz-titulky-1080p/67d7b6e62dc36
[05:24:50]   resolved in 1.2s → 720p (https://pf-storage3.premiumcdn.net/132332267/5q2hAVSVlsWjszXUyWTlmSopcKmtQ4IRXfY…)
[05:26:52]   downloaded 2,695.2 MB in 120.3s (22.4 MB/s)
[05:29:37]   upload done video_id=26034122 in 164.9s
[05:29:39] film cr_film_id=17497 OK in 289.9s
[05:29:39] iteration 4/20
[05:29:39] film cr_film_id=16253 name='Roseovi (2025) CZ Titulky' candidates=3
[05:29:39]   candidate upload_id=09d2e1f235865774 url=https://prehraj.to/the-roses-2025-cz-titulky-mp4/09d2e1f235865774
[05:29:40]   resolved in 1.2s → 720p (https://pf-storage1.premiumcdn.net/156779213/4DXhNeUXrfzltlJu1AIeWUmRcZ2Fxys57sz…)
[05:30:40]   downloaded 1,261.0 MB in 58.0s (21.7 MB/s)
[05:32:08]   upload done video_id=26034176 in 88.4s
[05:32:10] film cr_film_id=16253 OK in 151.3s
[05:32:10] iteration 5/20
[05:32:10] film cr_film_id=8639 name='Riziko útěku (2025) CZ Titulky' candidates=7
[05:32:10]   candidate upload_id=782a9895ed81c802 url=https://prehraj.to/flight-risk-riziko-uteku-mark-wahlberg-michelle-dockery-topher-grace-2025-akcni-krimi-drama-thriller-bdrip-1080p-en-dabing-cz-titulky/782a9895ed81c802
[05:32:13]   resolved in 3.1s → 720p (https://pf-storage3.premiumcdn.net/156804110/j6PS4qHQ6tY6uVXI14I9eH0lSX6I8NfOzf2…)
[05:33:39]   downloaded 1,500.2 MB in 83.3s (18.0 MB/s)
[05:35:05]   upload done video_id=26034213 in 86.2s
[05:35:06] film cr_film_id=8639 OK in 176.2s
[05:35:06] iteration 6/20
[05:35:06] film cr_film_id=9743 name='Rituál (2025) CZ Titulky' candidates=4
[05:35:06]   candidate upload_id=c930844ad262812b url=https://prehraj.to/ritual-2025-cz-titulky-1080p-mkv/c930844ad262812b
[05:35:07]   resolve FAILED: HTTP 502 wrapping permanent upstream error: https://prehraj.to/ritual-2025-cz-titulky-1080p-mkv/c930844ad262812b (permanent=True)
[05:35:07]   candidate upload_id=2c3bf709767ebc2e url=https://prehraj.to/the-ritual-2025-en-cztit-1080p-bh/2c3bf709767ebc2e
[05:35:13]   resolve FAILED: HTTP 502 wrapping permanent upstream error: https://prehraj.to/the-ritual-2025-en-cztit-1080p-bh/2c3bf709767ebc2e (permanent=True)
[05:35:13]   candidate upload_id=8870a4ddbfe58b97 url=https://prehraj.to/the-ritual-2025-en-cztit-1080p/8870a4ddbfe58b97
[05:35:19]   resolve FAILED: HTTP 502 wrapping permanent upstream error: https://prehraj.to/the-ritual-2025-en-cztit-1080p/8870a4ddbfe58b97 (permanent=True)
[05:35:19]   candidate upload_id=10b80301cc024b5f url=https://prehraj.to/the-ritual-2025-en-cztit-1080p-behe/10b80301cc024b5f
[05:35:25]   resolve FAILED: HTTP 502 wrapping permanent upstream error: https://prehraj.to/the-ritual-2025-en-cztit-1080p-behe/10b80301cc024b5f (permanent=True)
[05:35:25] film cr_film_id=9743 all candidates exhausted
[05:35:25] iteration 7/20
[05:35:25] film cr_film_id=31507 name='Ritual (2025) CZ Titulky' candidates=5
[05:35:25]   candidate upload_id=eef1d0c28f8aa6a7 url=https://prehraj.to/ritual-2025-cz-titulky-1080p-mkv-mp4/eef1d0c28f8aa6a7
[05:35:31]   resolve FAILED: HTTP 502 wrapping permanent upstream error: https://prehraj.to/ritual-2025-cz-titulky-1080p-mkv-mp4/eef1d0c28f8aa6a7 (permanent=True)
[05:35:31]   candidate upload_id=f409b469ab91f913 url=https://prehraj.to/ritual-2025-cz-titulky-1080p-mkv-mp4/f409b469ab91f913
[05:35:36]   resolve FAILED: HTTP 502 wrapping permanent upstream error: https://prehraj.to/ritual-2025-cz-titulky-1080p-mkv-mp4/f409b469ab91f913 (permanent=True)
[05:35:36]   candidate upload_id=6056dcbbdc4d4391 url=https://prehraj.to/ritual-2025-cz-titulky-1080p-mkv-mp4/6056dcbbdc4d4391
[05:35:42]   resolve FAILED: HTTP 502 wrapping permanent upstream error: https://prehraj.to/ritual-2025-cz-titulky-1080p-mkv-mp4/6056dcbbdc4d4391 (permanent=True)
[05:35:42]   candidate upload_id=5e647618f660901e url=https://prehraj.to/ritual-2025-cz-titulky-1080p-mkv-mp4/5e647618f660901e
[05:35:48]   resolve FAILED: HTTP 502 wrapping permanent upstream error: https://prehraj.to/ritual-2025-cz-titulky-1080p-mkv-mp4/5e647618f660901e (permanent=True)
[05:35:48]   candidate upload_id=6873d1e41cb99 url=https://prehraj.to/ritual-2025-cz-jablgo-mp4/6873d1e41cb99
[05:35:54]   resolved in 6.2s → 720p (https://pf-storage5.premiumcdn.net/141562205/nvlTEAuPKtxet4jFV2CEXuDmiB4Cvmiqmh3…)
[05:36:37]   downloaded 883.1 MB in 40.8s (21.6 MB/s)
[05:37:38]   upload done video_id=26034247 in 60.8s
[05:37:39] film cr_film_id=31507 OK in 134.4s
[05:37:39] iteration 8/20
[05:37:39] film cr_film_id=34389 name='Riley (2025) CZ Titulky' candidates=1
[05:37:39]   candidate upload_id=50d7fc24bc0b602b url=https://prehraj.to/riley-2023-en-cz-tit-mkv/50d7fc24bc0b602b
[05:37:40]   resolved in 1.2s → 480p (https://pf-storage1.premiumcdn.net/161719928/ddluLocZjuzjfo6sPacXBcnEHZzsW5SonTx…)
[05:38:14]   downloaded 667.7 MB in 31.8s (21.0 MB/s)
[05:38:56]   upload done video_id=26034267 in 42.1s
[05:38:57] film cr_film_id=34389 OK in 78.5s
[05:38:57] iteration 9/20
[05:38:57] film cr_film_id=5299 name='Redux Redux (2025) CZ Titulky' candidates=3
[05:38:57]   candidate upload_id=c98b6dc4899c003d url=https://prehraj.to/redux-redux-2025-cz-titulky-1080p-mp4/c98b6dc4899c003d
[05:38:59]   resolved in 1.4s → 720p (https://pf-storage4.premiumcdn.net/166082921/QaqSznUvpTOdUwBionfQqUg7T6rC5ZsoATX…)
[05:40:01]   downloaded 1,350.7 MB in 60.5s (22.3 MB/s)
[05:41:29]   upload done video_id=26034287 in 87.4s
[05:41:30] film cr_film_id=5299 OK in 152.7s
[05:41:30] iteration 10/20
[05:41:30] film cr_film_id=8635 name='PŘÍSLIB SRDCE (2025) CZ Titulky' candidates=5
[05:41:30]   candidate upload_id=68019cd4e922a url=https://prehraj.to/prislib-srdce-2025-cz-titulky-1080p-mp4/68019cd4e922a
[05:41:32]   resolved in 1.7s → 720p (https://pf-storage3.premiumcdn.net/135538760/m7vSBzfOBcw7t7eIPxfaMf5DCX5FvDtVyhd…)
[05:42:56]   downloaded 1,509.9 MB in 82.5s (18.3 MB/s)
[05:44:43]   upload done video_id=26034322 in 106.4s
[05:44:44] film cr_film_id=8635 OK in 194.2s
[05:44:44] iteration 11/20
[05:44:44] film cr_film_id=28495 name='Pět rande (2025) CZ Titulky' candidates=4
[05:44:44]   candidate upload_id=67cb1b4c1fafb url=https://prehraj.to/pet-rande-2025-cz-titulky-1080p/67cb1b4c1fafb
[05:44:45]   resolved in 1.1s → 720p (https://pf-storage5.premiumcdn.net/131576339/MoYu01cqrIgOHx4U6DHyjc5Wi9ohYAFOrfp…)
[05:46:00]   downloaded 1,655.7 MB in 72.1s (23.0 MB/s)
[05:47:42]   upload done video_id=26034360 in 101.9s
[05:47:44] film cr_film_id=28495 OK in 179.9s
[05:47:44] iteration 12/20
[05:47:44] film cr_film_id=35759 name='Putin (2025) CZ Titulky' candidates=1
[05:47:44]   candidate upload_id=c0892b5a47739bc6 url=https://prehraj.to/putin-2025-cz-tit/c0892b5a47739bc6
[05:47:46]   resolved in 1.6s → 1080p (https://pf-storage3.premiumcdn.net/167569535/xgbHPEIdlTERTnoijQs42ID0cljtaXHRaTG…)
[05:47:48]   oversize: 6522978672 B > 6000000000 B, skip
[05:47:48] film cr_film_id=35759 all candidates exhausted
[05:47:48] iteration 13/20
[05:47:48] film cr_film_id=37003 name='Polosladší (2025) CZ Titulky' candidates=3
[05:47:48]   candidate upload_id=552c5226d67f0831 url=https://prehraj.to/polosladsi-2025-cz-titulky-mkv/552c5226d67f0831
[05:47:52]   resolved in 3.9s → 720p (https://pf-storage4.premiumcdn.net/167369582/EwztoZTKzHyXsVYHYliLjT1zFYvi0MiKyu2…)
[05:49:20]   downloaded 1,612.3 MB in 86.1s (18.7 MB/s)
[05:50:51]   upload done video_id=26034381 in 90.8s
[05:50:53] film cr_film_id=37003 OK in 184.5s
[05:50:53] iteration 14/20
[05:50:53] film cr_film_id=28459 name='Pohled do slunce (2025) CZ Titulky' candidates=1
[05:50:53]   candidate upload_id=78daab10f2ace940 url=https://prehraj.to/pohled-do-slunce-2025-cz-titulky-hd-mp4/78daab10f2ace940
[05:50:54]   resolved in 1.4s → 1080p (https://pf-storage1.premiumcdn.net/162985505/ogysJnSbOHMPs2BierF6PSwgTD1tLDHOkTk…)
[05:53:43]   downloaded 3,813.7 MB in 166.5s (22.9 MB/s)
[05:57:20]   upload done video_id=26034421 in 217.3s
[05:57:21] film cr_film_id=28459 OK in 388.8s
[05:57:21] iteration 15/20
[05:57:21] film cr_film_id=1273 name='Panství Downton: Velké finále (2025) CZ Titulky' candidates=5
[05:57:21]   candidate upload_id=3370f57068cfed96 url=https://prehraj.to/downton-abbey-the-grand-finale-2025-1080p-webrip-x264-aac5-1-yts-mx-mp4/3370f57068cfed96
[05:57:23]   resolved in 1.5s → 720p (https://pf-storage3.premiumcdn.net/155207346/a1AtQvulWs1ZidlTmyhkeuyWCRliwmsE8Ua…)
[05:59:15]   downloaded 1,975.6 MB in 109.9s (18.0 MB/s)
[06:01:07]   upload done video_id=26034461 in 112.2s
[06:01:08] film cr_film_id=1273 OK in 227.1s
[06:01:08] iteration 16/20
[06:01:08] film cr_film_id=35785 name='Pan Nikdo proti Putinovi (2025) CZ Titulky' candidates=2
[06:01:08]   candidate upload_id=87aec3e89d213cf8 url=https://prehraj.to/pan-nikdo-proti-putinovi-2025-cz-tit-1080p/87aec3e89d213cf8
[06:01:09]   resolve FAILED: HTTP 502 wrapping permanent upstream error: https://prehraj.to/pan-nikdo-proti-putinovi-2025-cz-tit-1080p/87aec3e89d213cf8 (permanent=True)
[06:01:09]   candidate upload_id=b31818641b5d1bbf url=https://prehraj.to/pan-nikdo-proti-putinovi-mr-nobody-mod-putin-2025/b31818641b5d1bbf
[06:01:15]   resolve FAILED: HTTP 502 wrapping permanent upstream error: https://prehraj.to/pan-nikdo-proti-putinovi-mr-nobody-mod-putin-2025/b31818641b5d1bbf (permanent=True)
[06:01:15] film cr_film_id=35785 all candidates exhausted
[06:01:15] iteration 17/20
[06:01:15] film cr_film_id=8619 name='Ozvěna (2025) CZ Titulky' candidates=1
[06:01:15]   candidate upload_id=98cd85c12816fce9 url=https://prehraj.to/ozvena-2025-hd-cz-tit/98cd85c12816fce9
[06:01:21]   resolve FAILED: HTTP 502 wrapping permanent upstream error: https://prehraj.to/ozvena-2025-hd-cz-tit/98cd85c12816fce9 (permanent=True)
[06:01:21] film cr_film_id=8619 all candidates exhausted
[06:01:21] iteration 18/20
[06:01:21] film cr_film_id=37011 name='Our Girls (2025) CZ Titulky' candidates=4
[06:01:21]   candidate upload_id=523029fd603b9ac9 url=https://prehraj.to/our-girls-2025-cz-tit-mkv/523029fd603b9ac9
[06:01:27]   resolved in 6.2s → 720p (https://pf-storage1.premiumcdn.net/161874086/JjDFwLc0oF3wcVPsJRtY2cnJF8GI7KcQjTn…)
[06:02:32]   downloaded 1,103.1 MB in 63.1s (17.5 MB/s)
[06:03:34]   upload done video_id=26034487 in 62.2s
[06:03:36] film cr_film_id=37011 OK in 135.0s
[06:03:36] iteration 19/20
[06:03:36] film cr_film_id=9451 name='Osiris (2025) CZ Titulky' candidates=4
[06:03:36]   candidate upload_id=6883b28d9cda1 url=https://prehraj.to/osiris-2025-1080p-cz-titulky/6883b28d9cda1
[06:03:37]   resolved in 1.1s → 720p (https://pf-storage4.premiumcdn.net/142205252/1m2hoQuzKUDpSy4H1Qc6guz4fGxTDbtz6C3…)
[06:04:46]   downloaded 1,515.7 MB in 67.6s (22.4 MB/s)
[06:06:19]   upload done video_id=26034506 in 92.4s
[06:06:20] film cr_film_id=9451 OK in 164.7s
[06:06:20] iteration 20/20
[06:06:20] film cr_film_id=16127 name='Opus (2025) CZ Titulky' candidates=7
[06:06:20]   candidate upload_id=688a76c03f100 url=https://prehraj.to/opus-2025-1080p-cz-titulky/688a76c03f100
[06:06:21]   resolved in 1.2s → 720p (https://pf-storage3.premiumcdn.net/142543637/1ymf0KT49SDGFOeHQWUWvTGXfojC0AcVds0…)
[06:08:02]   downloaded 1,790.1 MB in 98.4s (18.2 MB/s)
[06:09:46]   upload done video_id=26034526 in 104.1s
[06:09:48] film cr_film_id=16127 OK in 207.3s
[06:09:48] batch-end ok=16 failed=4 dur=3178.6s avg/film=198.7s remaining=9478 eta_hours=523.1

===== run 2026-06-17T06:10:18Z shard=1/2 batch_size=20 (https://github.com/Olbrasoft/prehrajto-to-prehrajto/actions/runs/27669493070) =====
[06:10:19] batch-start shard=1/2 count=20 backlog=10210 uploads=732 failed_attempts=37 description_overrides=0
[06:10:19] login
[06:10:20] login done
[06:10:20] iteration 1/20
[06:10:20] film cr_film_id=36975 name='Obyčejná žena (2025) CZ Titulky' candidates=3
[06:10:20]   candidate upload_id=6885f226871b5 url=https://prehraj.to/obycejna-zena-2025-cz-titulky-hd-1080p/6885f226871b5
[06:10:21]   resolved in 1.0s → 1080p (https://pf-storage3.premiumcdn.net/142285400/1yrFWkTObU9QCXYiqNiGPTlJC3DF9kTP5cj…)
[06:11:26]   downloaded 1,767.5 MB in 63.3s (27.9 MB/s)
[06:12:34]   upload done video_id=26034547 in 67.2s
[06:12:35] film cr_film_id=36975 OK in 134.6s
[06:12:35] iteration 2/20
[06:12:35] film cr_film_id=14217 name='No Me Sigas (2025) CZ Titulky' candidates=7
[06:12:35]   candidate upload_id=dd98d618c47fc58b url=https://prehraj.to/no-me-sigas-2025-cz-sub/dd98d618c47fc58b
[06:12:36]   resolved in 1.0s → 1080p (https://pf-storage3.premiumcdn.net/165869366/qmPsEpUXac0OIo9SNYsXJUyGCdxuLDI2wf0…)
[06:14:09]   downloaded 2,221.5 MB in 91.7s (24.2 MB/s)
[06:16:03]   upload done video_id=26034562 in 113.2s
[06:16:04] film cr_film_id=14217 OK in 208.8s
[06:16:04] iteration 3/20
[06:16:04] film cr_film_id=16349 name='Neztrácej naději (2025) CZ Titulky' candidates=7
[06:16:04]   candidate upload_id=dd1e6c370042d844 url=https://prehraj.to/neztracej-nadeji-2025-cz-titulky-1080p-mkv/dd1e6c370042d844
[06:16:05]   resolved in 1.0s → 720p (https://pf-storage3.premiumcdn.net/163378736/ok8tYZiGeh9nC83SaxU5Bib1ujMtpVC5OsE…)
[06:17:05]   downloaded 2,067.7 MB in 58.7s (35.2 MB/s)
[06:18:18]   upload done video_id=26034579 in 73.4s
[06:18:19] film cr_film_id=16349 OK in 135.7s
[06:18:19] iteration 4/20
[06:18:19] film cr_film_id=16423 name='Na dně (2025) CZ Titulky' candidates=7
[06:18:19]   candidate upload_id=68542d7139c67 url=https://prehraj.to/na-dne-broke-2025-hd-cz-tit-mp4/68542d7139c67
[06:18:21]   resolved in 1.0s → 720p (https://pf-storage5.premiumcdn.net/140281538/V1KFgjU2DUopHbOhmDs1GUmZS2JCmEfaECw…)
[06:19:33]   downloaded 1,965.3 MB in 70.7s (27.8 MB/s)
[06:20:47]   upload done video_id=26034596 in 74.3s
[06:20:48] film cr_film_id=16423 OK in 148.8s
[06:20:48] iteration 5/20
[06:20:48] film cr_film_id=37013 name='Mother of Flies (2025) CZ Titulky' candidates=1
[06:20:48]   candidate upload_id=f1ad6680aa0a24de url=https://prehraj.to/mother-of-flies-2025-cztitulky/f1ad6680aa0a24de
[06:20:51]   resolved in 2.9s → 1080p (https://pf-storage6.premiumcdn.net/170091676/0mKF7wIgwUNEHzWSGRSYNILmCROfwmf1LS8…)
[06:22:53]   downloaded 3,469.2 MB in 120.5s (28.8 MB/s)
[06:25:13]   upload done video_id=26034626 in 139.6s
[06:25:14] film cr_film_id=37013 OK in 265.7s
[06:25:14] iteration 6/20
[06:25:14] film cr_film_id=34591 name='Modrou stezkou (2025) CZ Titulky' candidates=1
[06:25:14]   candidate upload_id=b5b775413c081685 url=https://prehraj.to/modrou-stezkou-2025-cztit/b5b775413c081685
[06:25:15]   resolved in 1.0s → 1080p (https://pf-storage5.premiumcdn.net/163491353/q91SxDIpaFMVS9xcp8TxAIzphl4FvViMohq…)
[06:26:03]   downloaded 1,610.0 MB in 46.4s (34.7 MB/s)
[06:27:14]   upload done video_id=26034654 in 71.3s
[06:27:15] film cr_film_id=34591 OK in 121.3s
[06:27:15] iteration 7/20
[06:27:15] film cr_film_id=28149 name='Klaun v kukuřičném poli (2025) CZ Titulky' candidates=4
[06:27:15]   candidate upload_id=68d2e8da52bb0 url=https://prehraj.to/clown-in-a-cornfield-2025-cztitulky/68d2e8da52bb0
[06:27:16]   resolved in 1.1s → 480p (https://pf-storage4.premiumcdn.net/148087137/xwMF3WszohVEIBWipaUJKsekHMkcPXUL8hB…)
[06:27:41]   downloaded 776.5 MB in 23.2s (33.5 MB/s)
[06:28:09]   upload done video_id=26034671 in 28.3s
[06:28:11] film cr_film_id=28149 OK in 55.3s
[06:28:11] iteration 8/20
[06:28:11] film cr_film_id=20005 name='Kdybych měla nohy, tak ti nakopu (2025) CZ Titulky' candidates=6
[06:28:11]   candidate upload_id=6b515e6f877733e6 url=https://prehraj.to/kdybych-mela-nohy-tak-ti-nakopu-2026-cz-titulky-1080p-full-hd/6b515e6f877733e6
[06:28:12]   resolved in 1.2s → 720p (https://pf-storage5.premiumcdn.net/168826267/2Zbt6XfZLtQ8ukEiXyFbEfP5Fv1hXkiN1sj…)
[06:29:09]   downloaded 1,977.0 MB in 55.9s (35.4 MB/s)
[06:30:24]   upload done video_id=26034683 in 74.8s
[06:30:25] film cr_film_id=20005 OK in 134.5s
[06:30:25] iteration 9/20
[06:30:25] film cr_film_id=4885 name='Karate Kid: Legendy (2025) CZ Titulky' candidates=1
[06:30:25]   candidate upload_id=686d5e1c0ba5c url=https://prehraj.to/karate-kid-2025-cz-titulky/686d5e1c0ba5c
[06:30:26]   resolved in 1.0s → 720p (https://pf-storage5.premiumcdn.net/141385901/Bp8SLJfXPh8PsX9HaPTABfVOSeVIGJHyOUy…)
[06:31:12]   downloaded 1,524.5 MB in 44.2s (34.5 MB/s)
[06:32:47]   upload done video_id=26034696 in 95.5s
[06:32:48] film cr_film_id=4885 OK in 143.4s
[06:32:48] iteration 10/20
[06:32:48] film cr_film_id=31493 name='Kalendářový vrah (2025) CZ Titulky' candidates=1
[06:32:48]   candidate upload_id=6790fe0261448 url=https://prehraj.to/kalendarovy-vrah-2025-cz-titulky-hd-1080p/6790fe0261448
[06:32:49]   resolved in 1.0s → 720p (https://pf-storage1.premiumcdn.net/127974491/5QVHg5igzcOviZgSQDSZYipGcJet9ruGPtk…)
[06:33:25]   downloaded 1,182.5 MB in 34.2s (34.6 MB/s)
[06:34:23]   upload done video_id=26034716 in 57.9s
[06:34:24] film cr_film_id=31493 OK in 95.9s
[06:34:24] iteration 11/20
[06:34:24] film cr_film_id=16443 name='Ještě jeden banger (2025) CZ Titulky' candidates=1
[06:34:24]   candidate upload_id=66641afe0802f url=https://prehraj.to/jeste-jeden-vystrel-akcni-thriller-2024-cz-tit/66641afe0802f
[06:34:25]   resolved in 1.0s → 720p (https://pf-storage5.premiumcdn.net/78117734/jx7TVAS7EsyDCxvsQ8tnwSJgcZWH6WiDRTQ7…)
[06:35:16]   downloaded 1,698.1 MB in 48.8s (34.8 MB/s)
[06:36:40]   upload done video_id=26034734 in 84.4s
[06:36:41] film cr_film_id=16443 OK in 136.9s
[06:36:41] iteration 12/20
[06:36:41] film cr_film_id=16511 name='Influencers (2025) CZ Titulky' candidates=3
[06:36:41]   candidate upload_id=bdbd947168999fbf url=https://prehraj.to/influencers-2025-cztit-v-obraze-1080p-mkv/bdbd947168999fbf
[06:36:42]   resolved in 1.0s → 1080p (https://pf-storage1.premiumcdn.net/162923978/Y8ysoLiBzHjmH9LFDgHBgiVvtBoC87sRehV…)
[06:37:53]   downloaded 2,488.5 MB in 70.3s (35.4 MB/s)
[06:39:54]   upload done video_id=26034758 in 121.1s
[06:39:56] film cr_film_id=16511 OK in 194.6s
[06:39:56] iteration 13/20
[06:39:56] film cr_film_id=8627 name="Honey Don't! (2025) CZ Titulky" candidates=5
[06:39:56]   candidate upload_id=68f6750c5521a url=https://prehraj.to/honey-dont-2025-1080p-cz-titulky-topkvalita/68f6750c5521a
[06:39:57]   resolved in 1.2s → 1080p (https://pf-storage1.premiumcdn.net/152577006/r2ZHOgh9xc2KF1kFxyFdKh6BCA7FqmIKnur…)
[06:41:04]   downloaded 2,303.3 MB in 66.0s (34.9 MB/s)
[06:42:38]   upload done video_id=26034789 in 93.8s
[06:42:39] film cr_film_id=8627 OK in 163.3s
[06:42:39] iteration 14/20
[06:42:39] film cr_film_id=10361 name='Helloween (2025) CZ Titulky' candidates=1
[06:42:39]   candidate upload_id=bdb328b3edf243b5 url=https://prehraj.to/helloween-2025-cz-titulky-1080p-mkv/bdb328b3edf243b5
[06:42:40]   resolved in 1.1s → 720p (https://pf-storage3.premiumcdn.net/155091153/JEVTo2SeRhmOIAYh8KhyPSY4iXZSWah28ux…)
[06:43:12]   downloaded 799.1 MB in 29.8s (26.8 MB/s)
[06:43:44]   upload done video_id=26034815 in 32.5s
[06:43:45] film cr_film_id=10361 OK in 66.3s
[06:43:45] iteration 15/20
[06:43:45] film cr_film_id=5741 name='Good Boy (2025) CZ Titulky' candidates=8
[06:43:45]   candidate upload_id=68e7ea98d004d url=https://prehraj.to/good-boy-2025-cz-titulky/68e7ea98d004d
[06:43:47]   resolved in 1.2s → 1080p (https://pf-storage4.premiumcdn.net/150637695/rgdHynT4wUr1U5nCW7c7ATdmclnFawFK8i3…)
[06:44:43]   downloaded 1,460.0 MB in 55.2s (26.4 MB/s)
[06:46:00]   upload done video_id=26034825 in 76.5s
[06:46:01] film cr_film_id=5741 OK in 135.8s
[06:46:01] iteration 16/20
[06:46:01] film cr_film_id=3585 name='Fénické spiknutí (2025) CZ Titulky' candidates=1
[06:46:01]   candidate upload_id=686e1c8056adf url=https://prehraj.to/the-phoenician-scheme-2025-cz-titulky-1080p/686e1c8056adf
[06:46:02]   resolved in 1.0s → 1080p (https://pf-storage4.premiumcdn.net/141401849/mwesEXuydSLdflwHwpTKduV5ClvCAgCa4H5…)
[06:47:08]   downloaded 2,221.9 MB in 64.6s (34.4 MB/s)
[06:49:00]   upload done video_id=26034851 in 112.2s
[06:49:01] film cr_film_id=3585 OK in 180.2s
[06:49:01] iteration 17/20
[06:49:01] film cr_film_id=28535 name='Ella McCay (2025) CZ Titulky' candidates=1
[06:49:01]   candidate upload_id=9a3e102e35a3751d url=https://prehraj.to/ella-mccay-2025-1080p-eng-cztit-webrip/9a3e102e35a3751d
[06:49:02]   resolved in 1.0s → 720p (https://pf-storage3.premiumcdn.net/164465315/mnBI5EiZ0IgDFNJS8kuj8iXvhpAuVySDgug…)
[06:49:40]   downloaded 1,250.7 MB in 36.3s (34.5 MB/s)
[06:50:27]   upload done video_id=26034882 in 46.6s
[06:50:28] film cr_film_id=28535 OK in 86.4s
[06:50:28] iteration 18/20
[06:50:28] film cr_film_id=3573 name='Eleanor the Great (2025) CZ Titulky' candidates=8
[06:50:28]   candidate upload_id=bcef007316bde49b url=https://prehraj.to/eleanor-the-great-2025-1080p-cz-tit-mp4/bcef007316bde49b
[06:50:29]   resolved in 1.1s → 720p (https://pf-storage3.premiumcdn.net/155263605/bXKsJbSyRURQIB0HYQF90SvaIbNCoEu8AtZ…)
[06:51:08]   downloaded 1,041.0 MB in 37.6s (27.7 MB/s)
[06:51:55]   upload done video_id=26034896 in 46.5s
[06:51:56] film cr_film_id=3573 OK in 88.1s
[06:51:56] iteration 19/20
[06:51:56] film cr_film_id=28891 name='Dva světy, jedno přání (2025) CZ Titulky' candidates=1
[06:51:56]   candidate upload_id=75a9999460973f10 url=https://prehraj.to/dva-svety-jedno-prani-2025-cz-titulky-1080p-mkv/75a9999460973f10
[06:51:57]   resolved in 1.0s → 720p (https://pf-storage3.premiumcdn.net/156275339/a1dFd3SB1UwdUdPsNnhkWS1WhyxUQvH3btg…)
[06:52:45]   downloaded 1,288.4 MB in 46.3s (27.8 MB/s)
[06:53:48]   upload done video_id=26034913 in 63.0s
[06:53:49] film cr_film_id=28891 OK in 112.8s
[06:53:49] iteration 20/20
[06:53:49] film cr_film_id=16313 name='Dolly (2025) CZ Titulky' candidates=6
[06:53:49]   candidate upload_id=0c2ed1a83733221d url=https://prehraj.to/dolly-2025-1080p-cz-titulky-novinka-horor/0c2ed1a83733221d
[06:53:49]   resolve FAILED: HTTP 502 wrapping permanent upstream error: https://prehraj.to/dolly-2025-1080p-cz-titulky-novinka-horor/0c2ed1a83733221d (permanent=True)
[06:53:49]   candidate upload_id=f25dc1e53a409c5c url=https://prehraj.to/dolly-2025-1080p-webrip-x264-aac5-1-yts-bz/f25dc1e53a409c5c
[06:53:55]   resolve FAILED: HTTP 502 wrapping permanent upstream error: https://prehraj.to/dolly-2025-1080p-webrip-x264-aac5-1-yts-bz/f25dc1e53a409c5c (permanent=True)
[06:53:55]   candidate upload_id=cb0c16e024686c1d url=https://prehraj.to/dolly-2025-cz-titulky-mkv/cb0c16e024686c1d
[06:54:01]   resolve FAILED: HTTP 502 wrapping permanent upstream error: https://prehraj.to/dolly-2025-cz-titulky-mkv/cb0c16e024686c1d (permanent=True)
[06:54:01]   candidate upload_id=0e220df41690127b url=https://prehraj.to/dolly-2026-cz-titulky-avi/0e220df41690127b
[06:54:07]   resolve FAILED: HTTP 502 wrapping permanent upstream error: https://prehraj.to/dolly-2026-cz-titulky-avi/0e220df41690127b (permanent=True)
[06:54:07]   candidate upload_id=5fb9df8dbfe7ccaf url=https://prehraj.to/dolly-2025-cztitulky/5fb9df8dbfe7ccaf
[06:54:13]   resolved in 6.0s → 720p (https://pf-storage5.premiumcdn.net/168187162/vvKS7MHm5uoAt0biQJTXDHBdigzTDxIpYuY…)
[06:54:53]   downloaded 1,350.7 MB in 38.9s (34.7 MB/s)
[06:55:49]   upload done video_id=26034940 in 55.6s
[06:55:50] film cr_film_id=16313 OK in 121.3s
[06:55:50] batch-end ok=20 failed=0 dur=2729.5s avg/film=136.5s remaining=9458 eta_hours=358.6

===== run 2026-06-17T06:56:13Z shard=1/2 batch_size=20 (https://github.com/Olbrasoft/prehrajto-to-prehrajto/actions/runs/27671438768) =====
[06:56:13] batch-start shard=1/2 count=20 backlog=10210 uploads=752 failed_attempts=41 description_overrides=0
[06:56:13] login
[06:56:15] login done
[06:56:15] iteration 1/20
[06:56:15] film cr_film_id=31531 name='Dollhouse (2025) CZ Titulky' candidates=3
[06:56:15]   candidate upload_id=5e09e7da0b609dfc url=https://prehraj.to/dollhouse-2025-cztitulky/5e09e7da0b609dfc
[06:56:16]   resolved in 1.0s → 1080p (https://pf-storage6.premiumcdn.net/169750642/4EXSancRoUa5U3Guw1F71cpJsxVtoEIQ4h5…)
[06:57:46]   downloaded 2,338.8 MB in 88.8s (26.3 MB/s)
[06:59:20]   upload done video_id=26034967 in 94.0s
[06:59:21] film cr_film_id=31531 OK in 186.7s
[06:59:21] iteration 2/20
[06:59:21] film cr_film_id=15267 name='Diabolic (2025) CZ Titulky' candidates=4
[06:59:21]   candidate upload_id=57469e7505ac8807 url=https://prehraj.to/diabolic-2026-1080p-horor-cz-titulky/57469e7505ac8807
[06:59:23]   resolved in 1.3s → 720p (https://pf-storage4.premiumcdn.net/166164866/E40HazubWc8qSv7S6QIJBuazizXh6QFnYsl…)
[06:59:48]   downloaded 674.2 MB in 23.7s (28.4 MB/s)
[07:00:30]   upload done video_id=26034981 in 42.5s
[07:00:32] film cr_film_id=15267 OK in 70.1s
[07:00:32] iteration 3/20
[07:00:32] film cr_film_id=16331 name='Dhurandhar (2025) CZ Titulky' candidates=2
[07:00:32]   candidate upload_id=16dd105b9b57909e url=https://prehraj.to/dhurandhar-2025-cz-tit-mkv/16dd105b9b57909e
[07:00:33]   resolved in 1.1s → 720p (https://pf-storage5.premiumcdn.net/168182647/WgASnLiQBuKeIZnU1bfRxiYyfzLSqeCz2Cx…)
[07:02:30]   downloaded 3,551.6 MB in 115.4s (30.8 MB/s)
[07:05:17]   upload done video_id=26034999 in 167.5s
[07:05:19] film cr_film_id=16331 OK in 287.1s
[07:05:19] iteration 4/20
[07:05:19] film cr_film_id=34403 name='Depeche Mode: M (2025) CZ Titulky' candidates=1
[07:05:19]   candidate upload_id=5e70f899b0f2dfe5 url=https://prehraj.to/depeche-mode-m-2025-cz-titulky-mkv/5e70f899b0f2dfe5
[07:05:20]   resolved in 1.2s → 720p (https://pf-storage4.premiumcdn.net/165790070/k0KS4KiglSLjfYQivBFPZixyUKmINOHmBUl…)
[07:06:57]   downloaded 2,396.3 MB in 95.2s (25.2 MB/s)
[07:08:49]   upload done video_id=26035032 in 112.4s
[07:08:50] film cr_film_id=34403 OK in 211.8s
[07:08:50] iteration 5/20
[07:08:50] film cr_film_id=28421 name='Citová hodnota (2025) CZ Titulky' candidates=10
[07:08:50]   candidate upload_id=fe482be60ba04e85 url=https://prehraj.to/sentimental-value-2025-2160p-4k-web-x265-10bit-aac5-1-yts-lt/fe482be60ba04e85
[07:08:52]   resolved in 1.1s → 1080p (https://pf-storage5.premiumcdn.net/162922844/paKfWnIP7SRzuEYUqviGVIoJumgCdZi0RT8…)
[07:10:17]   downloaded 2,677.3 MB in 83.9s (31.9 MB/s)
[07:12:08]   upload done video_id=26035061 in 111.2s
[07:12:10] film cr_film_id=28421 OK in 199.2s
[07:12:10] iteration 6/20
[07:12:10] film cr_film_id=15183 name='Chhorii 2 (2025) CZ Titulky' candidates=7
[07:12:10]   candidate upload_id=681880beab609 url=https://prehraj.to/chhorii-2-2025-cz-titulky-1080p-mp4/681880beab609
[07:12:11]   resolved in 1.1s → 720p (https://pf-storage3.premiumcdn.net/137210117/eOJcyrI26I90C1wUaxtb2I1OHe9UPBCmgFv…)
[07:13:28]   downloaded 1,803.7 MB in 75.1s (24.0 MB/s)
[07:14:55]   upload done video_id=26035094 in 87.4s
[07:14:56] film cr_film_id=15183 OK in 166.5s
[07:14:56] iteration 7/20
[07:14:56] film cr_film_id=34409 name='Byl jsem cizincem (2025) CZ Titulky' candidates=1
[07:14:56]   candidate upload_id=7619710bba6ce1bb url=https://prehraj.to/byl-jsem-cizincem-2024-cztitulky/7619710bba6ce1bb
[07:14:57]   resolved in 1.0s → 720p (https://pf-storage3.premiumcdn.net/166677119/dRkIO7uEjSKzfVktdRHyNuPlhy8UlyTEvcQ…)
[07:16:05]   downloaded 1,643.7 MB in 66.2s (24.8 MB/s)
[07:17:20]   upload done video_id=26035127 in 75.1s
[07:17:22] film cr_film_id=34409 OK in 145.4s
[07:17:22] iteration 8/20
[07:17:22] film cr_film_id=16001 name='Birthrite (2025) CZ Titulky' candidates=5
[07:17:22]   candidate upload_id=689b6b66ab67b url=https://prehraj.to/birthrite-2025-hd-cz-tit-mp4/689b6b66ab67b
[07:17:23]   resolved in 1.1s → 720p (https://pf-storage3.premiumcdn.net/143519732/4jdcQJSLKcgbFJOHKVfYgSkvfLjCG4HXbu1…)
[07:19:07]   downloaded 1,314.9 MB in 74.6s (17.6 MB/s)
[07:20:04]   upload done video_id=26035165 in 56.4s
[07:20:05] film cr_film_id=16001 OK in 163.6s
[07:20:05] iteration 9/20
[07:20:05] film cr_film_id=34391 name='Beauty from Pain (2025) CZ Titulky' candidates=1
[07:20:05]   candidate upload_id=2a4d3fb22c3174ae url=https://prehraj.to/beauty-from-pain-2025-cz-titulky-1080p-mkv/2a4d3fb22c3174ae
[07:20:06]   resolved in 1.1s → 720p (https://pf-storage3.premiumcdn.net/161866835/NRXcQnTO5HAyTMzukwfOmT2LsLgFmwUL1f8…)
[07:20:56]   downloaded 1,392.8 MB in 48.1s (29.0 MB/s)
[07:22:28]   upload done video_id=26035187 in 91.9s
[07:22:29] film cr_film_id=34391 OK in 144.2s
[07:22:29] iteration 10/20
[07:22:29] film cr_film_id=9155 name='Bambi: The Reckoning (2025) CZ Titulky' candidates=4
[07:22:29]   candidate upload_id=32007a4623487422 url=https://prehraj.to/bambi-the-reckoning-2025-1080p-en-en-titulky-mkv/32007a4623487422
[07:22:31]   resolved in 1.8s → 720p (https://pf-storage3.premiumcdn.net/155119317/n5ktDmiMJF9KCjVSrzFK0ipVTB9I6julaTX…)
[07:23:05]   downloaded 959.2 MB in 32.4s (29.6 MB/s)
[07:23:50]   upload done video_id=26035217 in 44.6s
[07:23:51] film cr_film_id=9155 OK in 81.9s
[07:23:51] iteration 11/20
[07:23:51] film cr_film_id=31565 name='Ballistic (2025) CZ Titulky' candidates=11
[07:23:51]   candidate upload_id=2343fe37fe1bf5b7 url=https://prehraj.to/ballistic-2025-cztitulky/2343fe37fe1bf5b7
[07:23:52]   resolved in 1.2s → 720p (https://pf-storage6.premiumcdn.net/169650757/Wvpsy2S78Te1UQ7CZOcp2SLKF91hX8sy2I8…)
[07:24:37]   downloaded 1,058.6 MB in 43.0s (24.6 MB/s)
[07:25:38]   upload done video_id=26035239 in 60.8s
[07:25:39] film cr_film_id=31565 OK in 107.9s
[07:25:39] iteration 12/20
[07:25:39] film cr_film_id=35357 name='Ash (2025) CZ Titulky' candidates=3
[07:25:39]   candidate upload_id=680b90877cb31 url=https://prehraj.to/ash-2025-1080p-amzn-web-dl-ddp5-1-h-264-cz-tit/680b90877cb31
[07:25:40]   resolved in 1.0s → 720p (https://pf-storage3.premiumcdn.net/136176122/MLZT2rsn0uMQTl4H4lsRqsVehNlTknHqDHM…)
[07:26:41]   downloaded 1,786.4 MB in 59.2s (30.2 MB/s)
[07:28:19]   upload done video_id=26035266 in 98.5s
[07:28:21] film cr_film_id=35357 OK in 161.4s
[07:28:21] iteration 13/20
[07:28:21] film cr_film_id=36931 name='Anniversary (2025) CZ Titulky' candidates=1
[07:28:21]   candidate upload_id=782b9a8fd4ec3074 url=https://prehraj.to/anniversary-2025-cz-tit-1080p/782b9a8fd4ec3074
[07:28:22]   resolved in 1.2s → 720p (https://pf-storage5.premiumcdn.net/169153363/oRbFVBidYT76To7UBAiOBiPmIB3h8BSd6Ck…)
[07:29:19]   downloaded 1,715.2 MB in 55.2s (31.1 MB/s)
[07:30:41]   upload done video_id=26035300 in 82.8s
[07:30:43] film cr_film_id=36931 OK in 142.3s
[07:30:43] iteration 14/20
[07:30:43] film cr_film_id=16281 name='Alpha (2025) CZ Titulky' candidates=1
[07:30:43]   candidate upload_id=426568d170a6a990 url=https://prehraj.to/alpha-2025-cztit-1080p/426568d170a6a990
[07:30:44]   resolved in 1.1s → 720p (https://pf-storage3.premiumcdn.net/161868707/EOAcG9sLecGKCOgI5VuL4sZvCnEiNqIVLU4…)
[07:32:26]   downloaded 2,514.6 MB in 100.6s (25.0 MB/s)
[07:34:20]   upload done video_id=26035336 in 114.1s
[07:34:22] film cr_film_id=16281 OK in 219.0s
[07:34:22] iteration 15/20
[07:34:22] film cr_film_id=31627 name='Aileen: Královna sériových vrahů (2025) CZ Titulky' candidates=2
[07:34:22]   candidate upload_id=6903ad6cc17d6 url=https://prehraj.to/aileen-kralovna-seriovych-vrahu-2025-cz-titulky-1080p/6903ad6cc17d6
[07:34:23]   resolved in 1.1s → 1080p (https://pf-storage5.premiumcdn.net/154501998/LZ8s3aSvBFOWSXAhlGhgZSN6fARFzOH2aib…)
[07:36:26]   downloaded 3,025.0 MB in 121.8s (24.8 MB/s)
[07:38:25]   upload done video_id=26035385 in 119.2s
[07:38:27] film cr_film_id=31627 OK in 245.0s
[07:38:27] iteration 16/20
[07:38:27] film cr_film_id=16961 name='Affinity (2025) CZ Titulky' candidates=1
[07:38:27]   candidate upload_id=68ebb35495d97 url=https://prehraj.to/affinity-2025-cz-titulky/68ebb35495d97
[07:38:28]   resolved in 1.2s → 720p (https://pf-storage4.premiumcdn.net/151099005/8kRHAPia2fNZFY8iBKiQ0imaHklTBNT1du7…)
[07:39:35]   downloaded 1,593.4 MB in 65.2s (24.4 MB/s)
[07:40:52]   upload done video_id=26035416 in 76.7s
[07:40:53] film cr_film_id=16961 OK in 146.0s
[07:40:53] iteration 17/20
[07:40:53] film cr_film_id=36977 name='A Woman Scorned (2025) CZ Titulky' candidates=6
[07:40:53]   candidate upload_id=246b58bda5e7c4e3 url=https://prehraj.to/a-woman-scorned-2025-cz-titulky-1080p-mkv/246b58bda5e7c4e3
[07:40:54]   resolved in 1.2s → 720p (https://pf-storage3.premiumcdn.net/155395892/11LiZLh0aHrbtXnSd0SLPh9zSKyFE1unrTj…)
[07:41:36]   downloaded 936.2 MB in 40.1s (23.3 MB/s)
[07:42:18]   upload done video_id=26035436 in 42.4s
[07:42:20] film cr_film_id=36977 OK in 86.7s
[07:42:20] iteration 18/20
[07:42:20] film cr_film_id=15955 name="A Knight's War (2025) CZ Titulky" candidates=1
[07:42:20]   candidate upload_id=67d6a0e28da42 url=https://prehraj.to/a-knight-s-war-2025-cz-titulky/67d6a0e28da42
[07:42:21]   resolved in 1.0s → 480p (https://pf-storage3.premiumcdn.net/132248591/bRGc1QSoBU6aI5yCG8uGBSyvCrNtbmT8EHz…)
[07:42:49]   downloaded 599.3 MB in 26.2s (22.9 MB/s)
[07:43:16]   upload done video_id=26035443 in 27.6s
[07:43:17] film cr_film_id=15955 OK in 57.8s
[07:43:17] iteration 19/20
[07:43:17] film cr_film_id=14995 name='825 Forest Road (2025) CZ Titulky' candidates=1
[07:43:17]   candidate upload_id=281cbac222739083 url=https://prehraj.to/825-forest-road-2025-1080p-bluray-x264-aac5-1-yts-lt-mp4/281cbac222739083
[07:43:18]   resolved in 1.0s → 720p (https://pf-storage3.premiumcdn.net/167478617/Me2f0lTKqS2PHlaiWahZOTPXf1KhDGhm1hX…)
[07:43:59]   downloaded 1,211.7 MB in 39.4s (30.8 MB/s)
[07:44:49]   upload done video_id=26035457 in 49.9s
[07:44:50] film cr_film_id=14995 OK in 92.5s
[07:44:50] iteration 20/20
[07:44:50] film cr_film_id=3163 name='13 dní, 13 nocí (2025) CZ Titulky' candidates=2
[07:44:50]   candidate upload_id=f49f611780d3f670 url=https://prehraj.to/13-days-13-nights-2025-1080p-bluray-x264-aac5-1-yts-lt-mp4/f49f611780d3f670
[07:44:51]   resolved in 1.1s → 720p (https://pf-storage5.premiumcdn.net/164353154/90gIGeFJ3fwnUA7Ij0sEdFWmu4WS0RfW7tE…)
[07:46:04]   downloaded 2,202.4 MB in 71.7s (30.7 MB/s)
[07:47:41]   upload done video_id=26035472 in 97.2s
[07:47:43] film cr_film_id=3163 OK in 172.6s
[07:47:43] batch-end ok=20 failed=0 dur=3087.7s avg/film=154.4s remaining=9438 eta_hours=404.8

===== run 2026-06-17T07:48:10Z shard=1/2 batch_size=20 (https://github.com/Olbrasoft/prehrajto-to-prehrajto/actions/runs/27673930335) =====
[07:48:11] batch-start shard=1/2 count=20 backlog=10210 uploads=772 failed_attempts=41 description_overrides=0
[07:48:11] login
[07:48:13] login done
[07:48:13] iteration 1/20
[07:48:13] film cr_film_id=35457 name='फाइटर (2024) CZ Titulky' candidates=1
[07:48:13]   candidate upload_id=661d7fc3c5aef url=https://prehraj.to/fighter-2024-cz-titulky/661d7fc3c5aef
[07:48:14]   resolved in 1.0s → 1080p (https://pf-storage5.premiumcdn.net/76173065/YmPUOlHGZF6bSVxty1T5vHlNhd7CVLUarFj0…)
[07:50:27]   downloaded 4,799.1 MB in 132.1s (36.3 MB/s)
[07:53:45]   upload done video_id=26035504 in 198.0s
[07:53:49] film cr_film_id=35457 OK in 336.9s
[07:53:49] iteration 2/20
[07:53:49] film cr_film_id=2815 name='Únos 1971 (2024) CZ Titulky' candidates=1
[07:53:49]   candidate upload_id=665eb6923404f url=https://prehraj.to/unos-letadla-air-force-one-2024-cztitulky/665eb6923404f
[07:53:50]   resolved in 1.0s → 720p (https://pf-storage1.premiumcdn.net/78031205/8Wnt3BSbAFOoSmXioxhBVSWnIpOIEeI0nUo9…)
[07:54:30]   downloaded 1,309.4 MB in 37.8s (34.6 MB/s)
[07:55:23]   upload done video_id=26035551 in 53.0s
[07:55:24] film cr_film_id=2815 OK in 94.6s
[07:55:24] iteration 3/20
[07:55:24] film cr_film_id=19707 name='Zataj dech (2024) CZ Titulky' candidates=3
[07:55:24]   candidate upload_id=6701f0c10e15d url=https://prehraj.to/zataj-dech-2024-cztitulky/6701f0c10e15d
[07:55:25]   resolved in 1.4s → 720p (https://pf-storage4.premiumcdn.net/100282259/vRZfVkUp5uj8HDjh4XU8OUEphpPtn3ImysG…)
[07:55:46]   downloaded 604.3 MB in 18.8s (32.1 MB/s)
[07:56:14]   upload done video_id=26035569 in 28.0s
[07:56:15] film cr_film_id=19707 OK in 50.6s
[07:56:15] iteration 4/20
[07:56:15] film cr_film_id=27973 name='Year 10 (2024) CZ Titulky' candidates=3
[07:56:15]   candidate upload_id=6766fb4d2c68a url=https://prehraj.to/year-10-2024-cz-titulky-1080p/6766fb4d2c68a
[07:56:18]   resolved in 3.3s → 720p (https://pf-storage1.premiumcdn.net/126575966/B85SVqfVRcPZH83hA4UxAfZKu5eFr4Tepi0…)
[07:57:23]   downloaded 1,774.0 MB in 63.3s (28.0 MB/s)
[07:58:45]   upload done video_id=26035589 in 82.6s
[07:58:47] film cr_film_id=27973 OK in 151.9s
[07:58:47] iteration 5/20
[07:58:47] film cr_film_id=36957 name='Witte Wieven (2024) CZ Titulky' candidates=1
[07:58:47]   candidate upload_id=08299afc3ca0ece4 url=https://prehraj.to/witte-wieven-2024-horor-nizozemsko-cztit-1080p/08299afc3ca0ece4
[07:58:48]   resolved in 1.0s → 1080p (https://pf-storage3.premiumcdn.net/163078745/Y2dTd8sWQinGSGPfZAf4PswWFxPfbZcWPSV…)
[07:59:28]   downloaded 1,331.1 MB in 38.7s (34.4 MB/s)
[08:00:18]   upload done video_id=26035616 in 50.0s
[08:00:19] film cr_film_id=36957 OK in 92.3s
[08:00:19] iteration 6/20
[08:00:19] film cr_film_id=34587 name='What You Wish For (2024) CZ Titulky' candidates=1
[08:00:19]   candidate upload_id=675024258d576 url=https://prehraj.to/what-you-wish-for-2023-cz-tit-1080p/675024258d576
[08:00:20]   resolved in 1.0s → 720p (https://pf-storage4.premiumcdn.net/116554994/LeVixzSZrijVH8gf3jhyKSGQUrYcwlT98Hy…)
[08:01:06]   downloaded 1,579.6 MB in 45.1s (35.0 MB/s)
[08:02:02]   upload done video_id=26035632 in 55.6s
[08:02:03] film cr_film_id=34587 OK in 104.4s
[08:02:03] iteration 7/20
[08:02:03] film cr_film_id=18587 name='Vermiglio (2024) CZ Titulky' candidates=2
[08:02:03]   candidate upload_id=ed07d64f5220f4d0 url=https://prehraj.to/vermiglio-2024-cztitulky/ed07d64f5220f4d0
[08:02:04]   resolved in 1.1s → 720p (https://pf-storage1.premiumcdn.net/161466485/dj3TGPs24snaIbEH9aSK5s0Vc3nUrwTVYUE…)
[08:02:42]   downloaded 984.0 MB in 36.2s (27.2 MB/s)
[08:03:33]   upload done video_id=26035649 in 50.6s
[08:03:34] film cr_film_id=18587 OK in 90.4s
[08:03:34] iteration 8/20
[08:03:34] film cr_film_id=28671 name='Venku (2024) CZ Titulky' candidates=2
[08:03:34]   candidate upload_id=671120dfcfb26 url=https://prehraj.to/outside-2024-cz-titulky-1080p/671120dfcfb26
[08:03:35]   resolved in 1.1s → 1080p (https://pf-storage4.premiumcdn.net/102388415/08bcwkUJeF9mC3PHoytEOUKmS93imZTOghL…)
[08:05:27]   downloaded 3,113.8 MB in 110.7s (28.1 MB/s)
[08:07:24]   upload done video_id=26035686 in 116.6s
[08:07:25] film cr_film_id=28671 OK in 231.2s
[08:07:25] iteration 9/20
[08:07:25] film cr_film_id=6793 name='V/H/S/Beyond (2024) CZ Titulky' candidates=2
[08:07:25]   candidate upload_id=670cd1ac5353c url=https://prehraj.to/v-h-s-beyond-2024-cz-titulky-1080p/670cd1ac5353c
[08:07:26]   resolved in 1.2s → 1080p (https://pf-storage3.premiumcdn.net/101834021/2eySKwu8KCxXUqZtjYsdGu1QfOLhNwtgltP…)
[08:07:28]   oversize: 6338751026 B > 6000000000 B, skip
[08:07:28]   candidate upload_id=670c1114ce6d6 url=https://prehraj.to/vhs-beyond-2024-horror-en-eac3-5-1-titulky-cz-en-hevc-1080p/670c1114ce6d6
[08:07:32]   resolved in 4.5s → 1080p (https://pf-storage4.premiumcdn.net/101723183/0dpcz4Sbos2GTgqSmjTW1S45h1guYeFa6sb…)
[08:10:36]   downloaded 5,110.8 MB in 181.9s (28.1 MB/s)
[08:13:55]   upload done video_id=26035778 in 199.3s
[08:13:56] film cr_film_id=6793 OK in 391.3s
[08:13:56] iteration 10/20
[08:13:56] film cr_film_id=2173 name='V kuchyni (2024) CZ Titulky' candidates=7
[08:13:56]   candidate upload_id=67ebacfb7010c url=https://prehraj.to/v-kuchyni-2024-cz-titulky-1080p/67ebacfb7010c
[08:13:57]   resolved in 1.0s → 720p (https://pf-storage3.premiumcdn.net/133872425/PENhb6H76TqGsbZSm9iVnHgKh1asoWCdoCP…)
[08:14:45]   downloaded 1,293.2 MB in 46.7s (27.7 MB/s)
[08:15:32]   upload done video_id=26035834 in 46.2s
[08:15:33] film cr_film_id=2173 OK in 96.8s
[08:15:33] iteration 11/20
[08:15:33] film cr_film_id=36945 name='Uranus 2324 (2024) CZ Titulky' candidates=3
[08:15:33]   candidate upload_id=67caa7da68e31 url=https://prehraj.to/uranus-2324-2024-cz-titulky-1080p/67caa7da68e31
[08:15:34]   resolved in 0.9s → 720p (https://pf-storage5.premiumcdn.net/131537021/PzOsRNHQBil3UrRtlafOvHeDsEOh6Jfglhz…)
[08:16:31]   downloaded 1,535.3 MB in 55.7s (27.6 MB/s)
[08:17:40]   upload done video_id=26035850 in 69.0s
[08:17:41] film cr_film_id=36945 OK in 128.5s
[08:17:41] iteration 12/20
[08:17:41] film cr_film_id=36991 name='Umjolo: Po uši zamilovaná (2024) CZ Titulky' candidates=2
[08:17:41]   candidate upload_id=672e905a90b32 url=https://prehraj.to/umjolo-po-usi-zamilovana-2024-cz-titulky-1080p/672e905a90b32
[08:17:42]   resolved in 1.0s → 720p (https://pf-storage1.premiumcdn.net/105537653/LY5IDaFNOFbWSw1Sp0T26FKgcDXUBzCX2U1…)
[08:18:35]   downloaded 1,455.6 MB in 51.7s (28.2 MB/s)
[08:19:28]   upload done video_id=26035881 in 52.3s
[08:19:29] film cr_film_id=36991 OK in 107.6s
[08:19:29] iteration 13/20
[08:19:29] film cr_film_id=16323 name='Traumatika (2024) CZ Titulky' candidates=1
[08:19:29]   candidate upload_id=68f936fd869f3 url=https://prehraj.to/traumatika-2025-cz-tit/68f936fd869f3
[08:19:30]   resolved in 1.0s → 720p (https://pf-storage5.premiumcdn.net/152945031/JNJiPAF41trAt4nfxDUxAFJ0sozu0asY1C1…)
[08:20:02]   downloaded 1,030.5 MB in 30.1s (34.2 MB/s)
[08:20:47]   upload done video_id=26035902 in 45.5s
[08:20:48] film cr_film_id=16323 OK in 79.3s
[08:20:48] iteration 14/20
[08:20:48] film cr_film_id=31285 name='The Shrouds (2024) CZ Titulky' candidates=1
[08:20:48]   candidate upload_id=6858dcc270e27 url=https://prehraj.to/the-shrouds-2024-cz-titulky-1080p/6858dcc270e27
[08:20:49]   resolved in 1.1s → 720p (https://pf-storage5.premiumcdn.net/140544800/W6NHWdUy1uX6FBOh5dc9lU4vCJdTDdFJqHn…)
[08:21:23]   downloaded 1,113.7 MB in 32.3s (34.5 MB/s)
[08:22:16]   upload done video_id=26035916 in 53.0s
[08:22:17] film cr_film_id=31285 OK in 89.1s
[08:22:17] iteration 15/20
[08:22:17] film cr_film_id=34137 name='The Seeding (2024) CZ Titulky' candidates=1
[08:22:17]   candidate upload_id=65ec82f3d8f94 url=https://prehraj.to/the-seeding-2023-cz-titulky-1080p-fullhd/65ec82f3d8f94
[08:22:18]   resolved in 0.9s → 1080p (https://pf-storage4.premiumcdn.net/74333624/5P3HOGUnkI4wCmESYnivdUgvT8Mu4bHdgu3W…)
[08:23:40]   downloaded 2,882.5 MB in 80.3s (35.9 MB/s)
[08:25:59]   upload done video_id=26035951 in 139.1s
[08:26:00] film cr_film_id=34137 OK in 222.9s
[08:26:00] iteration 16/20
[08:26:00] film cr_film_id=21071 name='The People in the Walls (2024) CZ Titulky' candidates=2
[08:26:00]   candidate upload_id=61ba8d00e618881e url=https://prehraj.to/the-people-in-the-walls-2024-1080p-amzn-web-dl-dd-2-0-h264-titulky-sk/61ba8d00e618881e
[08:26:01]   resolved in 1.0s → 720p (https://pf-storage5.premiumcdn.net/168935836/amnsXyin0SEMS3PHk0tmLi6kSAxFyPhBbTy…)
[08:26:39]   downloaded 988.8 MB in 35.7s (27.7 MB/s)
[08:27:28]   upload done video_id=26035983 in 49.4s
[08:27:29] film cr_film_id=21071 OK in 88.8s
[08:27:29] iteration 17/20
[08:27:29] film cr_film_id=31361 name='The Penguin Lessons (2024) CZ Titulky' candidates=4
[08:27:29]   candidate upload_id=6877f3274588a url=https://prehraj.to/the-penguin-lessons-2024-hd-cz-tit-mp4/6877f3274588a
[08:27:30]   resolved in 1.0s → 720p (https://pf-storage4.premiumcdn.net/141694028/jAbFPlTVviXzfojsN4FBmTwKuAxsl7CY9sG…)
[08:28:11]   downloaded 1,331.2 MB in 38.9s (34.2 MB/s)
[08:29:04]   upload done video_id=26035996 in 53.2s
[08:29:05] film cr_film_id=31361 OK in 95.9s
[08:29:05] iteration 18/20
[08:29:05] film cr_film_id=7163 name='The Killer (2024) CZ Titulky' candidates=1
[08:29:05]   candidate upload_id=66cc9022bae41 url=https://prehraj.to/the-killer-2024-cz-titulky-1080p/66cc9022bae41
[08:29:06]   resolved in 1.0s → 720p (https://pf-storage3.premiumcdn.net/92772662/va8fGwF68SBwiwGCvDTQlF4dS1VhkySqPI3P…)
[08:30:01]   downloaded 1,867.3 MB in 53.8s (34.7 MB/s)
[08:31:34]   upload done video_id=26036020 in 92.9s
[08:31:35] film cr_film_id=7163 OK in 149.9s
[08:31:35] iteration 19/20
[08:31:35] film cr_film_id=31373 name='The Holiday Exchange (2024) CZ Titulky' candidates=5
[08:31:35]   candidate upload_id=677850eb4da1d url=https://prehraj.to/the-holiday-exchange-2024-cz-titulky-1080p-mp4/677850eb4da1d
[08:31:37]   resolved in 2.0s → 1080p (https://pf-storage1.premiumcdn.net/127216064/oO1i1Pf8RC3GfBltAqSNRfDZuOrteEsNpt0…)
[08:32:28]   downloaded 1,750.7 MB in 49.9s (35.1 MB/s)
[08:33:31]   upload done video_id=26036038 in 63.1s
[08:33:33] film cr_film_id=31373 OK in 117.8s
[08:33:33] iteration 20/20
[08:33:33] film cr_film_id=31411 name='The Friend (2024) CZ Titulky' candidates=6
[08:33:33]   candidate upload_id=682796b896d44 url=https://prehraj.to/the-friend-2024-cz-titulky-1080p/682796b896d44
[08:33:34]   resolved in 0.9s → 720p (https://pf-storage5.premiumcdn.net/138144164/NYWc3qsOahGMCzBi3oSy1sV4tnpCR9FEwce…)
[08:34:33]   downloaded 1,635.0 MB in 57.6s (28.4 MB/s)
[08:35:38]   upload done video_id=26036063 in 64.8s
[08:35:39] film cr_film_id=31411 OK in 126.0s
[08:35:39] batch-end ok=20 failed=0 dur=2846.2s avg/film=142.3s remaining=9418 eta_hours=372.3

===== run 2026-06-17T09:04:43Z shard=1/2 batch_size=20 (https://github.com/Olbrasoft/prehrajto-to-prehrajto/actions/runs/27678001750) =====
[09:04:44] batch-start shard=1/2 count=20 backlog=10210 uploads=792 failed_attempts=42 description_overrides=0
[09:04:44] login
[09:04:45] login done
[09:04:45] iteration 1/20
[09:04:45] film cr_film_id=26243 name='The Fix (2024) CZ Titulky' candidates=1
[09:04:45]   candidate upload_id=681f284a26335 url=https://prehraj.to/the-fix-2024-cz-titulky/681f284a26335
[09:04:47]   resolved in 1.2s → 720p (https://pf-storage5.premiumcdn.net/137664260/nGpf1dSADUKVI4Oh5nUJPSNLCP3C6vi0aCE…)
[09:05:55]   downloaded 1,369.2 MB in 66.5s (20.6 MB/s)
[09:07:09]   upload done video_id=26036398 in 74.4s
[09:07:11] film cr_film_id=26243 OK in 145.8s
[09:07:11] iteration 2/20
[09:07:11] film cr_film_id=16965 name='The Fire Inside (2024) CZ Titulky' candidates=2
[09:07:11]   candidate upload_id=67d9b60548f20 url=https://prehraj.to/the-fire-inside-2024-cztitulky/67d9b60548f20
[09:07:12]   resolved in 1.2s → 720p (https://pf-storage3.premiumcdn.net/132510527/9dyug1IZJuLefE2svXSrXIXxuw1cqXieaCO…)
[09:08:26]   downloaded 1,471.1 MB in 72.1s (20.4 MB/s)
[09:09:44]   upload done video_id=26036424 in 77.4s
[09:09:45] film cr_film_id=16965 OK in 154.3s
[09:09:45] iteration 3/20
[09:09:45] film cr_film_id=9467 name='The Demon Disorder (2024) CZ Titulky' candidates=1
[09:09:45]   candidate upload_id=66ec6cc36499d url=https://prehraj.to/the-demon-disorder-2024-1080p-cz-titulky/66ec6cc36499d
[09:09:47]   resolved in 1.2s → 720p (https://pf-storage4.premiumcdn.net/97248341/kQps9VFzjiKwujVSAkCbzFEdc2kUPyuRLfPr…)
[09:10:28]   downloaded 1,015.0 MB in 39.8s (25.5 MB/s)
[09:11:18]   upload done video_id=26036465 in 50.0s
[09:11:20] film cr_film_id=9467 OK in 94.2s
[09:11:20] iteration 4/20
[09:11:20] film cr_film_id=15321 name='The Death That Awaits (2024) CZ Titulky' candidates=1
[09:11:20]   candidate upload_id=67963ac35c227 url=https://prehraj.to/the-death-that-await-2024-hd-cz-tit/67963ac35c227
[09:11:21]   resolved in 1.1s → 720p (https://pf-storage1.premiumcdn.net/128271566/lLofq2hobH24I7Dsy5IqbhGnIVRIpWT8xha…)
[09:12:23]   downloaded 1,225.0 MB in 60.2s (20.3 MB/s)
[09:13:23]   upload done video_id=26036495 in 59.9s
[09:13:24] film cr_film_id=15321 OK in 124.7s
[09:13:24] iteration 5/20
[09:13:24] film cr_film_id=9943 name='The Beast Within (2024) CZ Titulky' candidates=2
[09:13:24]   candidate upload_id=66c45aeec79e1 url=https://prehraj.to/the-beast-within-2024-cztit/66c45aeec79e1
[09:13:25]   resolved in 1.1s → 720p (https://pf-storage4.premiumcdn.net/91629482/k8eU6aH6RSaKSb7i7xF7BHVRTvbUBriryCAN…)
[09:14:17]   downloaded 1,269.8 MB in 50.3s (25.2 MB/s)
[09:15:24]   upload done video_id=26036528 in 66.5s
[09:15:26] film cr_film_id=9943 OK in 121.3s
[09:15:26] iteration 6/20
[09:15:26] film cr_film_id=3589 name='The Assessment (2024) CZ Titulky' candidates=2
[09:15:26]   candidate upload_id=68ad85d0e2992 url=https://prehraj.to/the-assessment-2024-1080p-web-dl-ddp5-1-h-264-cz-tit/68ad85d0e2992
[09:15:27]   resolved in 1.1s → 1080p (https://pf-storage4.premiumcdn.net/144596889/Y4Rf5rUBMtvBt5qCqOFx6UeyhqwSXWFgYfk…)
[09:17:05]   downloaded 2,450.8 MB in 96.4s (25.4 MB/s)
[09:19:14]   upload done video_id=26036567 in 128.7s
[09:19:15] film cr_film_id=3589 OK in 229.7s
[09:19:15] iteration 7/20
[09:19:15] film cr_film_id=31453 name='Temurun (2024) CZ Titulky' candidates=3
[09:19:15]   candidate upload_id=67330176234b0 url=https://prehraj.to/temurun-2024-cz-titulky-1080p/67330176234b0
[09:19:16]   resolved in 1.1s → 1080p (https://pf-storage5.premiumcdn.net/105618521/7JPIoein1FOZi7xUO2SB3iE2TzgsjwCJnTy…)
[09:20:19]   downloaded 1,217.0 MB in 61.0s (20.0 MB/s)
[09:21:20]   upload done video_id=26036623 in 61.0s
[09:21:22] film cr_film_id=31453 OK in 126.7s
[09:21:22] iteration 8/20
[09:21:22] film cr_film_id=36969 name='Technoboys (2024) CZ Titulky' candidates=2
[09:21:22]   candidate upload_id=66e762e3849de url=https://prehraj.to/technoboys-2024-cz-titulky/66e762e3849de
[09:21:23]   resolved in 1.3s → 1080p (https://pf-storage4.premiumcdn.net/96524489/LPmhv2cd9uxJF3Ytr8igPcaqU68T8MUkVfjA…)
[09:23:38]   downloaded 2,769.4 MB in 132.7s (20.9 MB/s)
[09:26:23]   upload done video_id=26036687 in 165.3s
[09:26:25] film cr_film_id=36969 OK in 303.1s
[09:26:25] iteration 9/20
[09:26:25] film cr_film_id=31475 name='Strange Harvest (2024) CZ Titulky' candidates=1
[09:26:25]   candidate upload_id=6cc83842db7e0473 url=https://prehraj.to/strange-harvest-2025-cztit-v-obraze-1080p-mkv/6cc83842db7e0473
[09:26:26]   resolved in 1.2s → 1080p (https://pf-storage3.premiumcdn.net/155356316/m4VHNQFAWu1YHE1fvRUyOFoWsa0SPRfkAuV…)
[09:29:01]   downloaded 3,197.5 MB in 152.2s (21.0 MB/s)
[09:31:39]   upload done video_id=26036825 in 158.3s
[09:31:41] film cr_film_id=31475 OK in 315.7s
[09:31:41] iteration 10/20
[09:31:41] film cr_film_id=27875 name='Sting (2024) CZ Titulky' candidates=2
[09:31:41]   candidate upload_id=664383013d05c url=https://prehraj.to/sting-2024-cz-titulky-1080p/664383013d05c
[09:31:42]   resolved in 1.3s → 720p (https://pf-storage5.premiumcdn.net/77337584/RVjsoqi9lIgLc0dHrWfAPiZRTMEc3XsaWIKB…)
[09:32:24]   downloaded 986.7 MB in 40.3s (24.5 MB/s)
[09:33:14]   upload done video_id=26036950 in 49.8s
[09:33:16] film cr_film_id=27875 OK in 94.9s
[09:33:16] iteration 11/20
[09:33:16] film cr_film_id=31439 name='Star Abyss (2024) CZ Titulky' candidates=14
[09:33:16]   candidate upload_id=670dc40ace425 url=https://prehraj.to/star-abyss-2024-1080p-bluray-cz-titulky/670dc40ace425
[09:33:17]   resolved in 1.1s → 720p (https://pf-storage3.premiumcdn.net/101957429/xEPfgecg5snWHxbuBQcy3cLxCj0TrNC17hj…)
[09:34:07]   downloaded 1,238.9 MB in 47.8s (25.9 MB/s)
[09:35:08]   upload done video_id=26036996 in 61.2s
[09:35:09] film cr_film_id=31439 OK in 113.7s
[09:35:09] iteration 12/20
[09:35:09] film cr_film_id=8109 name='Spermageddon (2024) CZ Titulky' candidates=1
[09:35:09]   candidate upload_id=68d00dfb4188d url=https://prehraj.to/spermageddon-2024-cz-titulky/68d00dfb4188d
[09:35:11]   resolved in 1.2s → 720p (https://pf-storage4.premiumcdn.net/147735645/VJZTRBunvSy9f5NCXasbyudAC95sQPsgrSJ…)
[09:35:56]   downloaded 1,111.7 MB in 43.7s (25.4 MB/s)
[09:36:54]   upload done video_id=26037028 in 57.7s
[09:36:56] film cr_film_id=8109 OK in 106.9s
[09:36:56] iteration 13/20
[09:36:56] film cr_film_id=14869 name='Simona Kossak (2024) CZ Titulky' candidates=6
[09:36:56]   candidate upload_id=67da7473e82d2 url=https://prehraj.to/simona-kossak-2024-cz-titulky-1080p-mp4/67da7473e82d2
[09:36:58]   resolved in 1.9s → 1080p (https://pf-storage5.premiumcdn.net/132702701/M2jH3jh26he4SaqsNrH5vhwoC6rsALcDACx…)
[09:38:21]   downloaded 2,167.0 MB in 81.6s (26.6 MB/s)
[09:40:07]   upload done video_id=26037062 in 105.3s
[09:40:08] film cr_film_id=14869 OK in 192.0s
[09:40:08] iteration 14/20
[09:40:08] film cr_film_id=20105 name='Sektor 36 (2024) CZ Titulky' candidates=1
[09:40:08]   candidate upload_id=66e4ceabecd71 url=https://prehraj.to/sektor-36-2024-cztitulky/66e4ceabecd71
[09:40:10]   resolved in 1.2s → 1080p (https://pf-storage4.premiumcdn.net/96158036/JKWTZLfeYuO3fL1cPefDLf0LS6QSOMtMYI9O…)
[09:42:25]   downloaded 2,792.9 MB in 133.1s (21.0 MB/s)
[09:44:49]   upload done video_id=26037086 in 144.1s
[09:44:51] film cr_film_id=20105 OK in 282.3s
[09:44:51] iteration 15/20
[09:44:51] film cr_film_id=16119 name='Scurry (2024) CZ Titulky' candidates=1
[09:44:51]   candidate upload_id=68e3f2c3d4bfe url=https://prehraj.to/scurry-2024-cztit-v-obraze-1080p/68e3f2c3d4bfe
[09:44:52]   resolved in 1.2s → 720p (https://pf-storage4.premiumcdn.net/150155616/w5NuPns2EszXtNqFmESPysBGIzqtPjIEvcW…)
[09:45:55]   downloaded 1,595.0 MB in 61.4s (26.0 MB/s)
[09:47:28]   upload done video_id=26037120 in 93.0s
[09:47:31] film cr_film_id=16119 OK in 160.0s
[09:47:31] iteration 16/20
[09:47:31] film cr_film_id=16207 name='S.T.A.L.K.E.R. Shadow of the Zone (2024) CZ Titulky' candidates=2
[09:47:31]   candidate upload_id=678ca7a41c5f9 url=https://prehraj.to/s-t-a-l-k-e-r-shadow-of-the-zone-2024-cz-titulky/678ca7a41c5f9
[09:47:32]   resolved in 1.1s → 1080p (https://pf-storage3.premiumcdn.net/127717586/0amFRkiPksEkc8QUk3Ij6ib3F9YTPxu7Rie…)
[09:48:50]   downloaded 1,476.4 MB in 76.4s (19.3 MB/s)
[09:50:13]   upload done video_id=26037160 in 83.2s
[09:50:15] film cr_film_id=16207 OK in 164.2s
[09:50:15] iteration 17/20
[09:50:15] film cr_film_id=9611 name='River of Blood (2024) CZ Titulky' candidates=2
[09:50:15]   candidate upload_id=686bb894dde6a url=https://prehraj.to/river-of-blood-2024-cz-titulky-1080p/686bb894dde6a
[09:50:16]   resolved in 1.3s → 1080p (https://pf-storage4.premiumcdn.net/141340865/7qou0zcQNfqdTmpULaSOKc5zHaJsVRSPwt4…)
[09:51:58]   downloaded 2,560.4 MB in 99.7s (25.7 MB/s)
[09:54:04]   upload done video_id=26037192 in 126.2s
[09:54:05] film cr_film_id=9611 OK in 230.6s
[09:54:05] iteration 18/20
[09:54:05] film cr_film_id=34233 name='Provokatéři (2024) CZ Titulky' candidates=2
[09:54:05]   candidate upload_id=67c3c2287e5a7 url=https://prehraj.to/provokateri-2024-cz-titulky-1080p/67c3c2287e5a7
[09:54:07]   resolved in 1.1s → 720p (https://pf-storage3.premiumcdn.net/131071829/aoEuMBsBrf0GijPcvyS1DsK8hLai7Oi41im…)
[09:55:07]   downloaded 1,452.9 MB in 58.5s (24.8 MB/s)
[09:56:32]   upload done video_id=26037217 in 85.3s
[09:56:34] film cr_film_id=34233 OK in 148.5s
[09:56:34] iteration 19/20
[09:56:34] film cr_film_id=8647 name='Powstaniec 1863 (2024) CZ Titulky' candidates=5
[09:56:34]   candidate upload_id=66e9d30349660 url=https://prehraj.to/powstaniec-1863-2024-cz-titulky/66e9d30349660
[09:56:35]   resolved in 1.1s → 1080p (https://pf-storage4.premiumcdn.net/96880334/ZnXigAugLcB7C8Ah4Zumwu4KtRoU3WtLdcbm…)
[09:58:18]   downloaded 2,628.5 MB in 101.3s (25.9 MB/s)
[10:00:59]   upload done video_id=26037240 in 161.1s
[10:01:01] film cr_film_id=8647 OK in 267.3s
[10:01:01] iteration 20/20
[10:01:01] film cr_film_id=28415 name='Potopa (2024) CZ Titulky' candidates=1
[10:01:01]   candidate upload_id=0ec9ee02f9a9ea2e url=https://prehraj.to/potopa-2024-cztitulky/0ec9ee02f9a9ea2e
[10:01:03]   resolved in 1.3s → 720p (https://pf-storage3.premiumcdn.net/166689740/bEvuPJc3pfVahoBHrGSL0coNHVoc16HPqh3…)
[10:01:54]   downloaded 1,186.7 MB in 49.1s (24.2 MB/s)
[10:04:28]   upload done video_id=26037261 in 154.3s
[10:04:29] film cr_film_id=28415 OK in 208.2s
[10:04:29] batch-end ok=20 failed=0 dur=3584.1s avg/film=179.2s remaining=9398 eta_hours=467.8

===== run 2026-06-17T10:05:08Z shard=1/2 batch_size=20 (https://github.com/Olbrasoft/prehrajto-to-prehrajto/actions/runs/27681278272) =====
[10:05:09] batch-start shard=1/2 count=20 backlog=10210 uploads=812 failed_attempts=42 description_overrides=0
[10:05:09] login
[10:05:10] login done
[10:05:10] iteration 1/20
[10:05:10] film cr_film_id=31281 name='Pilot (2024) CZ Titulky' candidates=1
[10:05:10]   candidate upload_id=67bca6640887d url=https://prehraj.to/pilot-2024-cztitulky/67bca6640887d
[10:05:12]   resolved in 1.5s → 720p (https://pf-storage5.premiumcdn.net/130576913/oQViz7TN5TOGTAXHgRsw3TW2uJPfkZfMDsD…)
[10:06:44]   downloaded 1,617.1 MB in 90.0s (18.0 MB/s)
[10:08:18]   upload done video_id=26037283 in 94.3s
[10:08:20] film cr_film_id=31281 OK in 189.8s
[10:08:20] iteration 2/20
[10:08:20] film cr_film_id=20173 name='Paměti z ulity (2024) CZ Titulky' candidates=2
[10:08:20]   candidate upload_id=67497c0994959 url=https://prehraj.to/pameti-z-ulity-2024-cz-titulky-1080p/67497c0994959
[10:08:22]   resolved in 1.5s → 720p (https://pf-storage1.premiumcdn.net/113748992/DAOFqwHDEUAjH3oi4lHl2HJOFpYCLgul4cA…)
[10:09:09]   downloaded 969.5 MB in 45.3s (21.4 MB/s)
[10:10:07]   upload done video_id=26037298 in 57.7s
[10:10:09] film cr_film_id=20173 OK in 108.5s
[10:10:09] iteration 3/20
[10:10:09] film cr_film_id=20101 name='Outsideři (2024) CZ Titulky' candidates=1
[10:10:09]   candidate upload_id=65be47302c741 url=https://prehraj.to/the-underdoggs-2024-cz-titulky-1080p/65be47302c741
[10:10:10]   resolved in 1.2s → 720p (https://pf-storage1.premiumcdn.net/72993854/qPxs6rI9ockJtXQC2zsJ8IKOCK4UQofnEhK2…)
[10:12:07]   downloaded 2,109.5 MB in 115.2s (18.3 MB/s)
[10:14:10]   upload done video_id=26037317 in 122.7s
[10:14:12] film cr_film_id=20101 OK in 243.2s
[10:14:12] iteration 4/20
[10:14:12] film cr_film_id=20115 name='Opravdová bolest (2024) CZ Titulky' candidates=1
[10:14:12]   candidate upload_id=68fa30e8ed265 url=https://prehraj.to/opravdova-bolest-a-real-pain-2024-1080p-h265-en-cz-tit-komedy/68fa30e8ed265
[10:14:13]   resolved in 1.2s → 720p (https://pf-storage4.premiumcdn.net/153075327/BMlsrziaYIb4I4LIOrtALinPuO4hJ3hK5cD…)
[10:15:13]   downloaded 1,231.9 MB in 57.2s (21.5 MB/s)
[10:16:25]   upload done video_id=26037336 in 72.2s
[10:16:26] film cr_film_id=20115 OK in 134.5s
[10:16:26] iteration 5/20
[10:16:26] film cr_film_id=15909 name='No entres (2024) CZ Titulky' candidates=2
[10:16:26]   candidate upload_id=675fe800c6baa url=https://prehraj.to/no-entres-2024-cz-titulky-1080p/675fe800c6baa
[10:16:28]   resolved in 1.3s → 1080p (https://pf-storage5.premiumcdn.net/123664949/YqziMoHJzIP2ho9FXDtNVH6WsZMt89CeBuZ…)
[10:18:48]   downloaded 2,521.6 MB in 138.3s (18.2 MB/s)
[10:21:16]   upload done video_id=26037374 in 147.8s
[10:21:18] film cr_film_id=15909 OK in 291.4s
[10:21:18] iteration 6/20
[10:21:18] film cr_film_id=15061 name='Na kordy (2024) CZ Titulky' candidates=4
[10:21:18]   candidate upload_id=ed3c6c430d7b7b56 url=https://prehraj.to/na-kordy-2024-cz-titulky/ed3c6c430d7b7b56
[10:21:19]   resolved in 1.6s → 1080p (https://pf-storage5.premiumcdn.net/167937490/x9asNvU2bUM9sn4HVbCavUKbh9NI0kFZ0TX…)
[10:23:40]   downloaded 2,627.9 MB in 139.2s (18.9 MB/s)
[10:26:10]   upload done video_id=26037454 in 149.7s
[10:26:12] film cr_film_id=15061 OK in 294.4s
[10:26:12] iteration 7/20
[10:26:12] film cr_film_id=2515 name='My Old Ass (2024) CZ Titulky' candidates=1
[10:26:12]   candidate upload_id=6739ab7de856a url=https://prehraj.to/my-old-ass-2024-1080p-cz-titulky/6739ab7de856a
[10:26:13]   resolved in 1.1s → 720p (https://pf-storage1.premiumcdn.net/107307740/rYRT01IdBtjzfd5Hmzs2LIEZHWou8KiY5C2…)
[10:27:32]   downloaded 1,432.1 MB in 76.4s (18.7 MB/s)
[10:28:51]   upload done video_id=26037504 in 78.6s
[10:28:52] film cr_film_id=2515 OK in 160.1s
[10:28:52] iteration 8/20
[10:28:52] film cr_film_id=10153 name='Model House (2024) CZ Titulky' candidates=10
[10:28:52]   candidate upload_id=665b54fbee730 url=https://prehraj.to/model-house-2024-cz-titulky-1080p/665b54fbee730
[10:28:54]   resolved in 1.2s → 720p (https://pf-storage5.premiumcdn.net/77964014/bLPH6ZhB0svqsExU5vclwh8KIPDImPCoaCAb…)
[10:29:58]   downloaded 1,119.3 MB in 62.2s (18.0 MB/s)
[10:31:02]   upload done video_id=26037543 in 63.6s
[10:31:03] film cr_film_id=10153 OK in 131.0s
[10:31:03] iteration 9/20
[10:31:03] film cr_film_id=36983 name='Millers in Marriage (2024) CZ Titulky' candidates=1
[10:31:03]   candidate upload_id=8e552a2aae086b6f url=https://prehraj.to/millers-in-marriage-2024-cz-titulky/8e552a2aae086b6f
[10:31:04]   resolve FAILED: HTTP 502 wrapping permanent upstream error: https://prehraj.to/millers-in-marriage-2024-cz-titulky/8e552a2aae086b6f (permanent=True)
[10:31:04] film cr_film_id=36983 all candidates exhausted
[10:31:04] iteration 10/20
[10:31:04] film cr_film_id=16269 name='McVeigh (2024) CZ Titulky' candidates=8
[10:31:04]   candidate upload_id=67e281b868b23 url=https://prehraj.to/mcveigh-2024-cztit-1080p-bydejv/67e281b868b23
[10:31:10]   resolved in 6.0s → 1080p (https://pf-storage3.premiumcdn.net/133233956/bzoi9vIP4SxvSjLTn8tYgI7qszAhols0Pun…)
[10:33:23]   downloaded 2,385.9 MB in 130.2s (18.3 MB/s)
[10:35:36]   upload done video_id=26037595 in 133.0s
[10:35:37] film cr_film_id=16269 OK in 273.4s
[10:35:37] iteration 11/20
[10:35:37] film cr_film_id=34235 name='Love Me Dead (2024) CZ Titulky' candidates=1
[10:35:37]   candidate upload_id=67cd9edd2e68e url=https://prehraj.to/love-me-2024-cz-titulky-1080p/67cd9edd2e68e
[10:35:39]   resolved in 1.2s → 720p (https://pf-storage5.premiumcdn.net/131727653/XemixBTgqcG6CAmcJRhoQT4pCZyHwMu5Xia…)
[10:36:48]   downloaded 1,197.1 MB in 67.1s (17.8 MB/s)
[10:38:12]   upload done video_id=26037628 in 84.1s
[10:38:13] film cr_film_id=34235 OK in 156.0s
[10:38:13] iteration 12/20
[10:38:13] film cr_film_id=36971 name='Look to the Light (2024) CZ Titulky' candidates=4
[10:38:13]   candidate upload_id=6671280c8d8ed url=https://prehraj.to/look-to-the-light-2024-cz-titulky-1080p/6671280c8d8ed
[10:38:16]   resolved in 2.7s → 720p (https://pf-storage5.premiumcdn.net/79128866/vm2HzgfzRUoYI6JhDZInvfo9S25UkouRycm2…)
[10:39:36]   downloaded 1,448.0 MB in 77.6s (18.7 MB/s)
[10:40:59]   upload done video_id=26037648 in 83.1s
[10:41:01] film cr_film_id=36971 OK in 167.2s
[10:41:01] iteration 13/20
[10:41:01] film cr_film_id=9849 name='Lazareth (2024) CZ Titulky' candidates=12
[10:41:01]   candidate upload_id=665b3a54a0868 url=https://prehraj.to/lazareth-2024-cztit-v-obraze-1080p/665b3a54a0868
[10:41:02]   resolved in 1.6s → 1080p (https://pf-storage5.premiumcdn.net/77962844/1NGiP9H9oInDcWji6Ec7eHzwuD5uvVCORsb7…)
[10:42:17]   downloaded 1,641.3 MB in 72.6s (22.6 MB/s)
[10:43:51]   upload done video_id=26037674 in 94.3s
[10:43:53] film cr_film_id=9849 OK in 172.1s
[10:43:53] iteration 14/20
[10:43:53] film cr_film_id=10103 name="Kill 'em All 2 (2024) CZ Titulky" candidates=4
[10:43:53]   candidate upload_id=66f7176d76e77 url=https://prehraj.to/kill-em-all-2-2024-cztitulky-top-mp4/66f7176d76e77
[10:43:55]   resolved in 1.9s → 1080p (https://pf-storage3.premiumcdn.net/98722109/No0ueVUnJs6WSbxfWDhR1UOluY0FzvFLxC4B…)
[10:44:45]   downloaded 869.6 MB in 48.4s (18.0 MB/s)
[10:45:35]   upload done video_id=26037693 in 49.6s
[10:45:37] film cr_film_id=10103 OK in 103.8s
[10:45:37] iteration 15/20
[10:45:37] film cr_film_id=28429 name='Já a můj terapeut (2024) CZ Titulky' candidates=1
[10:45:37]   candidate upload_id=71613a9c75cf6dfe url=https://prehraj.to/ja-a-muj-terapeut-jamais-sans-mon-psy-2024-komedie-cz-titulky-1080p-hevc-ac-3-5-1-fr/71613a9c75cf6dfe
[10:45:38]   resolved in 1.5s → 720p (https://pf-storage3.premiumcdn.net/167411444/BbMIQMsLwIJKtn7U70HD2sbncYEUjqtYLcL…)
[10:46:58]   downloaded 1,793.9 MB in 78.5s (22.9 MB/s)
[10:48:44]   upload done video_id=26037714 in 105.6s
[10:48:46] film cr_film_id=28429 OK in 189.0s
[10:48:46] iteration 16/20
[10:48:46] film cr_film_id=27405 name='Jak randit s Billym Walshem (2024) CZ Titulky' candidates=3
[10:48:46]   candidate upload_id=665f56b158e1e url=https://prehraj.to/jak-randit-s-billym-walshem-2024-cz-titulky-1080p/665f56b158e1e
[10:48:47]   resolved in 1.2s → 720p (https://pf-storage5.premiumcdn.net/78044246/Jbmin7H1NF6WtEZTkoFrZHV4s7qFgVIJViOo…)
[10:49:46]   downloaded 1,307.0 MB in 57.7s (22.7 MB/s)
[10:51:06]   upload done video_id=26037733 in 79.3s
[10:51:07] film cr_film_id=27405 OK in 141.9s
[10:51:07] iteration 17/20
[10:51:07] film cr_film_id=16241 name='Invasive (2024) CZ Titulky' candidates=10
[10:51:07]   candidate upload_id=67bc9fad2f2f5 url=https://prehraj.to/invasive-2024-cz-titulky-720p/67bc9fad2f2f5
[10:51:09]   resolved in 1.2s → 720p (https://pf-storage5.premiumcdn.net/130574936/DeBfZph73izpIWbfX2cRbhMRfKxTOQT9WT6…)
[10:52:08]   downloaded 1,047.8 MB in 57.9s (18.1 MB/s)
[10:53:10]   upload done video_id=26037743 in 61.8s
[10:53:12] film cr_film_id=16241 OK in 124.4s
[10:53:12] iteration 18/20
[10:53:12] film cr_film_id=14587 name='Impious (2024) CZ Titulky' candidates=1
[10:53:12]   candidate upload_id=6716633522d5a url=https://prehraj.to/impious-2024-cz-titulky-1080p/6716633522d5a
[10:53:13]   resolved in 1.0s → 720p (https://pf-storage3.premiumcdn.net/103120745/jB2tmDfzjTQ2F5xC0gsPXfGrCNDS2btGRuW…)
[10:53:56]   downloaded 923.1 MB in 41.2s (22.4 MB/s)
[10:54:48]   upload done video_id=26037762 in 52.1s
[10:54:50] film cr_film_id=14587 OK in 97.8s
[10:54:50] iteration 19/20
[10:54:50] film cr_film_id=28125 name='Hrad z písku (2024) CZ Titulky' candidates=1
[10:54:50]   candidate upload_id=67a26dcc75a05 url=https://prehraj.to/the-sand-castle-hrad-z-pisku-2024-cz-titulky/67a26dcc75a05
[10:54:51]   resolved in 1.5s → 720p (https://pf-storage1.premiumcdn.net/128939141/zYQSzZI0aSn6tE1sNySqNIx7hLzi51iGkHv…)
[10:55:59]   downloaded 1,545.8 MB in 66.3s (23.3 MB/s)
[10:57:28]   upload done video_id=26037776 in 89.1s
[10:57:30] film cr_film_id=28125 OK in 160.3s
[10:57:30] iteration 20/20
[10:57:30] film cr_film_id=37213 name='Horror in the High Desert 3: Firewatch (2024) CZ Titulky' candidates=2
[10:57:30]   candidate upload_id=c6cf942716154f19 url=https://prehraj.to/horror-in-the-high-desert-3-firewatch-2024-1080p-web-dl-h264-loco-mkv/c6cf942716154f19
[10:57:31]   resolved in 1.4s → 1080p (https://pf-storage6.premiumcdn.net/170979422/q6OSnefPvuyRuqOh0mF7wfEmHYluvwheqsl…)
[10:59:20]   downloaded 2,490.2 MB in 106.7s (23.3 MB/s)
[11:01:49]   upload done video_id=26037816 in 148.7s
[11:01:50] film cr_film_id=37213 OK in 260.4s
[11:01:50] batch-end ok=19 failed=1 dur=3400.1s avg/film=179.0s remaining=9379 eta_hours=466.3

===== run 2026-06-17T11:02:25Z shard=1/2 batch_size=20 (https://github.com/Olbrasoft/prehrajto-to-prehrajto/actions/runs/27684272629) =====
[11:02:26] batch-start shard=1/2 count=20 backlog=10210 uploads=831 failed_attempts=43 description_overrides=0
[11:02:26] login
[11:02:28] login done
[11:02:28] iteration 1/20
[11:02:28] film cr_film_id=9953 name='Hellhound (2024) CZ Titulky' candidates=11
[11:02:28]   candidate upload_id=65b66a3c61e86 url=https://prehraj.to/hellhound-2024-cztit-v-obraze-1080p/65b66a3c61e86
[11:02:29]   resolved in 1.2s → 720p (https://pf-storage1.premiumcdn.net/72755180/ypAUoes3Pi2bTwoIXlFkXs0GCVqcrjIRosOA…)
[11:03:46]   downloaded 1,603.0 MB in 75.5s (21.2 MB/s)
[11:05:12]   upload done video_id=26037885 in 86.0s
[11:05:14] film cr_film_id=9953 OK in 166.2s
[11:05:14] iteration 2/20
[11:05:14] film cr_film_id=9603 name="He's Watching You (2024) CZ Titulky" candidates=3
[11:05:14]   candidate upload_id=c6f28cae3ad32462 url=https://prehraj.to/black-spines-he-s-watching-you-2026-cz-titulky/c6f28cae3ad32462
[11:05:15]   resolved in 1.1s → 480p (https://pf-storage4.premiumcdn.net/165964343/DdlFgpSqRtkVumysy7HYKSNQtVLSq4fxRIL…)
[11:05:41]   downloaded 479.8 MB in 24.1s (19.9 MB/s)
[11:06:11]   upload done video_id=26037904 in 30.1s
[11:06:13] film cr_film_id=9603 OK in 58.7s
[11:06:13] iteration 3/20
[11:06:13] film cr_film_id=36941 name="H. P. Lovecraft's The Old Ones (2024) CZ Titulky" candidates=2
[11:06:13]   candidate upload_id=66712bce21468 url=https://prehraj.to/h-p-lovecrafts-the-old-ones-2024-cz-titulky-1080p/66712bce21468
[11:06:14]   resolved in 1.1s → 720p (https://pf-storage4.premiumcdn.net/79131209/m75c20fLYcXaUwzSbNszLf8ecvpSwWcLdF73…)
[11:07:02]   downloaded 1,044.1 MB in 47.4s (22.0 MB/s)
[11:07:56]   upload done video_id=26037920 in 54.1s
[11:07:58] film cr_film_id=36941 OK in 105.2s
[11:07:58] iteration 4/20
[11:07:58] film cr_film_id=10449 name='Gunner (2024) CZ Titulky' candidates=6
[11:07:58]   candidate upload_id=67153ae4051e2 url=https://prehraj.to/gunner-2024-1080p-webrip-cz-titulky-mp4/67153ae4051e2
[11:07:59]   resolved in 1.1s → 720p (https://pf-storage4.premiumcdn.net/102961241/DpJcnPu2BuPetzyTEeiRquyqCDwHyaTxLsY…)
[11:09:15]   downloaded 1,601.2 MB in 73.8s (21.7 MB/s)
[11:10:32]   upload done video_id=26037937 in 77.1s
[11:10:33] film cr_film_id=10449 OK in 155.3s
[11:10:33] iteration 5/20
[11:10:33] film cr_film_id=5349 name='Greedy People (2024) CZ Titulky' candidates=9
[11:10:33]   candidate upload_id=66c87a07350eb url=https://prehraj.to/greedy-people-2024-cz-titulky-1080p/66c87a07350eb
[11:10:34]   resolved in 1.1s → 720p (https://pf-storage3.premiumcdn.net/92201261/6gkt07Ur8SVQhbzukGH1xUgNSRyu0AhGLfo9…)
[11:11:44]   downloaded 1,444.0 MB in 67.6s (21.4 MB/s)
[11:12:48]   upload done video_id=26037976 in 64.7s
[11:12:50] film cr_film_id=5349 OK in 136.5s
[11:12:50] iteration 6/20
[11:12:50] film cr_film_id=17959 name='Grafted (2024) CZ Titulky' candidates=2
[11:12:50]   candidate upload_id=6797bfd124243 url=https://prehraj.to/grafted-grafted-2024-cz-tit/6797bfd124243
[11:12:51]   resolved in 1.2s → 720p (https://pf-storage3.premiumcdn.net/128350814/g7vteGS3mh15t0wIoMFprSArCX0c7VTd7tr…)
[11:13:42]   downloaded 1,350.2 MB in 48.9s (27.6 MB/s)
[11:14:44]   upload done video_id=26038003 in 62.3s
[11:14:45] film cr_film_id=17959 OK in 115.7s
[11:14:45] iteration 7/20
[11:14:45] film cr_film_id=16347 name='Ghost Killer (2024) CZ Titulky' candidates=1
[11:14:45]   candidate upload_id=68d533cbccd25 url=https://prehraj.to/ghost-train-2025-cz-titulky-v-obraze/68d533cbccd25
[11:14:47]   resolved in 1.1s → 720p (https://pf-storage4.premiumcdn.net/148380828/1daiZGUj4szMS97cAzflAUjzfWnfQ1CLlCp…)
[11:15:48]   downloaded 1,283.6 MB in 59.7s (21.5 MB/s)
[11:17:06]   upload done video_id=26038016 in 77.3s
[11:17:07] film cr_film_id=16347 OK in 141.5s
[11:17:07] iteration 8/20
[11:17:07] film cr_film_id=36953 name='Get Away (2024) CZ Titulky' candidates=13
[11:17:07]   candidate upload_id=679bc5132a546 url=https://prehraj.to/get-away-2024-cz-titulky-1080p/679bc5132a546
[11:17:08]   resolved in 1.1s → 720p (https://pf-storage1.premiumcdn.net/128578289/Z1DizYTKGIwzH03ImBhXeTyAF0MhGwiDJSN…)
[11:18:00]   downloaded 1,429.6 MB in 50.5s (28.3 MB/s)
[11:19:20]   upload done video_id=26038031 in 79.7s
[11:19:22] film cr_film_id=36953 OK in 134.7s
[11:19:22] iteration 9/20
[11:19:22] film cr_film_id=27689 name='Forgive Me Father (2024) CZ Titulky' candidates=1
[11:19:22]   candidate upload_id=6750a4a62906e url=https://prehraj.to/forgive-me-father-2024-cz-titulky-1080p/6750a4a62906e
[11:19:23]   resolved in 1.1s → 720p (https://pf-storage5.premiumcdn.net/116751806/Dq5c61Tm2FzauxlH7rSjPTQjIkPHoBHrAHA…)
[11:20:08]   downloaded 946.5 MB in 43.7s (21.7 MB/s)
[11:20:55]   upload done video_id=26038048 in 47.1s
[11:20:57] film cr_film_id=27689 OK in 95.2s
[11:20:57] iteration 10/20
[11:20:57] film cr_film_id=16257 name='Echoes in the Dark (2024) CZ Titulky' candidates=5
[11:20:57]   candidate upload_id=31b1f958a4089b19 url=https://prehraj.to/echoes-in-the-dark-2024-1080p-cz-titulky-mp4/31b1f958a4089b19
[11:20:58]   resolved in 1.3s → 720p (https://pf-storage4.premiumcdn.net/166234589/6WYTKef7YSzltnjSaoi6BfkQUM8Cb1t7ofE…)
[11:21:55]   downloaded 1,160.0 MB in 55.3s (21.0 MB/s)
[11:22:51]   upload done video_id=26038066 in 55.4s
[11:22:52] film cr_film_id=16257 OK in 115.4s
[11:22:52] iteration 11/20
[11:22:52] film cr_film_id=36997 name='Ebenezer the Traveler (2024) CZ Titulky' candidates=1
[11:22:52]   candidate upload_id=67585dffb0ffb url=https://prehraj.to/ebenezer-the-traveler-2024-cz-titulky-1080p/67585dffb0ffb
[11:22:54]   resolved in 1.3s → 720p (https://pf-storage1.premiumcdn.net/120352577/kxgcegHqwUm0Fe5cLXS5kHBjuGPsj3sbKCN…)
[11:24:23]   downloaded 1,584.1 MB in 87.8s (18.0 MB/s)
[11:25:40]   upload done video_id=26038087 in 76.7s
[11:25:42] film cr_film_id=36997 OK in 169.4s
[11:25:42] iteration 12/20
[11:25:42] film cr_film_id=28731 name='Džúičinin no zokugun (2024) CZ Titulky' candidates=1
[11:25:42]   candidate upload_id=6829bf3b35b31 url=https://prehraj.to/11-rebels-2024-cz-titulky-1080p/6829bf3b35b31
[11:25:43]   resolved in 1.1s → 720p (https://pf-storage5.premiumcdn.net/138211646/YebSE9T8PCbpiRJFOMf38TJPsl8SjKhdAC6…)
[11:28:10]   downloaded 3,256.8 MB in 144.9s (22.5 MB/s)
[11:30:44]   upload done video_id=26038138 in 154.1s
[11:30:45] film cr_film_id=28731 OK in 303.6s
[11:30:45] iteration 13/20
[11:30:45] film cr_film_id=36981 name="Dynastie Ga'a (2024) CZ Titulky" candidates=1
[11:30:45]   candidate upload_id=66ad2e25c3ccc url=https://prehraj.to/dynastie-ga-a-2024-cztitulky/66ad2e25c3ccc
[11:30:46]   resolved in 1.1s → 720p (https://pf-storage4.premiumcdn.net/88435235/KwYuxMsEXCd0IQ3F9WCDWs2jIWDuVkSaxUmM…)
[11:32:58]   downloaded 2,264.1 MB in 129.8s (17.4 MB/s)
[11:34:43]   upload done video_id=26038181 in 105.3s
[11:34:45] film cr_film_id=36981 OK in 239.7s
[11:34:45] iteration 14/20
[11:34:45] film cr_film_id=16409 name='Distant (2024) CZ Titulky' candidates=2
[11:34:45]   candidate upload_id=6772a92eca109 url=https://prehraj.to/distant-2024-cz-titulky-1080p/6772a92eca109
[11:34:46]   resolved in 1.3s → 720p (https://pf-storage5.premiumcdn.net/126817415/nzriGlUk5Il8TLafZLtyaU3QuBJtkpsjeCa…)
[11:35:32]   downloaded 1,152.9 MB in 44.5s (25.9 MB/s)
[11:36:32]   upload done video_id=26038202 in 59.3s
[11:36:33] film cr_film_id=16409 OK in 108.1s
[11:36:33] iteration 15/20
[11:36:33] film cr_film_id=9617 name='Dirty Angels (2024) CZ Titulky' candidates=1
[11:36:33]   candidate upload_id=677ecc872480c url=https://prehraj.to/dirty-angels-2024-cz-tit-1080p/677ecc872480c
[11:36:34]   resolved in 1.0s → 720p (https://pf-storage5.premiumcdn.net/127400954/14aSRlTLMSKWcBlFWJu9YTmJiVDSwWFNKF5…)
[11:37:39]   downloaded 1,703.0 MB in 63.9s (26.7 MB/s)
[11:39:05]   upload done video_id=26038221 in 85.8s
[11:39:07] film cr_film_id=9617 OK in 153.5s
[11:39:07] iteration 16/20
[11:39:07] film cr_film_id=6791 name='Die Alone (2024) CZ Titulky' candidates=3
[11:39:07]   candidate upload_id=678a8937cce65 url=https://prehraj.to/die-alone-2024-cz-titulky-1080p-1/678a8937cce65
[11:39:08]   resolved in 1.3s → 720p (https://pf-storage3.premiumcdn.net/127674830/qL3TXyfejFpySLkH6ySA1f1KCMNc35h5ytn…)
[11:40:12]   downloaded 1,648.7 MB in 61.8s (26.7 MB/s)
[11:41:35]   upload done video_id=26038241 in 83.0s
[11:41:36] film cr_film_id=6791 OK in 149.5s
[11:41:36] iteration 17/20
[11:41:36] film cr_film_id=31377 name='Depravity (2024) CZ Titulky' candidates=1
[11:41:36]   candidate upload_id=683ce9d5420e8 url=https://prehraj.to/depravity-2024-cztit-v-obraze-1080p/683ce9d5420e8
[11:41:37]   resolved in 1.1s → 720p (https://pf-storage1.premiumcdn.net/139037840/RrGhW0T6ZcrNIxjSyDsP1TYLSxASAwSZESB…)
[11:42:38]   downloaded 1,289.9 MB in 59.1s (21.8 MB/s)
[11:43:38]   upload done video_id=26038271 in 59.6s
[11:43:39] film cr_film_id=31377 OK in 123.1s
[11:43:39] iteration 18/20
[11:43:39] film cr_film_id=16139 name='Delivery Run (2024) CZ Titulky' candidates=8
[11:43:39]   candidate upload_id=68fa99c161e82 url=https://prehraj.to/delivery-run-2024-720p-webrip-x264-aac-yts-mx-cz-tit/68fa99c161e82
[11:43:40]   resolved in 1.1s → 480p (https://pf-storage3.premiumcdn.net/153105168/ogkS8LUlkhR3i8ds7Ji1XUP2FqRSRqtw2C1…)
[11:44:09]   downloaded 588.1 MB in 27.7s (21.2 MB/s)
[11:44:39]   upload done video_id=26038291 in 29.9s
[11:44:41] film cr_film_id=16139 OK in 61.6s
[11:44:41] iteration 19/20
[11:44:41] film cr_film_id=10243 name='Dead Whisper (2024) CZ Titulky' candidates=7
[11:44:41]   candidate upload_id=66b61b6bb4f3f url=https://prehraj.to/dead-whisper-2024-cz-titulky-1080p/66b61b6bb4f3f
[11:44:42]   resolved in 1.0s → 1080p (https://pf-storage1.premiumcdn.net/89697620/xNlHqBSN1SnjuA1CNWH9lSM1UD0cJPtQqT7V…)
[11:45:54]   downloaded 1,506.1 MB in 70.8s (21.3 MB/s)
[11:47:07]   upload done video_id=26038314 in 72.6s
[11:47:08] film cr_film_id=10243 OK in 147.6s
[11:47:08] iteration 20/20
[11:47:08] film cr_film_id=8655 name='Dead Sea (2024) CZ Titulky' candidates=2
[11:47:08]   candidate upload_id=66a795de936d8 url=https://prehraj.to/dead-sea-2024-cz-titulky-1080p/66a795de936d8
[11:47:09]   resolved in 1.1s → 1080p (https://pf-storage1.premiumcdn.net/87645923/g3xuPRC6PI37Cvpsp3cZpC0yCPqsybFv2FDx…)
[11:49:09]   downloaded 2,621.8 MB in 118.1s (22.2 MB/s)
[11:51:15]   upload done video_id=26038346 in 125.5s
[11:51:16] film cr_film_id=8655 OK in 247.8s
[11:51:16] batch-end ok=20 failed=0 dur=2928.3s avg/film=146.4s remaining=9359 eta_hours=380.6

===== run 2026-06-17T11:51:47Z shard=1/2 batch_size=20 (https://github.com/Olbrasoft/prehrajto-to-prehrajto/actions/runs/27686881940) =====
[11:51:48] batch-start shard=1/2 count=20 backlog=10210 uploads=851 failed_attempts=43 description_overrides=0
[11:51:48] login
[11:51:49] login done
[11:51:49] iteration 1/20
[11:51:49] film cr_film_id=9941 name='Dagr (2024) CZ Titulky' candidates=5
[11:51:49]   candidate upload_id=66dc563b4c975 url=https://prehraj.to/dagr-2024-cz-titulky-1080p/66dc563b4c975
[11:51:50]   resolved in 1.0s → 1080p (https://pf-storage3.premiumcdn.net/94970615/7NycqysVYtj8hbdHEaC0jsqnH60HRDFGvsdw…)
[11:53:10]   downloaded 2,247.5 MB in 77.8s (28.9 MB/s)
[11:54:27]   upload done video_id=26038384 in 77.4s
[11:54:29] film cr_film_id=9941 OK in 159.7s
[11:54:29] iteration 2/20
[11:54:29] film cr_film_id=7477 name="Daddy's Head (2024) CZ Titulky" candidates=1
[11:54:29]   candidate upload_id=672ee2e9bcf04 url=https://prehraj.to/daddys-head-2024-1080p-cz-sub/672ee2e9bcf04
[11:54:30]   resolved in 1.1s → 720p (https://pf-storage5.premiumcdn.net/105544631/n48fW7iOaIKotX7Ta5c5GiBgun5taAu2oh8…)
[11:55:06]   downloaded 1,172.0 MB in 34.0s (34.5 MB/s)
[11:55:47]   upload done video_id=26038397 in 41.4s
[11:55:48] film cr_film_id=7477 OK in 79.1s
[11:55:48] iteration 3/20
[11:55:48] film cr_film_id=7161 name='Cuckoo (2024) CZ Titulky' candidates=1
[11:55:48]   candidate upload_id=66efd4363a1a9 url=https://prehraj.to/cuckoo-2024-cz-titulky-1080p/66efd4363a1a9
[11:55:49]   resolved in 1.0s → 720p (https://pf-storage4.premiumcdn.net/97713857/ZqrfroUYMTVzcXeHqpHnjUkDsWVcDaIJZHYp…)
[11:56:38]   downloaded 1,648.9 MB in 46.9s (35.2 MB/s)
[11:57:35]   upload done video_id=26038411 in 57.3s
[11:57:36] film cr_film_id=7161 OK in 107.8s
[11:57:36] iteration 4/20
[11:57:36] film cr_film_id=10289 name='Consumed (2024) CZ Titulky' candidates=11
[11:57:36]   candidate upload_id=66c2b32291951 url=https://prehraj.to/consumed-2024-cz-titulky-1080p/66c2b32291951
[11:57:37]   resolved in 1.0s → 720p (https://pf-storage3.premiumcdn.net/91395629/Xe3HBJh20hOBhLRuXGf7ahaMt3mUkRSlWSXK…)
[11:58:43]   downloaded 1,854.6 MB in 64.4s (28.8 MB/s)
[11:59:47]   upload done video_id=26038430 in 64.4s
[11:59:49] film cr_film_id=10289 OK in 132.8s
[11:59:49] iteration 5/20
[11:59:49] film cr_film_id=26523 name='Bob Dylan: Úplně neznámý (2024) CZ Titulky' candidates=2
[11:59:49]   candidate upload_id=68d453e176d30 url=https://prehraj.to/a-complete-unknown-2024-cz-titulky-v-obraze/68d453e176d30
[11:59:50]   resolved in 1.0s → 720p (https://pf-storage3.premiumcdn.net/148267761/O2Xtdrf87CaBHXeFZxsqdf8ZFzDcPBsDMtV…)
[12:00:51]   downloaded 2,107.5 MB in 59.7s (35.3 MB/s)
[12:02:15]   upload done video_id=26038443 in 84.3s
[12:02:16] film cr_film_id=26523 OK in 147.7s
[12:02:16] iteration 6/20
[12:02:16] film cr_film_id=9463 name='Bagman (2024) CZ Titulky' candidates=2
[12:02:16]   candidate upload_id=67121a4bed32f url=https://prehraj.to/bagman-2024-cz-titulky-1080p/67121a4bed32f
[12:02:17]   resolved in 1.0s → 720p (https://pf-storage4.premiumcdn.net/102521822/WezsRmie5T5NH2OFMASXKinAu03fepTdKs5…)
[12:02:58]   downloaded 1,362.8 MB in 39.3s (34.7 MB/s)
[12:03:47]   upload done video_id=26038471 in 48.9s
[12:03:48] film cr_film_id=9463 OK in 91.9s
[12:03:48] iteration 7/20
[12:03:48] film cr_film_id=27887 name='Angels Fallen: Warriors of Peace (2024) CZ Titulky' candidates=1
[12:03:48]   candidate upload_id=66c4e823a227d url=https://prehraj.to/angels-fallen-warriors-of-peace-2024-cz-titulky-1080p/66c4e823a227d
[12:03:49]   resolved in 0.9s → 1080p (https://pf-storage3.premiumcdn.net/91705973/WJefOmSP9FJVTDLcyqi8gSpmUd9IVpHZbI7z…)
[12:05:23]   downloaded 2,681.4 MB in 91.7s (29.2 MB/s)
[12:06:59]   upload done video_id=26038493 in 96.7s
[12:07:01] film cr_film_id=27887 OK in 192.3s
[12:07:01] iteration 8/20
[12:07:01] film cr_film_id=9475 name='Anaconda (2024) CZ Titulky' candidates=4
[12:07:01]   candidate upload_id=661435f114dca url=https://prehraj.to/anaconda-2024-cz-titulky-1080p/661435f114dca
[12:07:02]   resolved in 1.0s → 720p (https://pf-storage5.premiumcdn.net/75893021/g41T6AsOJCN6I8yfgyIPms0Yc3LfAmUOaunE…)
[12:07:53]   downloaded 1,693.4 MB in 49.5s (34.2 MB/s)
[12:08:56]   upload done video_id=26038515 in 63.5s
[12:08:58] film cr_film_id=9475 OK in 117.7s
[12:08:58] iteration 9/20
[12:08:58] film cr_film_id=16225 name='Amber Alert (2024) CZ Titulky' candidates=6
[12:08:58]   candidate upload_id=6725fca6557d4 url=https://prehraj.to/amber-alert-2024-cz-titulky-1080p-mp4/6725fca6557d4
[12:08:59]   resolved in 0.9s → 720p (https://pf-storage1.premiumcdn.net/105323249/lGeTezHQ7c0nuezTaRcgNHzpS7ETl0SKAsp…)
[12:09:36]   downloaded 1,229.8 MB in 35.6s (34.5 MB/s)
[12:10:23]   upload done video_id=26038527 in 47.1s
[12:10:26] film cr_film_id=16225 OK in 87.7s
[12:10:26] iteration 10/20
[12:10:26] film cr_film_id=20245 name='Agent Recon (2024) CZ Titulky' candidates=2
[12:10:26]   candidate upload_id=668c6bd87aabc url=https://prehraj.to/agent-recon-2024-cz-sub-1080p/668c6bd87aabc
[12:10:27]   resolved in 1.0s → 1080p (https://pf-storage5.premiumcdn.net/83194307/lXAtlZS3whbvCe4tDmUPlSKJI0et41HVnI28…)
[12:11:54]   downloaded 2,430.2 MB in 85.2s (28.5 MB/s)
[12:13:37]   upload done video_id=26038542 in 103.2s
[12:13:38] film cr_film_id=20245 OK in 192.2s
[12:13:38] iteration 11/20
[12:13:38] film cr_film_id=7797 name='A Desert (2024) CZ Titulky' candidates=9
[12:13:38]   candidate upload_id=6872d5be63ce4 url=https://prehraj.to/a-desert-2024-1080p-cz-titulky-v-obraze/6872d5be63ce4
[12:13:39]   resolved in 1.0s → 720p (https://pf-storage4.premiumcdn.net/141534566/3BVtq5sdWhzMul2Uv7cVpsqMFQDSZdux3hv…)
[12:14:12]   downloaded 1,070.7 MB in 31.6s (33.9 MB/s)
[12:14:51]   upload done video_id=26038743 in 38.4s
[12:14:52] film cr_film_id=7797 OK in 73.7s
[12:14:52] iteration 12/20
[12:14:52] film cr_film_id=16113 name='40 Acres (2024) CZ Titulky' candidates=2
[12:14:52]   candidate upload_id=370c3370a946f5fe url=https://prehraj.to/40-acres-2024-bluray-cz-titulky-mkv/370c3370a946f5fe
[12:14:53]   resolved in 0.9s → 720p (https://pf-storage3.premiumcdn.net/167299478/Lm1teJsGDhQAIGeTKefWQsG1tnDfANfwaiy…)
[12:15:43]   downloaded 1,681.4 MB in 48.6s (34.6 MB/s)
[12:16:53]   upload done video_id=26038751 in 69.7s
[12:16:55] film cr_film_id=16113 OK in 122.7s
[12:16:55] iteration 13/20
[12:16:55] film cr_film_id=27487 name='Říše zvířat (2023) CZ Titulky' candidates=1
[12:16:55]   candidate upload_id=65c4ae7a8b38d url=https://prehraj.to/rise-zvirat-2023-cz-titulky-1080p/65c4ae7a8b38d
[12:16:56]   resolved in 1.0s → 720p (https://pf-storage4.premiumcdn.net/73141022/jyNsprCAVIGEuy3HoyS21CMkhZXIP4i4YTZw…)
[12:18:07]   downloaded 2,505.3 MB in 69.8s (35.9 MB/s)
[12:19:33]   upload done video_id=26038777 in 86.2s
[12:19:34] film cr_film_id=27487 OK in 159.8s
[12:19:34] iteration 14/20
[12:19:34] film cr_film_id=5827 name='Čarodějnictví (2023) CZ Titulky' candidates=1
[12:19:34]   candidate upload_id=650c716dc262c url=https://prehraj.to/carodejnictvi-2023-cz-titulky-hd-1080p/650c716dc262c
[12:19:35]   resolved in 1.0s → 720p (https://pf-storage3.premiumcdn.net/45720764/6n4U2BIGBiEjuxGfq2HjVINVCw0Fz4ua3UPO…)
[12:20:28]   downloaded 1,455.5 MB in 51.0s (28.5 MB/s)
[12:21:20]   upload done video_id=26038799 in 51.8s
[12:21:21] film cr_film_id=5827 OK in 106.8s
[12:21:21] iteration 15/20
[12:21:21] film cr_film_id=15893 name='Útok zdrogovaného aligátora (2023) CZ Titulky' candidates=5
[12:21:21]   candidate upload_id=6853e822abd6d url=https://prehraj.to/syfy-mkv-attack-of-the-meth-gator-2023-720p-webrip-x264-aac-yts-mx-cz-tit-mp4/6853e822abd6d
[12:21:22]   resolved in 1.0s → 480p (https://pf-storage3.premiumcdn.net/140250449/09ZsMBul2TWJfXnFgAF31u1Ai10ULXI1mIe…)
[12:22:03]   downloaded 1,089.2 MB in 39.6s (27.5 MB/s)
[12:22:45]   upload done video_id=26038815 in 41.5s
[12:22:46] film cr_film_id=15893 OK in 84.9s
[12:22:46] iteration 16/20
[12:22:46] film cr_film_id=36871 name='¡Que Viva México! (2023) CZ Titulky' candidates=2
[12:22:46]   candidate upload_id=645fd838f0508 url=https://prehraj.to/que-viva-mexico-2023-cz-titulky-1080p/645fd838f0508
[12:22:47]   resolved in 1.0s → 720p (https://pf-storage3.premiumcdn.net/40480147/eqMHyQfvli2AUwNSL9hdzfmzHojHzYcjqiLP…)
[12:24:49]   downloaded 3,283.1 MB in 119.9s (27.4 MB/s)
[12:26:47]   upload done video_id=26038835 in 118.5s
[12:26:48] film cr_film_id=36871 OK in 242.2s
[12:26:48] iteration 17/20
[12:26:48] film cr_film_id=10397 name='Zrádné hlubiny (2023) CZ Titulky' candidates=4
[12:26:48]   candidate upload_id=6853eaedd993d url=https://prehraj.to/syfy-mkv-blind-waters-2023-720p-bluray-yts-mx-cz-tit-mp4/6853eaedd993d
[12:26:49]   resolved in 1.0s → 480p (https://pf-storage3.premiumcdn.net/140251043/oLGsqQSKoH23UPMumbU5ZSwvuQqfomCG1hv…)
[12:27:33]   downloaded 1,195.5 MB in 42.2s (28.3 MB/s)
[12:28:35]   upload done video_id=26038860 in 62.3s
[12:28:37] film cr_film_id=10397 OK in 108.5s
[12:28:37] iteration 18/20
[12:28:37] film cr_film_id=881 name='Zabijáci rozkvetlého měsíce (2023) CZ Titulky' candidates=4
[12:28:37]   candidate upload_id=69036a85be68f url=https://prehraj.to/killers-of-the-flower-moon-thriller-usa-2023-cz-titulky/69036a85be68f
[12:28:38]   resolved in 1.0s → 720p (https://pf-storage4.premiumcdn.net/154460358/WzoH2EhAKtzgTjnU3xsR2hPrcJaCe8CAbsL…)
[12:29:52]   downloaded 2,572.7 MB in 72.3s (35.6 MB/s)
[12:31:30]   upload done video_id=26038881 in 98.8s
[12:31:33] film cr_film_id=881 OK in 175.9s
[12:31:33] iteration 19/20
[12:31:33] film cr_film_id=8381 name='Whiteout (2023) CZ Titulky' candidates=6
[12:31:33]   candidate upload_id=6792ccceb8494 url=https://prehraj.to/whiteout-2023-cztit-1080p/6792ccceb8494
[12:31:34]   resolved in 1.0s → 720p (https://pf-storage5.premiumcdn.net/128068349/EPvfbOibPIAzi7Lsw8UeOig6SDAuzAI1Lsb…)
[12:32:28]   downloaded 1,504.9 MB in 52.9s (28.4 MB/s)
[12:33:28]   upload done video_id=26038902 in 59.7s
[12:33:29] film cr_film_id=8381 OK in 116.5s
[12:33:29] iteration 20/20
[12:33:29] film cr_film_id=7521 name='V/H/S/85 (2023) CZ Titulky' candidates=1
[12:33:29]   candidate upload_id=652954a19f4e3 url=https://prehraj.to/vhs-85-2023-cz-titulky-hd-1080p/652954a19f4e3
[12:33:30]   resolved in 1.0s → 1080p (https://pf-storage3.premiumcdn.net/48168278/nwQug9hNvhQoU37Tz0tOwhWRfvmIg2uqlHYx…)
[12:35:48]   downloaded 4,016.3 MB in 136.5s (29.4 MB/s)
[12:38:15]   upload done video_id=26038923 in 147.0s
[12:38:16] film cr_film_id=7521 OK in 287.2s
[12:38:16] batch-end ok=20 failed=0 dur=2787.0s avg/film=139.3s remaining=9339 eta_hours=361.4

===== run 2026-06-17T12:52:39Z shard=1/2 batch_size=20 (https://github.com/Olbrasoft/prehrajto-to-prehrajto/actions/runs/27690303448) =====
[12:52:40] batch-start shard=1/2 count=20 backlog=10210 uploads=871 failed_attempts=43 description_overrides=0
[12:52:40] login
[12:52:41] login done
[12:52:41] iteration 1/20
[12:52:41] film cr_film_id=36823 name='Unavená naděje (2023) CZ Titulky' candidates=2
[12:52:41]   candidate upload_id=678326cc37109 url=https://prehraj.to/unavena-nadeje-2023-cztitulky/678326cc37109
[12:52:42]   resolved in 1.2s → 720p (https://pf-storage5.premiumcdn.net/127509434/0NwSYEU9juqGFY5UgOtm6UoKsadCqQfOnho…)
[12:54:15]   downloaded 2,287.7 MB in 90.9s (25.2 MB/s)
[12:55:51]   upload done video_id=26039238 in 96.1s
[12:55:52] film cr_film_id=36823 OK in 191.3s
[12:55:52] iteration 2/20
[12:55:52] film cr_film_id=10249 name='Til Death Do Us Part (2023) CZ Titulky' candidates=9
[12:55:52]   candidate upload_id=6885e3ab69037 url=https://prehraj.to/til-death-do-us-part-2023-1080p-cz-tit/6885e3ab69037
[12:55:53]   resolved in 1.0s → 480p (https://pf-storage4.premiumcdn.net/142275302/V1Kh05uGpIogFBehlBfryuKbtqgTerCjGsP…)
[12:56:05]   downloaded 225.8 MB in 9.5s (23.8 MB/s)
[12:56:16]   upload done video_id=26039294 in 11.8s
[12:56:18] film cr_film_id=10249 OK in 25.6s
[12:56:18] iteration 3/20
[12:56:18] film cr_film_id=34097 name='Tiger 3 (2023) CZ Titulky' candidates=1
[12:56:18]   candidate upload_id=659ad21f276ae url=https://prehraj.to/tiger-3-2023-cz-titulky-hd-1080p/659ad21f276ae
[12:56:19]   resolved in 0.9s → 720p (https://pf-storage5.premiumcdn.net/72116111/J8Vs4QUR6iYLTGXTv4S4LUYrH5JCvwig6FNv…)
[12:58:25]   downloaded 3,100.6 MB in 124.3s (24.9 MB/s)
[13:00:42]   upload done video_id=26039367 in 136.7s
[13:00:43] film cr_film_id=34097 OK in 265.5s
[13:00:43] iteration 4/20
[13:00:43] film cr_film_id=10465 name='Three Blind Mice (2023) CZ Titulky' candidates=6
[13:00:43]   candidate upload_id=664f66faeab7f url=https://prehraj.to/three-blind-mice-2023-cz-titulky-1080p/664f66faeab7f
[13:00:45]   resolved in 1.3s → 720p (https://pf-storage5.premiumcdn.net/77583068/wqktXBTVGHrkSd7iBlTxoT5AInMfovhl4U2Q…)
[13:01:22]   downloaded 843.0 MB in 36.1s (23.4 MB/s)
[13:01:58]   upload done video_id=26039467 in 36.2s
[13:02:00] film cr_film_id=10465 OK in 76.3s
[13:02:00] iteration 5/20
[13:02:00] film cr_film_id=19917 name="There's Something Wrong with the Children (2023) CZ Titulky" candidates=2
[13:02:00]   candidate upload_id=63dadb369e384 url=https://prehraj.to/theres-something-wrong-with-the-children-2023-cz-sub-1080p/63dadb369e384
[13:02:00]   resolve FAILED: HTTP 502 wrapping permanent upstream error: https://prehraj.to/theres-something-wrong-with-the-children-2023-cz-sub-1080p/63dadb369e384 (permanent=True)
[13:02:00]   candidate upload_id=63d1a01b06373 url=https://prehraj.to/theres-something-wrong-with-the-children-2023-cz-titulky/63d1a01b06373
[13:02:06]   resolve FAILED: HTTP 502 wrapping permanent upstream error: https://prehraj.to/theres-something-wrong-with-the-children-2023-cz-titulky/63d1a01b06373 (permanent=True)
[13:02:06] film cr_film_id=19917 all candidates exhausted
[13:02:06] iteration 6/20
[13:02:06] film cr_film_id=3257 name='The Wandering Earth II (2023) CZ Titulky' candidates=4
[13:02:06]   candidate upload_id=647920a4206b2 url=https://prehraj.to/the-wandering-earth-2-liu-lang-di-qiu-2-2023-720p-cz-titulky-v-obraze-sci-fi-dobrodruzny-katastroficky/647920a4206b2
[13:02:12]   resolved in 6.0s → 480p (https://pf-storage4.premiumcdn.net/41265907/GyBs34IaPTxmuklSnWHvbIjPSj8ck7Hy7cdO…)
[13:03:14]   downloaded 1,584.6 MB in 60.8s (26.1 MB/s)
[13:04:24]   upload done video_id=26039533 in 70.0s
[13:04:25] film cr_film_id=3257 OK in 139.3s
[13:04:25] iteration 7/20
[13:04:25] film cr_film_id=9645 name='The Unheard (2023) CZ Titulky' candidates=3
[13:04:25]   candidate upload_id=64298d13011e6 url=https://prehraj.to/the-unheard-2023-cz-titulky-1080p/64298d13011e6
[13:04:26]   resolved in 1.1s → 720p (https://pf-storage1.premiumcdn.net/39067135/pLZh2WUe5iWkFpPTNvhqEULRt2XSBQT2NTen…)
[13:05:20]   downloaded 1,537.8 MB in 51.6s (29.8 MB/s)
[13:06:23]   upload done video_id=26039639 in 63.8s
[13:06:25] film cr_film_id=9645 OK in 119.3s
[13:06:25] iteration 8/20
[13:06:25] film cr_film_id=7483 name='The Rooster (2023) CZ Titulky' candidates=5
[13:06:25]   candidate upload_id=66dc40b2ca94d url=https://prehraj.to/the-rooster-2023-cz-titulky-1080p-mp4/66dc40b2ca94d
[13:06:26]   resolved in 1.0s → 720p (https://pf-storage4.premiumcdn.net/94958375/7lMf57ivwsDXCLdcZyhDyiA6sWwUnAC14H4J…)
[13:07:14]   downloaded 1,146.0 MB in 46.5s (24.6 MB/s)
[13:08:02]   upload done video_id=26039921 in 48.3s
[13:08:05] film cr_film_id=7483 OK in 100.3s
[13:08:05] iteration 9/20
[13:08:05] film cr_film_id=14861 name='The Quantum Devil (2023) CZ Titulky' candidates=4
[13:08:05]   candidate upload_id=6875450b5799d url=https://prehraj.to/the-quantum-devil-2023-1080p-cz-titulky/6875450b5799d
[13:08:06]   resolved in 1.2s → 720p (https://pf-storage4.premiumcdn.net/141606353/ZXkTZNcNVcdgFeQTj6hbKceKHnksrLCMxT9…)
[13:08:57]   downloaded 1,452.9 MB in 49.5s (29.4 MB/s)
[13:10:20]   upload done video_id=26040081 in 82.7s
[13:10:22] film cr_film_id=14861 OK in 136.8s
[13:10:22] iteration 10/20
[13:10:22] film cr_film_id=30955 name='The Primevals (2023) CZ Titulky' candidates=6
[13:10:22]   candidate upload_id=6670dd5ed96ce url=https://prehraj.to/the-primevals-2023-cztitulky/6670dd5ed96ce
[13:10:23]   resolved in 1.1s → 720p (https://pf-storage4.premiumcdn.net/79083542/0RQiprFpKs6DSmBH0ZC8mFbKcODtjDHKru5K…)
[13:11:39]   downloaded 1,196.3 MB in 74.4s (16.1 MB/s)
[13:12:28]   upload done video_id=26040155 in 49.2s
[13:12:30] film cr_film_id=30955 OK in 127.9s
[13:12:30] iteration 11/20
[13:12:30] film cr_film_id=8651 name='The Moor (2023) CZ Titulky' candidates=1
[13:12:30]   candidate upload_id=66c9fcf87ed1f url=https://prehraj.to/the-moor-2023-cz-titulky-1080p/66c9fcf87ed1f
[13:12:31]   resolved in 1.3s → 720p (https://pf-storage3.premiumcdn.net/92411525/KkKiQBTlPFWPs3AfDRuDjTBjI5xSlvF8Ai3V…)
[13:13:15]   downloaded 1,289.2 MB in 42.8s (30.1 MB/s)
[13:14:17]   upload done video_id=26040196 in 61.4s
[13:14:18] film cr_film_id=8651 OK in 108.5s
[13:14:18] iteration 12/20
[13:14:18] film cr_film_id=2839 name='The Last Rifleman (2023) CZ Titulky' candidates=6
[13:14:18]   candidate upload_id=6635ad46066ad url=https://prehraj.to/the-last-rifleman-2023-cztitulky/6635ad46066ad
[13:14:19]   resolved in 1.0s → 1080p (https://pf-storage1.premiumcdn.net/76856129/q7rcRBSX1UPgHOQhp0TvzS0efxYsprhoOFaP…)
[13:15:25]   downloaded 1,536.0 MB in 64.4s (23.9 MB/s)
[13:16:28]   upload done video_id=26040258 in 62.8s
[13:16:30] film cr_film_id=2839 OK in 131.5s
[13:16:30] iteration 13/20
[13:16:30] film cr_film_id=10199 name='The Jester (2023) CZ Titulky' candidates=2
[13:16:30]   candidate upload_id=65a6f58c0c482 url=https://prehraj.to/the-jester-2023-cz-titulky-hd-1080p/65a6f58c0c482
[13:16:31]   resolved in 1.0s → 720p (https://pf-storage1.premiumcdn.net/72454133/v6WIQOC6eFKRin1SE7sGYCAOhpdcRYHzWHaX…)
[13:17:04]   downloaded 917.9 MB in 31.9s (28.8 MB/s)
[13:17:50]   upload done video_id=26040307 in 45.3s
[13:17:51] film cr_film_id=10199 OK in 81.3s
[13:17:51] iteration 14/20
[13:17:51] film cr_film_id=9487 name='The Good Mother (2023) CZ Titulky' candidates=8
[13:17:51]   candidate upload_id=6515847330a40 url=https://prehraj.to/the-good-mother-2023-cztit-v-obraze-1080p/6515847330a40
[13:17:52]   resolved in 1.0s → 720p (https://pf-storage3.premiumcdn.net/46486055/gylFb1CKNf2dHdpfbwU6RCR6tVBHe3UW2uKm…)
[13:19:06]   downloaded 1,227.8 MB in 71.7s (17.1 MB/s)
[13:20:00]   upload done video_id=26040374 in 54.7s
[13:20:02] film cr_film_id=9487 OK in 130.7s
[13:20:02] iteration 15/20
[13:20:02] film cr_film_id=31465 name='The Funeral (2023) CZ Titulky' candidates=2
[13:20:02]   candidate upload_id=66df0f8e34fd8 url=https://prehraj.to/the-funeral-2023-cz-titulky-1080p/66df0f8e34fd8
[13:20:03]   resolved in 1.1s → 720p (https://pf-storage4.premiumcdn.net/95348753/2wphX5CvLH8Wf1nUL3S3BCOyhygFDLSwpSDN…)
[13:20:51]   downloaded 1,113.9 MB in 46.5s (24.0 MB/s)
[13:21:38]   upload done video_id=26040425 in 46.7s
[13:21:39] film cr_film_id=31465 OK in 97.5s
[13:21:39] iteration 16/20
[13:21:39] film cr_film_id=31287 name='The End We Start From (2023) CZ Titulky' candidates=4
[13:21:39]   candidate upload_id=65fd17ba492b6 url=https://prehraj.to/the-end-we-start-from-2023-cz-titulky-hd-1080p-mp4/65fd17ba492b6
[13:21:40]   resolved in 1.0s → 720p (https://pf-storage3.premiumcdn.net/75007871/Epes2bCrNhyAI9Eijaf16CVeUjeFLKHklcbX…)
[13:22:39]   downloaded 1,762.0 MB in 57.3s (30.8 MB/s)
[13:23:51]   upload done video_id=26040472 in 72.0s
[13:23:52] film cr_film_id=31287 OK in 133.3s
[13:23:52] iteration 17/20
[13:23:52] film cr_film_id=10421 name='The Collective (2023) CZ Titulky' candidates=5
[13:23:52]   candidate upload_id=653e6561a0381 url=https://prehraj.to/the-collective-2023-cz-titulky-hd-1080p/653e6561a0381
[13:23:54]   resolved in 1.1s → 1080p (https://pf-storage1.premiumcdn.net/49973561/6YgTOPhYrCRmfwGuX2tBEhj4s7jTQjH3rCxn…)
[13:25:18]   downloaded 2,127.5 MB in 82.5s (25.8 MB/s)
[13:26:55]   upload done video_id=26040547 in 97.2s
[13:26:56] film cr_film_id=10421 OK in 183.8s
[13:26:56] iteration 18/20
[13:26:56] film cr_film_id=7203 name='The Channel (2023) CZ Titulky' candidates=12
[13:26:56]   candidate upload_id=64cfd0f384188 url=https://prehraj.to/the-channel-2023-cz-titulky-1080p-mp4/64cfd0f384188
[13:26:57]   resolved in 1.2s → 720p (https://pf-storage4.premiumcdn.net/43109234/6GdFaNs71CB2uqQCYAfKas1MFa8C96sBXfjk…)
[13:27:54]   downloaded 1,663.1 MB in 55.1s (30.2 MB/s)
[13:29:02]   upload done video_id=26040638 in 67.9s
[13:29:03] film cr_film_id=7203 OK in 127.1s
[13:29:03] iteration 19/20
[13:29:03] film cr_film_id=36947 name='The Black Book (2023) CZ Titulky' candidates=2
[13:29:03]   candidate upload_id=650fb30dd5466 url=https://prehraj.to/the-black-book-2023-cztitulky/650fb30dd5466
[13:29:05]   resolved in 1.2s → 1080p (https://pf-storage3.premiumcdn.net/45990950/N3MFMOIL1F9qcZBuPvIZnIEysv9TLYi7PcYA…)
[13:31:16]   downloaded 3,243.4 MB in 130.1s (24.9 MB/s)
[13:33:44]   upload done video_id=26040730 in 147.9s
[13:33:45] film cr_film_id=36947 OK in 282.1s
[13:33:45] iteration 20/20
[13:33:45] film cr_film_id=14433 name='The American (2023) CZ Titulky' candidates=8
[13:33:45]   candidate upload_id=6682f448b1a4d url=https://prehraj.to/the-american-2023-cz-titulky-1080p/6682f448b1a4d
[13:33:46]   resolved in 1.0s → 720p (https://pf-storage5.premiumcdn.net/81769145/ENwi9lhmLHzOsbdfmytaQh4YU1NIgMipMUA6…)
[13:35:34]   downloaded 1,391.1 MB in 105.4s (13.2 MB/s)
[13:36:32]   upload done video_id=26040840 in 58.6s
[13:36:34] film cr_film_id=14433 OK in 168.4s
[13:36:34] batch-end ok=19 failed=1 dur=2632.8s avg/film=138.6s remaining=9320 eta_hours=358.8

===== run 2026-06-17T13:41:16Z shard=1/2 batch_size=20 (https://github.com/Olbrasoft/prehrajto-to-prehrajto/actions/runs/27693280930) =====
[13:41:16] batch-start shard=1/2 count=20 backlog=10210 uploads=890 failed_attempts=45 description_overrides=0
[13:41:16] login
[13:41:18] login done
[13:41:18] iteration 1/20
[13:41:18] film cr_film_id=1109 name='Tetris (2023) CZ Titulky' candidates=2
[13:41:18]   candidate upload_id=4e3671b8467fde22 url=https://prehraj.to/tetris-2023-cz-tit-1080p/4e3671b8467fde22
[13:41:19]   resolved in 1.3s → 720p (https://pf-storage3.premiumcdn.net/155927918/Qa2i0zUBmIY6SvMudWt9WUveH0pipdu8wSl…)
[13:42:18]   downloaded 1,435.7 MB in 56.7s (25.3 MB/s)
[13:43:35]   upload done video_id=26041081 in 76.9s
[13:43:36] film cr_film_id=1109 OK in 138.5s
[13:43:36] iteration 2/20
[13:43:36] film cr_film_id=9631 name='Temná okna (2023) CZ Titulky' candidates=1
[13:43:36]   candidate upload_id=652a40707138d url=https://prehraj.to/temna-sklizen-2023-cztitulky/652a40707138d
[13:43:38]   resolved in 1.1s → 720p (https://pf-storage3.premiumcdn.net/48253496/NmpUgDsADTkYtw4S3AIYms2BH16ce0ibGUZg…)
[13:44:41]   downloaded 1,548.1 MB in 61.7s (25.1 MB/s)
[13:46:30]   upload done video_id=26041150 in 109.1s
[13:46:32] film cr_film_id=9631 OK in 175.4s
[13:46:32] iteration 3/20
[13:46:32] film cr_film_id=8113 name='Talchul: Project Silence (2023) CZ Titulky' candidates=2
[13:46:32]   candidate upload_id=66b3aeb47809f url=https://prehraj.to/project-silence-2023-cz-titulky-1080p/66b3aeb47809f
[13:46:33]   resolved in 1.3s → 1080p (https://pf-storage3.premiumcdn.net/89362271/2Mbc6Muz3TQ5H6li8pTaQu65iZPFlxTbLFD0…)
[13:48:07]   downloaded 1,930.2 MB in 91.7s (21.0 MB/s)
[13:49:56]   upload done video_id=26041271 in 109.1s
[13:49:58] film cr_film_id=8113 OK in 205.9s
[13:49:58] iteration 4/20
[13:49:58] film cr_film_id=2189 name='Strange Darling (2023) CZ Titulky' candidates=3
[13:49:58]   candidate upload_id=66fd11f4a034c url=https://prehraj.to/strange-darling-2023-cz-titulky-1080p/66fd11f4a034c
[13:49:59]   resolved in 1.2s → 720p (https://pf-storage1.premiumcdn.net/99574988/7EyFLWHWAc59tjVCkJS1MHy4ILDTY6tVbSoj…)
[13:51:05]   downloaded 1,638.6 MB in 64.4s (25.4 MB/s)
[13:52:36]   upload done video_id=26041375 in 90.4s
[13:52:38] film cr_film_id=2189 OK in 160.6s
[13:52:38] iteration 5/20
[13:52:38] film cr_film_id=10335 name='Spirit of Fear (2023) CZ Titulky' candidates=9
[13:52:38]   candidate upload_id=6554b722eeca2 url=https://prehraj.to/spirit-of-fear-2023-1080p-cz-titulky/6554b722eeca2
[13:52:39]   resolved in 1.1s → 720p (https://pf-storage3.premiumcdn.net/51906212/aNOUAnfqRS7PS5xhOJtMbf0aCoVSoEt5LtG2…)
[13:53:21]   downloaded 797.3 MB in 39.9s (20.0 MB/s)
[13:54:07]   upload done video_id=26041457 in 45.9s
[13:54:09] film cr_film_id=10335 OK in 90.6s
[13:54:09] iteration 6/20
[13:54:09] film cr_film_id=9757 name='Slotherhouse (2023) CZ Titulky' candidates=12
[13:54:09]   candidate upload_id=6555cbd27e923 url=https://prehraj.to/slotherhouse-2023-1080p-cz-sub/6555cbd27e923
[13:54:11]   resolved in 2.3s → 720p (https://pf-storage3.premiumcdn.net/52001228/10KSaWTw0SqdH1GCzlCB8TwGfVrTzNfMBS4r…)
[13:55:30]   downloaded 1,542.1 MB in 77.1s (20.0 MB/s)
[13:57:11]   upload done video_id=26041530 in 100.3s
[13:57:12] film cr_film_id=9757 OK in 183.3s
[13:57:12] iteration 7/20
[13:57:12] film cr_film_id=15413 name='Shepherd (2023) CZ Titulky' candidates=4
[13:57:12]   candidate upload_id=656bf2c8eb69a url=https://prehraj.to/the-shepherd-2023-cztitulky/656bf2c8eb69a
[13:57:13]   resolved in 1.1s → 1080p (https://pf-storage4.premiumcdn.net/59676083/OPMtXVsODFJGCeOt3QSV1sQDCaqFq2hxKiVD…)
[13:57:48]   downloaded 637.7 MB in 33.0s (19.3 MB/s)
[13:58:30]   upload done video_id=26041608 in 41.4s
[13:58:32] film cr_film_id=15413 OK in 79.3s
[13:58:32] iteration 8/20
[13:58:32] film cr_film_id=7177 name='Sharktopus (2023) CZ Titulky' candidates=10
[13:58:32]   candidate upload_id=660f2344e2778 url=https://prehraj.to/sharktopus-2023-cz-titulky-1080p/660f2344e2778
[13:58:33]   resolved in 1.1s → 720p (https://pf-storage5.premiumcdn.net/75695726/joPTjXfMxczYs83SBlfJzflzFV5T3wHg3FQ8…)
[13:59:33]   downloaded 1,504.3 MB in 58.9s (25.5 MB/s)
[14:01:04]   upload done video_id=26041670 in 90.4s
[14:01:06] film cr_film_id=7177 OK in 154.5s
[14:01:06] iteration 9/20
[14:01:06] film cr_film_id=21011 name='Sezení v barech s dortem (2023) CZ Titulky' candidates=1
[14:01:06]   candidate upload_id=64fc6ff29dc1a url=https://prehraj.to/sezeni-v-barech-s-dortem-2023-cz-titulky-1080p/64fc6ff29dc1a
[14:01:07]   resolved in 1.2s → 720p (https://pf-storage3.premiumcdn.net/44337572/8rYi1PCq2HMZiv0uY2UyWC3kHO1I8JSkGu2z…)
[14:02:21]   downloaded 1,768.4 MB in 72.4s (24.4 MB/s)
[14:04:02]   upload done video_id=26041761 in 100.5s
[14:04:04] film cr_film_id=21011 OK in 177.8s
[14:04:04] iteration 10/20
[14:04:04] film cr_film_id=8875 name='Sentinelle (2023) CZ Titulky' candidates=1
[14:04:04]   candidate upload_id=6500f7f46ea35 url=https://prehraj.to/sentinelle-2023-cztitulky/6500f7f46ea35
[14:04:05]   resolved in 1.1s → 1080p (https://pf-storage3.premiumcdn.net/44713313/WdWT3MsbVtpqh2Xi94S3osvVS78IvpTwzulo…)
[14:06:22]   downloaded 2,713.9 MB in 135.4s (20.0 MB/s)
[14:08:48]   upload done video_id=26041879 in 145.7s
[14:08:50] film cr_film_id=8875 OK in 286.2s
[14:08:50] iteration 11/20
[14:08:50] film cr_film_id=14017 name='Safehouse (2023) CZ Titulky' candidates=7
[14:08:50]   candidate upload_id=67063d54d0446 url=https://prehraj.to/safehouse-2023-cztit-v-obraze-1080p-mp4/67063d54d0446
[14:08:51]   resolved in 1.1s → 720p (https://pf-storage3.premiumcdn.net/100901084/ZKaI7zcwnUoau2nSK8TmgcaXC04UpOSnEHe…)
[14:09:45]   downloaded 1,313.9 MB in 52.3s (25.1 MB/s)
[14:11:08]   upload done video_id=26041986 in 82.7s
[14:11:10] film cr_film_id=14017 OK in 139.9s
[14:11:10] iteration 12/20
[14:11:10] film cr_film_id=15619 name='Ráj (2023) CZ Titulky' candidates=5
[14:11:10]   candidate upload_id=b7071d5b9e26b30c url=https://prehraj.to/raj-el-paraiso-2023-ita-cz-tit-mkv-mp4/b7071d5b9e26b30c
[14:11:11]   resolved in 1.2s → 1080p (https://pf-storage5.premiumcdn.net/161717864/1E9TV8FG1hRdcWwT48FdvFbKCw8iGPFRzhP…)
[14:13:08]   downloaded 2,442.9 MB in 115.0s (21.2 MB/s)
[14:15:21]   upload done video_id=26042097 in 132.6s
[14:15:23] film cr_film_id=15619 OK in 252.8s
[14:15:23] iteration 13/20
[14:15:23] film cr_film_id=17317 name='Repeater (2023) CZ Titulky' candidates=4
[14:15:23]   candidate upload_id=645fda6b94385 url=https://prehraj.to/repeater-2022-cz-titulky-1080p/645fda6b94385
[14:15:24]   resolved in 1.1s → 720p (https://pf-storage1.premiumcdn.net/40480264/3jlUKASklu0LfbrCQrT71SWyuVmcw7HXQFV9…)
[14:16:40]   downloaded 1,783.8 MB in 74.0s (24.1 MB/s)
[14:18:13]   upload done video_id=26042206 in 93.4s
[14:18:15] film cr_film_id=17317 OK in 172.1s
[14:18:15] iteration 14/20
[14:18:15] film cr_film_id=36943 name='Raport Pileckiego (2023) CZ Titulky' candidates=1
[14:18:15]   candidate upload_id=7974a3bda8914318 url=https://prehraj.to/raport-pileckiego-the-pilecki-report-2023-cz-tit/7974a3bda8914318
[14:18:16]   resolved in 1.1s → 480p (https://pf-storage1.premiumcdn.net/155890067/o8YHXWFX9tpVhdZS9ksWQFp3CZKIwPsebCk…)
[14:19:01]   downloaded 849.1 MB in 43.5s (19.5 MB/s)
[14:19:51]   upload done video_id=26042289 in 50.0s
[14:19:53] film cr_film_id=36943 OK in 98.2s
[14:19:53] iteration 15/20
[14:19:53] film cr_film_id=10371 name='Randál (2023) CZ Titulky' candidates=1
[14:19:53]   candidate upload_id=64176db229074 url=https://prehraj.to/randal-2023-cz-titulky/64176db229074
[14:19:55]   resolved in 1.9s → 1080p (https://pf-storage2.premiumcdn.net/38509003/1KDIrwsLxIJ3HOjiyvCMrsPGFB8h0OFDNI1o…)
[14:20:58]   downloaded 1,249.6 MB in 61.3s (20.4 MB/s)
[14:22:14]   upload done video_id=26042361 in 75.3s
[14:22:15] film cr_film_id=10371 OK in 142.4s
[14:22:15] iteration 16/20
[14:22:15] film cr_film_id=17013 name='R.A.D.A.R.: The Adventures of the Bionic Dog (2023) CZ Titulky' candidates=1
[14:22:15]   candidate upload_id=653d9ed65972e url=https://prehraj.to/ghost-adventures-cecil-hotel-2023-cz-titulky/653d9ed65972e
[14:22:17]   resolved in 1.2s → 720p (https://pf-storage4.premiumcdn.net/49913108/KzOs0oiZbsJDCpzFQjHZji72uYDSn0Fd3U0R…)
[14:22:59]   downloaded 983.6 MB in 40.4s (24.3 MB/s)
[14:24:02]   upload done video_id=26042443 in 62.9s
[14:24:05] film cr_film_id=17013 OK in 109.9s
[14:24:05] iteration 17/20
[14:24:05] film cr_film_id=6851 name='Pathaan (2023) CZ Titulky' candidates=10
[14:24:05]   candidate upload_id=6421479b9c1b4 url=https://prehraj.to/pathaan-2023-cztit-1080p/6421479b9c1b4
[14:24:07]   resolved in 1.3s → 720p (https://pf-storage3.premiumcdn.net/38719153/4dRh7VTY4UwVsDXFodH02TnlS4NH6EIZnCQz…)
[14:26:44]   downloaded 3,220.2 MB in 155.1s (20.8 MB/s)
[14:29:36]   upload done video_id=26042578 in 172.5s
[14:29:40] film cr_film_id=6851 OK in 334.9s
[14:29:40] iteration 18/20
[14:29:40] film cr_film_id=35683 name='Odemčená identita (2023) CZ Titulky' candidates=1
[14:29:40]   candidate upload_id=63fe9b5026e98 url=https://prehraj.to/odemcena-identita-2023-cztitulky/63fe9b5026e98
[14:29:41]   resolved in 1.1s → 1080p (https://pf-storage1.premiumcdn.net/37916389/43xfM5TJjcdYCp2ilKU6ATkNHgksV3fezFVg…)
[14:31:01]   downloaded 1,985.9 MB in 78.0s (25.5 MB/s)
[14:33:04]   upload done video_id=26042753 in 123.0s
[14:33:06] film cr_film_id=35683 OK in 205.9s
[14:33:06] iteration 19/20
[14:33:06] film cr_film_id=27981 name='Nic není, jak se zdá (2023) CZ Titulky' candidates=1
[14:33:06]   candidate upload_id=6496028f303eb url=https://prehraj.to/nic-neni-jak-se-zda-2023-cztitulky/6496028f303eb
[14:33:07]   resolved in 1.0s → 1080p (https://pf-storage1.premiumcdn.net/41897140/X16FXrhk6SzWUpGFlgtZahA9HOKFDkf4pHD2…)
[14:34:32]   downloaded 2,121.8 MB in 83.3s (25.5 MB/s)
[14:36:21]   upload done video_id=26042886 in 109.0s
[14:36:23] film cr_film_id=27981 OK in 196.7s
[14:36:23] iteration 20/20
[14:36:23] film cr_film_id=7493 name='New Life (2023) CZ Titulky' candidates=7
[14:36:23]   candidate upload_id=67027520bf2db url=https://prehraj.to/new-life-2023-cz-titulky-1080p/67027520bf2db
[14:36:24]   resolved in 1.1s → 720p (https://pf-storage5.premiumcdn.net/100354904/q6Yfnvi67sVQhpNT7NSJWim9uYmTeQt65iG…)
[14:37:21]   downloaded 1,099.7 MB in 55.0s (20.0 MB/s)
[14:38:19]   upload done video_id=26042996 in 58.2s
[14:38:21] film cr_film_id=7493 OK in 117.7s
[14:38:21] batch-end ok=20 failed=0 dur=3422.6s avg/film=171.1s remaining=9300 eta_hours=442.0

===== run 2026-06-17T14:39:05Z shard=1/2 batch_size=20 (https://github.com/Olbrasoft/prehrajto-to-prehrajto/actions/runs/27697061481) =====
[14:39:06] batch-start shard=1/2 count=20 backlog=10210 uploads=910 failed_attempts=45 description_overrides=0
[14:39:06] login
[14:39:08] login done
[14:39:08] iteration 1/20
[14:39:08] film cr_film_id=4937 name='Napoleon (2023) CZ Titulky' candidates=1
[14:39:08]   candidate upload_id=4975d742f7a4e9e9 url=https://prehraj.to/napoleon-2023-cz-tit/4975d742f7a4e9e9
[14:39:08]   resolve FAILED: HTTP 502 wrapping permanent upstream error: https://prehraj.to/napoleon-2023-cz-tit/4975d742f7a4e9e9 (permanent=True)
[14:39:08] film cr_film_id=4937 all candidates exhausted
[14:39:08] iteration 2/20
[14:39:08] film cr_film_id=9329 name='My Animal (2023) CZ Titulky' candidates=1
[14:39:08]   candidate upload_id=e0cb33cd18163f04 url=https://prehraj.to/my-animal-2023-cz-titulky-mp4/e0cb33cd18163f04
[14:39:14]   resolve FAILED: HTTP 502 wrapping permanent upstream error: https://prehraj.to/my-animal-2023-cz-titulky-mp4/e0cb33cd18163f04 (permanent=True)
[14:39:14] film cr_film_id=9329 all candidates exhausted
[14:39:14] iteration 3/20
[14:39:14] film cr_film_id=15277 name='Mutilator 2 (2023) CZ Titulky' candidates=1
[14:39:14]   candidate upload_id=c277b8689e9f1790 url=https://prehraj.to/mutilator-2-2023-1080p-webrip-ddp-2-0-10bit-h-265-ivy-mkv/c277b8689e9f1790
[14:39:20]   resolved in 6.1s → 1080p (https://pf-storage5.premiumcdn.net/168076456/jGJHYATPocoRcE3FQgIOYT7YFXBFe2iBof2…)
[14:40:24]   downloaded 1,814.2 MB in 62.7s (28.9 MB/s)
[14:41:37]   upload done video_id=26043075 in 72.3s
[14:41:38] film cr_film_id=15277 OK in 144.1s
[14:41:38] iteration 4/20
[14:41:38] film cr_film_id=36899 name='Moving On (2023) CZ Titulky' candidates=1
[14:41:38]   candidate upload_id=64a6351625e44 url=https://prehraj.to/moving-on-2022-cztitulky/64a6351625e44
[14:41:39]   resolved in 1.0s → 720p (https://pf-storage3.premiumcdn.net/42228401/2D9SE7FJOi9Gc0JCzjf7AFVAiApTQPCANSnW…)
[14:42:31]   downloaded 1,435.3 MB in 50.6s (28.4 MB/s)
[14:43:35]   upload done video_id=26043124 in 63.8s
[14:43:36] film cr_film_id=36899 OK in 118.3s
[14:43:36] iteration 5/20
[14:43:36] film cr_film_id=35247 name='Monolith (2023) CZ Titulky' candidates=2
[14:43:36]   candidate upload_id=6668d97f2cb08 url=https://prehraj.to/monolith-2022-cztitulky/6668d97f2cb08
[14:43:37]   resolved in 0.9s → 720p (https://pf-storage1.premiumcdn.net/78197942/MMXtKZfMoSpjTq2Fn5SKGfwPubeU6Aha3HYq…)
[14:44:01]   downloaded 622.0 MB in 22.6s (27.5 MB/s)
[14:44:26]   upload done video_id=26043163 in 24.8s
[14:44:28] film cr_film_id=35247 OK in 51.2s
[14:44:28] iteration 6/20
[14:44:28] film cr_film_id=1305 name='Milion mil daleko (2023) CZ Titulky' candidates=1
[14:44:28]   candidate upload_id=65063694f11f4 url=https://prehraj.to/milion-mil-daleko-2023-cztitulky/65063694f11f4
[14:44:28]   resolved in 1.0s → 720p (https://pf-storage1.premiumcdn.net/45201941/3bBuYAC2BClrh5WcRghLRCGMs4RTD0SyOcVl…)
[14:45:21]   downloaded 1,443.1 MB in 51.3s (28.1 MB/s)
[14:46:55]   upload done video_id=26043190 in 93.8s
[14:46:56] film cr_film_id=1305 OK in 148.7s
[14:46:56] iteration 7/20
[14:46:56] film cr_film_id=871 name='Mars Express (2023) CZ Titulky' candidates=1
[14:46:56]   candidate upload_id=66464dd508b9e url=https://prehraj.to/mars-express-2023-cz-titulky-1080p/66464dd508b9e
[14:46:57]   resolved in 1.0s → 720p (https://pf-storage1.premiumcdn.net/77387732/q6Rf08F8nuJdU6oIRAcXJFGvS5MiDjiJ2hMr…)
[14:47:26]   downloaded 734.0 MB in 27.3s (26.9 MB/s)
[14:47:57]   upload done video_id=26043246 in 30.5s
[14:47:58] film cr_film_id=871 OK in 61.7s
[14:47:58] iteration 8/20
[14:47:58] film cr_film_id=36955 name='Loď krve (2023) CZ Titulky' candidates=2
[14:47:58]   candidate upload_id=6575026b5cb16 url=https://prehraj.to/lod-krve-2023-cztitulky/6575026b5cb16
[14:47:59]   resolved in 1.0s → 720p (https://pf-storage1.premiumcdn.net/69635633/1oYUKkFjkI4oHW9UGYCLoFzLswOU2bT82h76…)
[14:48:33]   downloaded 1,088.0 MB in 32.3s (33.7 MB/s)
[14:49:14]   upload done video_id=26043274 in 41.4s
[14:49:16] film cr_film_id=36955 OK in 77.8s
[14:49:16] iteration 9/20
[14:49:16] film cr_film_id=36841 name='Love in Taipei (2023) CZ Titulky' candidates=1
[14:49:16]   candidate upload_id=c958d9b5ff01bc1f url=https://prehraj.to/love-in-taipei-2023-cz-titulky/c958d9b5ff01bc1f
[14:49:16]   resolve FAILED: HTTP 502 wrapping permanent upstream error: https://prehraj.to/love-in-taipei-2023-cz-titulky/c958d9b5ff01bc1f (permanent=True)
[14:49:16] film cr_film_id=36841 all candidates exhausted
[14:49:16] iteration 10/20
[14:49:16] film cr_film_id=8163 name='Los habitantes (2023) CZ Titulky' candidates=5
[14:49:16]   candidate upload_id=64f566c12a2a5 url=https://prehraj.to/los-habitantes-2023-1080p-cz-titulky-mp4/64f566c12a2a5
[14:49:23]   resolved in 7.0s → 720p (https://pf-storage4.premiumcdn.net/43992917/pB5fmDFylU5jtreHLmupQFd2IJecRbupNIno…)
[14:50:00]   downloaded 945.9 MB in 34.4s (27.5 MB/s)
[14:50:36]   upload done video_id=26043319 in 36.0s
[14:50:37] film cr_film_id=8163 OK in 80.4s
[14:50:37] iteration 11/20
[14:50:37] film cr_film_id=31263 name='Late Night with the Devil (2023) CZ Titulky' candidates=1
[14:50:37]   candidate upload_id=974dfbd8ad301c6d url=https://prehraj.to/late-night-with-the-devil-2023-cz-titulky-1080p-mp4/974dfbd8ad301c6d
[14:50:38]   resolve FAILED: HTTP 502 wrapping permanent upstream error: https://prehraj.to/late-night-with-the-devil-2023-cz-titulky-1080p-mp4/974dfbd8ad301c6d (permanent=True)
[14:50:38] film cr_film_id=31263 all candidates exhausted
[14:50:38] iteration 12/20
[14:50:38] film cr_film_id=2537 name='Jawan (2023) CZ Titulky' candidates=5
[14:50:38]   candidate upload_id=654ab97a56946 url=https://prehraj.to/jawan-2023-cz-titulky-mp4/654ab97a56946
[14:50:44]   resolved in 6.0s → 1080p (https://pf-storage1.premiumcdn.net/51014486/ZgyHDKsGAF1qH2QCx2TV1sKAUY2H8rfEOhwM…)
[14:53:18]   downloaded 4,545.2 MB in 153.0s (29.7 MB/s)
[14:56:13]   upload done video_id=26043397 in 175.0s
[14:56:15] film cr_film_id=2537 OK in 337.0s
[14:56:15] iteration 13/20
[14:56:15] film cr_film_id=10517 name='Ice Storm (2023) CZ Titulky' candidates=5
[14:56:15]   candidate upload_id=6777ae816cfb5 url=https://prehraj.to/ice-storm-2023-720p-bluray-x264-aac-yts-mx-cz-tit-mp4/6777ae816cfb5
[14:56:16]   resolved in 1.2s → 480p (https://pf-storage3.premiumcdn.net/127037342/JM0IQps8GCQYTqxflBHOzsamt75HX8SvLtA…)
[14:56:45]   downloaded 777.9 MB in 28.0s (27.8 MB/s)
[14:57:22]   upload done video_id=26043485 in 36.8s
[14:57:23] film cr_film_id=10517 OK in 68.9s
[14:57:23] iteration 14/20
[14:57:23] film cr_film_id=18223 name='Horror in the High Desert 2: Minerva (2023) CZ Titulky' candidates=1
[14:57:23]   candidate upload_id=6442b0ad0f9d7 url=https://prehraj.to/horror-in-the-high-desert-2-minerva-2023-cz-titulky-1080p/6442b0ad0f9d7
[14:57:24]   resolved in 1.0s → 1080p (https://pf-storage1.premiumcdn.net/39651535/2JRtdJi0NtdbcO3UaLsv9ilbCkBCxZFoesb1…)
[14:58:11]   downloaded 1,590.1 MB in 45.0s (35.3 MB/s)
[14:59:13]   upload done video_id=26043520 in 62.0s
[14:59:14] film cr_film_id=18223 OK in 111.0s
[14:59:14] iteration 15/20
[14:59:14] film cr_film_id=6519 name='His Only Son (2023) CZ Titulky' candidates=7
[14:59:14]   candidate upload_id=655a641d76378 url=https://prehraj.to/his-only-son-2023-cz-titulky-hd-1080p-mp4/655a641d76378
[14:59:15]   resolved in 1.0s → 720p (https://pf-storage1.premiumcdn.net/52382411/JMGiwBTqvuYbFWriepsrmTVms7lfwrFlMIAq…)
[15:00:23]   downloaded 1,922.8 MB in 66.0s (29.1 MB/s)
[15:01:49]   upload done video_id=26043572 in 85.9s
[15:01:51] film cr_film_id=6519 OK in 156.1s
[15:01:51] iteration 16/20
[15:01:51] film cr_film_id=10111 name='Haunting of the Queen Mary (2023) CZ Titulky' candidates=9
[15:01:51]   candidate upload_id=64f46e0ea3e04 url=https://prehraj.to/haunting-of-the-queen-mary-2023-1080p-cz-titulky/64f46e0ea3e04
[15:01:52]   resolved in 1.0s → 720p (https://pf-storage1.premiumcdn.net/43976813/EjAFqOsNxsjMCMzCKDiEjsdmTm0cA8TWdSLD…)
[15:02:28]   downloaded 1,012.7 MB in 35.1s (28.9 MB/s)
[15:03:21]   upload done video_id=26043623 in 52.9s
[15:03:23] film cr_film_id=10111 OK in 92.1s
[15:03:23] iteration 17/20
[15:03:23] film cr_film_id=20329 name='Hardcore Never Dies (2023) CZ Titulky' candidates=1
[15:03:23]   candidate upload_id=65d668f7587c0 url=https://prehraj.to/hardcore-never-dies-2023-cztitulky/65d668f7587c0
[15:03:24]   resolved in 0.9s → 1080p (https://pf-storage4.premiumcdn.net/73779062/9ReSvzcgjtD9IBJFZlfZ4c34sjLF2GSNGh9r…)
[15:05:38]   downloaded 4,819.2 MB in 133.4s (36.1 MB/s)
[15:08:46]   upload done video_id=26043708 in 187.9s
[15:08:48] film cr_film_id=20329 OK in 325.1s
[15:08:48] iteration 18/20
[15:08:48] film cr_film_id=31369 name='Good Burger 2 (2023) CZ Titulky' candidates=1
[15:08:48]   candidate upload_id=143ff0b876786d7a url=https://prehraj.to/good-burger-2-2023-en-cz-tit/143ff0b876786d7a
[15:08:49]   resolve FAILED: HTTP 502 wrapping permanent upstream error: https://prehraj.to/good-burger-2-2023-en-cz-tit/143ff0b876786d7a (permanent=True)
[15:08:49] film cr_film_id=31369 all candidates exhausted
[15:08:49] iteration 19/20
[15:08:49] film cr_film_id=18183 name='Ghosted (2023) CZ Titulky' candidates=3
[15:08:49]   candidate upload_id=7a09952f077b9ec8 url=https://prehraj.to/ghosted-2023-cztit-4k-uhd/7a09952f077b9ec8
[15:08:54]   resolved in 5.9s → 1080p (https://pf-storage4.premiumcdn.net/167446415/4q1SxKf1qINdIaMuDmFbwfDluxwuKnC3nIw…)
[15:10:05]   downloaded 2,465.4 MB in 69.2s (35.6 MB/s)
[15:11:48]   upload done video_id=26043814 in 103.3s
[15:11:50] film cr_film_id=18183 OK in 181.5s
[15:11:50] iteration 20/20
[15:11:50] film cr_film_id=8391 name='Generace Zombies (2023) CZ Titulky' candidates=1
[15:11:50]   candidate upload_id=66e9a5ab275e6 url=https://prehraj.to/generace-zombies-2023-cz-titulky-1080p/66e9a5ab275e6
[15:11:51]   resolved in 1.0s → 720p (https://pf-storage3.premiumcdn.net/96852422/93lf4YCA9HWjtaMt3GSNLCVKip8IvYtzxupL…)
[15:12:37]   downloaded 1,277.2 MB in 44.8s (28.5 MB/s)
[15:13:22]   upload done video_id=26043879 in 44.4s
[15:13:23] film cr_film_id=8391 OK in 93.0s
[15:13:23] batch-end ok=15 failed=5 dur=2055.5s avg/film=137.0s remaining=9285 eta_hours=353.3

===== run 2026-06-17T15:17:56Z shard=1/2 batch_size=20 (https://github.com/Olbrasoft/prehrajto-to-prehrajto/actions/runs/27699637907) =====
[15:17:56] batch-start shard=1/2 count=20 backlog=10210 uploads=925 failed_attempts=50 description_overrides=0
[15:17:56] login
[15:17:58] login done
[15:17:58] iteration 1/20
[15:17:58] film cr_film_id=19901 name='Generace F (2023) CZ Titulky' candidates=2
[15:17:58]   candidate upload_id=64ef8cfc9f859 url=https://prehraj.to/generace-f-the-pod-generation-2023-1080p-cz-titulky/64ef8cfc9f859
[15:17:59]   resolved in 1.1s → 720p (https://pf-storage3.premiumcdn.net/43845431/La6sQPUAaiyNT47fWZSpmUzDc6OtWLh6jI46…)
[15:19:06]   downloaded 1,453.9 MB in 65.7s (22.1 MB/s)
[15:20:25]   upload done video_id=26044034 in 78.7s
[15:20:27] film cr_film_id=19901 OK in 148.8s
[15:20:27] iteration 2/20
[15:20:27] film cr_film_id=15433 name='Gangs of Lagos (2023) CZ Titulky' candidates=2
[15:20:27]   candidate upload_id=6434103f4b017 url=https://prehraj.to/gangs-of-lagos-2023-cz-titulky-1080p/6434103f4b017
[15:20:28]   resolved in 1.5s → 1080p (https://pf-storage4.premiumcdn.net/39317350/1qzuzQHOkfYBCGlCRwTPjHpLcN9UB5hQOiwY…)
[15:22:59]   downloaded 3,435.2 MB in 148.9s (23.1 MB/s)
[15:25:38]   upload done video_id=26044128 in 158.9s
[15:25:39] film cr_film_id=15433 OK in 312.8s
[15:25:39] iteration 3/20
[15:25:39] film cr_film_id=9049 name='From Black (2023) CZ Titulky' candidates=8
[15:25:39]   candidate upload_id=645c192b36dee url=https://prehraj.to/from-black-2023-cz-titulky-1080p/645c192b36dee
[15:25:41]   resolved in 1.1s → 720p (https://pf-storage3.premiumcdn.net/40362742/ky4UVKS4PsLmInkHMoI8PSyrFgPtZYu3dtGr…)
[15:26:34]   downloaded 1,129.0 MB in 51.5s (21.9 MB/s)
[15:27:44]   upload done video_id=26044218 in 69.8s
[15:27:45] film cr_film_id=9049 OK in 126.0s
[15:27:45] iteration 4/20
[15:27:45] film cr_film_id=20991 name="Flamin' Hot: Koření úspěchu (2023) CZ Titulky" candidates=1
[15:27:45]   candidate upload_id=6749358dcff0f url=https://prehraj.to/flamin-hot-koreni-uspechu-2023-cz-tit-720p/6749358dcff0f
[15:27:46]   resolved in 1.1s → 720p (https://pf-storage5.premiumcdn.net/113641112/oG9hvyIbzSewHxkfyKUa9IEAhKySbBiE8UA…)
[15:28:33]   downloaded 1,211.4 MB in 44.6s (27.2 MB/s)
[15:29:46]   upload done video_id=26044270 in 72.9s
[15:29:47] film cr_film_id=20991 OK in 122.0s
[15:29:47] iteration 5/20
[15:29:47] film cr_film_id=36883 name='Era ora (2023) CZ Titulky' candidates=6
[15:29:47]   candidate upload_id=4009df3052e278eb url=https://prehraj.to/era-ora-2022-cz-tit-1080p/4009df3052e278eb
[15:29:48]   resolved in 1.1s → 1080p (https://pf-storage2.premiumcdn.net/167157788/wVRszbfenFAef3ZSB7f9rf76Tb5s67uGOi2…)
[15:31:15]   downloaded 2,310.9 MB in 84.5s (27.3 MB/s)
[15:33:39]   upload done video_id=26044334 in 144.0s
[15:33:40] film cr_film_id=36883 OK in 232.9s
[15:33:40] iteration 6/20
[15:33:40] film cr_film_id=10299 name="Don't Look Away (2023) CZ Titulky" candidates=2
[15:33:40]   candidate upload_id=6555847768909 url=https://prehraj.to/dont-look-away-2023-cz-sub-1080p/6555847768909
[15:33:41]   resolved in 1.1s → 720p (https://pf-storage3.premiumcdn.net/51977402/xDZigkc2jcA3cP9ukwTalcOBixkTqxH0MhvG…)
[15:34:31]   downloaded 1,017.4 MB in 48.1s (21.2 MB/s)
[15:35:32]   upload done video_id=26044419 in 60.3s
[15:35:33] film cr_film_id=10299 OK in 113.2s
[15:35:33] iteration 7/20
[15:35:33] film cr_film_id=14491 name='Dokonalá závislost (2023) CZ Titulky' candidates=5
[15:35:33]   candidate upload_id=668d7b99ab6a5 url=https://prehraj.to/dokonala-zavislost-2023-cz-titulky-1080p/668d7b99ab6a5
[15:35:35]   resolved in 1.1s → 720p (https://pf-storage4.premiumcdn.net/83355158/76otk1szlTyjcmLS9BSrzszEiGAtboSODUQq…)
[15:36:33]   downloaded 1,559.5 MB in 56.5s (27.6 MB/s)
[15:37:48]   upload done video_id=26044467 in 75.4s
[15:37:50] film cr_film_id=14491 OK in 136.3s
[15:37:50] iteration 8/20
[15:37:50] film cr_film_id=10569 name='Die Hart: The Movie (2023) CZ Titulky' candidates=5
[15:37:50]   candidate upload_id=64bd10ca09b9f url=https://prehraj.to/die-hart-the-movie-2023-cztit-v-obraze-1080p-mp4/64bd10ca09b9f
[15:37:53]   resolved in 3.7s → 1080p (https://pf-storage4.premiumcdn.net/42708734/blQsMVidVSxBTbpuqDCKAiy4cAxI9GIvnfGo…)
[15:39:38]   downloaded 2,377.5 MB in 102.9s (23.1 MB/s)
[15:41:45]   upload done video_id=26044537 in 126.4s
[15:41:46] film cr_film_id=10569 OK in 236.5s
[15:41:46] iteration 9/20
[15:41:46] film cr_film_id=8697 name='Consecration (2023) CZ Titulky' candidates=7
[15:41:46]   candidate upload_id=644263e6c69c8 url=https://prehraj.to/consecration-2023-cz-sub-1080p/644263e6c69c8
[15:41:47]   resolved in 1.1s → 720p (https://pf-storage4.premiumcdn.net/39644851/8MkckJfwNinDu36t8Ki5GfYkcNlixYubyuaz…)
[15:42:30]   downloaded 858.3 MB in 41.0s (20.9 MB/s)
[15:43:14]   upload done video_id=26044606 in 43.6s
[15:43:15] film cr_film_id=8697 OK in 89.1s
[15:43:15] iteration 10/20
[15:43:15] film cr_film_id=9759 name='Bone Cold (2023) CZ Titulky' candidates=1
[15:43:15]   candidate upload_id=651aab0a066ac url=https://prehraj.to/bone-cold-2022-cz-titulky-hd-1080p/651aab0a066ac
[15:43:17]   resolved in 1.2s → 720p (https://pf-storage3.premiumcdn.net/46926851/dgNHqvsOeS2QCvGiO9C5NsVDU5oFl6igycwK…)
[15:44:32]   downloaded 1,656.4 MB in 73.5s (22.5 MB/s)
[15:46:14]   upload done video_id=26044654 in 102.5s
[15:46:16] film cr_film_id=9759 OK in 180.7s
[15:46:16] iteration 11/20
[15:46:16] film cr_film_id=5379 name='Birth/Rebirth (2023) CZ Titulky' candidates=7
[15:46:16]   candidate upload_id=6509edda10b9f url=https://prehraj.to/birth-rebirth-2023-cz-titulky-1080p/6509edda10b9f
[15:46:17]   resolved in 1.0s → 1080p (https://pf-storage3.premiumcdn.net/45541553/K70SqKH01SykFejSBAH9aHoEtkLIRwt5yU9V…)
[15:47:22]   downloaded 1,740.7 MB in 62.7s (27.8 MB/s)
[15:48:42]   upload done video_id=26044727 in 80.9s
[15:48:44] film cr_film_id=5379 OK in 148.3s
[15:48:44] iteration 12/20
[15:48:44] film cr_film_id=36925 name='Asedio (2023) CZ Titulky' candidates=2
[15:48:44]   candidate upload_id=65ad01631eeab url=https://prehraj.to/asedio-2023-cz-titulky-hd-1080p/65ad01631eeab
[15:48:45]   resolved in 1.0s → 1080p (https://pf-storage3.premiumcdn.net/72564752/GY5S0lhA5UjvCV8iQmUj4hrRHxMH5GsYqHwZ…)
[15:50:09]   downloaded 1,885.5 MB in 81.8s (23.0 MB/s)
[15:51:44]   upload done video_id=26044802 in 95.0s
[15:51:46] film cr_film_id=36925 OK in 181.3s
[15:51:46] iteration 13/20
[15:51:46] film cr_film_id=8431 name='Apaches (2023) CZ Titulky' candidates=11
[15:51:46]   candidate upload_id=65b5a37e1f1b4 url=https://prehraj.to/apaches-2023-cz-sub-1080p/65b5a37e1f1b4
[15:51:47]   resolved in 1.1s → 1080p (https://pf-storage3.premiumcdn.net/72733310/lyxsopT9yc5eIA8UQwHWQTd4s8Rsv2CWaTvV…)
[15:53:03]   downloaded 1,711.3 MB in 74.5s (23.0 MB/s)
[15:54:35]   upload done video_id=26044893 in 91.6s
[15:54:36] film cr_film_id=8431 OK in 170.6s
[15:54:36] iteration 14/20
[15:54:36] film cr_film_id=15295 name='Americana (2023) CZ Titulky' candidates=4
[15:54:36]   candidate upload_id=848cf66bbe37c0bc url=https://prehraj.to/americana-2023-cz-tit-1080p/848cf66bbe37c0bc
[15:54:37]   resolved in 1.1s → 720p (https://pf-storage3.premiumcdn.net/169151470/r1KFMzT9LhQRHyoF6xHGbTRYC0QiaWSOLhv…)
[15:55:50]   downloaded 1,681.6 MB in 70.9s (23.7 MB/s)
[15:57:11]   upload done video_id=26044974 in 81.1s
[15:57:13] film cr_film_id=15295 OK in 156.8s
[15:57:13] iteration 15/20
[15:57:13] film cr_film_id=8131 name='All You Need Is Death (2023) CZ Titulky' candidates=7
[15:57:13]   candidate upload_id=66ab965712220 url=https://prehraj.to/all-you-need-is-death-2023-cz-titulky-1080p/66ab965712220
[15:57:14]   resolved in 1.1s → 720p (https://pf-storage3.premiumcdn.net/88212053/anQT87Hb1s2XIzXCqlIrGHGQI8aFqMinQiEj…)
[15:58:17]   downloaded 751.8 MB in 61.3s (12.3 MB/s)
[15:59:03]   upload done video_id=26045057 in 45.6s
[15:59:04] film cr_film_id=8131 OK in 111.4s
[15:59:04] iteration 16/20
[15:59:04] film cr_film_id=9637 name='A Creature Was Stirring (2023) CZ Titulky' candidates=10
[15:59:04]   candidate upload_id=65ad8a367fcb1 url=https://prehraj.to/a-creature-was-stirring-2023-1080p-cz-sub/65ad8a367fcb1
[15:59:06]   resolved in 1.3s → 720p (https://pf-storage5.premiumcdn.net/72574817/dqKtdeTgrieqhR0cwzIrMTOBCe0cVlF7ksNV…)
[16:00:30]   downloaded 1,811.4 MB in 82.4s (22.0 MB/s)
[16:02:11]   upload done video_id=26045123 in 101.0s
[16:02:13] film cr_film_id=9637 OK in 188.4s
[16:02:13] iteration 17/20
[16:02:13] film cr_film_id=9663 name='Žhářka (2022) CZ Titulky' candidates=1
[16:02:13]   candidate upload_id=628bdf4a635eb url=https://prehraj.to/firestarter-2022-cztitulky/628bdf4a635eb
[16:02:14]   resolved in 1.1s → 1080p (https://pf-storage3.premiumcdn.net/30934712/LdZtV5HWpfYbcVbU3GhokHyxi0wfY6FaqT6K…)
[16:03:26]   downloaded 1,569.2 MB in 70.4s (22.3 MB/s)
[16:04:57]   upload done video_id=26045207 in 91.1s
[16:04:59] film cr_film_id=9663 OK in 166.2s
[16:04:59] iteration 18/20
[16:04:59] film cr_film_id=4117 name='Štěstí (2022) CZ Titulky' candidates=4
[16:04:59]   candidate upload_id=e7a7a228c1bdb8e2 url=https://prehraj.to/luck-2022-1080p-cz-sub-mp4/e7a7a228c1bdb8e2
[16:05:00]   resolved in 1.2s → 720p (https://pf-storage3.premiumcdn.net/165975821/3qetMVF3jSplfNrU4ZFvVFx0hQZCxOT7yHr…)
[16:05:53]   downloaded 1,392.3 MB in 50.8s (27.4 MB/s)
[16:07:08]   upload done video_id=26045288 in 75.7s
[16:07:10] film cr_film_id=4117 OK in 130.9s
[16:07:10] iteration 19/20
[16:07:10] film cr_film_id=14271 name='Špión, který nikdy nezemře (2022) CZ Titulky' candidates=4
[16:07:10]   candidate upload_id=6333b5f59c643 url=https://prehraj.to/the-spy-who-never-dies-2022-cztitulky-mp4/6333b5f59c643
[16:07:11]   resolved in 1.2s → 720p (https://pf-storage1.premiumcdn.net/33493003/9lMuVDUbRsE6sBkCJ6T8vUyVC5PSjrFRpiv8…)
[16:08:18]   downloaded 1,450.1 MB in 64.9s (22.3 MB/s)
[16:09:37]   upload done video_id=26045355 in 79.4s
[16:09:39] film cr_film_id=14271 OK in 149.0s
[16:09:39] iteration 20/20
[16:09:39] film cr_film_id=36911 name='Čokoládový dortík (2022) CZ Titulky' candidates=2
[16:09:39]   candidate upload_id=639ddf9cedf9d url=https://prehraj.to/cokoladovy-dortik-2022-cz-sub-1080p/639ddf9cedf9d
[16:09:40]   resolved in 1.3s → 720p (https://pf-storage4.premiumcdn.net/35598070/qQLcG7FRMIeDCjmfxvT8EFDXulyuoqH1osBE…)
[16:10:58]   downloaded 1,733.2 MB in 76.2s (22.7 MB/s)
[16:12:21]   upload done video_id=26045432 in 82.2s
[16:12:22] film cr_film_id=36911 OK in 163.4s
[16:12:22] batch-end ok=20 failed=0 dur=3264.5s avg/film=163.2s remaining=9265 eta_hours=420.0

===== run 2026-06-17T16:20:59Z shard=1/2 batch_size=20 (https://github.com/Olbrasoft/prehrajto-to-prehrajto/actions/runs/27703558366) =====
[16:21:00] batch-start shard=1/2 count=20 backlog=10210 uploads=945 failed_attempts=50 description_overrides=0
[16:21:00] login
[16:21:01] login done
[16:21:01] iteration 1/20
[16:21:01] film cr_film_id=27175 name='Zločiny budoucnosti (2022) CZ Titulky' candidates=5
[16:21:01]   candidate upload_id=632a576cdf51d url=https://prehraj.to/zlociny-budoucnosti-drama-horor-sci-fi-2022-cz-titulky-1080p/632a576cdf51d
[16:21:02]   resolved in 1.1s → 720p (https://pf-storage3.premiumcdn.net/33206050/8MeTpBcpOHngs8OfvahNBcz2HmQF8RC1vh6k…)
[16:22:31]   downloaded 825.6 MB in 87.0s (9.5 MB/s)
[16:23:13]   upload done video_id=26045801 in 42.5s
[16:23:14] film cr_film_id=27175 OK in 133.5s
[16:23:14] iteration 2/20
[16:23:15] film cr_film_id=8145 name='Zlato (2022) CZ Titulky' candidates=6
[16:23:15]   candidate upload_id=61f874e41581b url=https://prehraj.to/gold-2022-cztitulky/61f874e41581b
[16:23:15]   resolved in 1.0s → 1080p (https://pf-storage4.premiumcdn.net/28910469/6oyUJZiL8UJas61C9bIvXiORUeVf2ktnwUrZ…)
[16:24:22]   downloaded 1,885.9 MB in 65.1s (29.0 MB/s)
[16:25:43]   upload done video_id=26045864 in 81.0s
[16:25:45] film cr_film_id=8145 OK in 150.2s
[16:25:45] iteration 3/20
[16:25:45] film cr_film_id=27139 name='Zapomeň na UFO (2022) CZ Titulky' candidates=1
[16:25:45]   candidate upload_id=6216d5c71f02c url=https://prehraj.to/zapomen-na-ufo-2022-cztitulky/6216d5c71f02c
[16:25:46]   resolved in 0.9s → 1080p (https://pf-storage1.premiumcdn.net/29652785/j4YS2RCLwS07TjmtAVhL0CPRFpPs0GFmjskj…)
[16:27:04]   downloaded 2,331.0 MB in 76.6s (30.4 MB/s)
[16:29:06]   upload done video_id=26045943 in 121.9s
[16:29:07] film cr_film_id=27139 OK in 202.5s
[16:29:07] iteration 4/20
[16:29:07] film cr_film_id=17059 name='Woodland Grey (2022) CZ Titulky' candidates=6
[16:29:07]   candidate upload_id=62efe28c40703 url=https://prehraj.to/woodland-grey-2022-cz-titulky-1080p-mp4/62efe28c40703
[16:29:08]   resolved in 1.0s → 720p (https://pf-storage1.premiumcdn.net/31988662/nazij4FqMcMQiVMTmws30FQlhO1Cj4HDEiab…)
[16:30:05]   downloaded 1,563.9 MB in 55.2s (28.3 MB/s)
[16:31:40]   upload done video_id=26046035 in 95.4s
[16:31:42] film cr_film_id=17059 OK in 154.6s
[16:31:42] iteration 5/20
[16:31:42] film cr_film_id=19691 name='Všechny jsme krásné (2022) CZ Titulky' candidates=1
[16:31:42]   candidate upload_id=638ab11602b9c url=https://prehraj.to/vsechny-jsme-krasne-2022-cztitulky/638ab11602b9c
[16:31:43]   resolved in 1.1s → 720p (https://pf-storage3.premiumcdn.net/34971616/blWHM0UywuWgIoptaRTpeUN5CpJib0ud9Sre…)
[16:32:31]   downloaded 1,114.1 MB in 46.1s (24.2 MB/s)
[16:33:13]   upload done video_id=26046117 in 42.4s
[16:33:14] film cr_film_id=19691 OK in 92.5s
[16:33:14] iteration 6/20
[16:33:14] film cr_film_id=555 name='Všechno, všude, najednou (2022) CZ Titulky' candidates=3
[16:33:14]   candidate upload_id=62d5369c88418 url=https://prehraj.to/everything-everywhere-all-at-once-akcni-2022-cz-tit/62d5369c88418
[16:33:15]   resolved in 1.0s → 720p (https://pf-storage1.premiumcdn.net/31638056/xwVURaIdKcJVHj5CY0HwMIrAcPKuQvHYLhNA…)
[16:34:01]   downloaded 1,590.5 MB in 44.4s (35.8 MB/s)
[16:35:08]   upload done video_id=26046169 in 67.0s
[16:35:10] film cr_film_id=555 OK in 115.6s
[16:35:10] iteration 7/20
[16:35:10] film cr_film_id=14747 name='Vstupenka do ráje (2022) CZ Titulky' candidates=1
[16:35:10]   candidate upload_id=6360082e7b446 url=https://prehraj.to/ticket-to-paradise-2022-1080p-webrip-x265-cz-tit/6360082e7b446
[16:35:11]   resolved in 1.0s → 720p (https://pf-storage1.premiumcdn.net/34218337/yWzIaMhm1Tn2FYWhJRC9ohNDUJnC3zCADcjr…)
[16:36:34]   downloaded 2,239.2 MB in 82.0s (27.3 MB/s)
[16:37:49]   upload done video_id=26046261 in 75.0s
[16:37:51] film cr_film_id=14747 OK in 161.0s
[16:37:51] iteration 8/20
[16:37:51] film cr_film_id=10493 name='Vesmírní žraloci: Nenažraná strana Měsíce (2022) CZ Titulky' candidates=4
[16:37:51]   candidate upload_id=633dc4d160463 url=https://prehraj.to/shark-side-of-the-moon-2022-cz-sub-1080p/633dc4d160463
[16:37:52]   resolved in 1.1s → 720p (https://pf-storage1.premiumcdn.net/33626824/BNQh4rc5qF2ATO5u42c7bckOua8HWzhGmh47…)
[16:38:44]   downloaded 1,510.1 MB in 50.9s (29.7 MB/s)
[16:39:44]   upload done video_id=26046326 in 59.9s
[16:39:46] film cr_film_id=10493 OK in 114.8s
[16:39:46] iteration 9/20
[16:39:46] film cr_film_id=18471 name='Vem si prášky: Xanax (2022) CZ Titulky' candidates=1
[16:39:46]   candidate upload_id=638e9a2415459 url=https://prehraj.to/vem-si-prasky-xanax-2022-cztitulky/638e9a2415459
[16:39:47]   resolved in 0.9s → 1080p (https://pf-storage3.premiumcdn.net/35189236/jbWs79Ilyc0vHV7HreT51IQBHp7cOWSoxik2…)
[16:41:42]   downloaded 1,946.4 MB in 114.2s (17.0 MB/s)
[16:42:58]   upload done video_id=26046422 in 76.1s
[16:43:00] film cr_film_id=18471 OK in 194.6s
[16:43:00] iteration 10/20
[16:43:00] film cr_film_id=18187 name='Ušikubi mura (2022) CZ Titulky' candidates=1
[16:43:00]   candidate upload_id=6374e97ab70f1 url=https://prehraj.to/usikubi-mura-2022-cztit-1080p/6374e97ab70f1
[16:43:03]   resolved in 3.3s → 720p (https://pf-storage1.premiumcdn.net/34672129/NOdUeQInOCpRHyQi1ztR9IzQUNZTPzfYeU48…)
[16:43:49]   downloaded 1,270.7 MB in 43.8s (29.0 MB/s)
[16:45:00]   upload done video_id=26046488 in 71.2s
[16:45:02] film cr_film_id=18187 OK in 121.5s
[16:45:02] iteration 11/20
[16:45:02] film cr_film_id=8177 name='Unwelcome (2022) CZ Titulky' candidates=1
[16:45:02]   candidate upload_id=6429b8b6885d4 url=https://prehraj.to/unwelcome-2023-cz-titulky/6429b8b6885d4
[16:45:03]   resolved in 1.0s → 720p (https://pf-storage3.premiumcdn.net/39069727/rjgf13HPzcExhn9tWVIl9HGnsYrs63s5Wfra…)
[16:46:11]   downloaded 1,911.6 MB in 66.7s (28.7 MB/s)
[16:47:37]   upload done video_id=26046558 in 86.2s
[16:47:39] film cr_film_id=8177 OK in 156.9s
[16:47:39] iteration 12/20
[16:47:39] film cr_film_id=19835 name='UFO Švédsko (2022) CZ Titulky' candidates=1
[16:47:39]   candidate upload_id=644fb5405a2fe url=https://prehraj.to/ufo-svedsko-2022-cz-titulky-1080p/644fb5405a2fe
[16:47:40]   resolved in 0.9s → 720p (https://pf-storage1.premiumcdn.net/40056661/O5ZiP9fYES09SQnc5wTdxf2Xt3ytp9igGhZq…)
[16:48:33]   downloaded 1,831.9 MB in 52.2s (35.1 MB/s)
[16:49:39]   upload done video_id=26046640 in 65.9s
[16:49:40] film cr_film_id=19835 OK in 121.9s
[16:49:40] iteration 13/20
[16:49:40] film cr_film_id=4935 name='Tři tisíce kousků (2022) CZ Titulky' candidates=2
[16:49:40]   candidate upload_id=93b281be747311c4 url=https://prehraj.to/tri-tisice-kousku-haromezer-szamozott-darab-three-thousand-numbered-pieces-2022-hu-cz-tit-mkv-mp4/93b281be747311c4
[16:49:41]   resolved in 1.0s → 480p (https://pf-storage3.premiumcdn.net/161758469/WWJu5RsYNflPI68hqPiGosZMCYoSbGIxmHz…)
[16:50:12]   downloaded 634.5 MB in 29.2s (21.7 MB/s)
[16:50:38]   upload done video_id=26046697 in 25.8s
[16:50:40] film cr_film_id=4935 OK in 59.0s
[16:50:40] iteration 14/20
[16:50:40] film cr_film_id=27707 name='Titanic 666 (2022) CZ Titulky' candidates=6
[16:50:40]   candidate upload_id=632a5274a66ad url=https://prehraj.to/titanic-666-cz-tit-2022-1080p/632a5274a66ad
[16:50:41]   resolved in 1.6s → 480p (https://pf-storage1.premiumcdn.net/33205720/d5MTmJi01TykCo4hgVt7KiBbh4ouONfB1f51…)
[16:51:11]   downloaded 776.8 MB in 28.5s (27.3 MB/s)
[16:51:46]   upload done video_id=26046729 in 34.6s
[16:51:47] film cr_film_id=27707 OK in 67.5s
[16:51:47] iteration 15/20
[16:51:47] film cr_film_id=9973 name='The Visitor (2022) CZ Titulky' candidates=7
[16:51:47]   candidate upload_id=3af2853625c3a68d url=https://prehraj.to/the-visitor-2022-1080p-web-dl-dd5-1-x264-cz-titulky-mkv/3af2853625c3a68d
[16:51:48]   resolved in 0.9s → 1080p (https://pf-storage4.premiumcdn.net/156205313/Av3h1zUZJhVAczDu4BUYyUGoUMQSvzHAxi6…)
[16:52:39]   downloaded 1,440.9 MB in 49.7s (29.0 MB/s)
[16:53:38]   upload done video_id=26046782 in 58.9s
[16:53:39] film cr_film_id=9973 OK in 112.4s
[16:53:39] iteration 16/20
[16:53:39] film cr_film_id=7539 name='The Railway Children Return (2022) CZ Titulky' candidates=1
[16:53:39]   candidate upload_id=64ab2c904e66c url=https://prehraj.to/the-railway-children-return-2022-cztitulky/64ab2c904e66c
[16:53:40]   resolved in 0.9s → 720p (https://pf-storage1.premiumcdn.net/42315539/4p6i7PS2jSwoIrvCNai9JSNQTjouGks7zHoK…)
[16:54:45]   downloaded 1,852.9 MB in 62.8s (29.5 MB/s)
[16:55:52]   upload done video_id=26046847 in 67.6s
[16:55:54] film cr_film_id=7539 OK in 134.2s
[16:55:54] iteration 17/20
[16:55:54] film cr_film_id=9197 name='The Price We Pay (2022) CZ Titulky' candidates=1
[16:55:54]   candidate upload_id=63cc90fa11f5e url=https://prehraj.to/the-price-we-pay-2022-cztitulky/63cc90fa11f5e
[16:55:54]   resolved in 0.9s → 720p (https://pf-storage4.premiumcdn.net/36579667/3pOUN0cLNUwEFEzTXbTw0cQkHWphEwhybuL9…)
[16:56:44]   downloaded 1,048.2 MB in 47.9s (21.9 MB/s)
[16:57:29]   upload done video_id=26046915 in 44.7s
[16:57:30] film cr_film_id=9197 OK in 96.3s
[16:57:30] iteration 18/20
[16:57:30] film cr_film_id=35681 name='The Prey (2022) CZ Titulky' candidates=1
[16:57:30]   candidate upload_id=62fbd5bd613ae url=https://prehraj.to/the-prey-2022-4k-uhd-sk-en-dabing-a-cz-titulky/62fbd5bd613ae
[16:57:31]   resolved in 1.0s → 1080p (https://pf-storage1.premiumcdn.net/32137879/nnMfQeCqvszKTaQiAahL9CNLS6XIrbU4xcob…)
[16:58:48]   downloaded 1,830.1 MB in 75.7s (24.2 MB/s)
[17:00:06]   upload done video_id=26046987 in 77.7s
[17:00:07] film cr_film_id=35681 OK in 157.4s
[17:00:07] iteration 19/20
[17:00:07] film cr_film_id=31069 name='The Other Me (2022) CZ Titulky' candidates=3
[17:00:07]   candidate upload_id=6254a2ee79b90 url=https://prehraj.to/the-other-me-2022-cztitulky/6254a2ee79b90
[17:00:09]   resolved in 1.7s → 720p (https://pf-storage4.premiumcdn.net/30437558/WYjh3qH9PsJ3ureIwNU4mH5LfB4C4VcNWu75…)
[17:00:54]   downloaded 1,328.5 MB in 43.8s (30.3 MB/s)
[17:01:39]   upload done video_id=26047049 in 44.5s
[17:01:40] film cr_film_id=31069 OK in 92.8s
[17:01:40] iteration 20/20
[17:01:40] film cr_film_id=8451 name='The Offering (2022) CZ Titulky' candidates=6
[17:01:40]   candidate upload_id=63db99a3a30e0 url=https://prehraj.to/the-offering-2022-cz-sub-1080p/63db99a3a30e0
[17:01:41]   resolved in 1.0s → 1080p (https://pf-storage1.premiumcdn.net/36990139/J5RIapU7qulVCqxuD4CY0URluB6s2eTO0fJ3…)
[17:02:19]   downloaded 1,302.6 MB in 36.6s (35.6 MB/s)
[17:03:16]   upload done video_id=26047097 in 56.4s
[17:03:17] film cr_film_id=8451 OK in 97.0s
[17:03:17] batch-end ok=20 failed=0 dur=2536.1s avg/film=126.8s remaining=9245 eta_hours=325.6

===== run 2026-06-17T17:27:39Z shard=1/2 batch_size=20 (https://github.com/Olbrasoft/prehrajto-to-prehrajto/actions/runs/27707401424) =====
[17:27:40] batch-start shard=1/2 count=20 backlog=10210 uploads=965 failed_attempts=50 description_overrides=0
[17:27:40] login
[17:27:41] login done
[17:27:41] iteration 1/20
[17:27:41] film cr_film_id=18073 name='The Mystery of Her (2022) CZ Titulky' candidates=1
[17:27:41]   candidate upload_id=63a0f7dc2ed22 url=https://prehraj.to/the-mystery-of-her-2022-cztitulky/63a0f7dc2ed22
[17:27:42]   resolved in 1.0s → 480p (https://pf-storage1.premiumcdn.net/35638966/73OTzaCnAsa5spMIoPUg2CAEtG7cXRt7rSOa…)
[17:28:26]   downloaded 1,034.3 MB in 41.7s (24.8 MB/s)
[17:29:27]   upload done video_id=26047857 in 61.7s
[17:29:29] film cr_film_id=18073 OK in 107.7s
[17:29:29] iteration 2/20
[17:29:29] film cr_film_id=18081 name='The Lair (2022) CZ Titulky' candidates=6
[17:29:29]   candidate upload_id=63614a34766f6 url=https://prehraj.to/the-lair-2022-cz-titulky/63614a34766f6
[17:29:30]   resolved in 1.2s → 720p (https://pf-storage3.premiumcdn.net/34235149/k1bsa2haZsOrheli56UPjhElCe3TWBF27HpZ…)
[17:30:30]   downloaded 1,499.7 MB in 58.4s (25.7 MB/s)
[17:31:31]   upload done video_id=26047920 in 61.4s
[17:31:33] film cr_film_id=18081 OK in 124.3s
[17:31:33] iteration 3/20
[17:31:33] film cr_film_id=9779 name='The Jack in the Box: Awakening (2022) CZ Titulky' candidates=10
[17:31:33]   candidate upload_id=61edd1f7ba958 url=https://prehraj.to/the-jack-in-the-box-awakening-2022-cz-titulky-hd-1080p/61edd1f7ba958
[17:31:34]   resolved in 1.1s → 720p (https://pf-storage4.premiumcdn.net/28662978/bopU0MhQZIMAU2ju94t7NhLJtDqsKouoeHPl…)
[17:32:08]   downloaded 947.9 MB in 32.5s (29.2 MB/s)
[17:32:55]   upload done video_id=26047966 in 46.7s
[17:32:56] film cr_film_id=9779 OK in 83.2s
[17:32:56] iteration 4/20
[17:32:56] film cr_film_id=10467 name='The Ghosts of Monday (2022) CZ Titulky' candidates=7
[17:32:56]   candidate upload_id=67bf4f78e2a5d url=https://prehraj.to/the-ghosts-of-monday-webrip-hd-cz-titulky-2022/67bf4f78e2a5d
[17:32:57]   resolved in 1.0s → 720p (https://pf-storage5.premiumcdn.net/130763030/LEZTMVIydHZ7sKgIZpSqpI4KfM7iWbcgbhe…)
[17:35:25]   downloaded 1,378.3 MB in 146.6s (9.4 MB/s)
[17:36:29]   upload done video_id=26048066 in 63.7s
[17:36:30] film cr_film_id=10467 OK in 214.4s
[17:36:30] iteration 5/20
[17:36:30] film cr_film_id=10425 name='The Friendship Game (2022) CZ Titulky' candidates=2
[17:36:30]   candidate upload_id=63a64c9f3dc61 url=https://prehraj.to/the-friendship-game-2022-cztitulky/63a64c9f3dc61
[17:36:33]   resolved in 2.2s → 720p (https://pf-storage4.premiumcdn.net/35716192/lx6sd8I8MSe6uXOf9QiovIKYhz9i0jfkNS9x…)
[17:39:08]   downloaded 951.3 MB in 153.7s (6.2 MB/s)
[17:39:51]   upload done video_id=26048163 in 43.4s
[17:39:53] film cr_film_id=10425 OK in 202.1s
[17:39:53] iteration 6/20
[17:39:53] film cr_film_id=8671 name='The Communion Girl (2022) CZ Titulky' candidates=1
[17:39:53]   candidate upload_id=118de3a76bf0d7c5 url=https://prehraj.to/la-nina-de-la-comunion-2023-cztit-1080p-mkv-mp4/118de3a76bf0d7c5
[17:39:54]   resolve FAILED: HTTP 502 wrapping permanent upstream error: https://prehraj.to/la-nina-de-la-comunion-2023-cztit-1080p-mkv-mp4/118de3a76bf0d7c5 (permanent=True)
[17:39:54] film cr_film_id=8671 all candidates exhausted
[17:39:54] iteration 7/20
[17:39:54] film cr_film_id=31295 name='The Artifice Girl (2022) CZ Titulky' candidates=4
[17:39:54]   candidate upload_id=64578b917e4fd url=https://prehraj.to/the-artifice-girl-2022-cz-titulky-1080p/64578b917e4fd
[17:40:00]   resolved in 6.0s → 720p (https://pf-storage4.premiumcdn.net/40280845/DeZHyqS4JhpVhw8uNpHavS41c58HM7UQ6T1O…)
[17:40:38]   downloaded 866.5 MB in 37.0s (23.4 MB/s)
[17:41:18]   upload done video_id=26048210 in 40.0s
[17:41:20] film cr_film_id=31295 OK in 86.0s
[17:41:20] iteration 8/20
[17:41:20] film cr_film_id=19817 name='The Accursed (2022) CZ Titulky' candidates=3
[17:41:20]   candidate upload_id=637b863fef6e9 url=https://prehraj.to/the-accursed-2022-cz-sub/637b863fef6e9
[17:41:21]   resolved in 1.0s → 720p (https://pf-storage3.premiumcdn.net/34766089/EKgtPksrjhmrIWAtDRIB7s7mCElfWehRqtd2…)
[17:42:04]   downloaded 918.4 MB in 42.3s (21.7 MB/s)
[17:42:55]   upload done video_id=26048250 in 50.5s
[17:42:56] film cr_film_id=19817 OK in 96.6s
[17:42:56] iteration 9/20
[17:42:56] film cr_film_id=6225 name='Terrifier 2 (2022) CZ Titulky' candidates=14
[17:42:56]   candidate upload_id=4cdbc81705abeb31 url=https://prehraj.to/terrifier-2-2022-2160p-en-eac3-cztit/4cdbc81705abeb31
[17:42:58]   resolved in 1.7s → 1080p (https://pf-storage4.premiumcdn.net/164971541/NZlf9DFg5s71sboTQ0uvgF5xhWAudOH1ac0…)
[17:42:59]   oversize: 7773268935 B > 6000000000 B, skip
[17:42:59]   candidate upload_id=68b35d11d33a8 url=https://prehraj.to/terrifier-2-2022-cz-titulky-1080p/68b35d11d33a8
[17:43:04]   resolved in 4.9s → 1080p (https://pf-storage1.premiumcdn.net/144986028/pd0SR4FNaFepuQ7CA3fE1FzQi3dHxliN6sr…)
[17:45:53]   downloaded 4,307.5 MB in 167.6s (25.7 MB/s)
[17:49:11]   upload done video_id=26048348 in 198.6s
[17:49:13] film cr_film_id=6225 OK in 376.6s
[17:49:13] iteration 10/20
[17:49:13] film cr_film_id=31289 name='THE QUEST: Nepal (2022) CZ Titulky' candidates=1
[17:49:13]   candidate upload_id=63d5d01cb5d3a url=https://prehraj.to/the-quest-nepal-2022-cztitulky-mp4/63d5d01cb5d3a
[17:49:14]   resolved in 1.1s → 1080p (https://pf-storage4.premiumcdn.net/36828337/MrBFA1flrhdatDxsMGupYfl5T2PsprUdVcXa…)
[17:51:04]   downloaded 2,663.0 MB in 108.5s (24.5 MB/s)
[17:53:01]   upload done video_id=26048500 in 117.4s
[17:53:03] film cr_film_id=31289 OK in 230.7s
[17:53:03] iteration 11/20
[17:53:03] film cr_film_id=27301 name='Sázka na teambuilding (2022) CZ Titulky' candidates=1
[17:53:03]   candidate upload_id=63b4c9428e429 url=https://prehraj.to/teambuilding-2022-cztitulky/63b4c9428e429
[17:53:04]   resolved in 0.9s → 1080p (https://pf-storage1.premiumcdn.net/35921986/wOEfaLI68UlquwOFp6TqpI8KfDbsVghagfAp…)
[17:59:33]   downloaded 2,757.7 MB in 387.4s (7.1 MB/s)
[18:01:33]   upload done video_id=26048737 in 119.8s
[18:01:34] film cr_film_id=27301 OK in 510.8s
[18:01:34] iteration 12/20
[18:01:34] film cr_film_id=20013 name='Svatý pavouk (2022) CZ Titulky' candidates=1
[18:01:34]   candidate upload_id=64c8a84a610cd url=https://prehraj.to/svaty-pavouk-2022-cz-titulky/64c8a84a610cd
[18:01:35]   resolved in 1.0s → 720p (https://pf-storage5.premiumcdn.net/42981191/zPnuE1ig2IwVFB4SXWTgZiXvFZPf0xIersGd…)
[18:02:34]   downloaded 1,745.0 MB in 56.7s (30.8 MB/s)
[18:03:58]   upload done video_id=26048822 in 84.3s
[18:03:59] film cr_film_id=20013 OK in 145.1s
[18:03:59] iteration 13/20
[18:03:59] film cr_film_id=27555 name='Survive (2022) CZ Titulky' candidates=1
[18:03:59]   candidate upload_id=6275e7abee5af url=https://prehraj.to/survive-2022-cztitulky/6275e7abee5af
[18:04:00]   resolved in 1.1s → 1080p (https://pf-storage4.premiumcdn.net/30747752/E0WujoCVQhBEizdHPLC0yCQoS08i71sy8u0K…)
[18:07:14]   downloaded 3,228.0 MB in 191.4s (16.9 MB/s)
[18:09:39]   upload done video_id=26048964 in 145.4s
[18:09:40] film cr_film_id=27555 OK in 341.1s
[18:09:40] iteration 14/20
[18:09:40] film cr_film_id=15007 name='Summering (2022) CZ Titulky' candidates=3
[18:09:40]   candidate upload_id=634f6bd2a4c94 url=https://prehraj.to/summering-2022-cz-sub-1080p-mp4/634f6bd2a4c94
[18:09:41]   resolved in 0.9s → 720p (https://pf-storage3.premiumcdn.net/34008790/pwdUG1ueoHPyCxXt4Jud3uWxhK3I3pcG4U7d…)
[18:15:41]   downloaded 1,354.9 MB in 357.8s (3.8 MB/s)
[18:16:47]   upload done video_id=26049317 in 66.1s
[18:16:48] film cr_film_id=15007 OK in 427.9s
[18:16:48] iteration 15/20
[18:16:48] film cr_film_id=9205 name='Starý muž (2022) CZ Titulky' candidates=2
[18:16:48]   candidate upload_id=634db8ed2f6a8 url=https://prehraj.to/old-man-2022-cztitulky/634db8ed2f6a8
[18:16:50]   resolved in 1.3s → 720p (https://pf-storage3.premiumcdn.net/33988345/B01iXJTmdiBju6LIjlfQMTLdUzVIBZFlWi03…)
[18:17:27]   downloaded 875.5 MB in 35.6s (24.6 MB/s)
[18:18:15]   upload done video_id=26049390 in 47.7s
[18:18:17] film cr_film_id=9205 OK in 89.0s
[18:18:17] iteration 16/20
[18:18:17] film cr_film_id=31309 name='Stalker (2022) CZ Titulky' candidates=4
[18:18:17]   candidate upload_id=65b5c3a62a075 url=https://prehraj.to/stalker-2022-1080p-cz-titulky/65b5c3a62a075
[18:18:19]   resolved in 1.2s → 720p (https://pf-storage3.premiumcdn.net/72736223/75VfRbCWNt6NINwILQSaOC3ESjOHp5UGDceN…)
[18:19:04]   downloaded 1,088.9 MB in 43.4s (25.1 MB/s)
[18:19:50]   upload done video_id=26049444 in 46.3s
[18:19:51] film cr_film_id=31309 OK in 93.7s
[18:19:51] iteration 17/20
[18:19:51] film cr_film_id=873 name='Společné lži (2022) CZ Titulky' candidates=3
[18:19:51]   candidate upload_id=5a3fb2e5ceeda952 url=https://prehraj.to/spolecne-lzi-arrete-avec-tes-mensonges-lie-with-me-2022-f-cz-tit-mkv-mp4/5a3fb2e5ceeda952
[18:19:52]   resolved in 0.8s → 480p (https://pf-storage5.premiumcdn.net/161740145/ylnIP0T2eTNaUAOuPVTGZTewUWVC7yhWrf0…)
[18:20:10]   downloaded 452.2 MB in 16.8s (26.9 MB/s)
[18:20:31]   upload done video_id=26049485 in 21.3s
[18:20:32] film cr_film_id=873 OK in 41.4s
[18:20:32] iteration 18/20
[18:20:32] film cr_film_id=31257 name='Slash/Back (2022) CZ Titulky' candidates=3
[18:20:32]   candidate upload_id=6413972c5d60a url=https://prehraj.to/slash-back-2022-cztitulky-mp4/6413972c5d60a
[18:20:34]   resolved in 1.1s → 720p (https://pf-storage3.premiumcdn.net/38424145/m3acmMHrvC6LTz1t54ieVH36s7yUk1cnyiyg…)
[18:21:19]   downloaded 1,131.3 MB in 43.7s (25.9 MB/s)
[18:22:07]   upload done video_id=26049531 in 48.9s
[18:22:09] film cr_film_id=31257 OK in 96.3s
[18:22:09] iteration 19/20
[18:22:09] film cr_film_id=19873 name='Significant Other (2022) CZ Titulky' candidates=2
[18:22:09]   candidate upload_id=636c2d6a9581b url=https://prehraj.to/significant-other-2022-cztitulky/636c2d6a9581b
[18:22:10]   resolved in 1.3s → 1080p (https://pf-storage4.premiumcdn.net/34557955/Q4QuKasNzsRrT7Khmdfvbs68hYVI6BH4XF5N…)
[18:25:06]   downloaded 2,028.2 MB in 174.8s (11.6 MB/s)
[18:26:39]   upload done video_id=26049674 in 92.7s
[18:26:40] film cr_film_id=19873 OK in 271.4s
[18:26:40] iteration 20/20
[18:26:40] film cr_film_id=14437 name='Shark Bait (2022) CZ Titulky' candidates=6
[18:26:40]   candidate upload_id=628e47287a18f url=https://prehraj.to/shark-bait-1080p-2022-vlozene-cz-titulky-malasorte/628e47287a18f
[18:26:41]   resolved in 0.9s → 720p (https://pf-storage1.premiumcdn.net/30958022/yeNFYgcd2CLNUZpHQYH20c4yCDlFNmiVJfdL…)
[18:28:18]   downloaded 2,450.5 MB in 95.4s (25.7 MB/s)
[18:30:19]   upload done video_id=26049788 in 121.6s
[18:30:21] film cr_film_id=14437 OK in 220.6s
[18:30:21] batch-end ok=19 failed=1 dur=3759.7s avg/film=197.9s remaining=9226 eta_hours=507.2

===== run 2026-06-17T18:30:50Z shard=1/2 batch_size=20 (https://github.com/Olbrasoft/prehrajto-to-prehrajto/actions/runs/27711025977) =====
[18:30:51] batch-start shard=1/2 count=20 backlog=10210 uploads=984 failed_attempts=52 description_overrides=0
[18:30:51] login
[18:30:52] login done
[18:30:52] iteration 1/20
[18:30:52] film cr_film_id=8689 name='Rok, kdy jsem začala masturbovat (2022) CZ Titulky' candidates=1
[18:30:52]   candidate upload_id=6476766217e83 url=https://prehraj.to/rok-kdy-jsem-zacala-masturbovat-2022-cztitulky/6476766217e83
[18:30:53]   resolved in 1.0s → 1080p (https://pf-storage1.premiumcdn.net/41225164/bAvIlriNdiaJFm4hXWtL8ip3c78HRGIVmfrv…)
[18:40:21]   downloaded 2,820.7 MB in 565.7s (5.0 MB/s)
[18:42:12]   upload done video_id=26050159 in 111.4s
[18:42:14] film cr_film_id=8689 OK in 681.3s
[18:42:14] iteration 2/20
[18:42:14] film cr_film_id=14623 name='Rabiye Kurnazová vs. George W. Bush (2022) CZ Titulky' candidates=1
[18:42:14]   candidate upload_id=63cf09aadea17 url=https://prehraj.to/george-michael-freedom-uncut-2022-cztitulky/63cf09aadea17
[18:42:15]   resolved in 1.2s → 480p (https://pf-storage4.premiumcdn.net/36649831/KKQHa2F3lIkBTrdCe3cbXF03hRJU1kuD1uER…)
[18:42:45]   downloaded 814.5 MB in 28.9s (28.2 MB/s)
[18:43:15]   upload done video_id=26050232 in 30.1s
[18:43:18] film cr_film_id=14623 OK in 64.1s
[18:43:18] iteration 3/20
[18:43:18] film cr_film_id=9653 name='R.I.P.D. - URNA: Útvar rozhodně neživých agentů 2 (2022) CZ Titulky' candidates=5
[18:43:18]   candidate upload_id=63b698fcdd757 url=https://prehraj.to/r-i-p-d-2-rise-of-the-damned-2022-1080p-bluray-x265-cz-tit/63b698fcdd757
[18:43:19]   resolved in 1.0s → 720p (https://pf-storage3.premiumcdn.net/35975347/x28i5xIOBfXZsmnuzvC49IepF9VCVeHkGc1M…)
[18:44:10]   downloaded 1,471.3 MB in 49.2s (29.9 MB/s)
[18:45:07]   upload done video_id=26050272 in 57.7s
[18:45:09] film cr_film_id=9653 OK in 111.6s
[18:45:09] iteration 4/20
[18:45:09] film cr_film_id=17967 name='Profesorka (2022) CZ Titulky' candidates=1
[18:45:09]   candidate upload_id=62379a71113d7 url=https://prehraj.to/profesorka-2022-cztitulky/62379a71113d7
[18:45:11]   resolved in 1.2s → 720p (https://pf-storage3.premiumcdn.net/30150674/lVlureFjaiV7snJHR8c7gFE5CPlT0MfX9SxE…)
[18:45:53]   downloaded 1,165.9 MB in 40.4s (28.9 MB/s)
[18:46:43]   upload done video_id=26050322 in 50.8s
[18:46:45] film cr_film_id=17967 OK in 95.2s
[18:46:45] iteration 5/20
[18:46:45] film cr_film_id=9763 name='Pravidla zabíjení (2022) CZ Titulky' candidates=2
[18:46:45]   candidate upload_id=62c8dfdfde9a0 url=https://prehraj.to/white-elephant-2022-cztitulky/62c8dfdfde9a0
[18:46:46]   resolved in 1.0s → 720p (https://pf-storage3.premiumcdn.net/31504553/VWmt5lUOGT7ZCPef3dcaJUMzI7psRehr1CeE…)
[18:47:31]   downloaded 1,309.1 MB in 44.2s (29.6 MB/s)
[18:48:17]   upload done video_id=26050366 in 45.6s
[18:48:18] film cr_film_id=9763 OK in 93.5s
[18:48:18] iteration 6/20
[18:48:18] film cr_film_id=4967 name='Poslední střih (2022) CZ Titulky' candidates=6
[18:48:18]   candidate upload_id=643085d44c498 url=https://prehraj.to/posledni-strih-2022-cz-titulky-1080p/643085d44c498
[18:48:19]   resolved in 1.0s → 720p (https://pf-storage4.premiumcdn.net/39235258/y27HgXTPYUL3Cv7uNMHxoTLOH9qInjCwEUXY…)
[18:49:51]   downloaded 2,699.3 MB in 90.2s (29.9 MB/s)
[18:51:48]   upload done video_id=26050437 in 116.8s
[18:51:49] film cr_film_id=4967 OK in 210.9s
[18:51:49] iteration 7/20
[18:51:49] film cr_film_id=27265 name='Pornfluenceři (2022) CZ Titulky' candidates=5
[18:51:49]   candidate upload_id=651b2b49906c3 url=https://prehraj.to/pornfluenceri-2022-cztitulky/651b2b49906c3
[18:51:51]   resolved in 1.6s → 1080p (https://pf-storage3.premiumcdn.net/46973195/y0Ri5qIYQs5kTNyHGYCW2I36F4MhqVU4Nike…)
[18:53:38]   downloaded 1,851.0 MB in 105.9s (17.5 MB/s)
[18:54:50]   upload done video_id=26050558 in 72.3s
[18:54:51] film cr_film_id=27265 OK in 182.6s
[18:54:51] iteration 8/20
[18:54:51] film cr_film_id=27283 name='Pod žhavým sluncem: Amalfi (2022) CZ Titulky' candidates=1
[18:54:51]   candidate upload_id=62d9c24849781 url=https://prehraj.to/pod-zhavym-sluncem-amalfi-2022-cztitulky/62d9c24849781
[18:54:53]   resolved in 1.0s → 720p (https://pf-storage3.premiumcdn.net/31695662/adQtlzsaAiPgc7Zf3eCnbsO6IBkSeKiNASxZ…)
[18:55:46]   downloaded 1,504.7 MB in 51.8s (29.0 MB/s)
[18:56:47]   upload done video_id=26050616 in 60.9s
[18:56:48] film cr_film_id=27283 OK in 116.6s
[18:56:48] iteration 9/20
[18:56:48] film cr_film_id=27617 name='Perfect Strangers (2022) CZ Titulky' candidates=1
[18:56:48]   candidate upload_id=61f1d172f1528 url=https://prehraj.to/perfect-strangers-2022-cztitulky/61f1d172f1528
[18:56:49]   resolved in 0.7s → 1080p (https://pf-storage5.premiumcdn.net/28753101/G72iLVfbXF2bS6dC1YIGJfJdim9Cwetr2ugP…)
[18:57:47]   downloaded 1,675.6 MB in 56.4s (29.7 MB/s)
[18:58:49]   upload done video_id=26050671 in 62.4s
[18:58:50] film cr_film_id=27617 OK in 122.3s
[18:58:50] iteration 10/20
[18:58:50] film cr_film_id=31305 name="Orlęta. Grodno '39 (2022) CZ Titulky" candidates=5
[18:58:50]   candidate upload_id=c1c35158d47ffbfd url=https://prehraj.to/orleta-grodno-39-2022-cz-tit/c1c35158d47ffbfd
[18:58:51]   resolved in 1.0s → 480p (https://pf-storage3.premiumcdn.net/155868458/nqls9ESJnFYkFBqtQDHdmS94FoBCJYfEOtB…)
[18:59:49]   downloaded 615.5 MB in 56.2s (11.0 MB/s)
[19:00:18]   upload done video_id=26050728 in 28.6s
[19:00:19] film cr_film_id=31305 OK in 88.7s
[19:00:19] iteration 11/20
[19:00:19] film cr_film_id=19921 name='One Piece Film: Red (2022) CZ Titulky' candidates=2
[19:00:19]   candidate upload_id=674fa1069a96c url=https://prehraj.to/one-piece-film-red-2022-cz-tit/674fa1069a96c
[19:00:20]   resolved in 1.0s → 480p (https://pf-storage5.premiumcdn.net/116332544/QObHV0fnXTQguJDc4GfaQfN4tqasOpUr0U4…)
[19:18:56]   downloaded 1,043.4 MB in 1114.6s (0.9 MB/s)
[19:19:59]   upload done video_id=26051299 in 62.4s
[19:20:00] film cr_film_id=19921 OK in 1181.0s
[19:20:00] iteration 12/20
[19:20:00] film cr_film_id=6535 name='Odna (2022) CZ Titulky' candidates=1
[19:20:00]   candidate upload_id=636049c98f103 url=https://prehraj.to/odna-2022-cztitulky/636049c98f103
[19:20:01]   resolved in 1.1s → 720p (https://pf-storage1.premiumcdn.net/34222258/ygQhRWsAMT2EHVGI47srms2jF6BIvlFJ9IAx…)
[20:10:16]   downloaded 2,287.8 MB in 3013.1s (0.8 MB/s)
[20:12:21]   upload done video_id=26053123 in 125.2s
[20:12:23] film cr_film_id=6535 OK in 3142.9s
[20:12:23] iteration 13/20
[20:12:23] film cr_film_id=4539 name='O osudu (2022) CZ Titulky' candidates=4
[20:12:23]   candidate upload_id=639de355d6a5c url=https://prehraj.to/about-fate-2022-1080p-cz-sub/639de355d6a5c
[20:12:24]   resolved in 1.1s → 720p (https://pf-storage3.premiumcdn.net/35598217/XayIJ4fLlIN3cMxHBvfD9fyRUW4c7ju8NCA5…)
[20:13:00]   downloaded 1,229.4 MB in 34.6s (35.5 MB/s)
[20:14:21]   upload done video_id=26053198 in 80.2s
[20:14:22] film cr_film_id=4539 OK in 118.7s
[20:14:22] iteration 14/20
[20:14:22] film cr_film_id=10305 name='Nix (2022) CZ Titulky' candidates=1
[20:14:22]   candidate upload_id=634f0d041bbf1 url=https://prehraj.to/nix-2022-cztitulky/634f0d041bbf1
[20:14:23]   resolved in 1.0s → 720p (https://pf-storage4.premiumcdn.net/34004734/zn7HEACzNFadFRncJbinYCNwhpQSDNiNliyp…)
[20:15:17]   downloaded 1,539.4 MB in 52.6s (29.3 MB/s)
[20:16:22]   upload done video_id=26053310 in 65.0s
[20:16:23] film cr_film_id=10305 OK in 121.5s
[20:16:23] iteration 15/20
[20:16:23] film cr_film_id=34033 name='Nespoutaní (2022) CZ Titulky' candidates=1
[20:16:23]   candidate upload_id=6369d4ed93998 url=https://prehraj.to/wildhood-2021-cztitulky/6369d4ed93998
[20:16:24]   resolved in 1.0s → 480p (https://pf-storage3.premiumcdn.net/34353196/gjATe4U0bTQNFLPhv0tVMUm9CWKU1Bu4xC2w…)
[20:21:34]   downloaded 769.9 MB in 307.7s (2.5 MB/s)
[20:22:03]   upload done video_id=26053651 in 29.2s
[20:22:04] film cr_film_id=34033 OK in 340.9s
[20:22:04] iteration 16/20
[20:22:04] film cr_film_id=28345 name='Neopouštěj mě (2022) CZ Titulky' candidates=1
[20:22:04]   candidate upload_id=62d6f34cb4a40 url=https://prehraj.to/neopoustej-me-2022-cztitulky/62d6f34cb4a40
[20:22:05]   resolved in 0.8s → 720p (https://pf-storage3.premiumcdn.net/31657796/6XrIp0cG4uO8c9RTQrhl0cb2sdMS0EH9lsvY…)
[20:23:18]   downloaded 2,129.8 MB in 71.4s (29.8 MB/s)
[20:24:50]   upload done video_id=26053733 in 92.5s
[20:24:52] film cr_film_id=28345 OK in 167.6s
[20:24:52] iteration 17/20
[20:24:52] film cr_film_id=19909 name='Neomanželka (2022) CZ Titulky' candidates=2
[20:24:52]   candidate upload_id=639143ac58514 url=https://prehraj.to/wifelike-2022-cztitulky/639143ac58514
[20:24:53]   resolved in 1.0s → 720p (https://pf-storage4.premiumcdn.net/35222923/E1oUn6IKDtgLcBEU6KcPLI47T5ZSXAFp4H8B…)
[20:25:29]   downloaded 1,224.7 MB in 34.7s (35.3 MB/s)
[20:26:14]   upload done video_id=26053837 in 44.8s
[20:26:15] film cr_film_id=19909 OK in 83.4s
[20:26:15] iteration 18/20
[20:26:15] film cr_film_id=27149 name='Neloučení (2022) CZ Titulky' candidates=1
[20:26:15]   candidate upload_id=624b4d489653c url=https://prehraj.to/nelouceni-2022-cztitulky/624b4d489653c
[20:26:16]   resolved in 1.0s → 480p (https://pf-storage4.premiumcdn.net/30335879/m4ku2dT76HzpfmdHjPcXKTV9uBXHY4hRDtpW…)
[20:35:05]   downloaded 905.7 MB in 527.7s (1.7 MB/s)
[20:35:46]   upload done video_id=26054243 in 40.2s
[20:35:47] film cr_film_id=27149 OK in 571.7s
[20:35:47] iteration 19/20
[20:35:47] film cr_film_id=5821 name='Méďovy vánoce (2022) CZ Titulky' candidates=4
[20:35:47]   candidate upload_id=654d7651ebbe5 url=https://prehraj.to/teddybjornens-jul-2022-cztitulky-mp4/654d7651ebbe5
[20:35:48]   resolved in 1.1s → 720p (https://pf-storage4.premiumcdn.net/51272474/rb2H3XUb9sdzCx3iRKCqRU5diOXFWOtb8uRY…)
[20:37:07]   downloaded 1,207.0 MB in 77.3s (15.6 MB/s)
[20:37:51]   upload done video_id=26054361 in 44.0s
[20:37:52] film cr_film_id=5821 OK in 125.4s
[20:37:52] iteration 20/20
[20:37:52] film cr_film_id=31313 name='Mortal Kombat Legends: Snow Blind (2022) CZ Titulky' candidates=2
[20:37:52]   candidate upload_id=eaa5d66febff3ab1 url=https://prehraj.to/mortal-kombat-legends-cage-match-2023/eaa5d66febff3ab1
[20:37:53]   resolved in 1.0s → 1080p (https://pf-storage3.premiumcdn.net/162487169/Pw9FBjfdjHz9t2aTr0Sm7f14FvPuMJC8mcY…)
[20:38:41]   downloaded 1,648.4 MB in 46.8s (35.2 MB/s)
[20:40:13]   upload done video_id=26054460 in 91.5s
[20:40:14] film cr_film_id=31313 OK in 141.9s
[20:40:14] batch-end ok=20 failed=0 dur=7761.7s avg/film=388.1s remaining=9206 eta_hours=992.5

===== run 2026-06-17T21:36:08Z shard=1/2 batch_size=20 (https://github.com/Olbrasoft/prehrajto-to-prehrajto/actions/runs/27721286911) =====
[21:36:09] batch-start shard=1/2 count=20 backlog=10210 uploads=1004 failed_attempts=52 description_overrides=0
[21:36:09] login
[21:36:10] login done
[21:36:10] iteration 1/20
[21:36:10] film cr_film_id=6233 name='Men (2022) CZ Titulky' candidates=2
[21:36:10]   candidate upload_id=632a486b56abf url=https://prehraj.to/men-drama-horor-usa-2022-cz-titulky-1080p/632a486b56abf
[21:36:11]   resolved in 1.1s → 1080p (https://pf-storage3.premiumcdn.net/33205300/mlBFqnhgzC4qU9ysdJtV6hxEs5ZsPWSrQinR…)
[21:37:35]   downloaded 1,834.9 MB in 81.6s (22.5 MB/s)
[21:39:06]   upload done video_id=26056700 in 91.5s
[21:39:08] film cr_film_id=6233 OK in 177.4s
[21:39:08] iteration 2/20
[21:39:08] film cr_film_id=18083 name='Mandrake (2022) CZ Titulky' candidates=2
[21:39:08]   candidate upload_id=63981a2bca313 url=https://prehraj.to/mandrake-2022-cz-sub-1080p/63981a2bca313
[21:39:09]   resolved in 1.0s → 1080p (https://pf-storage1.premiumcdn.net/35516362/2AJtXlTkvHLQCYoT6qcX7TnbF0aCXesJ2f3X…)
[21:41:03]   downloaded 1,748.2 MB in 112.5s (15.5 MB/s)
[21:42:55]   upload done video_id=26056800 in 112.4s
[21:42:57] film cr_film_id=18083 OK in 229.2s
[21:42:57] iteration 3/20
[21:42:57] film cr_film_id=20943 name='MK Ultra (2022) CZ Titulky' candidates=1
[21:42:57]   candidate upload_id=6395388b1d7a1 url=https://prehraj.to/mk-ultra-2022-cztitulky/6395388b1d7a1
[21:42:58]   resolved in 1.3s → 720p (https://pf-storage4.premiumcdn.net/35296033/b4NI3mT2bTjAc5DSK9fYLTyAcYMsBOhV9TzB…)
[21:43:58]   downloaded 1,159.5 MB in 57.4s (20.2 MB/s)
[21:44:54]   upload done video_id=26056864 in 56.8s
[21:44:56] film cr_film_id=20943 OK in 119.0s
[21:44:56] iteration 4/20
[21:44:56] film cr_film_id=27315 name='Láska a pouta (2022) CZ Titulky' candidates=4
[21:44:56]   candidate upload_id=632a43212f538 url=https://prehraj.to/laska-a-pouta-love-and-leashes-komedie-romanticky-2022-cz-titulky-1080p/632a43212f538
[21:44:57]   resolved in 1.1s → 1080p (https://pf-storage3.premiumcdn.net/33205015/D7GUlMcrnFD1trDixYTWbcL1tPgiLKSEgTAR…)
[21:46:56]   downloaded 2,200.2 MB in 117.7s (18.7 MB/s)
[21:48:36]   upload done video_id=26056942 in 99.5s
[21:48:38] film cr_film_id=27315 OK in 221.8s
[21:48:38] iteration 5/20
[21:48:38] film cr_film_id=27181 name='Last Radio Call (2022) CZ Titulky' candidates=1
[21:48:38]   candidate upload_id=6297b42d298c7 url=https://prehraj.to/last-radio-call-2022-cztitulky/6297b42d298c7
[21:48:39]   resolved in 1.1s → 1080p (https://pf-storage4.premiumcdn.net/31045814/ZVgU8EF2bFgbIvbiGZimGFQrS32hXBiRxtX2…)
[21:50:26]   downloaded 2,379.5 MB in 105.6s (22.5 MB/s)
[21:52:35]   upload done video_id=26057034 in 128.4s
[21:52:36] film cr_film_id=27181 OK in 238.6s
[21:52:36] iteration 6/20
[21:52:36] film cr_film_id=15319 name='La Dernière Reine (2022) CZ Titulky' candidates=1
[21:52:36]   candidate upload_id=6508b31259f01 url=https://prehraj.to/la-derniere-reine-2023-cztitulky/6508b31259f01
[21:52:37]   resolved in 1.2s → 720p (https://pf-storage1.premiumcdn.net/45415814/bPLu26IYRUjPtRaiWniPgIgRcJAFJRIvrT80…)
[21:53:48]   downloaded 1,649.7 MB in 69.0s (23.9 MB/s)
[21:55:10]   upload done video_id=26057126 in 81.2s
[21:55:11] film cr_film_id=15319 OK in 154.7s
[21:55:11] iteration 7/20
[21:55:11] film cr_film_id=8877 name='Koputus (2022) CZ Titulky' candidates=5
[21:55:11]   candidate upload_id=64b88e86c9930 url=https://prehraj.to/koputus-2023-cz-sub-1080p-mp4/64b88e86c9930
[21:55:12]   resolved in 1.2s → 720p (https://pf-storage3.premiumcdn.net/42621896/GweFX2f21fbJIXdSO5SwRfB2svZCgrSXWSmM…)
[21:55:55]   downloaded 899.6 MB in 41.1s (21.9 MB/s)
[21:56:47]   upload done video_id=26057185 in 51.5s
[21:56:48] film cr_film_id=8877 OK in 97.4s
[21:56:48] iteration 8/20
[21:56:48] film cr_film_id=4533 name='Kompromat (2022) CZ Titulky' candidates=5
[21:56:48]   candidate upload_id=64292041a9c76 url=https://prehraj.to/kompromat-2022-1080p-cz-sub/64292041a9c76
[21:56:49]   resolved in 1.1s → 720p (https://pf-storage3.premiumcdn.net/39061561/K2mHRGUK5hLghjdTlJieQUQbI1Gs06i5YhWr…)
[21:57:50]   downloaded 1,323.6 MB in 59.0s (22.4 MB/s)
[21:58:59]   upload done video_id=26057242 in 68.9s
[21:59:01] film cr_film_id=4533 OK in 132.9s
[21:59:01] iteration 9/20
[21:59:01] film cr_film_id=31237 name='Klondike (2022) CZ Titulky' candidates=7
[21:59:01]   candidate upload_id=64bf5b90256f5 url=https://prehraj.to/klondike-2022-cz-titulky-1080p/64bf5b90256f5
[21:59:02]   resolved in 1.2s → 1080p (https://pf-storage1.premiumcdn.net/42747350/5blUdLCGVHrwSJXT8zhepCLjtD3FjnIDRsXB…)
[22:00:18]   downloaded 1,681.8 MB in 74.2s (22.7 MB/s)
[22:02:00]   upload done video_id=26057332 in 101.6s
[22:02:01] film cr_film_id=31237 OK in 180.3s
[22:02:01] iteration 10/20
[22:02:01] film cr_film_id=14191 name='Když promluvila (2022) CZ Titulky' candidates=1
[22:02:01]   candidate upload_id=6394c684caf0e url=https://prehraj.to/she-said-2022-cz-sub/6394c684caf0e
[22:02:03]   resolved in 1.1s → 720p (https://pf-storage4.premiumcdn.net/35289187/3xpceKIXmsyMCjquGJt15Ix7fxnhp9cZyTv1…)
[22:02:58]   downloaded 1,206.8 MB in 53.7s (22.5 MB/s)
[22:04:03]   upload done video_id=26057489 in 65.2s
[22:04:05] film cr_film_id=14191 OK in 123.1s
[22:04:05] iteration 11/20
[22:04:05] film cr_film_id=10507 name='Jeepers Creepers: Reborn (2022) CZ Titulky' candidates=9
[22:04:05]   candidate upload_id=63431f6bf2efe url=https://prehraj.to/jeepers-creepers-reborn-2022-cztitulky/63431f6bf2efe
[22:04:06]   resolved in 1.2s → 720p (https://pf-storage1.premiumcdn.net/33698437/Zy1FRWsxzC9RSL8f4nsmYs1mcNoHZNtVaFJY…)
[22:05:20]   downloaded 1,558.4 MB in 72.5s (21.5 MB/s)
[22:06:34]   upload done video_id=26057589 in 74.5s
[22:06:36] film cr_film_id=10507 OK in 151.2s
[22:06:36] iteration 12/20
[22:06:36] film cr_film_id=36909 name='Jak vybrat banku: Poslední velká loupež (2022) CZ Titulky' candidates=1
[22:06:36]   candidate upload_id=62f6bfc040e29 url=https://prehraj.to/jak-vybrat-banku-posledni-velka-loupez-2022-cztitulky/62f6bfc040e29
[22:06:37]   resolved in 1.3s → 1080p (https://pf-storage1.premiumcdn.net/32072857/O9JHLOurOTR3tjNt0LILpuPlfa6iLrTveU8K…)
[22:08:44]   downloaded 2,853.4 MB in 124.7s (22.9 MB/s)
[22:11:09]   upload done video_id=26057708 in 145.2s
[22:11:11] film cr_film_id=36909 OK in 274.8s
[22:11:11] iteration 13/20
[22:11:11] film cr_film_id=18307 name='Incantation (2022) CZ Titulky' candidates=7
[22:11:11]   candidate upload_id=62eba35285552 url=https://prehraj.to/incantation-2022-cz-sub-1080p/62eba35285552
[22:11:12]   resolved in 1.0s → 1080p (https://pf-storage1.premiumcdn.net/31935464/O5Bcw4fG2u2ZsEYCjJs2Rf53HyGTvdcdeH3r…)
[22:13:06]   downloaded 3,254.3 MB in 112.8s (28.8 MB/s)
[22:15:39]   upload done video_id=26057865 in 153.0s
[22:15:41] film cr_film_id=18307 OK in 270.2s
[22:15:41] iteration 14/20
[22:15:41] film cr_film_id=20981 name='In from the Side (2022) CZ Titulky' candidates=1
[22:15:41]   candidate upload_id=63d448e893869 url=https://prehraj.to/in-from-the-side-2022-cztitulky/63d448e893869
[22:15:43]   resolved in 2.4s → 720p (https://pf-storage3.premiumcdn.net/36799099/3bMfXmixVTnau1YHgyHEbiynHYRs65hY1tpJ…)
[22:27:15]   downloaded 2,520.5 MB in 689.9s (3.7 MB/s)
[22:29:30]   upload done video_id=26058319 in 135.1s
[22:29:31] film cr_film_id=20981 OK in 830.5s
[22:29:31] iteration 15/20
[22:29:31] film cr_film_id=2897 name='Il filo invisibile (2022) CZ Titulky' candidates=1
[22:29:31]   candidate upload_id=622507e01d31d url=https://prehraj.to/il-filo-invisibile-2022-cztitulky/622507e01d31d
[22:29:32]   resolved in 1.0s → 1080p (https://pf-storage3.premiumcdn.net/29963000/GWNuLqS7jfxjCJNTrDT6OSJkSPmU4quqJi7r…)
[22:31:29]   downloaded 2,494.8 MB in 114.2s (21.8 MB/s)
[22:33:27]   upload done video_id=26058426 in 118.2s
[22:33:28] film cr_film_id=2897 OK in 236.7s
[22:33:28] iteration 16/20
[22:33:28] film cr_film_id=36889 name='Icahn: Neposedný miliardář (2022) CZ Titulky' candidates=1
[22:33:28]   candidate upload_id=620e97035f4ba url=https://prehraj.to/icahn-neposedny-miliardar-2022-cztitulky/620e97035f4ba
[22:33:29]   resolved in 1.1s → 720p (https://pf-storage4.premiumcdn.net/29457626/jA1c5pun5t9DHw8iymCL2uw3HWMSQKhZ7Uoy…)
[22:34:23]   downloaded 1,142.3 MB in 51.7s (22.1 MB/s)
[22:35:20]   upload done video_id=26058469 in 56.9s
[22:35:21] film cr_film_id=36889 OK in 113.0s
[22:35:21] iteration 17/20
[22:35:21] film cr_film_id=8871 name='Hunt Her, Kill Her (2022) CZ Titulky' candidates=6
[22:35:21]   candidate upload_id=652956a5eda02 url=https://prehraj.to/hunt-her-kill-her-2022-cz-titulky-hd-1080p/652956a5eda02
[22:35:22]   resolved in 1.2s → 1080p (https://pf-storage3.premiumcdn.net/48168953/ORqS6zCbNtPVfvpsa8TyXCO0FLNfG3HeKh84…)
[22:36:19]   downloaded 1,224.7 MB in 55.4s (22.1 MB/s)
[22:37:15]   upload done video_id=26058527 in 55.4s
[22:37:16] film cr_film_id=8871 OK in 115.0s
[22:37:16] iteration 18/20
[22:37:16] film cr_film_id=6213 name='Huesera: Sběratelka kostí (2022) CZ Titulky' candidates=1
[22:37:16]   candidate upload_id=63fe6d6ecee08 url=https://prehraj.to/huesera-sberatelka-kosti-2022-cztitulky/63fe6d6ecee08
[22:37:17]   resolved in 1.1s → 720p (https://pf-storage1.premiumcdn.net/37910668/pbdfkRHANU3yHY5HmZCPEHvOUNdCwpSroiO6…)
[22:40:31]   downloaded 925.5 MB in 192.0s (4.8 MB/s)
[22:41:17]   upload done video_id=26058648 in 46.1s
[22:41:19] film cr_film_id=6213 OK in 242.8s
[22:41:19] iteration 19/20
[22:41:19] film cr_film_id=33983 name='Hollywoodská Stargirl (2022) CZ Titulky' candidates=4
[22:41:19]   candidate upload_id=629cf144512e7 url=https://prehraj.to/hollywoodska-stargirl-2022-cztitulky/629cf144512e7
[22:41:20]   resolved in 1.6s → 720p (https://pf-storage1.premiumcdn.net/31094252/4q2T1OFGOumoHeOT3ZImOF1milqcxdh69hqo…)
[22:42:13]   downloaded 1,148.3 MB in 51.0s (22.5 MB/s)
[22:43:08]   upload done video_id=26058699 in 54.7s
[22:43:09] film cr_film_id=33983 OK in 110.6s
[22:43:09] iteration 20/20
[22:43:09] film cr_film_id=28059 name='Hodinová manželka (2022) CZ Titulky' candidates=2
[22:43:09]   candidate upload_id=63485ea14ca13 url=https://prehraj.to/hodinova-manzelka-2022-cztitulky/63485ea14ca13
[22:43:11]   resolved in 1.1s → 1080p (https://pf-storage2.premiumcdn.net/33771844/eoKTALiQvfxwHgeiAdCOBij3c3DIZBuZwTBE…)
[22:44:39]   downloaded 2,036.9 MB in 86.2s (23.6 MB/s)
[22:46:20]   upload done video_id=26058778 in 101.1s
[22:46:21] film cr_film_id=28059 OK in 191.6s
[22:46:21] batch-end ok=20 failed=0 dur=4210.8s avg/film=210.5s remaining=9186 eta_hours=537.1

===== run 2026-06-17T22:46:53Z shard=1/2 batch_size=20 (https://github.com/Olbrasoft/prehrajto-to-prehrajto/actions/runs/27724612825) =====
[22:46:54] batch-start shard=1/2 count=20 backlog=10210 uploads=1024 failed_attempts=52 description_overrides=0
[22:46:54] login
[22:46:55] login done
[22:46:55] iteration 1/20
[22:46:55] film cr_film_id=18151 name='Hashtag podvodnice (2022) CZ Titulky' candidates=3
[22:46:55]   candidate upload_id=62e569119049f url=https://prehraj.to/hashtag-podvodnice-2022-cz-sub-1080p/62e569119049f
[22:46:57]   resolved in 1.9s → 1080p (https://pf-storage1.premiumcdn.net/31854872/652T7ksGRuk0Cv6FDzCzasQBtdZIarCV8IeD…)
[22:48:09]   downloaded 2,096.8 MB in 70.1s (29.9 MB/s)
[22:49:32]   upload done video_id=26058880 in 83.4s
[22:49:34] film cr_film_id=18151 OK in 158.3s
[22:49:34] iteration 2/20
[22:49:34] film cr_film_id=31299 name="H.P. Lovecraft's Witch House (2022) CZ Titulky" candidates=1
[22:49:34]   candidate upload_id=62d059d62f2d6 url=https://prehraj.to/h-p-lovecraft-s-witch-house-2021-cztitulky/62d059d62f2d6
[22:49:34]   resolved in 1.0s → 720p (https://pf-storage3.premiumcdn.net/31584869/lx0sY1TbeCqOt82FR2tm4TdEIWPILMt4GsoW…)
[22:50:11]   downloaded 950.8 MB in 35.2s (27.0 MB/s)
[22:50:54]   upload done video_id=26058938 in 43.2s
[22:50:56] film cr_film_id=31299 OK in 82.0s
[22:50:56] iteration 3/20
[22:50:56] film cr_film_id=20047 name='Fotograf a Pošťák: Vražda José Luise Cabezase (2022) CZ Titulky' candidates=1
[22:50:56]   candidate upload_id=628d2640cc8d8 url=https://prehraj.to/fotograf-a-postak-vrazda-jose-luise-cabezase-2022-cztitulky/628d2640cc8d8
[22:50:57]   resolved in 1.1s → 1080p (https://pf-storage3.premiumcdn.net/30947948/YXrIaEcZ2ImofJLtA9t2xcwziQnIBeU2mhA2…)
[22:52:23]   downloaded 2,589.7 MB in 85.3s (30.4 MB/s)
[22:54:11]   upload done video_id=26058996 in 107.8s
[22:54:12] film cr_film_id=20047 OK in 196.8s
[22:54:12] iteration 4/20
[22:54:12] film cr_film_id=14329 name='Fever Dream (2022) CZ Titulky' candidates=7
[22:54:12]   candidate upload_id=6166f06664912 url=https://prehraj.to/fever-dream-2021-cz-sub-1080p-nf-web-dl-ddp5-1-atmos-x264-npms-mp4/6166f06664912
[22:54:13]   resolved in 1.0s → 1080p (https://pf-storage4.premiumcdn.net/25491101/pO9uPAImjUL7sDafdRT7zI08Fp7soVHdbs6x…)
[22:55:11]   downloaded 1,685.5 MB in 56.0s (30.1 MB/s)
[22:56:24]   upload done video_id=26059082 in 73.5s
[22:56:25] film cr_film_id=14329 OK in 133.0s
[22:56:25] iteration 5/20
[22:56:25] film cr_film_id=893 name='Fabelmanovi (2022) CZ Titulky' candidates=1
[22:56:25]   candidate upload_id=63aa05f02b0c7 url=https://prehraj.to/the-fabelmans-2022-cz-titulky/63aa05f02b0c7
[22:56:26]   resolved in 0.9s → 720p (https://pf-storage3.premiumcdn.net/35763553/ALDTM8iDQIEnIznFDBfjZilWhP9hE1UkzToV…)
[22:57:34]   downloaded 2,475.7 MB in 66.5s (37.2 MB/s)
[22:59:30]   upload done video_id=26059153 in 115.7s
[22:59:31] film cr_film_id=893 OK in 185.9s
[22:59:31] iteration 6/20
[22:59:31] film cr_film_id=10041 name='Eradication (2022) CZ Titulky' candidates=1
[22:59:31]   candidate upload_id=62ec0647098de url=https://prehraj.to/eradication-2022-cztitulky/62ec0647098de
[22:59:32]   resolved in 1.0s → 720p (https://pf-storage3.premiumcdn.net/31940717/wXLH86URDt1wHe0HNqHoPUWDhajSmxSApsl7…)
[23:00:11]   downloaded 1,100.1 MB in 37.0s (29.7 MB/s)
[23:00:50]   upload done video_id=26059224 in 39.2s
[23:00:51] film cr_film_id=10041 OK in 79.9s
[23:00:51] iteration 7/20
[23:00:51] film cr_film_id=34041 name='Emergency Declaration (2022) CZ Titulky' candidates=1
[23:00:51]   candidate upload_id=6391017445397 url=https://prehraj.to/emergency-declaration-2022-cztitulky/6391017445397
[23:00:52]   resolved in 1.1s → 1080p (https://pf-storage3.premiumcdn.net/35219800/1RwIwEsBycGoSY6s6pcKXsgeupgCQ2I08Sv3…)
[23:02:32]   downloaded 2,982.1 MB in 98.2s (30.4 MB/s)
[23:04:29]   upload done video_id=26059280 in 117.2s
[23:04:30] film cr_film_id=34041 OK in 219.3s
[23:04:30] iteration 8/20
[23:04:30] film cr_film_id=27375 name='El suplente (2022) CZ Titulky' candidates=2
[23:04:30]   candidate upload_id=644c903245ac3 url=https://prehraj.to/the-substitute-2022-cztitulky/644c903245ac3
[23:04:31]   resolved in 1.0s → 1080p (https://pf-storage1.premiumcdn.net/39971821/mJrUk0fKzhx2upJtQyTYxfpqt9ehqWsZpHr2…)
[23:05:37]   downloaded 1,951.8 MB in 64.5s (30.3 MB/s)
[23:06:54]   upload done video_id=26059356 in 76.4s
[23:06:55] film cr_film_id=27375 OK in 144.6s
[23:06:55] iteration 9/20
[23:06:55] film cr_film_id=19343 name='Dvojník (2022) CZ Titulky' candidates=3
[23:06:55]   candidate upload_id=629e3b4dc4cef url=https://prehraj.to/dvojnik-2022-cztitulky/629e3b4dc4cef
[23:06:56]   resolved in 1.0s → 720p (https://pf-storage1.premiumcdn.net/31108754/P4gIAkHwMt9gS6YuA2sylHWOCrbSqMt4oupM…)
[23:07:31]   downloaded 970.7 MB in 33.5s (29.0 MB/s)
[23:08:23]   upload done video_id=26059398 in 52.0s
[23:08:24] film cr_film_id=19343 OK in 89.0s
[23:08:24] iteration 10/20
[23:08:24] film cr_film_id=14935 name='Do dobrých rukou (2022) CZ Titulky' candidates=1
[23:08:24]   candidate upload_id=623b56165a250 url=https://prehraj.to/do-dobrych-rukou-2022-cztitulky/623b56165a250
[23:08:25]   resolved in 1.0s → 1080p (https://pf-storage4.premiumcdn.net/30184034/wy3H71Cw8hZ9t69sy9TXdCz1SdDcP8iGgHRK…)
[23:09:59]   downloaded 1,667.4 MB in 92.5s (18.0 MB/s)
[23:11:07]   upload done video_id=26059468 in 67.6s
[23:11:08] film cr_film_id=14935 OK in 163.7s
[23:11:08] iteration 11/20
[23:11:08] film cr_film_id=31301 name='Diary of a Spy (2022) CZ Titulky' candidates=1
[23:11:08]   candidate upload_id=6320bba94588c url=https://prehraj.to/diary-of-a-spy-2022-cztitulky/6320bba94588c
[23:11:09]   resolved in 1.0s → 720p (https://pf-storage1.premiumcdn.net/32920282/ENys0ACE1iOXCX9UEyu6nCbgtdptGMH9ZszW…)
[23:11:39]   downloaded 830.2 MB in 29.2s (28.4 MB/s)
[23:12:16]   upload done video_id=26059512 in 36.5s
[23:12:17] film cr_film_id=31301 OK in 69.3s
[23:12:17] iteration 12/20
[23:12:17] film cr_film_id=8645 name='Deleter (2022) CZ Titulky' candidates=5
[23:12:17]   candidate upload_id=66f685a80dcba url=https://prehraj.to/deleter-2022-cz-titulky-1080p/66f685a80dcba
[23:12:18]   resolved in 1.0s → 720p (https://pf-storage3.premiumcdn.net/98642300/BbjT4JHBzt8DfG8FxZSXAH7YTd1TYqc5YIP8…)
[23:12:59]   downloaded 1,160.5 MB in 39.2s (29.6 MB/s)
[23:13:54]   upload done video_id=26059546 in 55.7s
[23:13:56] film cr_film_id=8645 OK in 98.5s
[23:13:56] iteration 13/20
[23:13:56] film cr_film_id=7925 name='Deep Water (2022) CZ Titulky' candidates=1
[23:13:56]   candidate upload_id=0524b50887859ac4 url=https://prehraj.to/deep-water-2022-en-cz-tit-mkv/0524b50887859ac4
[23:13:57]   resolved in 1.1s → 720p (https://pf-storage1.premiumcdn.net/161623754/AP6F3ZTEKUAbTr2U2aF3yTKNSxYtBAFq9SV…)
[23:14:41]   downloaded 1,574.3 MB in 42.9s (36.7 MB/s)
[23:15:53]   upload done video_id=26059591 in 72.0s
[23:15:54] film cr_film_id=7925 OK in 118.8s
[23:15:54] iteration 14/20
[23:15:54] film cr_film_id=4545 name='Deadstream (2022) CZ Titulky' candidates=2
[23:15:54]   candidate upload_id=634fd1ab72591 url=https://prehraj.to/deadstream-2022-cz-sub-1080p/634fd1ab72591
[23:15:55]   resolved in 1.0s → 1080p (https://pf-storage5.premiumcdn.net/34013422/2laUQYFdltv6fkxtG4IxeFWLs7QhM5i9zuO1…)
[23:17:29]   downloaded 2,783.0 MB in 92.1s (30.2 MB/s)
[23:19:18]   upload done video_id=26059661 in 109.1s
[23:19:19] film cr_film_id=4545 OK in 204.9s
[23:19:19] iteration 15/20
[23:19:19] film cr_film_id=9337 name='Day Zero (2022) CZ Titulky' candidates=5
[23:19:19]   candidate upload_id=6475b57327b4b url=https://prehraj.to/day-zero-2022-hd1080p-h264-aac-tagalog-bdys-cztit-mp4/6475b57327b4b
[23:19:20]   resolved in 1.0s → 720p (https://pf-storage4.premiumcdn.net/41211850/Dlms6DUg4IQGFe1sgmHrwUQNhrxSPYugoi6Y…)
[23:19:57]   downloaded 1,015.1 MB in 35.5s (28.6 MB/s)
[23:20:35]   upload done video_id=26059727 in 37.8s
[23:20:36] film cr_film_id=9337 OK in 77.0s
[23:20:36] iteration 16/20
[23:20:36] film cr_film_id=9857 name='Dark Nature (2022) CZ Titulky' candidates=11
[23:20:36]   candidate upload_id=64e04cfd052e1 url=https://prehraj.to/dark-nature-2022-1080p-cz-titulky-mp4/64e04cfd052e1
[23:20:37]   resolved in 1.0s → 720p (https://pf-storage3.premiumcdn.net/43535108/ELEtkzuM1H9VcWztEnFy1ueJsQ0iAxHbZtqk…)
[23:21:31]   downloaded 1,506.8 MB in 51.8s (29.1 MB/s)
[23:22:35]   upload done video_id=26059767 in 64.6s
[23:22:36] film cr_film_id=9857 OK in 120.1s
[23:22:36] iteration 17/20
[23:22:36] film cr_film_id=9975 name='Control (2022) CZ Titulky' candidates=4
[23:22:36]   candidate upload_id=63381b2a755ea url=https://prehraj.to/control-2022-cz-titulky-hd-1-82-gb-1080p/63381b2a755ea
[23:22:37]   resolved in 0.9s → 720p (https://pf-storage2.premiumcdn.net/33551434/yO0HEmCjKtAECz4FBDCyxCxDcaptrptBwfG3…)
[23:23:15]   downloaded 1,051.8 MB in 36.4s (28.9 MB/s)
[23:23:57]   upload done video_id=26059811 in 41.6s
[23:23:58] film cr_film_id=9975 OK in 81.3s
[23:23:58] iteration 18/20
[23:23:58] film cr_film_id=17323 name="Condor's Nest (2022) CZ Titulky" candidates=2
[23:23:58]   candidate upload_id=68b2796f4d475 url=https://prehraj.to/condors-nest-2023-cz-tit/68b2796f4d475
[23:23:59]   resolved in 1.0s → 480p (https://pf-storage4.premiumcdn.net/144919926/5KBFOgsMKT79U8Nc0VuqzsZqf0zuzZtodIB…)
[23:24:09]   downloaded 209.0 MB in 9.1s (23.0 MB/s)
[23:24:20]   upload done video_id=26059837 in 10.9s
[23:24:21] film cr_film_id=17323 OK in 23.6s
[23:24:21] iteration 19/20
[23:24:21] film cr_film_id=31269 name='Chernobyl: The Lost Tapes (2022) CZ Titulky' candidates=1
[23:24:21]   candidate upload_id=ab4f3f98276905c6 url=https://prehraj.to/chernobyl-the-lost-tapes-2022-en-cz-tit-mp4/ab4f3f98276905c6
[23:24:22]   resolve FAILED: HTTP 502 wrapping permanent upstream error: https://prehraj.to/chernobyl-the-lost-tapes-2022-en-cz-tit-mp4/ab4f3f98276905c6 (permanent=True)
[23:24:22] film cr_film_id=31269 all candidates exhausted
[23:24:22] iteration 20/20
[23:24:22] film cr_film_id=26551 name='Catherine Called Birdy (2022) CZ Titulky' candidates=2
[23:24:22]   candidate upload_id=63418eb8614dd url=https://prehraj.to/catherine-called-birdy-2022-cz-sub-1080p/63418eb8614dd
[23:24:28]   resolved in 6.0s → 720p (https://pf-storage4.premiumcdn.net/33678406/42vf3aTYEcE2uyXCvqhg6TzyCebhwocrJCKx…)
[23:25:23]   downloaded 1,584.6 MB in 54.1s (29.3 MB/s)
[23:26:46]   upload done video_id=26059865 in 83.3s
[23:26:48] film cr_film_id=26551 OK in 145.7s
[23:26:48] batch-end ok=19 failed=1 dur=2392.4s avg/film=125.9s remaining=9167 eta_hours=320.6

===== run 2026-06-17T23:45:47Z shard=1/2 batch_size=20 (https://github.com/Olbrasoft/prehrajto-to-prehrajto/actions/runs/27726989984) =====
[23:45:47] batch-start shard=1/2 count=20 backlog=10210 uploads=1043 failed_attempts=53 description_overrides=0
[23:45:47] login
[23:45:49] login done
[23:45:49] iteration 1/20
[23:45:49] film cr_film_id=32171 name='Carter (2022) CZ Titulky' candidates=4
[23:45:49]   candidate upload_id=62ed57f45c499 url=https://prehraj.to/carter-2022-cz-sub-1080p/62ed57f45c499
[23:45:50]   resolved in 1.1s → 1080p (https://pf-storage1.premiumcdn.net/31957702/xEjhmOHE4i2Mf0OsQPtlPHz2heXsxrtY5idj…)
[23:47:41]   downloaded 4,110.5 MB in 109.6s (37.5 MB/s)
[23:50:25]   upload done video_id=26060459 in 163.9s
[23:50:26] film cr_film_id=32171 OK in 277.2s
[23:50:26] iteration 2/20
[23:50:26] film cr_film_id=9339 name='Carnifex (2022) CZ Titulky' candidates=5
[23:50:26]   candidate upload_id=6456f08ea26ed url=https://prehraj.to/carnifex-2022-cz-titulky-hd-1080p-mp4/6456f08ea26ed
[23:50:27]   resolved in 1.0s → 720p (https://pf-storage1.premiumcdn.net/40272865/ylJT4WhW4iOohp0uaxf27hRKszGSZNFBVszR…)
[23:51:18]   downloaded 1,459.3 MB in 49.3s (29.6 MB/s)
[23:52:10]   upload done video_id=26060564 in 52.8s
[23:52:12] film cr_film_id=9339 OK in 105.8s
[23:52:12] iteration 3/20
[23:52:12] film cr_film_id=10163 name='Bunker (2022) CZ Titulky' candidates=3
[23:52:12]   candidate upload_id=643af35826736 url=https://prehraj.to/bunker-2022-cz-titulky-1080p/643af35826736
[23:52:13]   resolved in 1.0s → 1080p (https://pf-storage3.premiumcdn.net/39451066/LzGsryT2rTv3hm8Fg0UVjTW7UkrCXeT8bHDB…)
[23:53:33]   downloaded 2,408.2 MB in 79.0s (30.5 MB/s)
[23:55:47]   upload done video_id=26060620 in 133.6s
[23:55:48] film cr_film_id=10163 OK in 216.3s
[23:55:48] iteration 4/20
[23:55:48] film cr_film_id=17901 name='Bullet Proof (2022) CZ Titulky' candidates=2
[23:55:48]   candidate upload_id=630380fcb3bf9 url=https://prehraj.to/bullet-proof-2022-cz-sub-1080p/630380fcb3bf9
[23:55:49]   resolved in 1.0s → 720p (https://pf-storage3.premiumcdn.net/32378632/pnAI5yHemUkJspEiZATR0HxwsZncxrIqvs1J…)
[23:56:33]   downloaded 1,190.4 MB in 42.6s (27.9 MB/s)
[23:57:29]   upload done video_id=26060715 in 56.3s
[23:57:31] film cr_film_id=17901 OK in 102.5s
[23:57:31] iteration 5/20
[23:57:31] film cr_film_id=27445 name='Bubble (2022) CZ Titulky' candidates=4
[23:57:31]   candidate upload_id=639b46525ada5 url=https://prehraj.to/bubble-2022-1080p-cz-tit/639b46525ada5
[23:57:31]   resolved in 1.0s → 1080p (https://pf-storage1.premiumcdn.net/35561860/OLdUO9cyvTNdtRjh5ouVXcLrcR2hDkFkqTWQ…)
[23:59:12]   downloaded 2,988.0 MB in 99.0s (30.2 MB/s)
[00:01:01]   upload done video_id=26060783 in 108.9s
[00:01:02] film cr_film_id=27445 OK in 211.6s
[00:01:02] iteration 6/20
[00:01:02] film cr_film_id=27871 name='Bring It On: Cheer Or Die (2022) CZ Titulky' candidates=1
[00:01:02]   candidate upload_id=63ab31ba96964 url=https://prehraj.to/bring-it-on-cheer-or-die-2022-cztitulky/63ab31ba96964
[00:01:03]   resolved in 1.1s → 720p (https://pf-storage1.premiumcdn.net/35779027/7mvtw6fEViYAFmMiyLceafWXtrZFgDhJZUGy…)
[00:01:49]   downloaded 1,257.7 MB in 44.1s (28.5 MB/s)
[00:02:39]   upload done video_id=26060858 in 50.0s
[00:02:40] film cr_film_id=27871 OK in 98.3s
[00:02:40] iteration 7/20
[00:02:40] film cr_film_id=7553 name='Boj o budoucnost (2022) CZ Titulky' candidates=2
[00:02:40]   candidate upload_id=67c4dd7b39ae1 url=https://prehraj.to/boj-o-budoucnost-2022-cz-tit-1080p/67c4dd7b39ae1
[00:02:41]   resolved in 1.0s → 1080p (https://pf-storage1.premiumcdn.net/131168234/oKATn0U0ZTA9UJXt10fmyU9YcrBTEAf8RUr…)
[00:04:04]   downloaded 3,034.5 MB in 81.1s (37.4 MB/s)
[00:06:56]   upload done video_id=26060934 in 172.2s
[00:06:58] film cr_film_id=7553 OK in 257.4s
[00:06:58] iteration 8/20
[00:06:58] film cr_film_id=15081 name='Blowback (2022) CZ Titulky' candidates=1
[00:06:58]   candidate upload_id=76b7bd494a6b8085 url=https://prehraj.to/blowback-2022-cz-titulky/76b7bd494a6b8085
[00:06:59]   resolve FAILED: HTTP 502 wrapping permanent upstream error: https://prehraj.to/blowback-2022-cz-titulky/76b7bd494a6b8085 (permanent=True)
[00:06:59] film cr_film_id=15081 all candidates exhausted
[00:06:59] iteration 9/20
[00:06:59] film cr_film_id=19809 name='Bez přestání (2022) CZ Titulky' candidates=5
[00:06:59]   candidate upload_id=621d5e1070fa4 url=https://prehraj.to/bez-prestani-2022-cztitulky/621d5e1070fa4
[00:07:05]   resolved in 6.0s → 1080p (https://pf-storage3.premiumcdn.net/29826773/v3Rsk1iWguA7iRaU8MhzviYkFG6TX7s2NI61…)
[00:08:01]   downloaded 1,611.9 MB in 54.9s (29.4 MB/s)
[00:09:26]   upload done video_id=26061082 in 85.4s
[00:09:28] film cr_film_id=19809 OK in 149.2s
[00:09:28] iteration 10/20
[00:09:28] film cr_film_id=15131 name='Bejval sem slavnej (2022) CZ Titulky' candidates=1
[00:09:28]   candidate upload_id=632746aeb6a91 url=https://prehraj.to/bejval-sem-slavnej-2022-cztitulky/632746aeb6a91
[00:09:29]   resolved in 1.1s → 1080p (https://pf-storage3.premiumcdn.net/33163456/KmjcXduN1u4efQzSyNT2vuQaiz9Sr6SWRTGD…)
[00:10:50]   downloaded 2,392.1 MB in 79.5s (30.1 MB/s)
[00:12:38]   upload done video_id=26061187 in 107.8s
[00:12:39] film cr_film_id=15131 OK in 191.1s
[00:12:39] iteration 11/20
[00:12:39] film cr_film_id=14755 name='Beavis and Butt-Head Do the Universe (2022) CZ Titulky' candidates=1
[00:12:39]   candidate upload_id=6338e9e7e0751 url=https://prehraj.to/beavis-a-butt-head-dobyvaji-vesmir-2022-cztitulky/6338e9e7e0751
[00:12:40]   resolved in 1.0s → 720p (https://pf-storage1.premiumcdn.net/33560650/EWaHlJsxgT7dTvLCbGTqWsmRu2JSzQIZaCro…)
[00:13:19]   downloaded 1,070.1 MB in 37.1s (28.8 MB/s)
[00:14:02]   upload done video_id=26061277 in 43.9s
[00:14:04] film cr_film_id=14755 OK in 84.8s
[00:14:04] iteration 12/20
[00:14:04] film cr_film_id=17957 name='Avarice (2022) CZ Titulky' candidates=1
[00:14:04]   candidate upload_id=637bc32d7a084 url=https://prehraj.to/avarice-2022-cztitulky/637bc32d7a084
[00:14:05]   resolved in 1.1s → 720p (https://pf-storage1.premiumcdn.net/34769398/3ygIM6Fyah4Of9dUmWs3bFpjudgc4eSmgtXj…)
[00:14:53]   downloaded 1,353.2 MB in 47.1s (28.7 MB/s)
[00:16:02]   upload done video_id=26061330 in 68.8s
[00:16:04] film cr_film_id=17957 OK in 120.1s
[00:16:04] iteration 13/20
[00:16:04] film cr_film_id=10205 name='Among the Living (2022) CZ Titulky' candidates=10
[00:16:04]   candidate upload_id=646f8cf2bfaee url=https://prehraj.to/among-the-living-2022-cztitulky/646f8cf2bfaee
[00:16:05]   resolved in 1.0s → 720p (https://pf-storage1.premiumcdn.net/41063869/574sKeIX9iYaivLFZYiRYI8of9gsAeUMrC5P…)
[00:16:42]   downloaded 1,307.5 MB in 35.8s (36.5 MB/s)
[00:17:37]   upload done video_id=26061394 in 55.4s
[00:17:39] film cr_film_id=10205 OK in 94.8s
[00:17:39] iteration 14/20
[00:17:39] film cr_film_id=31249 name='Amandla (2022) CZ Titulky' candidates=5
[00:17:39]   candidate upload_id=61f3ac196da24 url=https://prehraj.to/amandla-2022-cztit-1080p-web-x264/61f3ac196da24
[00:17:41]   resolved in 2.9s → 1080p (https://pf-storage4.premiumcdn.net/28795830/xdkf9eum2iRjcVjSbqimLuKbT2AIbzceZIDr…)
[00:18:41]   downloaded 1,720.1 MB in 58.0s (29.7 MB/s)
[00:19:42]   upload done video_id=26061459 in 61.3s
[00:19:44] film cr_film_id=31249 OK in 125.0s
[00:19:44] iteration 15/20
[00:19:44] film cr_film_id=15181 name='All Hail (2022) CZ Titulky' candidates=3
[00:19:44]   candidate upload_id=6245e90d379ae url=https://prehraj.to/all-hail-2022-cztitulky/6245e90d379ae
[00:19:45]   resolved in 1.0s → 1080p (https://pf-storage2.premiumcdn.net/30278483/kLgUBaFkxcq9IE6iaOHrxFkZil0TLZIZksKq…)
[00:21:29]   downloaded 3,076.9 MB in 103.4s (29.8 MB/s)
[00:23:46]   upload done video_id=26061555 in 137.0s
[00:23:47] film cr_film_id=15181 OK in 243.9s
[00:23:47] iteration 16/20
[00:23:47] film cr_film_id=31065 name='Alice (2022) CZ Titulky' candidates=1
[00:23:47]   candidate upload_id=631648f0c5f07 url=https://prehraj.to/alice-2022-cztitulky/631648f0c5f07
[00:23:49]   resolved in 1.1s → 720p (https://pf-storage1.premiumcdn.net/32614171/4qzfagT07f7zcKaTnwik0T45FprCweumBsXP…)
[00:24:36]   downloaded 1,343.9 MB in 46.0s (29.2 MB/s)
[00:25:33]   upload done video_id=26061656 in 57.0s
[00:25:34] film cr_film_id=31065 OK in 106.8s
[00:25:34] iteration 17/20
[00:25:34] film cr_film_id=10117 name='Agent Game (2022) CZ Titulky' candidates=1
[00:25:34]   candidate upload_id=62b495df2c146 url=https://prehraj.to/agent-game-2022-cztitulky/62b495df2c146
[00:25:35]   resolved in 1.0s → 480p (https://pf-storage2.premiumcdn.net/31313864/vjwfmpFZMfxKIg2FxBsVKFX9cQgHNAH3yTQv…)
[00:25:54]   downloaded 448.6 MB in 17.3s (25.9 MB/s)
[00:26:34]   upload done video_id=26061714 in 39.5s
[00:26:35] film cr_film_id=10117 OK in 60.4s
[00:26:35] iteration 18/20
[00:26:35] film cr_film_id=18617 name='Abandoned (2022) CZ Titulky' candidates=2
[00:26:35]   candidate upload_id=62bdd9b3744b7 url=https://prehraj.to/abandoned-2022-cztitulky/62bdd9b3744b7
[00:26:36]   resolved in 1.0s → 720p (https://pf-storage3.premiumcdn.net/31403048/rebi23sRMTnytz9CBGswqsD8HJBSoqTKySBK…)
[00:27:07]   downloaded 1,091.2 MB in 30.1s (36.3 MB/s)
[00:27:55]   upload done video_id=26061751 in 48.2s
[00:27:57] film cr_film_id=18617 OK in 82.0s
[00:27:57] iteration 19/20
[00:27:57] film cr_film_id=19859 name='Ženy a vrah (2021) CZ Titulky' candidates=1
[00:27:57]   candidate upload_id=613d4b15ee597 url=https://prehraj.to/zeny-a-vrah-2021-cztitulky/613d4b15ee597
[00:27:58]   resolved in 1.0s → 720p (https://pf-storage3.premiumcdn.net/24879725/2OxsyWiqEcBjt85f1ZIDOilahJBSmnCYxUlD…)
[00:28:54]   downloaded 1,595.4 MB in 54.4s (29.3 MB/s)
[00:29:49]   upload done video_id=26061806 in 55.8s
[00:29:51] film cr_film_id=19859 OK in 113.9s
[00:29:51] iteration 20/20
[00:29:51] film cr_film_id=27129 name='Šťastní až navěky (2021) CZ Titulky' candidates=2
[00:29:51]   candidate upload_id=6192b00f320d2 url=https://prehraj.to/happiness-ever-after-2021-cztitulky/6192b00f320d2
[00:29:52]   resolved in 0.9s → 1080p (https://pf-storage3.premiumcdn.net/26514241/NaotMKsnJuxPCMDC5zcvjsRnUaxt7dUj7uOl…)
[00:30:55]   downloaded 1,832.7 MB in 61.6s (29.8 MB/s)
[00:32:00]   upload done video_id=26061858 in 65.0s
[00:32:01] film cr_film_id=27129 OK in 130.3s
[00:32:01] batch-end ok=19 failed=1 dur=2772.2s avg/film=145.9s remaining=9148 eta_hours=370.7

===== run 2026-06-18T00:32:34Z shard=1/2 batch_size=20 (https://github.com/Olbrasoft/prehrajto-to-prehrajto/actions/runs/27728752381) =====
[00:32:35] batch-start shard=1/2 count=20 backlog=10210 uploads=1062 failed_attempts=54 description_overrides=0
[00:32:35] login
[00:32:36] login done
[00:32:36] iteration 1/20
[00:32:36] film cr_film_id=19847 name='Šílený bůh (2021) CZ Titulky' candidates=3
[00:32:36]   candidate upload_id=61e3a4110d57a url=https://prehraj.to/sileny-buh-mad-god-2021-cz-titulky-1080p-animovany-fantasy-sci-fi-horor/61e3a4110d57a
[00:32:37]   resolved in 1.0s → 1080p (https://pf-storage4.premiumcdn.net/28418130/3o5cdWfELtypIxYtDrIWNfPwcoPhyNt31taL…)
[00:33:52]   downloaded 2,074.6 MB in 72.6s (28.6 MB/s)
[00:35:16]   upload done video_id=26061959 in 84.1s
[00:35:17] film cr_film_id=19847 OK in 160.6s
[00:35:17] iteration 2/20
[00:35:17] film cr_film_id=33925 name='Čím víc, tím líp (2021) CZ Titulky' candidates=1
[00:35:17]   candidate upload_id=61a671d6e6913 url=https://prehraj.to/donde-caben-dos-2021-cztitulky/61a671d6e6913
[00:35:18]   resolved in 1.1s → 720p (https://pf-storage4.premiumcdn.net/26987809/akxT1oUGzij2hv3Iy4FGQUBnH0kCWEf0gcbA…)
[00:35:58]   downloaded 1,049.2 MB in 38.4s (27.3 MB/s)
[00:36:46]   upload done video_id=26062030 in 47.9s
[00:36:47] film cr_film_id=33925 OK in 90.1s
[00:36:47] iteration 3/20
[00:36:47] film cr_film_id=27177 name='Černobyl (2021) CZ Titulky' candidates=10
[00:36:47]   candidate upload_id=60c4f33dd39cb url=https://prehraj.to/chernobyl-2021-cztitulky/60c4f33dd39cb
[00:36:48]   resolved in 1.0s → 720p (https://pf-storage1.premiumcdn.net/23876952/myQF9kC5aTBNS0vfXauPgCZMsmAS8msPbuDe…)
[00:38:07]   downloaded 2,181.8 MB in 77.1s (28.3 MB/s)
[00:39:33]   upload done video_id=26062087 in 86.4s
[00:39:35] film cr_film_id=27177 OK in 167.6s
[00:39:35] iteration 4/20
[00:39:35] film cr_film_id=27097 name='Záhady slečny dohazovačky: Umění zabíjet (2021) CZ Titulky' candidates=1
[00:39:35]   candidate upload_id=626895d169932 url=https://prehraj.to/zahady-slecny-dohazovacky-umeni-zabijet-2021-cztitulky/626895d169932
[00:39:36]   resolved in 1.0s → 1080p (https://pf-storage3.premiumcdn.net/30617642/NgBHy1Ugbtd3IE7c3lFOxUaESQLfAQcgMHzq…)
[00:40:51]   downloaded 2,108.5 MB in 74.0s (28.5 MB/s)
[00:42:06]   upload done video_id=26062160 in 74.7s
[00:42:07] film cr_film_id=27097 OK in 152.7s
[00:42:07] iteration 5/20
[00:42:07] film cr_film_id=29801 name='Záchrana (2021) CZ Titulky' candidates=5
[00:42:07]   candidate upload_id=61f603d89ffb4 url=https://prehraj.to/zachrana-2021-cztitulky/61f603d89ffb4
[00:42:08]   resolved in 1.0s → 480p (https://pf-storage4.premiumcdn.net/28852524/DgnUroFGwCL4So8h4VFW1FnPc38faPu01szK…)
[00:42:41]   downloaded 846.9 MB in 31.1s (27.2 MB/s)
[00:43:23]   upload done video_id=26062211 in 41.9s
[00:43:24] film cr_film_id=29801 OK in 76.7s
[00:43:24] iteration 6/20
[00:43:24] film cr_film_id=14563 name='Znovuzrození boha (2021) CZ Titulky' candidates=6
[00:43:24]   candidate upload_id=60759870bba4d url=https://prehraj.to/znovuzrozeni-boha-animace-fantasy-cina-2021-1080p-nf-webrip-5-1-h264-s-cztitulky-sten-ok/60759870bba4d
[00:43:25]   resolved in 1.0s → 1080p (https://pf-storage2.premiumcdn.net/23095833/xPai6KhMPTg1IK4hvBTKxh5kfEWfwzszPtkW…)
[00:45:37]   downloaded 3,726.7 MB in 130.2s (28.6 MB/s)
[00:48:16]   upload done video_id=26062293 in 158.7s
[00:48:17] film cr_film_id=14563 OK in 292.8s
[00:48:17] iteration 7/20
[00:48:17] film cr_film_id=32161 name='Zhýčkaný spratci (2021) CZ Titulky' candidates=3
[00:48:17]   candidate upload_id=61a1a9d350336 url=https://prehraj.to/pourris-gates-2021-cztitulky/61a1a9d350336
[00:48:18]   resolved in 1.0s → 1080p (https://pf-storage4.premiumcdn.net/26872417/lJ8foeCr6hWEUlbt2efBeCovsE6uDJUXLfLn…)
[00:49:19]   downloaded 1,673.3 MB in 59.0s (28.4 MB/s)
[00:50:32]   upload done video_id=26062398 in 73.5s
[00:50:33] film cr_film_id=32161 OK in 136.4s
[00:50:33] iteration 8/20
[00:50:33] film cr_film_id=19639 name='Země potomků (2021) CZ Titulky' candidates=2
[00:50:33]   candidate upload_id=62096c1ac3361 url=https://prehraj.to/zeme-potomku-2021-cztitulky/62096c1ac3361
[00:50:34]   resolved in 1.0s → 1080p (https://pf-storage4.premiumcdn.net/29339805/0oxs5PuPXfJ2invtdXTl4ujqsObtwqTj9HZe…)
[00:51:47]   downloaded 2,025.8 MB in 71.4s (28.4 MB/s)
[00:53:09]   upload done video_id=26062475 in 81.5s
[00:53:10] film cr_film_id=19639 OK in 156.7s
[00:53:10] iteration 9/20
[00:53:10] film cr_film_id=3345 name='Země (2021) CZ Titulky' candidates=11
[00:53:10]   candidate upload_id=5e9b08756c490 url=https://prehraj.to/zeme-a-krev-akcni-krimi-drama-thriller-2020-1080p-5-1-h264-s-cztitulky-41-18-sten-ok/5e9b08756c490
[00:53:11]   resolved in 1.0s → 720p (https://pf-storage5.premiumcdn.net/16271359/4a9clAfBzI8Bt9RsVBCL2fPyuxdioquBpclr…)
[00:53:42]   downloaded 803.0 MB in 29.4s (27.3 MB/s)
[00:54:21]   upload done video_id=26062534 in 39.3s
[00:54:22] film cr_film_id=3345 OK in 72.4s
[00:54:22] iteration 10/20
[00:54:22] film cr_film_id=17549 name='Zebra Girl (2021) CZ Titulky' candidates=6
[00:54:22]   candidate upload_id=6183c12018ce5 url=https://prehraj.to/zebra-girl-2021-1080p-web-dl-dd5-1-h264-cmrg-cz-tit/6183c12018ce5
[00:54:23]   resolved in 1.0s → 720p (https://pf-storage3.premiumcdn.net/26161267/ZQvcNwCVMurWFO9tMXfZyCBNu5DfWvi9mTXD…)
[00:54:48]   downloaded 638.6 MB in 23.2s (27.5 MB/s)
[00:55:21]   upload done video_id=26062565 in 32.5s
[00:55:22] film cr_film_id=17549 OK in 59.3s
[00:55:22] iteration 11/20
[00:55:22] film cr_film_id=14125 name='Zamčený svět (2021) CZ Titulky' candidates=2
[00:55:22]   candidate upload_id=61d5ed3f1f7bc url=https://prehraj.to/a-mouthful-of-air-2021-cztitulky/61d5ed3f1f7bc
[00:55:23]   resolved in 1.0s → 720p (https://pf-storage4.premiumcdn.net/28096866/PrmIoLU0LI2zsR9CDVtVLU4nhEbHnki79UyQ…)
[00:56:04]   downloaded 1,106.7 MB in 39.8s (27.8 MB/s)
[00:56:49]   upload done video_id=26062602 in 44.8s
[00:56:50] film cr_film_id=14125 OK in 88.3s
[00:56:50] iteration 12/20
[00:56:50] film cr_film_id=9361 name='Yakuza Princess (2021) CZ Titulky' candidates=5
[00:56:50]   candidate upload_id=613d32d775114 url=https://prehraj.to/yakuza-princess-2021-cztitulky/613d32d775114
[00:56:51]   resolved in 1.1s → 1080p (https://pf-storage1.premiumcdn.net/24879302/Aw9iMDs3Qu7eUJKhYjfnZsxlupDCW9cLpFpj…)
[00:58:19]   downloaded 2,493.9 MB in 86.6s (28.8 MB/s)
[01:00:11]   upload done video_id=26062653 in 111.3s
[01:00:12] film cr_film_id=9361 OK in 201.8s
[01:00:12] iteration 13/20
[01:00:12] film cr_film_id=36873 name='World Ends at Camp Z (2021) CZ Titulky' candidates=2
[01:00:12]   candidate upload_id=63195c62b965f url=https://prehraj.to/world-ends-at-camp-z-2021-cztitulky/63195c62b965f
[01:00:14]   resolved in 2.4s → 720p (https://pf-storage1.premiumcdn.net/32651410/lGPcbXi5mCm1HlWfODtJvidWf4RIqzswNTNl…)
[01:00:59]   downloaded 1,194.4 MB in 43.4s (27.5 MB/s)
[01:02:01]   upload done video_id=26062731 in 62.2s
[01:02:03] film cr_film_id=36873 OK in 110.8s
[01:02:03] iteration 14/20
[01:02:03] film cr_film_id=32155 name='Words Bubble Up Like Soda Pop (2021) CZ Titulky' candidates=4
[01:02:03]   candidate upload_id=60fda3ff37a7b url=https://prehraj.to/words-bubble-up-like-soda-pop-2020-cztitulky/60fda3ff37a7b
[01:02:04]   resolved in 1.1s → 1080p (https://pf-storage1.premiumcdn.net/24398597/V2Dt1BuJKh9OHpLsq3TZYuL8IqbhoPIblSO8…)
[01:02:53]   downloaded 1,326.4 MB in 47.8s (27.7 MB/s)
[01:03:48]   upload done video_id=26062780 in 54.4s
[01:03:49] film cr_film_id=32155 OK in 106.2s
[01:03:49] iteration 15/20
[01:03:49] film cr_film_id=18165 name='Woodstock 99: Mír, láska a běsnění (2021) CZ Titulky' candidates=2
[01:03:49]   candidate upload_id=6126d462a7d09 url=https://prehraj.to/woodstock-99-mir-laska-a-hnev-2021-cztitulky/6126d462a7d09
[01:03:50]   resolved in 1.0s → 1080p (https://pf-storage1.premiumcdn.net/24711281/9MPidbI7nueNTLXfpLs2LIk9TL3c0acB8cJN…)
[01:05:39]   downloaded 3,932.3 MB in 108.1s (36.4 MB/s)
[01:08:29]   upload done video_id=26062848 in 169.4s
[01:08:30] film cr_film_id=18165 OK in 281.1s
[01:08:30] iteration 16/20
[01:08:30] film cr_film_id=21029 name='Warning (2021) CZ Titulky' candidates=4
[01:08:30]   candidate upload_id=61a6ecec8baf2 url=https://prehraj.to/warning-2021-cztitulky/61a6ecec8baf2
[01:08:31]   resolved in 1.0s → 1080p (https://pf-storage2.premiumcdn.net/26998467/8Nruy4SnLI3YSvDsdbt7KSOeFX3trOcvbsJ3…)
[01:09:19]   downloaded 1,270.8 MB in 46.1s (27.6 MB/s)
[01:10:23]   upload done video_id=26062936 in 63.9s
[01:10:24] film cr_film_id=21029 OK in 113.7s
[01:10:24] iteration 17/20
[01:10:24] film cr_film_id=33833 name='Věčný vězeň (2021) CZ Titulky' candidates=1
[01:10:24]   candidate upload_id=61257097a0e84 url=https://prehraj.to/vezen-2019-cztitulky/61257097a0e84
[01:10:25]   resolved in 1.4s → 720p (https://pf-storage2.premiumcdn.net/24698057/o3lFNncdRCxLuaeiWbS34cvMCbVhaASmQu3w…)
[01:11:39]   downloaded 2,033.8 MB in 72.3s (28.1 MB/s)
[01:13:20]   upload done video_id=26062988 in 101.4s
[01:13:21] film cr_film_id=33833 OK in 177.7s
[01:13:21] iteration 18/20
[01:13:21] film cr_film_id=14193 name='Vyloučený (2021) CZ Titulky' candidates=1
[01:13:21]   candidate upload_id=5ff9db2e5dff1 url=https://prehraj.to/vylouceny-azizler-drama-komedie-turecko-2021-1080p-5-1-h264-tur-s-cztitulky-sten-ok/5ff9db2e5dff1
[01:13:23]   resolved in 1.1s → 720p (https://pf-storage5.premiumcdn.net/21363312/4DnUl7uE3IXQf38SaASelu7jfG9fGmCMZtBD…)
[01:13:48]   downloaded 643.9 MB in 24.1s (26.7 MB/s)
[01:14:17]   upload done video_id=26063042 in 29.1s
[01:14:18] film cr_film_id=14193 OK in 56.9s
[01:14:18] iteration 19/20
[01:14:18] film cr_film_id=1953 name='Vykopávky (2021) CZ Titulky' candidates=16
[01:14:18]   candidate upload_id=602247d7e4175 url=https://prehraj.to/vykopavky-historicky-v-b-2021-1080p-web-5-1-h264-s-cztitulky-74-sten-ok/602247d7e4175
[01:14:19]   resolved in 1.0s → 1080p (https://pf-storage3.premiumcdn.net/22082676/zwvs87UlJtJwie7s3ZF8pUWRczbu6LsRlf8m…)
[01:15:54]   downloaded 2,670.8 MB in 93.5s (28.6 MB/s)
[01:17:38]   upload done video_id=26063090 in 103.8s
[01:17:40] film cr_film_id=1953 OK in 201.2s
[01:17:40] iteration 20/20
[01:17:40] film cr_film_id=14197 name='Voyeuři (2021) CZ Titulky' candidates=14
[01:17:40]   candidate upload_id=6140b9cb2524a url=https://prehraj.to/the-voyeurs-2021-1080p-webrip-cz-tit/6140b9cb2524a
[01:17:41]   resolved in 1.3s → 720p (https://pf-storage1.premiumcdn.net/24911771/yAGfj3CMYFGrH9JsOGFZMCm9hBVuaEFJZiaR…)
[01:18:44]   downloaded 1,712.8 MB in 61.7s (27.8 MB/s)
[01:20:04]   upload done video_id=26063154 in 79.5s
[01:20:05] film cr_film_id=14197 OK in 145.1s
[01:20:05] batch-end ok=20 failed=0 dur=2848.2s avg/film=142.4s remaining=9128 eta_hours=361.1

===== run 2026-06-18T01:35:50Z shard=1/2 batch_size=20 (https://github.com/Olbrasoft/prehrajto-to-prehrajto/actions/runs/27730967610) =====
[01:35:50] batch-start shard=1/2 count=20 backlog=10210 uploads=1082 failed_attempts=54 description_overrides=0
[01:35:50] login
[01:35:52] login done
[01:35:52] iteration 1/20
[01:35:52] film cr_film_id=27013 name='Virus Shark (2021) CZ Titulky' candidates=5
[01:35:52]   candidate upload_id=60d31a233558b url=https://prehraj.to/virus-shark-horor-2021-cz-titulky/60d31a233558b
[01:35:53]   resolved in 1.1s → 1080p (https://pf-storage5.premiumcdn.net/24007485/bP4iWPsGmS1qimVCLjuG4svoTLjCzBI8Dcr5…)
[01:37:50]   downloaded 2,871.2 MB in 115.3s (24.9 MB/s)
[01:40:10]   upload done video_id=26063645 in 139.8s
[01:40:11] film cr_film_id=27013 OK in 259.4s
[01:40:11] iteration 2/20
[01:40:11] film cr_film_id=8701 name='Veneciafrenia (2021) CZ Titulky' candidates=2
[01:40:11]   candidate upload_id=63d5e5c9da3e5 url=https://prehraj.to/veneciafrenia-2021-cztitulky/63d5e5c9da3e5
[01:40:13]   resolved in 1.2s → 720p (https://pf-storage3.premiumcdn.net/36831241/VM7fz7TXvFqNC5VSLYFrvT7YIn4sAxcKQS92…)
[01:41:50]   downloaded 2,456.0 MB in 96.1s (25.6 MB/s)
[01:44:05]   upload done video_id=26063768 in 135.0s
[01:44:07] film cr_film_id=8701 OK in 235.6s
[01:44:07] iteration 3/20
[01:44:07] film cr_film_id=18041 name='Ve vatě (2021) CZ Titulky' candidates=8
[01:44:07]   candidate upload_id=6355307d3bb09 url=https://prehraj.to/ve-vate-forever-rich-2021-cz-tit/6355307d3bb09
[01:44:08]   resolved in 1.2s → 1080p (https://pf-storage4.premiumcdn.net/34078918/yO1UajuNvu7RhLATvPfJ5ubWSW1IBqiOBCqw…)
[01:45:24]   downloaded 1,840.6 MB in 73.7s (25.0 MB/s)
[01:46:49]   upload done video_id=26063852 in 84.9s
[01:46:50] film cr_film_id=18041 OK in 163.5s
[01:46:50] iteration 4/20
[01:46:50] film cr_film_id=36835 name='Useless Humans (2021) CZ Titulky' candidates=5
[01:46:50]   candidate upload_id=5f95f19815535 url=https://prehraj.to/useless-humans-2020-cztitulky/5f95f19815535
[01:46:51]   resolved in 1.0s → 720p (https://pf-storage2.premiumcdn.net/19497266/E8QcVaf3PT5MHa2idNSjGfaDF2kFMRI1Qsqn…)
[01:47:37]   downloaded 1,035.2 MB in 44.1s (23.5 MB/s)
[01:48:20]   upload done video_id=26063912 in 42.8s
[01:48:21] film cr_film_id=36835 OK in 91.0s
[01:48:21] iteration 5/20
[01:48:21] film cr_film_id=35455 name='Undergods (2021) CZ Titulky' candidates=1
[01:48:21]   candidate upload_id=61e78f5e0be60 url=https://prehraj.to/utajeni-bohove-2021-cztitulky/61e78f5e0be60
[01:48:23]   resolved in 1.1s → 720p (https://pf-storage5.premiumcdn.net/28511178/0gWhd4TR1UpafP2SOEFJdTRqhBRS93FwZtEn…)
[01:49:13]   downloaded 1,134.1 MB in 48.3s (23.5 MB/s)
[01:49:59]   upload done video_id=26063949 in 46.5s
[01:50:00] film cr_film_id=35455 OK in 98.9s
[01:50:00] iteration 6/20
[01:50:00] film cr_film_id=31179 name='Umlčené svědectví (2021) CZ Titulky' candidates=1
[01:50:00]   candidate upload_id=61be7c89738cb url=https://prehraj.to/umlcene-svedectvi-2021-cztitulky-mp4/61be7c89738cb
[01:50:02]   resolved in 1.1s → 1080p (https://pf-storage3.premiumcdn.net/27564294/dZWc7vi5xIKoTjAIRESQWiDnTe9FAyhBjcRQ…)
[01:51:31]   downloaded 2,230.8 MB in 88.0s (25.4 MB/s)
[01:53:30]   upload done video_id=26064016 in 118.6s
[01:53:31] film cr_film_id=31179 OK in 211.1s
[01:53:31] iteration 7/20
[01:53:31] film cr_film_id=3333 name='Ulice strachu – 2. část: 1978 (2021) CZ Titulky' candidates=9
[01:53:31]   candidate upload_id=60f2919e5fac1 url=https://prehraj.to/fear-street-part-3-1666-2021-1080p-nf-web-dl-ddp5-1-atmos-x264-cz-tit/60f2919e5fac1
[01:53:33]   resolved in 1.1s → 1080p (https://pf-storage3.premiumcdn.net/24306417/BJ6toPfrjcEQcw0ixJUxafLdc5qcNlHyGiNr…)
[01:54:53]   downloaded 2,372.1 MB in 79.6s (29.8 MB/s)
[01:56:53]   upload done video_id=26064122 in 119.4s
[01:56:54] film cr_film_id=3333 OK in 202.7s
[01:56:54] iteration 8/20
[01:56:54] film cr_film_id=18181 name='Turist (2021) CZ Titulky' candidates=7
[01:56:54]   candidate upload_id=61361e5cb3d5a url=https://prehraj.to/turist-2021-cz-titulky/61361e5cb3d5a
[01:56:55]   resolved in 1.3s → 1080p (https://pf-storage3.premiumcdn.net/24821048/JZGhy2iydtelFrmIMyuy7iojInlfVQhxKt0W…)
[01:59:16]   downloaded 3,514.8 MB in 139.2s (25.2 MB/s)
[02:02:02]   upload done video_id=26064254 in 165.8s
[02:02:03] film cr_film_id=18181 OK in 308.9s
[02:02:03] iteration 9/20
[02:02:03] film cr_film_id=9081 name='The Virtuoso (2021) CZ Titulky' candidates=9
[02:02:03]   candidate upload_id=60870b0c363a4 url=https://prehraj.to/the-virtuoso-akcni-krimi-thriller-2021-1080p-brrip-5-1-x264-s-cztitulky-47-sten-ok/60870b0c363a4
[02:02:04]   resolved in 1.2s → 720p (https://pf-storage2.premiumcdn.net/23273064/VApFylfj5IqOCLDcgPh8BfqYuwbiMyiG9hJp…)
[02:03:11]   downloaded 1,578.6 MB in 64.8s (24.4 MB/s)
[02:04:17]   upload done video_id=26064355 in 66.5s
[02:04:19] film cr_film_id=9081 OK in 135.9s
[02:04:19] iteration 10/20
[02:04:19] film cr_film_id=31165 name='The Spore (2021) CZ Titulky' candidates=11
[02:04:19]   candidate upload_id=69061abb67b4a url=https://prehraj.to/the-spore-2021-720p-webrip-x264-aac-yts-mx-cz-tit/69061abb67b4a
[02:04:20]   resolved in 1.2s → 480p (https://pf-storage4.premiumcdn.net/154816140/QO9FoZiOMTojUk4hVJC0BimVcZMfgLCb8h3…)
[02:04:52]   downloaded 688.7 MB in 29.7s (23.2 MB/s)
[02:05:23]   upload done video_id=26064395 in 31.1s
[02:05:24] film cr_film_id=31165 OK in 65.2s
[02:05:24] iteration 11/20
[02:05:24] film cr_film_id=18009 name='The Scary of Sixty-First (2021) CZ Titulky' candidates=1
[02:05:24]   candidate upload_id=61e75ea919138 url=https://prehraj.to/the-scary-of-sixty-first-2021-cztitulky/61e75ea919138
[02:05:25]   resolved in 1.2s → 720p (https://pf-storage5.premiumcdn.net/28506954/JGOie3TrbcJVFd5U1EUKJTApHRXCgACBZC39…)
[02:06:18]   downloaded 1,216.4 MB in 50.7s (24.0 MB/s)
[02:07:12]   upload done video_id=26064433 in 54.1s
[02:07:13] film cr_film_id=18009 OK in 109.1s
[02:07:13] iteration 12/20
[02:07:13] film cr_film_id=14237 name='The Retreat (2021) CZ Titulky' candidates=5
[02:07:13]   candidate upload_id=60bde8913c723 url=https://prehraj.to/the-retreat-horor-thriller-kanada-2021-1080p-webrip-5-1-x264-s-cztitulky-40-sten-ok/60bde8913c723
[02:07:14]   resolved in 1.0s → 720p (https://pf-storage3.premiumcdn.net/23796780/enkFYRCYJudLcAlS5wI1vCwJTpAteDizMTB4…)
[02:08:01]   downloaded 1,042.3 MB in 44.7s (23.3 MB/s)
[02:08:49]   upload done video_id=26064479 in 48.4s
[02:08:50] film cr_film_id=14237 OK in 96.9s
[02:08:50] iteration 13/20
[02:08:50] film cr_film_id=36853 name='The Mutation (2021) CZ Titulky' candidates=9
[02:08:50]   candidate upload_id=6171e0afd9ad3 url=https://prehraj.to/the-mutation-2021-cztitulky/6171e0afd9ad3
[02:08:51]   resolved in 1.1s → 1080p (https://pf-storage4.premiumcdn.net/25738897/MJ2cmZFm6s4RhM5CdYIZKFYAiAJSw8UjxsXe…)
[02:09:59]   downloaded 1,681.7 MB in 66.8s (25.2 MB/s)
[02:11:14]   upload done video_id=26064536 in 74.5s
[02:11:16] film cr_film_id=36853 OK in 145.8s
[02:11:16] iteration 14/20
[02:11:16] film cr_film_id=19603 name='The Kindred (2021) CZ Titulky' candidates=1
[02:11:16]   candidate upload_id=61dcc33985e4d url=https://prehraj.to/the-kindred-2021-cztitulky/61dcc33985e4d
[02:11:17]   resolved in 1.1s → 720p (https://pf-storage4.premiumcdn.net/28255413/aG4SLAuZJSYZsQjH80c4Pul2hErUVefrvc71…)
[02:12:06]   downloaded 1,140.6 MB in 48.0s (23.8 MB/s)
[02:12:55]   upload done video_id=26064594 in 48.8s
[02:12:57] film cr_film_id=19603 OK in 100.5s
[02:12:57] iteration 15/20
[02:12:57] film cr_film_id=30989 name='The God Committee (2021) CZ Titulky' candidates=19
[02:12:57]   candidate upload_id=60f565fb86bb8 url=https://prehraj.to/the-god-committee-2021-cztit-5-1/60f565fb86bb8
[02:12:58]   resolved in 1.1s → 720p (https://pf-storage2.premiumcdn.net/24326820/jjATL5fb4UZlId2I19IpJfedFdmTvyuM8SYx…)
[02:13:48]   downloaded 1,200.8 MB in 49.0s (24.5 MB/s)
[02:14:42]   upload done video_id=26064634 in 54.0s
[02:14:44] film cr_film_id=30989 OK in 107.2s
[02:14:44] iteration 16/20
[02:14:44] film cr_film_id=27853 name='The Feast (2021) CZ Titulky' candidates=1
[02:14:44]   candidate upload_id=61a02c192242e url=https://prehraj.to/the-feast-2021-cztitulky/61a02c192242e
[02:14:45]   resolved in 1.1s → 720p (https://pf-storage5.premiumcdn.net/26838538/72QfxLF2GFG4HQ5HY7t8EFGkhyLu7Of4QsY3…)
[02:15:25]   downloaded 942.0 MB in 38.4s (24.5 MB/s)
[02:16:15]   upload done video_id=26064673 in 49.8s
[02:16:16] film cr_film_id=27853 OK in 92.5s
[02:16:16] iteration 17/20
[02:16:16] film cr_film_id=8473 name='The Exorcism of God (2021) CZ Titulky' candidates=5
[02:16:16]   candidate upload_id=6450d885edf61 url=https://prehraj.to/the-exorcism-of-god-2021-cz-sub-1080p/6450d885edf61
[02:16:17]   resolved in 1.1s → 720p (https://pf-storage4.premiumcdn.net/40096408/B5bF6burBH2ns03SBKugOuEKtjYir6tZeixn…)
[02:16:58]   downloaded 1,156.9 MB in 39.5s (29.3 MB/s)
[02:17:57]   upload done video_id=26064718 in 58.6s
[02:17:58] film cr_film_id=8473 OK in 102.0s
[02:17:58] iteration 18/20
[02:17:58] film cr_film_id=21043 name='The Djinn (2021) CZ Titulky' candidates=8
[02:17:58]   candidate upload_id=609fa26762568 url=https://prehraj.to/the-djinn-horor-thriller-2021-1080p-web-5-1-h264-s-cztitulky-sten-ok/609fa26762568
[02:17:59]   resolved in 0.9s → 720p (https://pf-storage1.premiumcdn.net/23521947/kyrTeXh6Gi5mFgJhw1t5ghaEsY5T9lFRrcp4…)
[02:18:37]   downloaded 843.9 MB in 35.1s (24.0 MB/s)
[02:19:22]   upload done video_id=26064759 in 45.2s
[02:19:23] film cr_film_id=21043 OK in 84.8s
[02:19:23] iteration 19/20
[02:19:23] film cr_film_id=9983 name='The Devil Below (2021) CZ Titulky' candidates=1
[02:19:23]   candidate upload_id=604fed5db5654 url=https://prehraj.to/the-devil-below-2021-cztitulky/604fed5db5654
[02:19:24]   resolved in 1.2s → 1080p (https://pf-storage5.premiumcdn.net/22685177/LAESXlhEPimDI9Pt4EhOvhwQSZ2HaVcX3cMx…)
[02:20:36]   downloaded 1,685.9 MB in 70.1s (24.0 MB/s)
[02:21:43]   upload done video_id=26064805 in 66.5s
[02:21:44] film cr_film_id=9983 OK in 141.0s
[02:21:44] iteration 20/20
[02:21:44] film cr_film_id=27119 name='The Box (2021) CZ Titulky' candidates=1
[02:21:44]   candidate upload_id=60f5fef8579e0 url=https://prehraj.to/the-box-2021-cztitulky/60f5fef8579e0
[02:21:45]   resolved in 0.9s → 1080p (https://pf-storage3.premiumcdn.net/24333018/bZkf63uJrs8WC9JsRWhG3urytm4SwlHxGtXj…)
[02:23:02]   downloaded 1,820.8 MB in 75.2s (24.2 MB/s)
[02:24:29]   upload done video_id=26064865 in 87.2s
[02:24:30] film cr_film_id=27119 OK in 166.4s
[02:24:30] batch-end ok=20 failed=0 dur=2918.6s avg/film=145.9s remaining=9108 eta_hours=369.1

===== run 2026-06-18T02:24:56Z shard=1/2 batch_size=20 (https://github.com/Olbrasoft/prehrajto-to-prehrajto/actions/runs/27732611702) =====
[02:24:56] batch-start shard=1/2 count=20 backlog=10210 uploads=1102 failed_attempts=54 description_overrides=0
[02:24:56] login
[02:24:58] login done
[02:24:58] iteration 1/20
[02:24:58] film cr_film_id=31227 name='The Bezonians (2021) CZ Titulky' candidates=5
[02:24:58]   candidate upload_id=61ca6cbaca2b8 url=https://prehraj.to/the-bezonians-2021-cztitulky-mp4/61ca6cbaca2b8
[02:24:59]   resolved in 1.3s → 720p (https://pf-storage3.premiumcdn.net/27837672/ePziLrf3eS5lcqKTwWCG3fW3TyjCqkILzHmo…)
[02:26:05]   downloaded 1,216.9 MB in 63.5s (19.2 MB/s)
[02:27:30]   upload done video_id=26064931 in 85.2s
[02:27:31] film cr_film_id=31227 OK in 153.2s
[02:27:31] iteration 2/20
[02:27:31] film cr_film_id=17995 name='The Alpinist (2021) CZ Titulky' candidates=4
[02:27:31]   candidate upload_id=61c26eedb57bc url=https://prehraj.to/the-alpinist-2021-cztitulky/61c26eedb57bc
[02:27:32]   resolved in 1.1s → 720p (https://pf-storage5.premiumcdn.net/27656367/QensLefQPUq5SPAIX7uLZfJysB3I58cj2Inj…)
[02:28:32]   downloaded 1,322.0 MB in 58.0s (22.8 MB/s)
[02:29:44]   upload done video_id=26064997 in 72.4s
[02:29:46] film cr_film_id=17995 OK in 134.9s
[02:29:46] iteration 3/20
[02:29:46] film cr_film_id=26529 name='Tajný deník brazilské studentky (2021) CZ Titulky' candidates=1
[02:29:46]   candidate upload_id=611eea6b6df1a url=https://prehraj.to/tajny-denik-brazilske-studentky-2021-cztitulky/611eea6b6df1a
[02:29:47]   resolved in 1.1s → 720p (https://pf-storage2.premiumcdn.net/24654515/aODIZ6f02IxACBaurjU2MfyOSXdc92hM5SG7…)
[02:31:03]   downloaded 1,698.1 MB in 74.4s (22.8 MB/s)
[02:32:36]   upload done video_id=26065062 in 92.3s
[02:32:37] film cr_film_id=26529 OK in 171.1s
[02:32:37] iteration 4/20
[02:32:37] film cr_film_id=35245 name='Svatba (2021) CZ Titulky' candidates=2
[02:32:37]   candidate upload_id=62b22389dee15 url=https://prehraj.to/svatba-2021-cztitulky/62b22389dee15
[02:32:38]   resolved in 1.3s → 480p (https://pf-storage3.premiumcdn.net/31291514/bg2cMeh27hBgF8mCbrH92heNsjETGzCBJc80…)
[02:33:34]   downloaded 1,177.5 MB in 54.1s (21.8 MB/s)
[02:34:45]   upload done video_id=26065125 in 70.2s
[02:34:46] film cr_film_id=35245 OK in 129.0s
[02:34:46] iteration 5/20
[02:34:46] film cr_film_id=14477 name='Survive the Game (2021) CZ Titulky' candidates=1
[02:34:46]   candidate upload_id=19f231fdc665f9b9 url=https://prehraj.to/survive-the-game-2021-cz-titulky/19f231fdc665f9b9
[02:34:47]   resolve FAILED: HTTP 502 wrapping permanent upstream error: https://prehraj.to/survive-the-game-2021-cz-titulky/19f231fdc665f9b9 (permanent=True)
[02:34:47] film cr_film_id=14477 all candidates exhausted
[02:34:47] iteration 6/20
[02:34:47] film cr_film_id=33961 name='Strašidlo (2021) CZ Titulky' candidates=1
[02:34:47]   candidate upload_id=622d2245b4894 url=https://prehraj.to/strasidlo-2020-cztitulky/622d2245b4894
[02:34:53]   resolved in 6.1s → 1080p (https://pf-storage4.premiumcdn.net/30040015/6nkcLeFA0ub0HoQHybf40F5ziwbh5PiD7I6y…)
[02:35:48]   downloaded 1,135.7 MB in 52.8s (21.5 MB/s)
[02:36:57]   upload done video_id=26065173 in 69.6s
[02:36:59] film cr_film_id=33961 OK in 131.6s
[02:36:59] iteration 7/20
[02:36:59] film cr_film_id=31169 name='Slyšitelně (2021) CZ Titulky' candidates=2
[02:36:59]   candidate upload_id=60de385d9ab85 url=https://prehraj.to/slysitelne-2021-cztitulky-mp4/60de385d9ab85
[02:37:00]   resolved in 1.2s → 1080p (https://pf-storage3.premiumcdn.net/24119157/xdXtmETB9CxaC7gs2Nty9TBoiYWuJqsN8hJv…)
[02:37:58]   downloaded 1,194.8 MB in 55.8s (21.4 MB/s)
[02:39:20]   upload done video_id=26065226 in 82.5s
[02:39:21] film cr_film_id=31169 OK in 142.6s
[02:39:21] iteration 8/20
[02:39:21] film cr_film_id=26819 name='Shelter in Place (2021) CZ Titulky' candidates=5
[02:39:21]   candidate upload_id=61668bfa18586 url=https://prehraj.to/shelter-in-place-2021-1080p-webrip-dd5-1-x264-cz-tit/61668bfa18586
[02:39:22]   resolved in 1.1s → 720p (https://pf-storage4.premiumcdn.net/25481189/DOpIb6hElsa4tkltxGUv0hjbsV2flAc3aI8E…)
[02:40:15]   downloaded 1,108.0 MB in 51.0s (21.7 MB/s)
[02:41:09]   upload done video_id=26065267 in 53.9s
[02:41:11] film cr_film_id=26819 OK in 109.5s
[02:41:11] iteration 9/20
[02:41:11] film cr_film_id=26931 name='Seobok (2021) CZ Titulky' candidates=4
[02:41:11]   candidate upload_id=60d094b1d7ab4 url=https://prehraj.to/seobok-akcni-2021-cz-titulky/60d094b1d7ab4
[02:41:12]   resolved in 1.2s → 480p (https://pf-storage3.premiumcdn.net/23982147/mDjTKwcK5CkDsORtbAtJocOktMwCq2F15Cj1…)
[02:41:54]   downloaded 904.5 MB in 40.4s (22.4 MB/s)
[02:42:43]   upload done video_id=26065303 in 48.7s
[02:42:44] film cr_film_id=26931 OK in 93.4s
[02:42:44] iteration 10/20
[02:42:44] film cr_film_id=9677 name='Sedmý den (2021) CZ Titulky' candidates=9
[02:42:44]   candidate upload_id=60626b27a00b3 url=https://prehraj.to/seventh-day-the-2021-cz-titulky/60626b27a00b3
[02:42:45]   resolved in 1.1s → 720p (https://pf-storage5.premiumcdn.net/22878582/7OksJwfz8cwdTB5FzWImlfJ7TW8fyrIbdc8Z…)
[02:43:31]   downloaded 974.2 MB in 44.0s (22.1 MB/s)
[02:44:22]   upload done video_id=26065337 in 50.9s
[02:44:23] film cr_film_id=9677 OK in 99.2s
[02:44:23] iteration 11/20
[02:44:23] film cr_film_id=19793 name='Seaspiracy: Pravá tvář udržitelného rybolovu (2021) CZ Titulky' candidates=6
[02:44:23]   candidate upload_id=605bb557a3ff2 url=https://prehraj.to/seaspiracy-2021-cztitulky/605bb557a3ff2
[02:44:24]   resolved in 1.1s → 720p (https://pf-storage5.premiumcdn.net/22799654/L2gfp2SQOcNyT3WcLKuYKSKncODHOWCZwiMB…)
[02:45:48]   downloaded 1,866.5 MB in 81.4s (22.9 MB/s)
[02:47:38]   upload done video_id=26065387 in 110.7s
[02:47:40] film cr_film_id=19793 OK in 196.6s
[02:47:40] iteration 12/20
[02:47:40] film cr_film_id=30975 name='Seance (2021) CZ Titulky' candidates=3
[02:47:40]   candidate upload_id=cd870a9393d9fc45 url=https://prehraj.to/seance-2021-en-cz-tit-mp4/cd870a9393d9fc45
[02:47:41]   resolve FAILED: HTTP 502 wrapping permanent upstream error: https://prehraj.to/seance-2021-en-cz-tit-mp4/cd870a9393d9fc45 (permanent=True)
[02:47:41]   candidate upload_id=5abc2f293081a url=https://prehraj.to/sance-2009/5abc2f293081a
[02:47:47]   resolved in 6.3s → 480p (https://pf-storage2.premiumcdn.net/3760073/AnOTqksJoh4pUXyIgEIPJs1nh2lu9bS7qsxoT…)
[02:48:10]   downloaded 409.4 MB in 21.4s (19.1 MB/s)
[02:48:38]   upload done video_id=26065438 in 27.2s
[02:48:39] film cr_film_id=30975 OK in 58.8s
[02:48:39] iteration 13/20
[02:48:39] film cr_film_id=26445 name='Rock Dog 2: Rock Around the Park (2021) CZ Titulky' candidates=2
[02:48:39]   candidate upload_id=60d093b9401e1 url=https://prehraj.to/rock-dog-2-anim-2021-cz-titulky/60d093b9401e1
[02:48:40]   resolved in 1.1s → 480p (https://pf-storage3.premiumcdn.net/23982048/xe3hKLcKRtq7sPMCZ4I4ecz4uVDIKzf4qTZP…)
[02:49:12]   downloaded 635.9 MB in 30.1s (21.1 MB/s)
[02:49:44]   upload done video_id=26065458 in 32.0s
[02:49:45] film cr_film_id=26445 OK in 66.3s
[02:49:45] iteration 14/20
[02:49:45] film cr_film_id=27399 name='Restart the Earth (2021) CZ Titulky' candidates=1
[02:49:45]   candidate upload_id=62e8591e068c6 url=https://prehraj.to/restart-the-earth-2021-cztitulky/62e8591e068c6
[02:49:46]   resolved in 1.2s → 720p (https://pf-storage3.premiumcdn.net/31893137/7pMfrvT6whgecB4HmEFoGTnbSPvuB7So3Sbq…)
[02:51:22]   downloaded 2,061.0 MB in 93.5s (22.0 MB/s)
[02:53:13]   upload done video_id=26065509 in 111.6s
[02:53:15] film cr_film_id=27399 OK in 209.6s
[02:53:15] iteration 15/20
[02:53:15] film cr_film_id=26793 name='Red Woods (2021) CZ Titulky' candidates=3
[02:53:15]   candidate upload_id=60273331e7885 url=https://prehraj.to/red-woods-horor-2021-cz-titulky/60273331e7885
[02:53:16]   resolved in 1.1s → 480p (https://pf-storage3.premiumcdn.net/22174214/LOdsd3IdAc4BtbnSKZSDNIawUjVHoKU2oCVl…)
[02:54:03]   downloaded 998.1 MB in 45.5s (21.9 MB/s)
[02:55:11]   upload done video_id=26065557 in 67.7s
[02:55:12] film cr_film_id=26793 OK in 117.7s
[02:55:12] iteration 16/20
[02:55:12] film cr_film_id=31875 name='Quo Vadis, Aida? (2021) CZ Titulky' candidates=3
[02:55:12]   candidate upload_id=144cef38bb739660 url=https://prehraj.to/quo-vadis-aida-2020-cz-tit-1080p/144cef38bb739660
[02:55:14]   resolved in 1.3s → 720p (https://pf-storage1.premiumcdn.net/167320604/QOzfznHxeSgXtJZT3qToWHdZsRgS8gT2Nhv…)
[02:56:09]   downloaded 1,133.2 MB in 53.4s (21.2 MB/s)
[02:57:02]   upload done video_id=26065601 in 53.1s
[02:57:03] film cr_film_id=31875 OK in 111.2s
[02:57:03] iteration 17/20
[02:57:03] film cr_film_id=15043 name='Písečná monstra (2021) CZ Titulky' candidates=5
[02:57:03]   candidate upload_id=61bd0e446897e url=https://prehraj.to/planet-dune-2021-cztitulky-mp4/61bd0e446897e
[02:57:05]   resolved in 1.2s → 720p (https://pf-storage4.premiumcdn.net/27529437/VL1TMqin6UKZhy4I6lSBEibkI2ks6xuzeIxy…)
[02:58:11]   downloaded 1,369.0 MB in 64.5s (21.2 MB/s)
[02:59:35]   upload done video_id=26065648 in 83.9s
[02:59:37] film cr_film_id=15043 OK in 153.2s
[02:59:37] iteration 18/20
[02:59:37] film cr_film_id=27463 name='PussyCake (2021) CZ Titulky' candidates=1
[02:59:37]   candidate upload_id=6376f7ab11dec url=https://prehraj.to/pussycake-2021-cztitulky/6376f7ab11dec
[02:59:38]   resolved in 1.2s → 720p (https://pf-storage1.premiumcdn.net/34700635/YBOilnUAnH3LU2BH7af6dUgyCy3fRqs51cQ9…)
[03:01:08]   downloaded 1,988.5 MB in 88.2s (22.5 MB/s)
[03:02:50]   upload done video_id=26065729 in 102.0s
[03:02:52] film cr_film_id=27463 OK in 195.3s
[03:02:52] iteration 19/20
[03:02:52] film cr_film_id=26603 name='Psanci (2021) CZ Titulky' candidates=1
[03:02:52]   candidate upload_id=619d625cc3f7c url=https://prehraj.to/psanci-2021-cztitulky/619d625cc3f7c
[03:02:53]   resolved in 1.1s → 1080p (https://pf-storage3.premiumcdn.net/26771392/zadcY1UA6SnOtdAI6at57UbLHp0IgMTqwF1r…)
[03:04:46]   downloaded 2,421.4 MB in 110.8s (21.9 MB/s)
[03:06:46]   upload done video_id=26065808 in 120.8s
[03:06:48] film cr_film_id=26603 OK in 236.4s
[03:06:48] iteration 20/20
[03:06:48] film cr_film_id=27173 name='Prolomit hranice: Naše planeta je věda (2021) CZ Titulky' candidates=1
[03:06:48]   candidate upload_id=60de25b2e8103 url=https://prehraj.to/prolomit-hranice-nase-planeta-je-veda-2021-cztitulky/60de25b2e8103
[03:06:49]   resolved in 1.1s → 720p (https://pf-storage3.premiumcdn.net/24118545/ql6u9aTKwC4yU7GsgqcnzTg9URJuZjFbNu4P…)
[03:07:54]   downloaded 1,400.9 MB in 62.7s (22.3 MB/s)
[03:09:15]   upload done video_id=26065883 in 80.6s
[03:09:16] film cr_film_id=27173 OK in 147.9s
[03:09:16] batch-end ok=19 failed=1 dur=2658.2s avg/film=139.9s remaining=9089 eta_hours=353.2

===== run 2026-06-18T03:10:13Z shard=1/2 batch_size=20 (https://github.com/Olbrasoft/prehrajto-to-prehrajto/actions/runs/27734123532) =====
[03:10:13] batch-start shard=1/2 count=20 backlog=10210 uploads=1121 failed_attempts=56 description_overrides=0
[03:10:13] login
[03:10:15] login done
[03:10:15] iteration 1/20
[03:10:15] film cr_film_id=18203 name='Pravda z díry (2021) CZ Titulky' candidates=3
[03:10:15]   candidate upload_id=61ac199ada6da url=https://prehraj.to/pravda-z-diry-2021-cztitulky/61ac199ada6da
[03:10:16]   resolved in 1.1s → 720p (https://pf-storage3.premiumcdn.net/27119583/pmOsYwce7IlxURete2SgMcW4sn0TDRSWeiKX…)
[03:11:10]   downloaded 1,301.2 MB in 53.5s (24.3 MB/s)
[03:12:09]   upload done video_id=26065960 in 58.6s
[03:12:10] film cr_film_id=18203 OK in 115.6s
[03:12:10] iteration 2/20
[03:12:10] film cr_film_id=36865 name='Prachy na rozjezd (2021) CZ Titulky' candidates=2
[03:12:10]   candidate upload_id=60fb4b74b23d3 url=https://prehraj.to/prachy-na-rozjezd-2021-cz-titulky/60fb4b74b23d3
[03:12:11]   resolved in 1.2s → 720p (https://pf-storage3.premiumcdn.net/24375737/A2zsJphqvtNRClBU3XCyvhm1fJqfP5CA0Fl5…)
[03:13:15]   downloaded 1,501.2 MB in 62.1s (24.2 MB/s)
[03:14:14]   upload done video_id=26066015 in 59.7s
[03:14:16] film cr_film_id=36865 OK in 125.6s
[03:14:16] iteration 3/20
[03:14:16] film cr_film_id=17635 name='Poslední představení (2021) CZ Titulky' candidates=12
[03:14:16]   candidate upload_id=5f2e934be6282 url=https://prehraj.to/posledni-predstaveni-2020-epizoda-9-cz-titulky/5f2e934be6282
[03:14:17]   resolved in 1.1s → 720p (https://pf-storage2.premiumcdn.net/17885361/ze3Fn7fXkhDPUwauoNIkKfmzH5vIr5InGHyx…)
[03:14:59]   downloaded 948.9 MB in 40.6s (23.4 MB/s)
[03:15:41]   upload done video_id=26066068 in 41.3s
[03:15:42] film cr_film_id=17635 OK in 85.9s
[03:15:42] iteration 4/20
[03:15:42] film cr_film_id=18107 name='Policejní film (2021) CZ Titulky' candidates=1
[03:15:42]   candidate upload_id=6185bf5940538 url=https://prehraj.to/policejni-film-2021-cztitulky/6185bf5940538
[03:15:42]   resolved in 0.8s → 1080p (https://pf-storage1.premiumcdn.net/26209960/QxBI1KCkLubNSO9uZltjYCRqtjKHdpslrsBR…)
[03:16:51]   downloaded 1,618.3 MB in 67.6s (23.9 MB/s)
[03:17:58]   upload done video_id=26066128 in 66.3s
[03:17:59] film cr_film_id=18107 OK in 137.5s
[03:17:59] iteration 5/20
[03:17:59] film cr_film_id=26957 name='Piktuju karta (2021) CZ Titulky' candidates=1
[03:17:59]   candidate upload_id=64d2cb3c5a398 url=https://prehraj.to/piktuju-karta-2022-cz-titulky/64d2cb3c5a398
[03:18:00]   resolved in 1.2s → 1080p (https://pf-storage4.premiumcdn.net/43202981/qyOuP0HxkiWqCPot4WHz3HoZIVOfqGc5ofZ3…)
[03:19:31]   downloaded 2,148.1 MB in 89.6s (24.0 MB/s)
[03:21:12]   upload done video_id=26066213 in 100.8s
[03:21:13] film cr_film_id=26957 OK in 194.3s
[03:21:13] iteration 6/20
[03:21:13] film cr_film_id=2585 name='Pig (2021) CZ Titulky' candidates=5
[03:21:13]   candidate upload_id=60f551a74e5b3 url=https://prehraj.to/pig-2021-cz-titulky-1080p/60f551a74e5b3
[03:21:15]   resolved in 1.2s → 720p (https://pf-storage5.premiumcdn.net/24326169/X3JT28haviQat8Eu5vCMqhmqHarHJGsR5fqP…)
[03:22:03]   downloaded 1,105.7 MB in 46.2s (23.9 MB/s)
[03:22:51]   upload done video_id=26066292 in 48.5s
[03:22:52] film cr_film_id=2585 OK in 99.0s
[03:22:52] iteration 7/20
[03:22:52] film cr_film_id=17115 name='Palmer (2021) CZ Titulky' candidates=1
[03:22:52]   candidate upload_id=1c7c8745cc912321 url=https://prehraj.to/palmer-2021-en-cz-tit-mkv/1c7c8745cc912321
[03:22:53]   resolved in 1.1s → 480p (https://pf-storage5.premiumcdn.net/161686193/nExc9KT9XhbLsGaUeoFwNT64hmQhQ8iv5co…)
[03:23:24]   downloaded 815.8 MB in 28.3s (28.8 MB/s)
[03:23:59]   upload done video_id=26066332 in 35.1s
[03:24:00] film cr_film_id=17115 OK in 67.4s
[03:24:00] iteration 8/20
[03:24:00] film cr_film_id=27211 name='Osmá noc (2021) CZ Titulky' candidates=3
[03:24:00]   candidate upload_id=60df6f386e6b0 url=https://prehraj.to/osma-noc-horor-thriller-j-korea-2021-1080p-nf-webrip-5-1-x264-kor-s-cztitulky-sten-ok/60df6f386e6b0
[03:24:01]   resolved in 1.0s → 1080p (https://pf-storage3.premiumcdn.net/24135174/DWkcXzfJQIlwtLdFD6tyzfmwHGMHB4I0BCJ9…)
[03:25:49]   downloaded 2,599.8 MB in 106.0s (24.5 MB/s)
[03:27:35]   upload done video_id=26066407 in 106.9s
[03:27:37] film cr_film_id=27211 OK in 216.9s
[03:27:37] iteration 9/20
[03:27:37] film cr_film_id=1339 name='Old Henry (2021) CZ Titulky' candidates=6
[03:27:37]   candidate upload_id=6167327800ce6 url=https://prehraj.to/old-henry-2021-cz-tit/6167327800ce6
[03:27:38]   resolved in 1.3s → 1080p (https://pf-storage5.premiumcdn.net/25498283/1R1IKxSJmskLTvQUDaT6ZSLDiN9fRAt6eszb…)
[03:30:03]   downloaded 3,671.0 MB in 143.2s (25.6 MB/s)
[03:32:38]   upload done video_id=26066513 in 155.5s
[03:32:40] film cr_film_id=1339 OK in 303.0s
[03:32:40] iteration 10/20
[03:32:40] film cr_film_id=14145 name='O Menino Que Matou Meus Pais (2021) CZ Titulky' candidates=3
[03:32:40]   candidate upload_id=61ca5fe9f20c5 url=https://prehraj.to/o-menino-que-matou-meus-pais-2021-cztitulky/61ca5fe9f20c5
[03:32:41]   resolved in 1.0s → 720p (https://pf-storage1.premiumcdn.net/27836598/2PbT3gh1YiAVhMkUnBiqvh8RT2lCkVCejIOe…)
[03:33:40]   downloaded 1,419.3 MB in 57.5s (24.7 MB/s)
[03:34:48]   upload done video_id=26066607 in 67.8s
[03:34:49] film cr_film_id=14145 OK in 129.4s
[03:34:49] iteration 11/20
[03:34:49] film cr_film_id=26637 name='Návod na dokonalou rodinu (2021) CZ Titulky' candidates=2
[03:34:49]   candidate upload_id=60f0969d49b99 url=https://prehraj.to/navod-na-dokonalou-rodinu-2021-cztitulky/60f0969d49b99
[03:34:50]   resolved in 1.2s → 1080p (https://pf-storage3.premiumcdn.net/24290448/PVgFzNhBZsd4se6FAkc2GhRoSmwHBwHMOFJQ…)
[03:36:09]   downloaded 1,912.3 MB in 76.4s (25.0 MB/s)
[03:37:38]   upload done video_id=26066679 in 89.4s
[03:37:39] film cr_film_id=26637 OK in 170.2s
[03:37:39] iteration 12/20
[03:37:39] film cr_film_id=14413 name='Nulový kontakt (2021) CZ Titulky' candidates=1
[03:37:39]   candidate upload_id=63229141b81da url=https://prehraj.to/zero-contact-2022-cztitulky-mp4/63229141b81da
[03:37:40]   resolved in 1.2s → 1080p (https://pf-storage1.premiumcdn.net/32944450/QKVuMLCR6snQIlwfKYtKnCeZux6iYDcVgCK9…)
[03:38:55]   downloaded 1,844.5 MB in 72.6s (25.4 MB/s)
[03:40:16]   upload done video_id=26066758 in 81.2s
[03:40:18] film cr_film_id=14413 OK in 158.3s
[03:40:18] iteration 13/20
[03:40:18] film cr_film_id=31199 name='Noah’s Shark (2021) CZ Titulky' candidates=1
[03:40:18]   candidate upload_id=62534e0f122b3 url=https://prehraj.to/noah-s-shark-2021-cztitulky-mp4/62534e0f122b3
[03:40:20]   resolved in 1.9s → 720p (https://pf-storage3.premiumcdn.net/30426053/bpjhZdFRmtL4IZzu6lcNyFW2uqwh7Qtwqun4…)
[03:41:26]   downloaded 1,640.0 MB in 65.2s (25.2 MB/s)
[03:42:36]   upload done video_id=26066828 in 69.2s
[03:42:37] film cr_film_id=31199 OK in 139.3s
[03:42:37] iteration 14/20
[03:42:37] film cr_film_id=19851 name='Neslýchané: Zločin a trestné minuty (2021) CZ Titulky' candidates=1
[03:42:37]   candidate upload_id=6132940c9e2a0 url=https://prehraj.to/neslychane-zlocin-a-trestne-minuty-2021-cztitulky/6132940c9e2a0
[03:42:38]   resolved in 1.2s → 720p (https://pf-storage2.premiumcdn.net/24796832/WBgT8wcyDi6qFjPF2AT0Ec9gsj1fw2i4QUoR…)
[03:43:22]   downloaded 1,023.6 MB in 42.2s (24.3 MB/s)
[03:44:07]   upload done video_id=26066875 in 45.2s
[03:44:08] film cr_film_id=19851 OK in 91.3s
[03:44:08] iteration 15/20
[03:44:08] film cr_film_id=18175 name='Neslýchané: Bod zlomu (2021) CZ Titulky' candidates=1
[03:44:08]   candidate upload_id=613bc98ec117b url=https://prehraj.to/neslychane-bod-zlomu-2021-cztitulky/613bc98ec117b
[03:44:09]   resolved in 1.1s → 1080p (https://pf-storage3.premiumcdn.net/24868367/vPNuVOiaGFj9h5MHGpFMvi1LSWzT2dUZvHDM…)
[03:45:16]   downloaded 1,970.7 MB in 65.1s (30.3 MB/s)
[03:46:37]   upload done video_id=26066925 in 81.6s
[03:46:39] film cr_film_id=18175 OK in 150.4s
[03:46:39] iteration 16/20
[03:46:39] film cr_film_id=6877 name='Nejsi moje máma (2021) CZ Titulky' candidates=4
[03:46:39]   candidate upload_id=62462587104f4 url=https://prehraj.to/nejsi-moje-mama-2021-cz-titulky-hd-1080p/62462587104f4
[03:46:40]   resolved in 1.1s → 720p (https://pf-storage2.premiumcdn.net/30282326/J5ruM4F43IDdcWOuP1FRrFqWtVmSejSM3fN7…)
[03:47:17]   downloaded 1,071.9 MB in 35.1s (30.5 MB/s)
[03:48:16]   upload done video_id=26066996 in 59.0s
[03:48:17] film cr_film_id=6877 OK in 98.1s
[03:48:17] iteration 17/20
[03:48:17] film cr_film_id=2245 name='Nejhorší golfista na světě (2021) CZ Titulky' candidates=1
[03:48:17]   candidate upload_id=632522d04a31d url=https://prehraj.to/nejhorsi-golfista-na-svete-2021-cztitulky/632522d04a31d
[03:48:18]   resolved in 1.2s → 480p (https://pf-storage3.premiumcdn.net/33137584/Po4HWXFzZTrzh48Ce2izxF97uWAukPf2Aie1…)
[03:48:55]   downloaded 875.9 MB in 35.9s (24.4 MB/s)
[03:49:33]   upload done video_id=26067049 in 38.4s
[03:49:34] film cr_film_id=2245 OK in 77.8s
[03:49:34] iteration 18/20
[03:49:34] film cr_film_id=35709 name='Nadosmrti (2021) CZ Titulky' candidates=1
[03:49:34]   candidate upload_id=6079cf34a0558 url=https://prehraj.to/nadosmrti-2021-cztitulky/6079cf34a0558
[03:49:36]   resolved in 1.1s → 720p (https://pf-storage5.premiumcdn.net/23143764/EK1T5gs9PUNmtOKuGgIO3sB1C1lUZXt9Qc8n…)
[03:50:55]   downloaded 1,963.6 MB in 78.2s (25.1 MB/s)
[03:52:20]   upload done video_id=26067104 in 84.7s
[03:52:22] film cr_film_id=35709 OK in 167.1s
[03:52:22] iteration 19/20
[03:52:22] film cr_film_id=18185 name='My čtyři (2021) CZ Titulky' candidates=1
[03:52:22]   candidate upload_id=616dda1a49868 url=https://prehraj.to/my-ctyri-2021-cztitulky/616dda1a49868
[03:52:23]   resolved in 1.1s → 1080p (https://pf-storage5.premiumcdn.net/25650463/8vnU2mckWF73FVLCYbuLmcjBIyYiAaFV7srB…)
[03:53:31]   downloaded 1,650.7 MB in 65.9s (25.0 MB/s)
[03:54:46]   upload done video_id=26067163 in 76.0s
[03:54:48] film cr_film_id=18185 OK in 146.2s
[03:54:48] iteration 20/20
[03:54:48] film cr_film_id=17915 name='Moje nejlepší kamarádka Anna Franková (2021) CZ Titulky' candidates=6
[03:54:48]   candidate upload_id=624e7ae25e386 url=https://prehraj.to/moje-nejlepsi-kamaradka-anna-frankova-2021-1080p-hevc-cz-tit-drama-valecny/624e7ae25e386
[03:54:49]   resolved in 1.4s → 1080p (https://pf-storage3.premiumcdn.net/30381491/G83cpWCD1Hd6F2muzkf4YCbBHnQcz1TqNInY…)
[03:55:45]   downloaded 1,697.6 MB in 54.0s (31.4 MB/s)
[03:56:53]   upload done video_id=26067219 in 67.8s
[03:56:54] film cr_film_id=17915 OK in 125.9s
[03:56:54] batch-end ok=20 failed=0 dur=2799.3s avg/film=140.0s remaining=9069 eta_hours=352.7

===== run 2026-06-18T04:26:52Z shard=1/2 batch_size=20 (https://github.com/Olbrasoft/prehrajto-to-prehrajto/actions/runs/27736676172) =====
[04:26:53] batch-start shard=1/2 count=20 backlog=10210 uploads=1141 failed_attempts=56 description_overrides=0
[04:26:53] login
[04:26:54] login done
[04:26:54] iteration 1/20
[04:26:54] film cr_film_id=33831 name='Mission Possible (2021) CZ Titulky' candidates=3
[04:26:54]   candidate upload_id=6125148c96a6f url=https://prehraj.to/mission-possible-2021-cz-titulky/6125148c96a6f
[04:26:55]   resolved in 1.0s → 720p (https://pf-storage1.premiumcdn.net/24695612/MdWs6JCYJIGNHZ1u8VtJqC3Ds6Bto3fKofev…)
[04:27:37]   downloaded 1,411.2 MB in 40.8s (34.6 MB/s)
[04:28:40]   upload done video_id=26068051 in 62.1s
[04:28:41] film cr_film_id=33831 OK in 106.8s
[04:28:41] iteration 2/20
[04:28:41] film cr_film_id=26865 name='Miluj svého robota (2021) CZ Titulky' candidates=1
[04:28:41]   candidate upload_id=622711ff3ec7d url=https://prehraj.to/miluj-sveho-robota-2021-cztitulky/622711ff3ec7d
[04:28:42]   resolved in 1.0s → 720p (https://pf-storage1.premiumcdn.net/29983765/lqDuyVSvatjQslPCrpfk6SVNfxvcy2Fy5u5N…)
[04:29:16]   downloaded 1,138.2 MB in 32.7s (34.8 MB/s)
[04:30:09]   upload done video_id=26068103 in 52.4s
[04:30:10] film cr_film_id=26865 OK in 88.7s
[04:30:10] iteration 3/20
[04:30:10] film cr_film_id=915 name='Mauritánec: Deník z Guantánama (2021) CZ Titulky' candidates=11
[04:30:10]   candidate upload_id=605ac56a0cf3a url=https://prehraj.to/the-mauritanian-2021-cztitulky/605ac56a0cf3a
[04:30:12]   resolved in 2.5s → 1080p (https://pf-storage5.premiumcdn.net/22787936/yA2s1kukahEYhKluYLcDBuEdU7ySZMhz7CgV…)
[04:31:24]   downloaded 1,976.8 MB in 69.9s (28.3 MB/s)
[04:32:31]   upload done video_id=26068154 in 67.7s
[04:32:33] film cr_film_id=915 OK in 143.0s
[04:32:33] iteration 4/20
[04:32:33] film cr_film_id=7575 name='Matrix Resurrections (2021) CZ Titulky' candidates=4
[04:32:33]   candidate upload_id=61c4be283bd91 url=https://prehraj.to/matrix-4-2021-cz-titulky/61c4be283bd91
[04:32:34]   resolved in 1.0s → 720p (https://pf-storage4.premiumcdn.net/27710121/kL9u03SmxsEas7lF5Kh9YSRYiEVuMKtMrUdp…)
[04:33:50]   downloaded 2,648.2 MB in 74.6s (35.5 MB/s)
[04:35:59]   upload done video_id=26068212 in 129.1s
[04:36:00] film cr_film_id=7575 OK in 207.5s
[04:36:00] iteration 5/20
[04:36:00] film cr_film_id=36863 name="Mary J. Blige's My Life (2021) CZ Titulky" candidates=1
[04:36:00]   candidate upload_id=60d783492e063 url=https://prehraj.to/mary-j-blige-s-my-life-2021-cztitulky/60d783492e063
[04:36:01]   resolved in 1.0s → 1080p (https://pf-storage5.premiumcdn.net/24046182/BkRiPMfV9hQOsWgidncnjfW9FaKiOxhekcrJ…)
[04:37:27]   downloaded 2,407.7 MB in 83.9s (28.7 MB/s)
[04:39:24]   upload done video_id=26068308 in 117.5s
[04:39:25] film cr_film_id=36863 OK in 205.0s
[04:39:25] iteration 6/20
[04:39:25] film cr_film_id=14573 name='Marilyn má černé oči (2021) CZ Titulky' candidates=2
[04:39:25]   candidate upload_id=623260a2c5a5c url=https://prehraj.to/marilyn-ha-gli-occhi-neri-2021-cztitulky-mp4/623260a2c5a5c
[04:39:26]   resolved in 1.1s → 720p (https://pf-storage4.premiumcdn.net/30087321/eDAHjgcMKCkOumxf14t1ZcLnFz0hwyizVFjK…)
[04:40:38]   downloaded 1,975.1 MB in 70.0s (28.2 MB/s)
[04:41:55]   upload done video_id=26068383 in 77.5s
[04:41:57] film cr_film_id=14573 OK in 151.5s
[04:41:57] iteration 7/20
[04:41:57] film cr_film_id=3755 name='Malcolm a Marie (2021) CZ Titulky' candidates=9
[04:41:57]   candidate upload_id=601f323a082c5 url=https://prehraj.to/malcolm-a-marie-romanticke-drama-2021-1080p-web-5-1-x265-10bit-hdr-s-cztitulky-67-sten-ok/601f323a082c5
[04:41:58]   resolved in 1.1s → 1080p (https://pf-storage3.premiumcdn.net/22041699/QK7i87FYVhWpc3rTdofqjFdvS7lckGH47h5X…)
[04:43:49]   downloaded 3,151.2 MB in 109.9s (28.7 MB/s)
[04:45:41]   upload done video_id=26068451 in 111.4s
[04:45:42] film cr_film_id=3755 OK in 225.2s
[04:45:42] iteration 8/20
[04:45:42] film cr_film_id=1933 name='Macbeth (2021) CZ Titulky' candidates=20
[04:45:42]   candidate upload_id=68fb9538cbda6 url=https://prehraj.to/macbeth-britanie-2015-cz-tit-1080p/68fb9538cbda6
[04:45:43]   resolved in 1.0s → 1080p (https://pf-storage4.premiumcdn.net/153223554/D7miWYIoetxMsEeF7mUREIprFYQH5qcMKFn…)
[04:46:35]   downloaded 1,418.9 MB in 50.7s (28.0 MB/s)
[04:47:52]   upload done video_id=26068507 in 76.9s
[04:47:53] film cr_film_id=1933 OK in 131.2s
[04:47:53] iteration 9/20
[04:47:53] film cr_film_id=26901 name='Labutí píseň (2021) CZ Titulky' candidates=1
[04:47:53]   candidate upload_id=61bcf395ce681 url=https://prehraj.to/labuti-pisen-2021-cztitulky/61bcf395ce681
[04:47:54]   resolved in 1.0s → 1080p (https://pf-storage4.premiumcdn.net/27526815/ojOhQAuOLIyVUGnTzNcqruJDhorT26F1JHkJ…)
[04:49:32]   downloaded 2,772.7 MB in 96.3s (28.8 MB/s)
[04:51:19]   upload done video_id=26068579 in 106.5s
[04:51:20] film cr_film_id=26901 OK in 206.5s
[04:51:20] iteration 10/20
[04:51:20] film cr_film_id=27043 name='Kancelář pro kontrolu pouliční magie (2021) CZ Titulky' candidates=2
[04:51:20]   candidate upload_id=605d0d8fe90bb url=https://prehraj.to/secret-magic-control-agency-2021-cztitulky/605d0d8fe90bb
[04:51:21]   resolved in 1.0s → 1080p (https://pf-storage5.premiumcdn.net/22815219/dyKuDWIQKF86hnYh3as23IjZuOMszwU4khMQ…)
[04:52:29]   downloaded 2,405.2 MB in 66.6s (36.1 MB/s)
[04:54:06]   upload done video_id=26068638 in 96.8s
[04:54:07] film cr_film_id=27043 OK in 167.4s
[04:54:07] iteration 11/20
[04:54:07] film cr_film_id=19877 name='Justin Bieber: Náš svět (2021) CZ Titulky' candidates=4
[04:54:07]   candidate upload_id=61898380a2317 url=https://prehraj.to/justin-bieber-nas-svet-2021-cztitulky/61898380a2317
[04:54:08]   resolved in 1.1s → 720p (https://pf-storage1.premiumcdn.net/26298745/8gmt7ghjeszDc7mFW3iEVhERTXAuAXiNltel…)
[04:55:18]   downloaded 1,896.6 MB in 68.1s (27.9 MB/s)
[04:56:41]   upload done video_id=26068702 in 82.9s
[04:56:42] film cr_film_id=19877 OK in 154.9s
[04:56:42] iteration 12/20
[04:56:42] film cr_film_id=31095 name='Justice Society: World War II (2021) CZ Titulky' candidates=1
[04:56:42]   candidate upload_id=aeb71c75a7b85ca4 url=https://prehraj.to/justice-society-world-war-ii-2021-en-cz-tit-mp4/aeb71c75a7b85ca4
[04:56:43]   resolve FAILED: HTTP 502 wrapping permanent upstream error: https://prehraj.to/justice-society-world-war-ii-2021-en-cz-tit-mp4/aeb71c75a7b85ca4 (permanent=True)
[04:56:43] film cr_film_id=31095 all candidates exhausted
[04:56:43] iteration 13/20
[04:56:43] film cr_film_id=27249 name='Jsme jedné krve: Malcolm X a Muhammad Ali (2021) CZ Titulky' candidates=1
[04:56:43]   candidate upload_id=613e620840a54 url=https://prehraj.to/jsme-jedne-krve-malcolm-x-a-muhammad-ali-2021-cztitulky/613e620840a54
[04:56:49]   resolved in 5.9s → 1080p (https://pf-storage1.premiumcdn.net/24888095/wrbsq3Fy4c52UwWTN8skoFlXS74sjnCkASmO…)
[04:58:45]   downloaded 3,267.2 MB in 115.2s (28.4 MB/s)
[05:01:06]   upload done video_id=26068778 in 140.5s
[05:01:07] film cr_film_id=27249 OK in 264.5s
[05:01:07] iteration 14/20
[05:01:07] film cr_film_id=17495 name='Jsem všechny dívky (2021) CZ Titulky' candidates=3
[05:01:07]   candidate upload_id=60a02dbd8bfce url=https://prehraj.to/jsem-vsechny-divky-krimi-thriller-j-republika-2021-1080p-webrip-5-1-h264-s-cztitulky-59-sten-ok/60a02dbd8bfce
[05:01:08]   resolved in 1.2s → 1080p (https://pf-storage5.premiumcdn.net/23525070/PRKfj8izKSRwsNZsRqhjvilyHXYUmGsYnFZ5…)
[05:02:16]   downloaded 1,820.5 MB in 65.7s (27.7 MB/s)
[05:04:12]   upload done video_id=26068841 in 116.7s
[05:04:13] film cr_film_id=17495 OK in 186.3s
[05:04:13] iteration 15/20
[05:04:13] film cr_film_id=8907 name='John and the Hole (2021) CZ Titulky' candidates=6
[05:04:13]   candidate upload_id=614cfb2e41b1f url=https://prehraj.to/john-and-the-hole-2021-cztitulky/614cfb2e41b1f
[05:04:14]   resolved in 1.0s → 720p (https://pf-storage4.premiumcdn.net/25002050/4B3SVeF2YFxOhvwTNLSy9F0gIA6fpVsP3SPn…)
[05:04:40]   downloaded 813.3 MB in 24.3s (33.5 MB/s)
[05:05:12]   upload done video_id=26068890 in 31.5s
[05:05:13] film cr_film_id=8907 OK in 59.7s
[05:05:13] iteration 16/20
[05:05:13] film cr_film_id=36847 name='Jmenuju se Pauli Murrayová (2021) CZ Titulky' candidates=1
[05:05:13]   candidate upload_id=616b587fe31e4 url=https://prehraj.to/jmenuju-se-pauli-murrayova-2021-cztitulky/616b587fe31e4
[05:05:14]   resolved in 1.0s → 720p (https://pf-storage4.premiumcdn.net/25594064/kr0cwPFQ9IJ6i8qiVWHGnFbVflbTL0IAWHdP…)
[05:05:59]   downloaded 1,161.3 MB in 43.4s (26.8 MB/s)
[05:06:52]   upload done video_id=26068921 in 53.3s
[05:06:53] film cr_film_id=36847 OK in 100.1s
[05:06:53] iteration 17/20
[05:06:53] film cr_film_id=31133 name='Jedním dechem (2021) CZ Titulky' candidates=4
[05:06:53]   candidate upload_id=61201b22b89ae url=https://prehraj.to/in-the-same-breath-2021-cztitulky-mp4/61201b22b89ae
[05:06:54]   resolved in 1.0s → 1080p (https://pf-storage1.premiumcdn.net/24662723/q7Bfo3Uz9u5ytbkCv6cxoUkoHoEhX3IgAiKR…)
[05:08:45]   downloaded 3,138.0 MB in 108.9s (28.8 MB/s)
[05:10:49]   upload done video_id=26068963 in 124.2s
[05:10:50] film cr_film_id=31133 OK in 236.9s
[05:10:50] iteration 18/20
[05:10:50] film cr_film_id=17999 name="Jakob's Wife (2021) CZ Titulky" candidates=6
[05:10:50]   candidate upload_id=6086c35de4022 url=https://prehraj.to/jakob-s-wife-2021-cz-titulky-1080p/6086c35de4022
[05:10:51]   resolved in 1.0s → 720p (https://pf-storage5.premiumcdn.net/23271021/vGEixyuvrFRwc9Ahk4TZmu9RFbRUZycGktgj…)
[05:11:32]   downloaded 1,107.0 MB in 39.6s (28.0 MB/s)
[05:12:13]   upload done video_id=26069015 in 41.1s
[05:12:14] film cr_film_id=17999 OK in 84.3s
[05:12:14] iteration 19/20
[05:12:14] film cr_film_id=14035 name='Jak obšťastnit ženu (2021) CZ Titulky' candidates=1
[05:12:14]   candidate upload_id=641f9207322b6 url=https://prehraj.to/jak-obstastnit-zenu-2022-cztitulky/641f9207322b6
[05:12:15]   resolved in 1.0s → 720p (https://pf-storage4.premiumcdn.net/38692078/DZdtLeuyxcqLhbwUpksDduoacPrHNmcleH6Q…)
[05:13:12]   downloaded 1,523.8 MB in 54.7s (27.9 MB/s)
[05:14:07]   upload done video_id=26069046 in 55.5s
[05:14:08] film cr_film_id=14035 OK in 114.0s
[05:14:08] iteration 20/20
[05:14:08] film cr_film_id=31195 name='Jai Bhim (2021) CZ Titulky' candidates=6
[05:14:08]   candidate upload_id=61e778f24b8fd url=https://prehraj.to/jai-bhim-2021-cztitulky/61e778f24b8fd
[05:14:09]   resolved in 1.0s → 720p (https://pf-storage2.premiumcdn.net/28509261/2xWI8bh6nsbKu0WUkGSzGhblfM9CBjUqMi1k…)
[05:16:06]   downloaded 3,299.1 MB in 115.3s (28.6 MB/s)
[05:18:34]   upload done video_id=26069107 in 147.5s
[05:18:35] film cr_film_id=31195 OK in 266.9s
[05:18:35] batch-end ok=19 failed=1 dur=3101.2s avg/film=163.2s remaining=9050 eta_hours=410.3

===== run 2026-06-18T05:40:01Z shard=1/2 batch_size=20 (https://github.com/Olbrasoft/prehrajto-to-prehrajto/actions/runs/27739221370) =====
[05:40:02] batch-start shard=1/2 count=20 backlog=10210 uploads=1160 failed_attempts=57 description_overrides=0
[05:40:02] login
[05:40:04] login done
[05:40:04] iteration 1/20
[05:40:04] film cr_film_id=19843 name='Injil (2021) CZ Titulky' candidates=1
[05:40:04]   candidate upload_id=62f6fa5e0a2af url=https://prehraj.to/injil-2021-cztitulky/62f6fa5e0a2af
[05:40:05]   resolved in 1.0s → 720p (https://pf-storage3.premiumcdn.net/32075791/WNzta2u6LiDrCvpUx1coOuL6uzPhORi2KTPY…)
[05:40:58]   downloaded 1,491.0 MB in 52.2s (28.6 MB/s)
[05:42:11]   upload done video_id=26069658 in 72.3s
[05:42:12] film cr_film_id=19843 OK in 128.4s
[05:42:12] iteration 2/20
[05:42:12] film cr_film_id=14233 name='Ida Red (2021) CZ Titulky' candidates=1
[05:42:12]   candidate upload_id=496601d37e7e06f0 url=https://prehraj.to/ida-red-2021-cz-titulky-mp4/496601d37e7e06f0
[05:42:13]   resolve FAILED: HTTP 502 wrapping permanent upstream error: https://prehraj.to/ida-red-2021-cz-titulky-mp4/496601d37e7e06f0 (permanent=True)
[05:42:13] film cr_film_id=14233 all candidates exhausted
[05:42:13] iteration 3/20
[05:42:13] film cr_film_id=34051 name='I Am Mortal (2021) CZ Titulky' candidates=1
[05:42:13]   candidate upload_id=63e10570ab4f2 url=https://prehraj.to/i-am-mortal-2022-cely-film-cz-titulky/63e10570ab4f2
[05:42:19]   resolved in 6.0s → 480p (https://pf-storage4.premiumcdn.net/37110172/8PgsLkUkwhWyFDEuJPFV0UY9IkohGQUDlU84…)
[05:42:41]   downloaded 545.6 MB in 20.6s (26.5 MB/s)
[05:43:03]   upload done video_id=26069688 in 22.3s
[05:43:04] film cr_film_id=34051 OK in 51.6s
[05:43:04] iteration 4/20
[05:43:04] film cr_film_id=33827 name='Hejno kobylek (2021) CZ Titulky' candidates=2
[05:43:04]   candidate upload_id=610ea6f71cfa9 url=https://prehraj.to/hejno-kobylek-2020-cztitulky/610ea6f71cfa9
[05:43:05]   resolved in 1.0s → 1080p (https://pf-storage3.premiumcdn.net/24541484/eN5uExCAbUKdiYvCGZFa6C6whGKu63sQnu6Y…)
[05:45:02]   downloaded 1,822.5 MB in 115.7s (15.8 MB/s)
[05:46:23]   upload done video_id=26069752 in 80.3s
[05:46:24] film cr_film_id=33827 OK in 199.8s
[05:46:24] iteration 5/20
[05:46:24] film cr_film_id=10429 name='Fortress (2021) CZ Titulky' candidates=3
[05:46:24]   candidate upload_id=6262f5625d067 url=https://prehraj.to/fortress-2021-cztitulky/6262f5625d067
[05:46:25]   resolved in 0.9s → 720p (https://pf-storage3.premiumcdn.net/30566093/5N8F2jU3Wu45up8tAZcgBUJpCG4FYlC6kiqg…)
[05:47:32]   downloaded 1,856.2 MB in 65.6s (28.3 MB/s)
[05:48:49]   upload done video_id=26069809 in 77.0s
[05:48:50] film cr_film_id=10429 OK in 146.3s
[05:48:50] iteration 6/20
[05:48:50] film cr_film_id=31151 name='First Signal (2021) CZ Titulky' candidates=13
[05:48:50]   candidate upload_id=577df121ae4765f4 url=https://prehraj.to/first-signal-2021-cz-titulky-1080p/577df121ae4765f4
[05:48:51]   resolved in 1.1s → 720p (https://pf-storage6.premiumcdn.net/169411240/VB3i9QfEpHpLcnyHEXtv1f2BiXDsz8t71ik…)
[05:49:28]   downloaded 961.3 MB in 35.2s (27.3 MB/s)
[05:50:04]   upload done video_id=26069859 in 35.9s
[05:50:05] film cr_film_id=31151 OK in 75.0s
[05:50:05] iteration 7/20
[05:50:05] film cr_film_id=2575 name='Finch (2021) CZ Titulky' candidates=7
[05:50:05]   candidate upload_id=689c525bc7d2f url=https://prehraj.to/finch-2021-cz-titulky-1080p/689c525bc7d2f
[05:50:06]   resolved in 1.1s → 720p (https://pf-storage3.premiumcdn.net/143539010/ABOhXwuroi1mhgeumRsJnuQ4FdZUvrCB4F5…)
[05:51:05]   downloaded 2,045.8 MB in 57.4s (35.6 MB/s)
[05:53:00]   upload done video_id=26069918 in 114.6s
[05:53:01] film cr_film_id=2575 OK in 176.0s
[05:53:01] iteration 8/20
[05:53:01] film cr_film_id=10265 name='Eye Without a Face (2021) CZ Titulky' candidates=5
[05:53:01]   candidate upload_id=6083f7fb99b8d url=https://prehraj.to/oko-bez-tvare-horor-thriller-2020-720p-hdtv-2-0-x264-s-cztitulky-49-sten-ok/6083f7fb99b8d
[05:53:02]   resolved in 0.9s → 720p (https://pf-storage2.premiumcdn.net/23242473/ebyT3DuYqhg2IJQCO8Czou10SA1Hxkszkc7X…)
[05:53:36]   downloaded 871.2 MB in 32.5s (26.8 MB/s)
[05:54:19]   upload done video_id=26070006 in 42.2s
[05:54:20] film cr_film_id=10265 OK in 78.5s
[05:54:20] iteration 9/20
[05:54:20] film cr_film_id=13909 name='Earwig (2021) CZ Titulky' candidates=3
[05:54:20]   candidate upload_id=62f5288a576a6 url=https://prehraj.to/earwig-2021-cz-sub-1080p/62f5288a576a6
[05:54:21]   resolved in 0.9s → 720p (https://pf-storage1.premiumcdn.net/32052184/A6auAxUWBTLkiwoInKHJYUE2HzaTnahEZcX3…)
[05:55:08]   downloaded 1,278.1 MB in 45.6s (28.0 MB/s)
[05:55:55]   upload done video_id=26070051 in 47.1s
[05:55:56] film cr_film_id=13909 OK in 96.4s
[05:55:56] iteration 10/20
[05:55:56] film cr_film_id=29783 name='Dívka ve vlaku (2021) CZ Titulky' candidates=1
[05:55:56]   candidate upload_id=60396e94e5bca url=https://prehraj.to/divka-ve-vlaku-2021-cztitulky/60396e94e5bca
[05:55:57]   resolved in 1.0s → 1080p (https://pf-storage5.premiumcdn.net/22453067/KoRS8GilDhDms1aIkYIyJiKmT1BHpxHy5S3a…)
[05:57:12]   downloaded 2,096.0 MB in 72.7s (28.8 MB/s)
[05:58:46]   upload done video_id=26070111 in 94.5s
