Initial state for filmy.prehrajto@email.cz: 435 preexisting uploads matched from profile export.

===== run 2026-06-16T18:27:31Z shard=0/2 batch_size=20 (https://github.com/Olbrasoft/prehrajto-to-prehrajto/actions/runs/27639113653) =====
[18:27:33] batch-start shard=0/2 count=20 backlog=17650 uploads=435 failed_attempts=0
[18:27:33] login
[18:27:34] login done
[18:27:34] iteration 1/20
[18:27:34] film cr_film_id=6 name='Kmotr (1972) CZ Dabing' candidates=1
[18:27:34]   candidate upload_id=68ca2dcad3b18 url=https://prehraj.to/kmotr-i-marlon-brando-al-pacino-1972-cz-dab/68ca2dcad3b18
[18:27:35]   resolved in 0.9s → 1080p (https://pf-storage3.premiumcdn.net/147138942/M3pFozSxzhqoTj0uEPuNJSGytLacovhj6FV…)
[18:29:30]   downloaded 4,124.6 MB in 113.3s (36.4 MB/s)
[18:32:14]   upload done video_id=26020745 in 164.0s
[18:32:15] film cr_film_id=6 OK in 281.0s
[18:32:15] iteration 2/20
[18:32:15] film cr_film_id=12 name='Schindlerův seznam (1993) CZ Dabing' candidates=12
[18:32:15]   candidate upload_id=68c4528e3b061 url=https://prehraj.to/schindleruv-seznam-1993-drama-uhd-4k-2160p-cz-dabing-by-uploadix/68c4528e3b061
[18:32:16]   resolved in 1.1s → 1080p (https://pf-storage4.premiumcdn.net/146374434/dmQi6YU8MCPKFxZslQTPKU0guMZColfXocK…)
[18:34:34]   downloaded 4,980.2 MB in 136.8s (36.4 MB/s)
[18:37:38]   upload done video_id=26020868 in 183.2s
[18:37:39] film cr_film_id=12 OK in 324.0s
[18:37:39] iteration 3/20
[18:37:39] film cr_film_id=18 name='Hodný, zlý a ošklivý (1966) CZ Dabing' candidates=7
[18:37:39]   candidate upload_id=57754e6628e33 url=https://prehraj.to/dobry-zly-a-skaredy-1966-cz-dabing/57754e6628e33
[18:37:40]   resolved in 0.9s → 480p (https://pf-storage2.premiumcdn.net/227971/wr4S9rTz3FdKsmJf82F3wTojtZ0SK7C2dUwaHG…)
[18:38:12]   downloaded 856.3 MB in 30.6s (28.0 MB/s)
[18:38:55]   upload done video_id=26020941 in 43.2s
[18:38:56] film cr_film_id=18 OK in 77.5s
[18:38:56] iteration 4/20
[18:38:56] film cr_film_id=20 name='Pán prstenů: Dvě věže (2002) CZ Dabing' candidates=51
[18:38:56]   candidate upload_id=5c15893430588 url=https://prehraj.to/pan-prstenov-2-dve-veze-2002-hdrip-cz-dabing-m3/5c15893430588
[18:38:58]   resolved in 2.0s → 480p (https://pf-storage3.premiumcdn.net/9527444/76XhGOHDRsqQCGnTBaHOjHbjUjGsnXTBKh6Ac…)
[18:56:25]   downloaded 948.8 MB in 1044.7s (0.9 MB/s)
[18:57:00]   upload done video_id=26021481 in 35.1s
[18:57:01] film cr_film_id=20 OK in 1084.4s
[18:57:01] iteration 5/20
[18:57:01] film cr_film_id=24 name='Počátek (2010) CZ Dabing' candidates=10
[18:57:01]   candidate upload_id=67359ff6e90f6 url=https://prehraj.to/pocatek-2010-cz-dab/67359ff6e90f6
[18:57:03]   resolved in 2.4s → 720p (https://pf-storage5.premiumcdn.net/105675671/7oqudOFgXsEGs9WiMxTnLFVMcVRso2fdmUq…)
[18:58:22]   downloaded 2,390.6 MB in 76.8s (31.1 MB/s)
[18:59:46]   upload done video_id=26021528 in 84.4s
[18:59:47] film cr_film_id=24 OK in 166.5s
[18:59:47] iteration 6/20
[18:59:47] film cr_film_id=26 name='Matrix (1999) CZ Dabing' candidates=5
[18:59:47]   candidate upload_id=68e41ad579fd1 url=https://prehraj.to/matrix-1-1999-cz-dabing-2160p-ultra-hd-4k/68e41ad579fd1
[18:59:48]   resolve FAILED: HTTP 502 wrapping permanent upstream error: https://prehraj.to/matrix-1-1999-cz-dabing-2160p-ultra-hd-4k/68e41ad579fd1 (permanent=True)
[18:59:48]   candidate upload_id=23840d259620257e url=https://prehraj.to/matrix-1-1999-cz-dabing-2160p-ultra-hd-4k-mp4/23840d259620257e
[18:59:54]   resolve FAILED: HTTP 502 wrapping permanent upstream error: https://prehraj.to/matrix-1-1999-cz-dabing-2160p-ultra-hd-4k-mp4/23840d259620257e (permanent=True)
[18:59:54]   candidate upload_id=681feffa2fda6 url=https://prehraj.to/matrix-1999-cz-dab/681feffa2fda6
[19:00:00]   resolved in 6.1s → 720p (https://pf-storage1.premiumcdn.net/137720105/qmqu2qUl2hWYiYwU9mSWDUqrCRwFOVsx4Ce…)
[19:00:52]   downloaded 1,810.7 MB in 50.9s (35.6 MB/s)
[19:02:02]   upload done video_id=26021596 in 70.3s
[19:02:04] film cr_film_id=26 OK in 136.3s
[19:02:04] iteration 7/20
[19:02:04] film cr_film_id=28 name='Interstellar (2014) CZ Dabing' candidates=7
[19:02:04]   candidate upload_id=9f959efe0b1681b8 url=https://prehraj.to/interstellar-2014-en-cz-dabing-uhdrdv-mkv/9f959efe0b1681b8
[19:02:05]   resolved in 1.1s → 1080p (https://pf-storage1.premiumcdn.net/155244444/J4oIwvTeAHJ5F4wh3Xse4T4WfxKF1ehK3tg…)
[19:04:01]   downloaded 3,161.6 MB in 115.1s (27.5 MB/s)
[19:06:25]   upload done video_id=26021663 in 143.4s
[19:06:26] film cr_film_id=28 OK in 262.6s
[19:06:26] iteration 8/20
[19:06:26] film cr_film_id=30 name='Impérium vrací úder (1980) CZ Dabing' candidates=4
[19:06:26]   candidate upload_id=548610fa305a12de url=https://prehraj.to/star-wars-epizoda-v-imperium-vraci-uder-1980-cz-dab-1080p/548610fa305a12de
[19:06:27]   resolved in 0.9s → 720p (https://pf-storage3.premiumcdn.net/168185431/YBDHZ2faYtdQSBXtaMueLfbVS6mcL3TlRTX…)
[19:07:28]   downloaded 2,148.3 MB in 59.6s (36.0 MB/s)
[19:08:48]   upload done video_id=26021722 in 79.5s
[19:08:49] film cr_film_id=30 OK in 143.0s
[19:08:49] iteration 9/20
[19:08:49] film cr_film_id=36 name='Mlčení jehňátek (1991) CZ Dabing' candidates=6
[19:08:49]   candidate upload_id=56d028ae5ce5d url=https://prehraj.to/mlceni-jehnatek-1991-cz-dabing/56d028ae5ce5d
[19:08:50]   resolved in 1.1s → 480p (https://pf-storage5.premiumcdn.net/35727/OApI2efWgT2XcRMhXqC64fmGT75hJ0UWlSjLhKX…)
[19:10:43]   downloaded 534.0 MB in 111.6s (4.8 MB/s)
[19:11:12]   upload done video_id=26021787 in 28.4s
[19:11:13] film cr_film_id=36 OK in 143.6s
[19:11:13] iteration 10/20
[19:11:13] film cr_film_id=40 name='Terminátor 2: Den zúčtování (1991) CZ Dabing' candidates=24
[19:11:13]   candidate upload_id=68a2689b5a5cb url=https://prehraj.to/terminator-2-den-zuctovani-1991-1080p-cz-dab/68a2689b5a5cb
[19:11:14]   resolved in 1.1s → 720p (https://pf-storage3.premiumcdn.net/143844474/qpnhZ9ubeTNEFq3i8xTgruvpT1Ai8Gh5Kh1…)
[19:13:29]   downloaded 3,972.0 MB in 133.8s (29.7 MB/s)
[19:16:16]   upload done video_id=26021847 in 166.5s
[19:16:17] film cr_film_id=40 OK in 304.5s
[19:16:17] iteration 11/20
[19:16:17] film cr_film_id=42 name='Zelená míle (1999) CZ Dabing' candidates=52
[19:16:17]   candidate upload_id=6014e0e4b8490 url=https://prehraj.to/zelena-mile-1080p-bluray-x264-cz-dab-1999/6014e0e4b8490
[19:16:18]   resolved in 1.1s → 720p (https://pf-storage5.premiumcdn.net/21856569/2vKhp4fDpCyacNluMpUNRfQpSB7SkAIeEueM…)
[19:17:44]   downloaded 2,512.3 MB in 84.4s (29.8 MB/s)
[19:19:16]   upload done video_id=26021970 in 91.3s
[19:19:17] film cr_film_id=42 OK in 179.6s
[19:19:17] iteration 12/20
[19:19:17] film cr_film_id=44 name='Hvězdné války (1977) CZ Dabing' candidates=5
[19:19:17]   candidate upload_id=d20768ea6aee40d7 url=https://prehraj.to/star-wars-4-nova-nadeje-1977-cz-dab-televizni/d20768ea6aee40d7
[19:19:18]   resolved in 1.1s → 480p (https://pf-storage5.premiumcdn.net/168423898/0BaiXPS3DI8rfzqfN4i8aSP7hQPHOPhdpUZ…)
[19:19:39]   downloaded 640.7 MB in 19.5s (32.9 MB/s)
[19:20:06]   upload done video_id=26022014 in 27.4s
[19:20:07] film cr_film_id=44 OK in 50.5s
[19:20:07] iteration 13/20
[19:20:07] film cr_film_id=46 name='Město bohů (2002) CZ Dabing' candidates=2
[19:20:07]   candidate upload_id=57756abcb4eae url=https://prehraj.to/mesto-bohov-2002-cz-dabing/57756abcb4eae
[19:20:08]   resolved in 0.7s → 480p (https://pf-storage5.premiumcdn.net/150612/kZQSByF0ySpjslvUaoIKNFabuD6UaxUw1f7ESv…)
[19:44:55]   downloaded 1,410.4 MB in 1486.3s (0.9 MB/s)
[19:45:56]   upload done video_id=26022490 in 60.5s
[19:45:57] film cr_film_id=46 OK in 1549.9s
[19:45:57] iteration 14/20
[19:45:57] film cr_film_id=50 name='Obvyklí podezřelí (1995) CZ Dabing' candidates=9
[19:45:57]   candidate upload_id=6645483717d78 url=https://prehraj.to/obvykli-podezreli-the-usual-suspects-1995-1080p-bluray-x264-aac-5-1-cz-en-en-a-cz-dabing/6645483717d78
[19:45:58]   resolved in 1.0s → 1080p (https://pf-storage5.premiumcdn.net/77369168/JWlfEgF3PSVLIXBTwvTbvFpnIMqIXMun2ubJ…)
[19:47:24]   downloaded 3,062.2 MB in 84.2s (36.4 MB/s)
[19:49:14]   upload done video_id=26022517 in 110.2s
[19:49:15] film cr_film_id=50 OK in 197.8s
[19:49:15] iteration 15/20
[19:49:15] film cr_film_id=52 name='Návrat do budoucnosti (1985) CZ Dabing' candidates=13
[19:49:15]   candidate upload_id=5c71ef7275329 url=https://prehraj.to/navrat-do-budoucnosti-1-digitalne-remastrovane-2x-cz-dabing-dlouhy-vhs-dolansky-nova-1985-1080p/5c71ef7275329
[19:49:16]   resolved in 1.0s → 720p (https://pf-storage1.premiumcdn.net/12107335/W9DHPkFkWtL2TNdSQ3c3vFrdceZhGJIm9fXL…)
[19:50:20]   downloaded 2,185.1 MB in 62.2s (35.1 MB/s)
[19:52:21]   upload done video_id=26022550 in 121.0s
[19:52:22] film cr_film_id=52 OK in 186.9s
[19:52:22] iteration 16/20
[19:52:22] film cr_film_id=54 name='Skrytá identita (2006) CZ Dabing' candidates=7
[19:52:22]   candidate upload_id=561147880040d url=https://prehraj.to/skryta-identita-departed-the-2006-cz-dabing-top-hit-old/561147880040d
[19:52:23]   resolved in 1.0s → 480p (https://pf-storage2.premiumcdn.net/394299/NpXuX6TBrfEKFzQCqvHzWTzDc05Cg4hvduwRSY…)
[19:52:51]   downloaded 569.6 MB in 26.3s (21.7 MB/s)
[19:53:23]   upload done video_id=26022577 in 31.9s
[19:53:24] film cr_film_id=54 OK in 62.1s
[19:53:24] iteration 17/20
[19:53:24] film cr_film_id=56 name='Parazit (2019) CZ Dabing' candidates=1
[19:53:24]   candidate upload_id=67356f5258526 url=https://prehraj.to/parazit-2019-cz-dab/67356f5258526
[19:53:25]   resolved in 1.0s → 720p (https://pf-storage1.premiumcdn.net/105672488/1DvuPLTw5t0RsEyUkvcWpTmLcK7FywiWVCq…)
[19:54:11]   downloaded 1,079.1 MB in 44.4s (24.3 MB/s)
[19:54:56]   upload done video_id=26022589 in 45.0s
[19:54:57] film cr_film_id=56 OK in 93.1s
[19:54:57] iteration 18/20
[19:54:57] film cr_film_id=62 name='Casablanca (1942) CZ' candidates=2
[19:54:57]   candidate upload_id=5a3a0ae8478d9 url=https://prehraj.to/casablanca-1942-cz-barevna-verze-drama-romanticky-valecny/5a3a0ae8478d9
[19:54:58]   resolved in 1.2s → 480p (https://pf-storage1.premiumcdn.net/3153947/aEpU78iqOtywT4Jfaes0NiNdSRwh2wI4oSDVC…)
[19:55:32]   downloaded 1,117.5 MB in 32.5s (34.4 MB/s)
[19:56:17]   upload done video_id=26022607 in 45.1s
[19:56:18] film cr_film_id=62 OK in 80.9s
[19:56:18] iteration 19/20
[19:56:18] film cr_film_id=66 name='Whiplash (2014) CZ Dabing' candidates=15
[19:56:18]   candidate upload_id=68be0126cc861 url=https://prehraj.to/whiplash-2014-cz-dabing-1080p-full-hd/68be0126cc861
[19:56:21]   resolved in 2.4s → 1080p (https://pf-storage1.premiumcdn.net/145726605/Z74SQpF1bh7GH14h92t9bFpGT8khpJiJafn…)
[19:57:15]   downloaded 1,827.8 MB in 52.5s (34.8 MB/s)
[19:58:18]   upload done video_id=26022634 in 63.6s
[19:58:19] film cr_film_id=66 OK in 121.3s
[19:58:19] iteration 20/20
[19:58:19] film cr_film_id=68 name='Nespoutaný Django (2012) CZ Dabing' candidates=9
[19:58:19]   candidate upload_id=416713c134ce1c58 url=https://prehraj.to/nespoutany-django-2012-cz-dab-720p/416713c134ce1c58
[19:58:21]   resolved in 1.1s → 480p (https://pf-storage5.premiumcdn.net/167065595/9Zmt3bTavs3zT5RCxEfV6TZMsvzI8AtyAsJ…)
[19:59:04]   downloaded 1,486.3 MB in 42.5s (35.0 MB/s)
[19:59:59]   upload done video_id=26022662 in 55.0s
[20:00:01] film cr_film_id=68 OK in 101.2s
[20:00:01] batch-end ok=20 failed=0 dur=5546.8s avg/film=277.3s remaining=17195 eta_hours=1324.5

===== run 2026-06-16T20:28:08Z shard=0/2 batch_size=20 (https://github.com/Olbrasoft/prehrajto-to-prehrajto/actions/runs/27645991513) =====
[20:28:10] description overrides loaded: 65 from /home/runner/work/prehrajto-to-prehrajto/prehrajto-to-prehrajto/state/email-generated-descriptions-v3.jsonl
[20:28:10] batch-start shard=0/2 count=20 backlog=17650 uploads=455 failed_attempts=2 description_overrides=65
[20:28:10] login
[20:28:11] login done
[20:28:11] iteration 1/20
[20:28:11] film cr_film_id=70 name='Gladiátor (2000) CZ Dabing' candidates=6
[20:28:11]   candidate upload_id=d72ae473735232cd url=https://prehraj.to/gladiator-2000-cz-dab-1080p/d72ae473735232cd
[20:28:13]   resolved in 2.0s → 1080p (https://pf-storage3.premiumcdn.net/162062453/1zrIxRF9nhyJf3Bt15c9XFlaTLlflnualH4…)
[20:31:14]   downloaded 5,734.3 MB in 179.3s (32.0 MB/s)
[20:35:20]   upload done video_id=26023068 in 245.9s
[20:35:21] film cr_film_id=70 OK in 430.1s
[20:35:21] iteration 2/20
[20:35:21] film cr_film_id=72 name='Přísahám, že za to nemůžu (2025) CZ' candidates=1
[20:35:21]   candidate upload_id=b13224e4c3bb6f36 url=https://prehraj.to/prisaham-ze-za-to-nemuzu-2025-cz-top-kvalita-mp4/b13224e4c3bb6f36
[20:35:22]   resolve FAILED: HTTP 502 wrapping permanent upstream error: https://prehraj.to/prisaham-ze-za-to-nemuzu-2025-cz-top-kvalita-mp4/b13224e4c3bb6f36 (permanent=True)
[20:35:22] film cr_film_id=72 all candidates exhausted
[20:35:22] iteration 3/20
[20:35:22] film cr_film_id=76 name='Memento (2000) CZ Dabing' candidates=8
[20:35:22]   candidate upload_id=65fe19462f970 url=https://prehraj.to/memento-memento-memento-2000-cz-dabing-full-hd-1080p-bluray/65fe19462f970
[20:35:28]   resolved in 6.0s → 720p (https://pf-storage5.premiumcdn.net/75059918/LjZcrwHQMTMGcEpFzEI1lHY7c1PsEPt7VcG1…)
[20:44:56]   downloaded 1,982.4 MB in 567.4s (3.5 MB/s)
[20:47:21]   upload done video_id=26023232 in 144.1s
[20:47:22] film cr_film_id=76 OK in 720.4s
[20:47:22] iteration 4/20
[20:47:22] film cr_film_id=82 name='Osvícení (1980) CZ Dabing' candidates=21
[20:47:22]   candidate upload_id=604954bbc31ab url=https://prehraj.to/osviceni-2-cast-1997-czdab/604954bbc31ab
[20:47:23]   resolved in 0.9s → 480p (https://pf-storage5.premiumcdn.net/22616876/7W5hoET3xSAJT1wiQ8SaxTY8UdWIz0cWxCoN…)
[20:47:39]   downloaded 407.0 MB in 14.8s (27.5 MB/s)
[20:47:58]   upload done video_id=26023262 in 18.7s
[20:47:59] film cr_film_id=82 OK in 37.0s
[20:47:59] iteration 5/20
[20:47:59] film cr_film_id=84 name='Spider-Man: Paralelní světy (2018) CZ Dabing' candidates=5
[20:47:59]   candidate upload_id=dcdbdc0a9cba0477 url=https://prehraj.to/spider-man-paralelni-svety-2018-cz-dab-1080p/dcdbdc0a9cba0477
[20:48:00]   resolve FAILED: HTTP 502 wrapping permanent upstream error: https://prehraj.to/spider-man-paralelni-svety-2018-cz-dab-1080p/dcdbdc0a9cba0477 (permanent=True)
[20:48:00]   candidate upload_id=616446701976c url=https://prehraj.to/spiderman-paralelni-svety-2018-cz-dabing-animovany/616446701976c
[20:48:06]   resolved in 6.1s → 480p (https://pf-storage5.premiumcdn.net/25429610/KKGSBEi0zSKwIJzUd8UoeiJOh7DS7ecGRsr7…)
[20:49:12]   downloaded 1,962.2 MB in 64.4s (30.5 MB/s)
[20:50:57]   upload done video_id=26023272 in 105.6s
[20:50:58] film cr_film_id=84 OK in 179.3s
[20:50:58] iteration 6/20
[20:50:58] film cr_film_id=86 name='Coco (2017) CZ Dabing' candidates=14
[20:50:58]   candidate upload_id=90dbfde52c3c9a80 url=https://prehraj.to/coco-2017-1080p-dd5-1-x264-en-sk-cz-dabing/90dbfde52c3c9a80
[20:50:59]   resolved in 0.8s → 720p (https://pf-storage1.premiumcdn.net/155738114/0AQHB7IDxTQGt8zFLYSAzIr5iK4SxJsAnCB…)
[20:52:26]   downloaded 2,421.6 MB in 86.1s (28.1 MB/s)
[20:54:28]   upload done video_id=26023313 in 121.9s
[20:54:30] film cr_film_id=86 OK in 211.5s
[20:54:30] iteration 7/20
[20:54:30] film cr_film_id=90 name='Hanebný pancharti (2009) CZ Dabing' candidates=23
[20:54:30]   candidate upload_id=ba8019d466a01710 url=https://prehraj.to/hanebny-pancharti-2009-cz-dabing-1080p/ba8019d466a01710
[20:54:31]   resolved in 1.1s → 1080p (https://pf-storage3.premiumcdn.net/165091451/OawcK3uDLH2Zfp3Fv3fl9u0Ki67F54cA7U2…)
[20:55:47]   downloaded 2,348.3 MB in 74.6s (31.5 MB/s)
[20:57:49]   upload done video_id=26023377 in 122.2s
[20:57:50] film cr_film_id=90 OK in 200.4s
[20:57:50] iteration 8/20
[20:57:50] film cr_film_id=92 name='Indiana Jones a Dobyvatelé ztracené archy (1981) CZ Dabing' candidates=4
[20:57:50]   candidate upload_id=547f096430d72a1b url=https://prehraj.to/indiana-jones-a-dobyvatele-ztracene-archy-1981-cz-dab-1080p-puvodni-kinodabing/547f096430d72a1b
[20:57:51]   resolve FAILED: HTTP 502 wrapping permanent upstream error: https://prehraj.to/indiana-jones-a-dobyvatele-ztracene-archy-1981-cz-dab-1080p-puvodni-kinodabing/547f096430d72a1b (permanent=True)
[20:57:51]   candidate upload_id=a0f700d04217ba5c url=https://prehraj.to/indiana-jones-a-dobyvatele-ztracene-archy-1981-cz-dab-1080p-puvodni-kinodabing-mp4/a0f700d04217ba5c
[20:57:57]   resolve FAILED: HTTP 502 wrapping permanent upstream error: https://prehraj.to/indiana-jones-a-dobyvatele-ztracene-archy-1981-cz-dab-1080p-puvodni-kinodabing-mp4/a0f700d04217ba5c (permanent=True)
[20:57:57]   candidate upload_id=68fe693f75a3d url=https://prehraj.to/dobyvatele-ztracene-archy-raiders-of-the-lost-ark-1981-1-dabing-1985-2-dabing-1993-3-dabing-2002-puvodni-zneni-uvodni-ceske-titulky/68fe693f75a3d
[20:58:02]   resolve FAILED: HTTP 502 wrapping permanent upstream error: https://prehraj.to/dobyvatele-ztracene-archy-raiders-of-the-lost-ark-1981-1-dabing-1985-2-dabing-1993-3-dabing-2002-puvodni-zneni-uvodni-ceske-titulky/68fe693f75a3d (permanent=True)
[20:58:02]   candidate upload_id=418abf81d5a84fa0 url=https://prehraj.to/dobyvatele-ztracene-archy-raiders-of-the-lost-ark-1981-mp4/418abf81d5a84fa0
[20:58:08]   resolved in 5.9s → 720p (https://pf-storage4.premiumcdn.net/166211507/ZGqSBqFLjSPkHBjur6t2kFOGC8dCQKuV5Fx…)
[20:59:03]   downloaded 1,632.3 MB in 53.9s (30.3 MB/s)
[21:00:12]   upload done video_id=26023442 in 69.0s
[21:00:13] film cr_film_id=92 OK in 143.2s
[21:00:13] iteration 9/20
[21:00:13] film cr_film_id=94 name='Temný rytíř povstal (2012) CZ Dabing' candidates=29
[21:00:13]   candidate upload_id=5c5372afd71f0 url=https://prehraj.to/temny-rytir-povstal-2012-hdrip-cz-dabing-m3/5c5372afd71f0
[21:00:16]   resolved in 2.5s → 480p (https://pf-storage5.premiumcdn.net/11515789/394uwWHrAi5aS4lIVjC7VHMOCO2hDjtwLIw3…)
[21:01:10]   downloaded 1,319.1 MB in 52.9s (24.9 MB/s)
[21:02:12]   upload done video_id=26023493 in 61.9s
[21:02:13] film cr_film_id=94 OK in 119.8s
[21:02:13] iteration 10/20
[21:02:13] film cr_film_id=100 name='Old Boy (2003) CZ Dabing' candidates=5
[21:02:13]   candidate upload_id=5a7adb344ea43 url=https://prehraj.to/old-boy-2003-cz-dabing/5a7adb344ea43
[21:02:14]   resolved in 1.1s → 480p (https://pf-storage5.premiumcdn.net/3370910/JkDcqJiK2UywCbGuOPH9Xi5DcAxh35FnQhRaF…)
[21:02:33]   downloaded 476.0 MB in 17.1s (27.8 MB/s)
[21:03:00]   upload done video_id=26023531 in 26.3s
[21:03:01] film cr_film_id=100 OK in 47.9s
[21:03:01] iteration 11/20
[21:03:01] film cr_film_id=104 name='Hamilton (2020) CZ Dabing' candidates=5
[21:03:01]   candidate upload_id=58763ce7e01d9 url=https://prehraj.to/hamilton-v-zajmu-statu-cz-dabing-mp4/58763ce7e01d9
[21:03:02]   resolved in 1.1s → 480p (https://pf-storage2.premiumcdn.net/1424188/MdyuEGi2xiy3HoRhYVFlOiyRcwdCOktA3uRxu…)
[21:03:34]   downloaded 733.5 MB in 30.6s (24.0 MB/s)
[21:04:08]   upload done video_id=26023558 in 33.0s
[21:04:09] film cr_film_id=104 OK in 67.8s
[21:04:09] iteration 12/20
[21:04:09] film cr_film_id=106 name='Toy Story 3: Příběh hraček (2010) CZ Dabing' candidates=17
[21:04:09]   candidate upload_id=592d1ce2e2dc5 url=https://prehraj.to/toy-story-pribeh-hracek-3-2010-cz-dabing/592d1ce2e2dc5
[21:04:10]   resolved in 0.8s → 480p (https://pf-storage2.premiumcdn.net/2277809/jAzcPyUz1sgGIVRTnWSrNUw7HPghbwCNVFOyH…)
[21:04:42]   downloaded 877.2 MB in 31.0s (28.3 MB/s)
[21:05:35]   upload done video_id=26023587 in 53.3s
[21:05:37] film cr_film_id=106 OK in 87.9s
[21:05:37] iteration 13/20
[21:05:37] film cr_film_id=108 name='Zjizvená tvář (1983) CZ Dabing' candidates=9
[21:05:37]   candidate upload_id=6817552c0fdb9 url=https://prehraj.to/zjizvena-tvar-1983-cz-dab/6817552c0fdb9
[21:05:38]   resolved in 0.9s → 480p (https://pf-storage3.premiumcdn.net/137127110/RLKc0JIx3UX0uOZU3zT1NId9uZDCPeC4PC3…)
[21:06:09]   downloaded 722.0 MB in 29.3s (24.6 MB/s)
[21:06:59]   upload done video_id=26023620 in 50.5s
[21:07:00] film cr_film_id=108 OK in 83.4s
[21:07:00] iteration 14/20
[21:07:00] film cr_film_id=114 name='Vzhůru do oblak (2009) CZ Dabing' candidates=21
[21:07:00]   candidate upload_id=590f0a58ae2f6 url=https://prehraj.to/vzhuru-do-oblak-2009-czdab/590f0a58ae2f6
[21:07:01]   resolved in 1.1s → 480p (https://pf-storage4.premiumcdn.net/2149560/NwKsqrhweSa6SOnS7DUDrhKgcD3ujKi59F02f…)
[21:07:30]   downloaded 649.1 MB in 27.6s (23.5 MB/s)
[21:08:09]   upload done video_id=26023664 in 38.9s
[21:08:11] film cr_film_id=114 OK in 70.5s
[21:08:11] iteration 15/20
[21:08:11] film cr_film_id=116 name='2001: Vesmírná Odysea (1968) CZ Dabing' candidates=20
[21:08:11]   candidate upload_id=5c2feede0ad03 url=https://prehraj.to/vesmirna-odysea-2001-cz-dabing/5c2feede0ad03
[21:08:12]   resolved in 1.0s → 480p (https://pf-storage1.premiumcdn.net/10479620/09PfRbH8GC1vforIpRcgbHKmTgbu0XCZvTQv…)
[21:08:35]   downloaded 617.6 MB in 21.6s (28.6 MB/s)
[21:09:01]   upload done video_id=26023688 in 26.9s
[21:09:03] film cr_film_id=116 OK in 52.1s
[21:09:03] iteration 16/20
[21:09:03] film cr_film_id=118 name='Statečné srdce (1995) CZ Dabing' candidates=5
[21:09:03]   candidate upload_id=dac111a1ff0955bb url=https://prehraj.to/statecne-srdce-1995-historicke-drama-usa-mel-gibson-cz-dabing-rafikky/dac111a1ff0955bb
[21:09:04]   resolved in 1.3s → 1080p (https://pf-storage4.premiumcdn.net/166936184/zGgiwXu7GIyXHPWIvDfXwuaDTnYfY6FAwSO…)
[21:16:13]   downloaded 5,990.5 MB in 427.5s (14.0 MB/s)
[21:20:50]   upload done video_id=26023831 in 277.6s
[21:20:52] film cr_film_id=118 OK in 708.8s
[21:20:52] iteration 17/20
[21:20:52] film cr_film_id=120 name='Toy Story: Příběh hraček (1995) CZ Dabing' candidates=2
[21:20:52]   candidate upload_id=b940971c3e5835b0 url=https://prehraj.to/toy-story-pribeh-hracek-1995-cz-dab-1080p/b940971c3e5835b0
[21:20:53]   resolve FAILED: HTTP 502 wrapping permanent upstream error: https://prehraj.to/toy-story-pribeh-hracek-1995-cz-dab-1080p/b940971c3e5835b0 (permanent=True)
[21:20:53]   candidate upload_id=73e35f7f574475ad url=https://prehraj.to/pribeh-hracek-1995/73e35f7f574475ad
[21:20:59]   resolved in 6.2s → 1080p (https://pf-storage1.premiumcdn.net/168192442/MJatk6SmGUlNIYOSqpsgASrlfMJCPJU10cb…)
[21:22:27]   downloaded 2,559.2 MB in 87.1s (29.4 MB/s)
[21:24:23]   upload done video_id=26023954 in 115.5s
[21:24:24] film cr_film_id=120 OK in 212.4s
[21:24:24] iteration 18/20
[21:24:24] film cr_film_id=124 name='Tenkrát v Americe (1984) CZ Dabing' candidates=12
[21:24:24]   candidate upload_id=5b96c3cd6561a url=https://prehraj.to/tenkrat-v-americe-1984-cz-dabing/5b96c3cd6561a
[21:24:25]   resolved in 1.0s → 480p (https://pf-storage5.premiumcdn.net/6065971/wYpFL4fK6IWKipnHE6T6DfqPTvzs5gHrPtgBC…)
[21:25:14]   downloaded 1,237.4 MB in 47.7s (25.9 MB/s)
[21:26:17]   upload done video_id=26024007 in 62.3s
[21:26:18] film cr_film_id=124 OK in 114.1s
[21:26:18] iteration 19/20
[21:26:18] film cr_film_id=126 name='Věčný svit neposkvrněné mysli (2004) CZ' candidates=2
[21:26:18]   candidate upload_id=66510239d09a6 url=https://prehraj.to/vecny-svit-neposkvrnene-mysli-2004-cz-1080p/66510239d09a6
[21:26:19]   resolved in 0.9s → 720p (https://pf-storage5.premiumcdn.net/77650382/Pz8SqnH2PHVNIjwf3rto3HzlC74hlxTknIO8…)
[21:27:30]   downloaded 1,373.0 MB in 69.8s (19.7 MB/s)
[21:28:31]   upload done video_id=26024048 in 61.1s
[21:28:33] film cr_film_id=126 OK in 134.5s
[21:28:33] iteration 20/20
[21:28:33] film cr_film_id=128 name='Pro pár dolarů navíc (1965) CZ Dabing' candidates=5
[21:28:33]   candidate upload_id=5828b0339eece url=https://prehraj.to/pro-par-dolaru-navic-cz-dabing-1965-by-kamer/5828b0339eece
[21:28:34]   resolved in 1.1s → 480p (https://pf-storage2.premiumcdn.net/860633/2JZuDxUV2I5rCkws3kt47UBlH8VIx5cnwFQzfD…)
[21:29:02]   downloaded 753.6 MB in 26.9s (28.0 MB/s)
[21:29:34]   upload done video_id=26024068 in 32.1s
[21:29:35] film cr_film_id=128 OK in 62.5s
[21:29:35] batch-end ok=19 failed=1 dur=3684.1s avg/film=193.9s remaining=17176 eta_hours=925.1

===== run 2026-06-16T21:30:15Z shard=0/2 batch_size=20 (https://github.com/Olbrasoft/prehrajto-to-prehrajto/actions/runs/27649424590) =====
[21:30:16] description overrides loaded: 65 from /home/runner/work/prehrajto-to-prehrajto/prehrajto-to-prehrajto/state/email-generated-descriptions-v3.jsonl
[21:30:16] batch-start shard=0/2 count=20 backlog=17650 uploads=474 failed_attempts=8 description_overrides=65
[21:30:16] login
[21:30:18] login done
[21:30:18] iteration 1/20
[21:30:18] film cr_film_id=130 name='Rozzum v divočině (2024) CZ Dabing' candidates=4
[21:30:18]   candidate upload_id=0183b84db1a8bfa7 url=https://prehraj.to/rozum-v-divocine-2024-cz-dabing-1080p-top/0183b84db1a8bfa7
[21:30:18]   resolve FAILED: HTTP 502 wrapping permanent upstream error: https://prehraj.to/rozum-v-divocine-2024-cz-dabing-1080p-top/0183b84db1a8bfa7 (permanent=True)
[21:30:18]   candidate upload_id=67192a5b27e59 url=https://prehraj.to/rozzum-v-divocine-2024-4k/67192a5b27e59
[21:30:24]   resolve FAILED: HTTP 502 wrapping permanent upstream error: https://prehraj.to/rozzum-v-divocine-2024-4k/67192a5b27e59 (permanent=True)
[21:30:24]   candidate upload_id=6719263c06ebe url=https://prehraj.to/rozzum-v-divocine-2024-3d/6719263c06ebe
[21:30:30]   resolve FAILED: HTTP 502 wrapping permanent upstream error: https://prehraj.to/rozzum-v-divocine-2024-3d/6719263c06ebe (permanent=True)
[21:30:30]   candidate upload_id=67192e7ad62ca url=https://prehraj.to/rozzum-v-divocine-2024/67192e7ad62ca
[21:30:36]   resolve FAILED: HTTP 502 wrapping permanent upstream error: https://prehraj.to/rozzum-v-divocine-2024/67192e7ad62ca (permanent=True)
[21:30:36] film cr_film_id=130 all candidates exhausted
[21:30:36] iteration 2/20
[21:30:36] film cr_film_id=132 name='Oppenheimer (2023) CZ Dabing' candidates=1
[21:30:36]   candidate upload_id=cf9c122177ba863a url=https://prehraj.to/oppenheimer-cillian-murphy-matt-damon-robert-downey-jr-2023-drama-historicky-zivotopisny-bdrip-1080p-cz-dabing/cf9c122177ba863a
[21:30:41]   resolve FAILED: HTTP 502 wrapping permanent upstream error: https://prehraj.to/oppenheimer-cillian-murphy-matt-damon-robert-downey-jr-2023-drama-historicky-zivotopisny-bdrip-1080p-cz-dabing/cf9c122177ba863a (permanent=True)
[21:30:41] film cr_film_id=132 all candidates exhausted
[21:30:41] iteration 3/20
[21:30:41] film cr_film_id=134 name='Olověná vesta (1987) CZ Dabing' candidates=2
[21:30:41]   candidate upload_id=6219d225ab37e url=https://prehraj.to/olovena-vesta-1987-cz-dabing/6219d225ab37e
[21:30:47]   resolve FAILED: HTTP 502 wrapping permanent upstream error: https://prehraj.to/olovena-vesta-1987-cz-dabing/6219d225ab37e (permanent=True)
[21:30:47]   candidate upload_id=792a2f5f10ca16c6 url=https://prehraj.to/olovena-vesta-full-metal-jacket-1987-1080p-x264-eng-cz-sub-rewoluce/792a2f5f10ca16c6
[21:30:53]   resolve FAILED: HTTP 502 wrapping permanent upstream error: https://prehraj.to/olovena-vesta-full-metal-jacket-1987-1080p-x264-eng-cz-sub-rewoluce/792a2f5f10ca16c6 (permanent=True)
[21:30:53] film cr_film_id=134 all candidates exhausted
[21:30:53] bail-out: 3 consecutive films exhausted (proxy likely down) — stopping batch early
[21:30:53] batch-end ok=0 failed=3 dur=35.0s avg/film=0s remaining=17176 eta_hours=None

===== run 2026-06-16T22:09:21Z shard=0/2 batch_size=20 (https://github.com/Olbrasoft/prehrajto-to-prehrajto/actions/runs/27651402655) =====
[22:09:22] description overrides loaded: 65 from /home/runner/work/prehrajto-to-prehrajto/prehrajto-to-prehrajto/state/email-generated-descriptions-v3.jsonl
[22:09:22] batch-start shard=0/2 count=20 backlog=17650 uploads=474 failed_attempts=15 description_overrides=65
[22:09:22] login
[22:09:24] login done
[22:09:24] iteration 1/20
[22:09:24] film cr_film_id=136 name='Tahle země není pro starý (2007) CZ Dabing' candidates=5
[22:09:24]   candidate upload_id=a9c7d991aa111a89 url=https://prehraj.to/tahle-zeme-neni-pro-stary-no-country-for-old-men-2007-en-cz-dabing-fhdrdv-mkv/a9c7d991aa111a89
[22:09:25]   resolved in 1.2s → 720p (https://pf-storage4.premiumcdn.net/162905135/LY3TLQILYTNeFPVHrEFGgIlXCeruZlHK6f6…)
[22:10:08]   downloaded 1,275.7 MB in 41.6s (30.7 MB/s)
[22:11:29]   upload done video_id=26024681 in 80.9s
[22:11:31] film cr_film_id=136 OK in 126.8s
[22:11:31] iteration 2/20
[22:11:31] film cr_film_id=146 name='1917 (2019) CZ Dabing' candidates=7
[22:11:31]   candidate upload_id=60a20867abeb8 url=https://prehraj.to/1917-2019-1080p-x264-bluray-ac3-cz-dab/60a20867abeb8
[22:11:33]   resolved in 2.2s → 720p (https://pf-storage3.premiumcdn.net/23545770/OJripOhEwTkwF9mIQ1tJOhrgFQMTd9fVMfkY…)
[22:13:02]   downloaded 2,733.4 MB in 87.5s (31.2 MB/s)
[22:14:58]   upload done video_id=26024725 in 116.2s
[22:15:00] film cr_film_id=146 OK in 209.1s
[22:15:00] iteration 3/20
[22:15:00] film cr_film_id=148 name='Prokletý ostrov (2010) CZ Dabing' candidates=1
[22:15:00]   candidate upload_id=0b3cf8200b19c91c url=https://prehraj.to/proklety-ostrov-2010-cz-dab-300p/0b3cf8200b19c91c
[22:15:02]   resolved in 2.1s → 480p (https://pf-storage5.premiumcdn.net/167657669/lx3c3RIAjSdbfMlf6dfE1IL3HdzF8oCDWIQ…)
[22:15:28]   downloaded 722.6 MB in 24.8s (29.1 MB/s)
[22:16:03]   upload done video_id=26024758 in 35.5s
[22:16:05] film cr_film_id=148 OK in 64.7s
[22:16:05] iteration 4/20
[22:16:05] film cr_film_id=150 name='Zelená kniha (2018) CZ Dabing' candidates=4
[22:16:05]   candidate upload_id=66bcaad3d9d18 url=https://prehraj.to/zelena-kniha-2019-cz-dabing/66bcaad3d9d18
[22:16:06]   resolved in 1.3s → 720p (https://pf-storage4.premiumcdn.net/90617897/V4dtKrT5ri8qh4BhRNFzwTeXC0Wh8VH7ntV7…)
[22:17:02]   downloaded 1,667.3 MB in 54.8s (30.4 MB/s)
[22:18:34]   upload done video_id=26024775 in 91.3s
[22:18:35] film cr_film_id=150 OK in 150.3s
[22:18:35] iteration 5/20
[22:18:35] film cr_film_id=158 name='Temple Grandinová (2010) CZ Dabing' candidates=6
[22:18:35]   candidate upload_id=5b25ae0838469 url=https://prehraj.to/temple-grandinova-2010-cz-dabing/5b25ae0838469
[22:18:36]   resolved in 1.0s → 480p (https://pf-storage5.premiumcdn.net/4443621/RLyhzRFDqi7JirvHakIQEFRwSwetkDcD6sP0T…)
[22:19:00]   downloaded 638.3 MB in 22.2s (28.8 MB/s)
[22:19:30]   upload done video_id=26024796 in 30.6s
[22:19:32] film cr_film_id=158 OK in 56.7s
[22:19:32] iteration 6/20
[22:19:32] film cr_film_id=174 name='Jurský park (1993) CZ Dabing' candidates=10
[22:19:32]   candidate upload_id=68d0dd44e084c url=https://prehraj.to/jursky-park-1993-cz-dabing-1080p-hd/68d0dd44e084c
[22:19:33]   resolved in 1.0s → 1080p (https://pf-storage3.premiumcdn.net/147830796/goAceZF70tOoF9WiNLcgDF0rhlNS4xfMWsJ…)
[22:23:17]   downloaded 5,785.7 MB in 222.4s (26.0 MB/s)
[22:27:55]   upload done video_id=26024880 in 278.1s
[22:27:56] film cr_film_id=174 OK in 504.8s
[22:27:56] iteration 7/20
[22:27:56] film cr_film_id=176 name='Věc (1982) CZ Dabing' candidates=10
[22:27:56]   candidate upload_id=635915d3bb622 url=https://prehraj.to/vec-1982-sci-fi-horor-cz-dabing-1080p-abyssx/635915d3bb622
[22:27:58]   resolved in 1.2s → 1080p (https://pf-storage5.premiumcdn.net/34129096/RPmFd7Cz6ir6uEltQehlgC8OTY8fpPIRPcAO…)
[22:29:01]   downloaded 1,494.4 MB in 61.6s (24.3 MB/s)
[22:30:16]   upload done video_id=26024995 in 75.1s
[22:30:17] film cr_film_id=176 OK in 141.0s
[22:30:17] iteration 8/20
[22:30:17] film cr_film_id=178 name='Indiana Jones a Poslední křížová výprava (1989) CZ' candidates=2
[22:30:17]   candidate upload_id=67945b7a20a0c url=https://prehraj.to/posledna-krizova-vyprava-1989/67945b7a20a0c
[22:30:18]   resolved in 1.1s → 1080p (https://pf-storage1.premiumcdn.net/128174792/w0YSk9INlInwhdacOrfgvIBjs6LT3Vtx3Cp…)
[22:33:00]   downloaded 5,133.2 MB in 159.8s (32.1 MB/s)
[22:37:14]   upload done video_id=26025071 in 253.4s
[22:37:15] film cr_film_id=178 OK in 417.4s
[22:37:15] iteration 9/20
[22:37:15] film cr_film_id=180 name='Podfu(c)k (2000) CZ Dabing' candidates=18
[22:37:15]   candidate upload_id=6796c80b65301 url=https://prehraj.to/podfu-c-k-jason-statham-stephen-graham-alan-ford-brad-pitt-2000-komedie-krimi-bdrip-1080p-cz-dabing/6796c80b65301
[22:37:16]   resolved in 1.5s → 720p (https://pf-storage1.premiumcdn.net/128300570/5oAfNQTWVcGzC0Oim6SDoTPqSRzcoquMjtG…)
[22:37:57]   downloaded 1,207.1 MB in 39.4s (30.6 MB/s)
[22:38:59]   upload done video_id=26025180 in 62.0s
[22:39:00] film cr_film_id=180 OK in 105.5s
[22:39:00] iteration 10/20
[22:39:00] film cr_film_id=182 name='Batman začíná (2005) CZ Dabing' candidates=5
[22:39:00]   candidate upload_id=68e515f23151c url=https://prehraj.to/batman-zacina-2005-cz-dabing-1080p/68e515f23151c
[22:39:01]   resolved in 1.2s → 1080p (https://pf-storage5.premiumcdn.net/150285060/Vqvt6WT9EcLJUPMSZofqZTYVIeBCjJfo4Sb…)
[22:41:21]   downloaded 2,769.6 MB in 138.2s (20.0 MB/s)
[22:43:25]   upload done video_id=26025255 in 124.0s
[22:43:27] film cr_film_id=182 OK in 266.3s
[22:43:27] iteration 11/20
[22:43:27] film cr_film_id=184 name='Navždy s vámi (2024) CZ Dabing' candidates=2
[22:43:27]   candidate upload_id=16d765a338597ec3 url=https://prehraj.to/navzdy-s-vami-2024-cz-dabing-1080p-mkv/16d765a338597ec3
[22:43:27]   resolve FAILED: HTTP 502 wrapping permanent upstream error: https://prehraj.to/navzdy-s-vami-2024-cz-dabing-1080p-mkv/16d765a338597ec3 (permanent=True)
[22:43:27]   candidate upload_id=a87c4874ddd8851c url=https://prehraj.to/navzdy-s-vami-2024-cz-dab-1080p/a87c4874ddd8851c
[22:43:33]   resolve FAILED: HTTP 502 wrapping permanent upstream error: https://prehraj.to/navzdy-s-vami-2024-cz-dab-1080p/a87c4874ddd8851c (permanent=True)
[22:43:33] film cr_film_id=184 all candidates exhausted
[22:43:33] iteration 12/20
[22:43:33] film cr_film_id=186 name='Před úsvitem (1995) CZ Dabing' candidates=11
[22:43:33]   candidate upload_id=db1f7e58d0ff37d3 url=https://prehraj.to/pred-usvitem-1995-cz-dab-1080p/db1f7e58d0ff37d3
[22:43:39]   resolved in 6.0s → 720p (https://pf-storage5.premiumcdn.net/167315414/YkYFbEsm3SJMiE4uQnTZXsr6FDYcP4F43FR…)
[22:44:21]   downloaded 1,182.4 MB in 39.8s (29.7 MB/s)
[22:45:21]   upload done video_id=26025325 in 60.4s
[22:45:22] film cr_film_id=186 OK in 109.1s
[22:45:22] iteration 13/20
[22:45:22] film cr_film_id=188 name='Pelíšky (1999) CZ Dabing' candidates=9
[22:45:22]   candidate upload_id=68c31723d367d url=https://prehraj.to/pelisky-1999-cz-dabing/68c31723d367d
[22:45:23]   resolved in 1.1s → 1080p (https://pf-storage1.premiumcdn.net/146190333/Wa2sD2TAKcanHEGhzNfdrTvrtyKcOasKvsO…)
[22:48:23]   downloaded 3,579.5 MB in 177.7s (20.1 MB/s)
[22:50:56]   upload done video_id=26025425 in 152.8s
[22:50:57] film cr_film_id=188 OK in 334.6s
[22:50:57] iteration 14/20
[22:50:57] film cr_film_id=190 name='Čaroděj ze země Oz (1939) CZ' candidates=4
[22:50:57]   candidate upload_id=5c00d5d587645 url=https://prehraj.to/tom-a-jerry-carodej-ze-zeme-oz-mp4/5c00d5d587645
[22:50:58]   resolved in 1.1s → 720p (https://pf-storage4.premiumcdn.net/8861213/2dOSkQHE3TOWH1qiN0S87Hd7s7eCvJfRqCPDf…)
[22:51:28]   downloaded 829.1 MB in 28.6s (29.0 MB/s)
[22:52:09]   upload done video_id=26025497 in 40.6s
[22:52:10] film cr_film_id=190 OK in 73.1s
[22:52:10] iteration 15/20
[22:52:10] film cr_film_id=192 name='Čelisti (1975) CZ Dabing' candidates=5
[22:52:10]   candidate upload_id=68e2d20211404 url=https://prehraj.to/celisti-1975-thriller-fhd-1080p-cz-dabing-spickova-kvalita-by-nexsus/68e2d20211404
[22:52:11]   resolved in 1.2s → 720p (https://pf-storage4.premiumcdn.net/149992227/G4ySgVHk7hAxHBds2NSkwHB1CG2T6pFGZhk…)
[22:53:56]   downloaded 2,702.7 MB in 103.8s (26.0 MB/s)
[22:56:11]   upload done video_id=26025562 in 134.1s
[22:56:12] film cr_film_id=192 OK in 241.7s
[22:56:12] iteration 16/20
[22:56:12] film cr_film_id=198 name='Spider-Man: Bez domova (2021) CZ Dabing' candidates=11
[22:56:12]   candidate upload_id=ead4d2cf26fde0d8 url=https://prehraj.to/spider-man-bez-domova-2021-cz-dab-1080p/ead4d2cf26fde0d8
[22:56:13]   resolved in 1.2s → 720p (https://pf-storage3.premiumcdn.net/167335337/DMxfo2FLbfyPUe0fGxTyGFLmsg2f6yCPXhE…)
[22:57:41]   downloaded 2,744.6 MB in 87.2s (31.5 MB/s)
[22:59:41]   upload done video_id=26025634 in 120.1s
[22:59:43] film cr_film_id=198 OK in 211.0s
[22:59:43] iteration 17/20
[22:59:43] film cr_film_id=202 name='Tři billboardy kousek za Ebbingem (2017) CZ Dabing' candidates=15
[22:59:43]   candidate upload_id=66d7a1ee83124 url=https://prehraj.to/tri-billboardy-kousek-za-ebbingem-2017-cz-dabing-fullhd-1080p/66d7a1ee83124
[22:59:44]   resolved in 1.4s → 720p (https://pf-storage3.premiumcdn.net/94319372/LZnT0eUj5SAKUnQH0mi9kUl3iXbcOrsJlFmr…)
[23:00:39]   downloaded 1,557.4 MB in 53.2s (29.3 MB/s)
[23:02:00]   upload done video_id=26025701 in 81.5s
[23:02:01] film cr_film_id=202 OK in 138.8s
[23:02:01] iteration 18/20
[23:02:01] film cr_film_id=214 name='Fargo (1996) CZ Dabing' candidates=1
[23:02:01]   candidate upload_id=6730461766a4c url=https://prehraj.to/fargo-1996-cz-dab/6730461766a4c
[23:02:03]   resolved in 1.4s → 480p (https://pf-storage2.premiumcdn.net/105581687/7nKFQEuRZSL1T80HQMiovuZoTzyc4lhg6SL…)
[23:02:25]   downloaded 569.5 MB in 20.6s (27.6 MB/s)
[23:03:05]   upload done video_id=26025738 in 40.3s
[23:03:07] film cr_film_id=214 OK in 65.1s
[23:03:07] iteration 19/20
[23:03:07] film cr_film_id=216 name='Logan: Wolverine (2017) CZ Dabing' candidates=50
[23:03:07]   candidate upload_id=5fdfd8ccadc77 url=https://prehraj.to/logan-wolverine-2017-1080p-bluray-x264-dts-en-cz-dab/5fdfd8ccadc77
[23:03:08]   resolved in 1.1s → 720p (https://pf-storage5.premiumcdn.net/20930373/NQEFkLuRoU0BfO9UVlHDpu2eHLrCnAH9wFAX…)
[23:04:30]   downloaded 2,562.1 MB in 81.0s (31.6 MB/s)
[23:06:25]   upload done video_id=26025782 in 114.9s
[23:06:26] film cr_film_id=216 OK in 199.9s
[23:06:26] iteration 20/20
[23:06:26] film cr_film_id=218 name='Hacksaw Ridge: Zrození hrdiny (2016) CZ Dabing' candidates=59
[23:06:26]   candidate upload_id=5975ba9352e17 url=https://prehraj.to/hacksaw-ridge-zrozeni-hrdiny-2016-cz-dabing/5975ba9352e17
[23:06:28]   resolved in 1.2s → 1080p (https://pf-storage1.premiumcdn.net/2461438/J5Jub8FwrTj8tBRUeGhbBF0euX0cv8InRfLNU…)
[23:08:01]   downloaded 2,946.7 MB in 92.0s (32.0 MB/s)
[23:10:07]   upload done video_id=26025856 in 125.9s
[23:10:08] film cr_film_id=218 OK in 222.0s
[23:10:08] batch-end ok=19 failed=1 dur=3644.5s avg/film=191.8s remaining=17157 eta_hours=914.1

===== run 2026-06-16T23:46:10Z shard=0/2 batch_size=20 (https://github.com/Olbrasoft/prehrajto-to-prehrajto/actions/runs/27655681064) =====
[23:46:11] description overrides loaded: 65 from /home/runner/work/prehrajto-to-prehrajto/prehrajto-to-prehrajto/state/email-generated-descriptions-v3.jsonl
[23:46:11] batch-start shard=0/2 count=20 backlog=17650 uploads=493 failed_attempts=17 description_overrides=65
[23:46:11] login
[23:46:13] login done
[23:46:13] iteration 1/20
[23:46:13] film cr_film_id=224 name='Ratatouille (2007) CZ Dabing' candidates=11
[23:46:13]   candidate upload_id=68f0997cbd8d4 url=https://prehraj.to/ratatouille-2007-cz-dabing-1080p/68f0997cbd8d4
[23:46:14]   resolved in 1.4s → 720p (https://pf-storage4.premiumcdn.net/151839117/XlBI2EHOnh4DhqVtGytKlHKwFaJT8bta8FR…)
[23:47:14]   downloaded 1,603.1 MB in 58.1s (27.6 MB/s)
[23:48:26]   upload done video_id=26027146 in 72.0s
[23:48:28] film cr_film_id=224 OK in 134.8s
[23:48:28] iteration 2/20
[23:48:28] film cr_film_id=230 name='Trainspotting (1996) CZ Dabing' candidates=2
[23:48:28]   candidate upload_id=e5d2b07859d987ea url=https://prehraj.to/trainspotting-1996-cz-dab-1080p/e5d2b07859d987ea
[23:48:29]   resolved in 1.3s → 1080p (https://pf-storage4.premiumcdn.net/167408927/bRxcnmSx1FNqHk5FJOubVS7DsvZhBJsy2hK…)
[23:50:43]   downloaded 3,362.4 MB in 131.8s (25.5 MB/s)
[23:54:40]   upload done video_id=26027240 in 237.8s
[23:54:42] film cr_film_id=230 OK in 373.9s
[23:54:42] iteration 3/20
[23:54:42] film cr_film_id=234 name='Válečník (2011) CZ Dabing' candidates=15
[23:54:42]   candidate upload_id=656f86eb78e78 url=https://prehraj.to/warrior-2011-cz-dabing/656f86eb78e78
[23:54:43]   resolved in 1.1s → 720p (https://pf-storage5.premiumcdn.net/63297434/knyF9xCDKU0dcvauj2Te4CzeSbRheRuYeU5G…)
[23:57:23]   downloaded 4,545.2 MB in 157.9s (28.8 MB/s)
[00:01:05]   upload done video_id=26027361 in 222.8s
[00:01:07] film cr_film_id=234 OK in 385.0s
[00:01:07] iteration 4/20
[00:01:07] film cr_film_id=236 name='Harry Potter a Relikvie smrti – část 2 (2011) CZ Dabing' candidates=13
[00:01:07]   candidate upload_id=634d979a2ad5d url=https://prehraj.to/harry-potter-7-a-relikvie-smrti-cast-2-2011-cz-dabing/634d979a2ad5d
[00:01:08]   resolved in 1.1s → 1080p (https://pf-storage1.premiumcdn.net/33990571/4K0Tq7FwpsW4HEAHx2iMaFoRt0Xh5LiKRSp3…)
[00:03:43]   downloaded 4,417.8 MB in 153.2s (28.8 MB/s)
[00:07:15]   upload done video_id=26027472 in 212.5s
[00:07:17] film cr_film_id=236 OK in 370.2s
[00:07:17] iteration 5/20
[00:07:17] film cr_film_id=240 name='Piráti z Karibiku: Prokletí Černé perly (2003) CZ Dabing' candidates=79
[00:07:17]   candidate upload_id=5cb92627e325a489 url=https://prehraj.to/pirati-z-karibiku-prokleti-cerne-perly-2003-cz-dab-1080p/5cb92627e325a489
[00:07:18]   resolved in 1.2s → 720p (https://pf-storage4.premiumcdn.net/167298842/7xDt2kFbDUe8sVXSOEH2xFyLcN1irahjpUV…)
[00:09:32]   downloaded 3,012.9 MB in 131.7s (22.9 MB/s)
[00:12:28]   upload done video_id=26027569 in 176.1s
[00:12:29] film cr_film_id=240 OK in 312.1s
[00:12:29] iteration 6/20
[00:12:29] film cr_film_id=242 name='Million Dollar Baby (2004) CZ Dabing' candidates=8
[00:12:29]   candidate upload_id=e82b30c3efb359d9 url=https://prehraj.to/million-dollar-baby-2004-cz-dab-1080p/e82b30c3efb359d9
[00:12:30]   resolved in 1.1s → 1080p (https://pf-storage3.premiumcdn.net/168517807/L3MHbXiD7Tn3UmnsD1ULnieXINyhMKHRXTE…)
[00:14:27]   downloaded 3,209.7 MB in 115.1s (27.9 MB/s)
[00:16:50]   upload done video_id=26027637 in 142.9s
[00:16:51] film cr_film_id=242 OK in 262.3s
[00:16:51] iteration 7/20
[00:16:51] film cr_film_id=244 name='Hačikó: příběh psa (2009) CZ Dabing' candidates=21
[00:16:51]   candidate upload_id=5a2accc828f25 url=https://prehraj.to/haciko-pribeh-psa-cz-dabing-2009/5a2accc828f25
[00:16:52]   resolved in 1.2s → 720p (https://pf-storage5.premiumcdn.net/3078154/rxoFdXC6btmgcZGidPTKyCpvfMkcYkTvmi6bT…)
[00:17:32]   downloaded 1,011.2 MB in 37.8s (26.8 MB/s)
[00:18:32]   upload done video_id=26027704 in 60.3s
[00:18:34] film cr_film_id=244 OK in 102.4s
[00:18:34] iteration 8/20
[00:18:34] film cr_film_id=246 name='Jak vycvičit draka (2010) CZ Dabing' candidates=6
[00:18:34]   candidate upload_id=02322b0ede921262 url=https://prehraj.to/jak-vycvicit-draka-1-2010-cz-dabing-top-quality/02322b0ede921262
[00:18:35]   resolved in 1.2s → 720p (https://pf-storage6.premiumcdn.net/169339102/7zMiK1s5NfZDSD2haJf74s29FlJHwOHreSa…)
[00:19:45]   downloaded 1,866.0 MB in 68.6s (27.2 MB/s)
[00:21:25]   upload done video_id=26027741 in 99.9s
[00:21:26] film cr_film_id=246 OK in 172.7s
[00:21:26] iteration 9/20
[00:21:26] film cr_film_id=248 name='Big Lebowski (1998) CZ Dabing' candidates=1
[00:21:26]   candidate upload_id=9d7e0866ad8f0d8f url=https://prehraj.to/big-lebowski-1998-cz-dab-1080p/9d7e0866ad8f0d8f
[00:21:28]   resolved in 1.2s → 720p (https://pf-storage5.premiumcdn.net/155567717/O7qu6rI91c2QiMGH4mINAIoXi52Sm7CqNiO…)
[00:22:26]   downloaded 1,541.2 MB in 57.0s (27.0 MB/s)
[00:23:53]   upload done video_id=26027790 in 86.5s
[00:23:54] film cr_film_id=248 OK in 147.7s
[00:23:54] iteration 10/20
[00:23:54] film cr_film_id=250 name='Gran Torino (2008) CZ Dabing' candidates=2
[00:23:54]   candidate upload_id=5f26ef557d4e9906 url=https://prehraj.to/gran-torino-2008-en-cz-dabing-1080p-mkv/5f26ef557d4e9906
[00:23:55]   resolved in 1.1s → 720p (https://pf-storage5.premiumcdn.net/157703252/YN7sa2hyri32hrOfvoIlohRrc76sybCpEC7…)
[00:25:08]   downloaded 2,017.7 MB in 70.9s (28.5 MB/s)
[00:26:53]   upload done video_id=26027836 in 105.0s
[00:26:54] film cr_film_id=250 OK in 180.1s
[00:26:54] iteration 11/20
[00:26:54] film cr_film_id=252 name='Naušika z Větrného údolí (1984) CZ Dabing' candidates=2
[00:26:54]   candidate upload_id=63068c30e8db5 url=https://prehraj.to/nausika-z-vetrneho-udoli-1984-czdab/63068c30e8db5
[00:26:55]   resolved in 1.0s → 480p (https://pf-storage1.premiumcdn.net/32417545/XrdTQkhr4CoYu4Dta7IKmhQ1sDvUl6fBWT7B…)
[00:27:28]   downloaded 842.8 MB in 31.3s (26.9 MB/s)
[00:28:08]   upload done video_id=26027872 in 40.2s
[00:28:10] film cr_film_id=252 OK in 75.5s
[00:28:10] iteration 12/20
[00:28:10] film cr_film_id=254 name='JFK (1991) CZ Dabing' candidates=1
[00:28:10]   candidate upload_id=7e587e407d837fce url=https://prehraj.to/jfk-1991-novinka-cz-dabing-full-hd-1080p-pucci-film-mp4/7e587e407d837fce
[00:28:10]   resolve FAILED: HTTP 502 wrapping permanent upstream error: https://prehraj.to/jfk-1991-novinka-cz-dabing-full-hd-1080p-pucci-film-mp4/7e587e407d837fce (permanent=True)
[00:28:10] film cr_film_id=254 all candidates exhausted
[00:28:10] iteration 13/20
[00:28:10] film cr_film_id=260 name='Na Hromnice o den více (1993) CZ Dabing' candidates=8
[00:28:10]   candidate upload_id=67a23a76f3967 url=https://prehraj.to/na-hromnice-o-den-vice-1993-cz-dabing-1080p/67a23a76f3967
[00:28:17]   resolved in 6.4s → 1080p (https://pf-storage5.premiumcdn.net/128921963/G3ESL3IW4hbOHLyTJwsRaIOBiWjsXjhmvCN…)
[00:30:34]   downloaded 3,526.5 MB in 135.7s (26.0 MB/s)
[00:33:32]   upload done video_id=26027913 in 177.5s
[00:33:33] film cr_film_id=260 OK in 322.8s
[00:33:33] iteration 14/20
[00:33:33] film cr_film_id=270 name='Přátelé: Zase spolu (2021) CZ' candidates=1
[00:33:33]   candidate upload_id=626fd37927ec6 url=https://prehraj.to/pratele-z-dovolene-vacation-friends-1080p-web-dl-y264-ac3-5-1-en-cz-2021/626fd37927ec6
[00:33:34]   resolved in 1.1s → 720p (https://pf-storage3.premiumcdn.net/30692579/EnPhrVCkOIgYTG9FkqHMyCk8T6wsY4tb9F9R…)
[00:34:59]   downloaded 1,747.3 MB in 83.1s (21.0 MB/s)
[00:36:25]   upload done video_id=26027978 in 86.1s
[00:36:27] film cr_film_id=270 OK in 173.5s
[00:36:27] iteration 15/20
[00:36:27] film cr_film_id=272 name='Byl jednou jeden král... (1954) CZ Dabing' candidates=10
[00:36:27]   candidate upload_id=5f7372cb1937f url=https://prehraj.to/byl-jednou-jeden-kral-cz-dabing-1954/5f7372cb1937f
[00:36:28]   resolved in 1.2s → 480p (https://pf-storage2.premiumcdn.net/18915425/OKZhblUNOUWbf4wI2KhadU4gunKIaqFGKI0n…)
[00:37:21]   downloaded 1,086.0 MB in 51.2s (21.2 MB/s)
[00:38:19]   upload done video_id=26028013 in 57.7s
[00:38:20] film cr_film_id=272 OK in 113.1s
[00:38:20] iteration 16/20
[00:38:20] film cr_film_id=276 name='Milionář z chatrče (2008) CZ Dabing' candidates=3
[00:38:20]   candidate upload_id=5afb11da106fc url=https://prehraj.to/milionar-z-chatrce-2010-cz-dab-romanticky-film-usa/5afb11da106fc
[00:38:21]   resolved in 1.1s → 480p (https://pf-storage5.premiumcdn.net/4170257/ZlNiX4TL1ijgHlXfq0SeKT1Wc4lCBJhX7sWli…)
[00:38:43]   downloaded 513.7 MB in 20.8s (24.7 MB/s)
[00:39:13]   upload done video_id=26028028 in 29.7s
[00:39:14] film cr_film_id=276 OK in 54.6s
[00:39:14] iteration 17/20
[00:39:14] film cr_film_id=280 name='Život Briana (1979) CZ Dabing' candidates=6
[00:39:14]   candidate upload_id=6815664b7ec76 url=https://prehraj.to/zivot-briana-1979-cz-dab/6815664b7ec76
[00:39:15]   resolved in 1.2s → 720p (https://pf-storage5.premiumcdn.net/137008406/VdlIMLSVwidmfxBhWgFdnSEau8lcm7HaJHB…)
[00:40:14]   downloaded 1,602.5 MB in 56.8s (28.2 MB/s)
[00:41:47]   upload done video_id=26028044 in 92.8s
[00:41:48] film cr_film_id=280 OK in 153.5s
[00:41:48] iteration 18/20
[00:41:48] film cr_film_id=282 name='Kód Enigmy (2014) CZ Dabing' candidates=20
[00:41:48]   candidate upload_id=5fafac12cdeca url=https://prehraj.to/kod-enigmy-cz-dabing-2014-full-hd-1080p/5fafac12cdeca
[00:41:51]   resolved in 3.6s → 1080p (https://pf-storage5.premiumcdn.net/19919862/ZxNtaOTkqizyHMDHXPhe1TboIVMtXRhWnUdM…)
[00:43:11]   downloaded 2,191.8 MB in 77.8s (28.2 MB/s)
[00:44:59]   upload done video_id=26028084 in 107.6s
[00:45:00] film cr_film_id=282 OK in 192.0s
[00:45:00] iteration 19/20
[00:45:00] film cr_film_id=286 name='Blade Runner 2049 (2017) CZ Dabing' candidates=2
[00:45:00]   candidate upload_id=0197c3d831686771 url=https://prehraj.to/blade-runer-2049-2017-cz-dab-avi/0197c3d831686771
[00:45:01]   resolved in 1.1s → 480p (https://pf-storage5.premiumcdn.net/155120109/XqZTA1S58F1VTk2Iqxs40SvNhdQcLxtdBC0…)
[00:45:24]   downloaded 554.5 MB in 21.6s (25.7 MB/s)
[00:45:53]   upload done video_id=26028113 in 28.8s
[00:45:54] film cr_film_id=286 OK in 54.4s
[00:45:54] iteration 20/20
[00:45:54] film cr_film_id=294 name='La La Land (2016) CZ Dabing' candidates=33
[00:45:54]   candidate upload_id=5975babf6a96c url=https://prehraj.to/la-la-land-2016-czdabing/5975babf6a96c
[00:45:55]   resolved in 1.1s → 1080p (https://pf-storage3.premiumcdn.net/2461722/korTLRcBxhyahjyfBWc8jc3LTdQsAgCjotYrT…)
[00:47:20]   downloaded 2,305.5 MB in 82.8s (27.8 MB/s)
[00:49:32]   upload done video_id=26028144 in 131.6s
[00:49:33] film cr_film_id=294 OK in 218.6s
[00:49:33] batch-end ok=19 failed=1 dur=3799.8s avg/film=200.0s remaining=17138 eta_hours=952.1

===== run 2026-06-17T00:50:47Z shard=0/2 batch_size=20 (https://github.com/Olbrasoft/prehrajto-to-prehrajto/actions/runs/27658189617) =====
[00:50:48] description overrides loaded: 65 from /home/runner/work/prehrajto-to-prehrajto/prehrajto-to-prehrajto/state/email-generated-descriptions-v3.jsonl
[00:50:48] batch-start shard=0/2 count=20 backlog=17650 uploads=512 failed_attempts=18 description_overrides=65
[00:50:48] login
[00:50:50] login done
[00:50:50] iteration 1/20
[00:50:50] film cr_film_id=296 name='Neviditelný host (2016) CZ Dabing' candidates=1
[00:50:50]   candidate upload_id=68bee835699a8 url=https://prehraj.to/neviditelny-host-contratiempo-cz-dabing-2016/68bee835699a8
[00:50:51]   resolved in 1.0s → 1080p (https://pf-storage3.premiumcdn.net/145814454/ewYfB8iReF7QF2vTxDhaDinOF67I2DhbWF1…)
[00:51:23]   downloaded 1,148.4 MB in 31.4s (36.6 MB/s)
[00:52:15]   upload done video_id=26028227 in 51.3s
[00:52:16] film cr_film_id=296 OK in 86.2s
[00:52:16] iteration 2/20
[00:52:16] film cr_film_id=302 name='Strážci Galaxie (2014) CZ' candidates=1
[00:52:16]   candidate upload_id=67f74a7971bf3 url=https://prehraj.to/strazcovia-galaxie-2014-cz-dabing-novinka/67f74a7971bf3
[00:52:17]   resolved in 1.0s → 480p (https://pf-storage2.premiumcdn.net/134635934/PxmI9PSP1fNWhE7Tnphn2SZXCO3Fgpu5wuY…)
[00:52:37]   downloaded 595.9 MB in 18.9s (31.5 MB/s)
[00:52:58]   upload done video_id=26028247 in 21.0s
[00:52:59] film cr_film_id=302 OK in 43.4s
[00:52:59] iteration 3/20
[00:52:59] film cr_film_id=304 name='REVENANT Zmrtvýchvstání (2015) CZ Dabing' candidates=39
[00:52:59]   candidate upload_id=a8effa8663058fd1 url=https://prehraj.to/the-revenant-2015-cz-dabing-1080p-mkv/a8effa8663058fd1
[00:53:00]   resolved in 0.8s → 720p (https://pf-storage3.premiumcdn.net/162300371/jg8TB7H2LH7Dtp3iLeSOLHKptP0fOAF2Zhx…)
[00:54:21]   downloaded 3,006.6 MB in 79.7s (37.7 MB/s)
[00:56:33]   upload done video_id=26028269 in 132.0s
[00:56:34] film cr_film_id=304 OK in 215.0s
[00:56:34] iteration 4/20
[00:56:34] film cr_film_id=306 name='Marťan (2015) CZ Dabing' candidates=21
[00:56:34]   candidate upload_id=66caeae253746 url=https://prehraj.to/martan-2015-1080p-czdab/66caeae253746
[00:56:35]   resolved in 1.1s → 720p (https://pf-storage3.premiumcdn.net/92541221/2Nps4dH3ZcDziejs4BHl4HRjCEXI8xIGOfq3…)
[00:57:44]   downloaded 2,552.8 MB in 67.8s (37.7 MB/s)
[00:59:14]   upload done video_id=26028323 in 89.6s
[00:59:15] film cr_film_id=306 OK in 161.0s
[00:59:15] iteration 5/20
[00:59:15] film cr_film_id=308 name='Ona (2013) CZ Dabing' candidates=9
[00:59:15]   candidate upload_id=559213314ad84 url=https://prehraj.to/ona-2013-cz-dabing-romanticky-drama/559213314ad84
[00:59:17]   resolved in 1.6s → 480p (https://pf-storage2.premiumcdn.net/433985/BQmsn2FLDsk0tR0SpVILwFM1iBWSEah3PcnOuD…)
[00:59:34]   downloaded 498.7 MB in 15.8s (31.6 MB/s)
[00:59:52]   upload done video_id=26028351 in 18.5s
[00:59:53] film cr_film_id=308 OK in 38.1s
[00:59:53] iteration 6/20
[00:59:53] film cr_film_id=310 name='12 opic (1995) CZ Dabing' candidates=7
[00:59:53]   candidate upload_id=5ef3d1438c450 url=https://prehraj.to/dvanact-opic-1995-czdabing/5ef3d1438c450
[00:59:54]   resolved in 0.9s → 1080p (https://pf-storage5.premiumcdn.net/17044842/ylnhpXUO6Fq3f6MsXQTM9UojIGmSgAug6SlX…)
[01:01:18]   downloaded 3,077.6 MB in 82.4s (37.3 MB/s)
[01:03:13]   upload done video_id=26028567 in 114.8s
[01:03:14] film cr_film_id=310 OK in 201.0s
[01:03:14] iteration 7/20
[01:03:14] film cr_film_id=312 name='Titanic (1997) CZ Dabing' candidates=8
[01:03:14]   candidate upload_id=ad7676dbfa15026e url=https://prehraj.to/titanic-1997-drama-czdab-mp4/ad7676dbfa15026e
[01:03:15]   resolve FAILED: HTTP 502 wrapping permanent upstream error: https://prehraj.to/titanic-1997-drama-czdab-mp4/ad7676dbfa15026e (permanent=True)
[01:03:15]   candidate upload_id=683dd634c611a url=https://prehraj.to/titanic-1997-drama-czdab/683dd634c611a
[01:03:20]   resolve FAILED: HTTP 502 wrapping permanent upstream error: https://prehraj.to/titanic-1997-drama-czdab/683dd634c611a (permanent=True)
[01:03:20]   candidate upload_id=3f338d4ca50fde72 url=https://prehraj.to/titanic-1997-drama-czdab-avi/3f338d4ca50fde72
[01:03:26]   resolve FAILED: HTTP 502 wrapping permanent upstream error: https://prehraj.to/titanic-1997-drama-czdab-avi/3f338d4ca50fde72 (permanent=True)
[01:03:26]   candidate upload_id=d5f4c40c90889055 url=https://prehraj.to/3d-titanic-leonardo-dicaprio-kate-winslet-1997-cz-dab-avi/d5f4c40c90889055
[01:03:31]   resolve FAILED: HTTP 502 wrapping permanent upstream error: https://prehraj.to/3d-titanic-leonardo-dicaprio-kate-winslet-1997-cz-dab-avi/d5f4c40c90889055 (permanent=True)
[01:03:31]   candidate upload_id=0874a74b9d484141 url=https://prehraj.to/titanic-1997-drama-czdab/0874a74b9d484141
[01:03:37]   resolved in 6.1s → 720p (https://pf-storage4.premiumcdn.net/158841722/r7WsanuKRfgZh80iz3I1Bup9t3dswyS5vt4…)
[01:05:11]   downloaded 2,666.1 MB in 92.3s (28.9 MB/s)
[01:06:41]   upload done video_id=26028930 in 90.3s
[01:06:42] film cr_film_id=312 OK in 208.1s
[01:06:42] iteration 8/20
[01:06:42] film cr_film_id=316 name='Bourneovo ultimátum (2007) CZ Dabing' candidates=20
[01:06:42]   candidate upload_id=69007b6d1fc3a url=https://prehraj.to/bournovo-ultimatum-2007-cz-dabing-1080p/69007b6d1fc3a
[01:06:43]   resolved in 1.1s → 720p (https://pf-storage4.premiumcdn.net/154073910/v4pHlGSdou2XhZeT4zSmZSbzU7LcdVc07Ir…)
[01:07:27]   downloaded 1,554.3 MB in 42.1s (36.9 MB/s)
[01:08:35]   upload done video_id=26028952 in 68.5s
[01:08:36] film cr_film_id=316 OK in 113.9s
[01:08:36] iteration 9/20
[01:08:36] film cr_film_id=320 name='Úžasňákovi (2004) CZ Dabing' candidates=72
[01:08:36]   candidate upload_id=5b5de3656aad4 url=https://prehraj.to/uzasnakovi-2004-cz-dabing-full-hd/5b5de3656aad4
[01:08:37]   resolved in 1.1s → 720p (https://pf-storage1.premiumcdn.net/5056660/no5Hn0sp6igOT9GIMOCO1sKlIVEteDhYlSKxF…)
[01:09:31]   downloaded 1,984.2 MB in 53.0s (37.4 MB/s)
[01:10:48]   upload done video_id=26028970 in 77.1s
[01:10:50] film cr_film_id=320 OK in 133.9s
[01:10:50] iteration 10/20
[01:10:50] film cr_film_id=322 name='Rain Man (1988) CZ Dabing' candidates=2
[01:10:50]   candidate upload_id=68b7658d5eb03 url=https://prehraj.to/rain-man-usa-1988-cz-dab-1080p-jackripper/68b7658d5eb03
[01:10:51]   resolved in 1.0s → 1080p (https://pf-storage4.premiumcdn.net/145276767/N7yhy1S3Xu1WhzqF0kiVRSrJt5MI3dIBWcz…)
[01:11:58]   downloaded 2,445.6 MB in 65.5s (37.3 MB/s)
[01:13:24]   upload done video_id=26028986 in 86.8s
[01:13:25] film cr_film_id=322 OK in 155.4s
[01:13:25] iteration 11/20
[01:13:25] film cr_film_id=326 name='Pouta války (2004) CZ Dabing' candidates=1
[01:13:25]   candidate upload_id=6210961f60d40 url=https://prehraj.to/pouta-valky-the-brotherhood-of-war-2004-czdub/6210961f60d40
[01:13:26]   resolved in 1.0s → 720p (https://pf-storage3.premiumcdn.net/29506038/j14fZmhLDIaMFOrF7qSmeh4GUDQc3Du8AC32…)
[01:15:19]   downloaded 4,256.6 MB in 111.4s (38.2 MB/s)
[01:17:50]   upload done video_id=26029009 in 151.5s
[01:17:51] film cr_film_id=326 OK in 266.0s
[01:17:51] iteration 12/20
[01:17:51] film cr_film_id=328 name='Ip Man (2008) CZ Dabing' candidates=7
[01:17:51]   candidate upload_id=68ea29623df33 url=https://prehraj.to/ip-man-2008-cz-dabing-1080p/68ea29623df33
[01:17:52]   resolved in 1.1s → 1080p (https://pf-storage4.premiumcdn.net/150898593/vWPFbDUNqU58HwLu3xfPQU7dh1vuWdf1mhz…)
[01:18:54]   downloaded 2,228.1 MB in 60.1s (37.1 MB/s)
[01:20:27]   upload done video_id=26029061 in 93.2s
[01:20:28] film cr_film_id=328 OK in 157.0s
[01:20:28] iteration 13/20
[01:20:28] film cr_film_id=334 name='Zimní prázdniny (2023) CZ' candidates=1
[01:20:28]   candidate upload_id=79d088cc53435f22 url=https://prehraj.to/zimni-prazdniny-2023-cz-1080p/79d088cc53435f22
[01:20:29]   resolve FAILED: HTTP 502 wrapping permanent upstream error: https://prehraj.to/zimni-prazdniny-2023-cz-1080p/79d088cc53435f22 (permanent=True)
[01:20:29] film cr_film_id=334 all candidates exhausted
[01:20:29] iteration 14/20
[01:20:29] film cr_film_id=342 name='Shrek (2001) CZ Dabing' candidates=38
[01:20:29]   candidate upload_id=68e7dcb5d9678 url=https://prehraj.to/shrek-2001-cz-dabing-1080p/68e7dcb5d9678
[01:20:35]   resolved in 6.3s → 1080p (https://pf-storage1.premiumcdn.net/150635379/YYjin9I2lIXOf4OF6ATD7IwkU92iKyUXyhg…)
[01:22:01]   downloaded 2,506.7 MB in 84.6s (29.6 MB/s)
[01:23:31]   upload done video_id=26029820 in 90.2s
[01:23:32] film cr_film_id=342 OK in 183.3s
[01:23:32] iteration 15/20
[01:23:32] film cr_film_id=352 name='Liga spravedlnosti Zacka Snydera (2021) CZ Dabing' candidates=3
[01:23:32]   candidate upload_id=6217164b4a298 url=https://prehraj.to/novinka-2021-liga-spravedlnosti-zacka-snydera-cz-dabing-hd-1080p-mp4/6217164b4a298
[01:23:33]   resolved in 0.8s → 1080p (https://pf-storage4.premiumcdn.net/29659334/5QqipqIGnUqYtWEidNsZbIEYuBDs8oCdLFw2…)
[01:25:36]   downloaded 4,561.3 MB in 121.0s (37.7 MB/s)
[01:28:22]   upload done video_id=26030138 in 166.7s
[01:28:23] film cr_film_id=352 OK in 291.1s
[01:28:23] iteration 16/20
[01:28:23] film cr_film_id=356 name='Na nože (2019) CZ Dabing' candidates=6
[01:28:23]   candidate upload_id=5ed55e7a8766f url=https://prehraj.to/knives-out-2019-cz-dabing-full-hd/5ed55e7a8766f
[01:28:24]   resolved in 1.0s → 720p (https://pf-storage5.premiumcdn.net/16740630/Ko2c9nSxkFyZT1dHEWUr9S5zH9zCGACoGHJZ…)
[01:29:19]   downloaded 1,978.8 MB in 53.1s (37.3 MB/s)
[01:30:44]   upload done video_id=26030226 in 85.3s
[01:30:46] film cr_film_id=356 OK in 142.1s
[01:30:46] iteration 17/20
[01:30:46] film cr_film_id=358 name='Manželská historie (2019) CZ' candidates=2
[01:30:46]   candidate upload_id=60cc6d46d38ec url=https://prehraj.to/manzelska-historie-marriage-story-2019-tit-cz/60cc6d46d38ec
[01:30:48]   resolved in 2.9s → 1080p (https://pf-storage2.premiumcdn.net/23938659/MkEsGqCVPFZ1hpEIgkTJgCkKHPDfVysRKib5…)
[01:32:33]   downloaded 3,903.7 MB in 103.2s (37.8 MB/s)
[01:35:04]   upload done video_id=26030272 in 151.3s
[01:35:05] film cr_film_id=358 OK in 259.9s
[01:35:05] iteration 18/20
[01:35:05] film cr_film_id=360 name='Bohemian Rhapsody (2018) CZ Dabing' candidates=11
[01:35:05]   candidate upload_id=6898654648322 url=https://prehraj.to/bohemian-rhapsody-2018-fullhd-1080p-h264-en-cz-dabing-dts-ac3-audio-tw1nky/6898654648322
[01:35:06]   resolved in 0.7s → 720p (https://pf-storage3.premiumcdn.net/143383094/ONnFWwhKXu7GTWXFDVc19hAgixmcLNU9XUG…)
[01:36:01]   downloaded 2,016.0 MB in 53.9s (37.4 MB/s)
[01:37:14]   upload done video_id=26030324 in 72.4s
[01:37:15] film cr_film_id=360 OK in 129.5s
[01:37:15] iteration 19/20
[01:37:15] film cr_film_id=362 name='(Ne)obyčejný kluk (2017) CZ Dabing' candidates=37
[01:37:15]   candidate upload_id=5be960bd4d4ad url=https://prehraj.to/ne-obycejny-kluk-2017-cz-dab-1080p-h264/5be960bd4d4ad
[01:37:16]   resolved in 1.0s → 720p (https://pf-storage5.premiumcdn.net/8144381/y4YHlQCZyHybTjKI5ZtVxCkYukPUzasgrfNpc…)
[01:38:21]   downloaded 1,888.6 MB in 63.6s (29.7 MB/s)
[01:39:32]   upload done video_id=26030374 in 70.8s
[01:39:33] film cr_film_id=362 OK in 138.1s
[01:39:33] iteration 20/20
[01:39:33] film cr_film_id=364 name='Potomci lidí (2006) CZ Dabing' candidates=7
[01:39:33]   candidate upload_id=5fca5e76ec229 url=https://prehraj.to/potomci-lidi-cz-dabing-2006/5fca5e76ec229
[01:39:34]   resolved in 0.9s → 720p (https://pf-storage5.premiumcdn.net/20553564/O8LhyqU8jHdgCLXfBZUoqUL3C1duRAh7yhrJ…)
[01:40:17]   downloaded 1,570.5 MB in 42.4s (37.0 MB/s)
[01:41:19]   upload done video_id=26030408 in 62.0s
[01:41:20] film cr_film_id=364 OK in 107.3s
[01:41:20] batch-end ok=19 failed=1 dur=3030.9s avg/film=159.5s remaining=17119 eta_hours=758.5

===== run 2026-06-17T02:37:11Z shard=0/2 batch_size=20 (https://github.com/Olbrasoft/prehrajto-to-prehrajto/actions/runs/27662029160) =====
[02:37:12] description overrides loaded: 65 from /home/runner/work/prehrajto-to-prehrajto/prehrajto-to-prehrajto/state/email-generated-descriptions-v3.jsonl
[02:37:12] batch-start shard=0/2 count=20 backlog=17650 uploads=531 failed_attempts=23 description_overrides=65
[02:37:12] login
[02:37:13] login done
[02:37:13] iteration 1/20
[02:37:13] film cr_film_id=370 name='Škola základ života (1938) CZ Dabing' candidates=1
[02:37:13]   candidate upload_id=6718644679cbb url=https://prehraj.to/skola-zaklad-zivota-1938-cz-dab/6718644679cbb
[02:37:15]   resolved in 1.2s → 480p (https://pf-storage1.premiumcdn.net/103406105/d96c3XHRzUljFYKHMxfBNHpJSlkCQ8clxsA…)
[02:37:47]   downloaded 944.2 MB in 31.1s (30.4 MB/s)
[02:38:37]   upload done video_id=26031363 in 49.3s
[02:38:38] film cr_film_id=370 OK in 84.4s
[02:38:38] iteration 2/20
[02:38:38] film cr_film_id=376 name='Zkažená mládež (2007) CZ Dabing' candidates=11
[02:38:38]   candidate upload_id=60bc7ed39844d url=https://prehraj.to/zkazena-mladez-2007-aac-5-1-1080p-h-264-1920x1078-cz-dabing/60bc7ed39844d
[02:38:39]   resolved in 0.8s → 720p (https://pf-storage3.premiumcdn.net/23780226/Jj9ip1SrQF5vcGZulbIwAS6MHJrH0kIvwtPA…)
[02:39:28]   downloaded 1,198.7 MB in 48.0s (25.0 MB/s)
[02:40:19]   upload done video_id=26031400 in 50.3s
[02:40:20] film cr_film_id=376 OK in 101.9s
[02:40:20] iteration 3/20
[02:40:20] film cr_film_id=378 name='Carlitova cesta (1993) CZ Dabing' candidates=1
[02:40:20]   candidate upload_id=5828bd953dc99 url=https://prehraj.to/carlitova-cesta-cz-dabing-1993-by-kamer/5828bd953dc99
[02:40:21]   resolved in 1.0s → 480p (https://pf-storage5.premiumcdn.net/860789/6l6UezCL0UKLtyAikrTENCEAs1MfByUmehlxiX…)
[02:40:47]   downloaded 764.0 MB in 25.2s (30.3 MB/s)
[02:41:36]   upload done video_id=26031430 in 48.3s
[02:41:37] film cr_film_id=378 OK in 77.1s
[02:41:37] iteration 4/20
[02:41:37] film cr_film_id=384 name='Zátah 2 (2014) CZ Dabing' candidates=19
[02:41:37]   candidate upload_id=ffb902d9ee02b856 url=https://prehraj.to/zatah-2-2014-cz-dab-1080p/ffb902d9ee02b856
[02:41:38]   resolved in 1.2s → 720p (https://pf-storage3.premiumcdn.net/167850475/Wqmt2qfXGcYrcyjSADs8PfWjHZdsmks25t0…)
[02:43:09]   downloaded 2,447.2 MB in 88.8s (27.6 MB/s)
[02:44:58]   upload done video_id=26031483 in 109.0s
[02:44:59] film cr_film_id=384 OK in 202.2s
[02:44:59] iteration 5/20
[02:44:59] film cr_film_id=386 name='Klub poslední naděje (2013) CZ Dabing' candidates=2
[02:44:59]   candidate upload_id=6742251c10b22 url=https://prehraj.to/klub-posledni-nadeje-2013-cz-dab/6742251c10b22
[02:45:00]   resolved in 0.8s → 480p (https://pf-storage5.premiumcdn.net/110848913/dwmFydI5Nu1rFxDhPyIO1I5eCa7sBdsA6fP…)
[02:45:19]   downloaded 499.1 MB in 17.6s (28.4 MB/s)
[02:45:43]   upload done video_id=26031523 in 24.2s
[02:45:45] film cr_film_id=386 OK in 45.5s
[02:45:45] iteration 6/20
[02:45:45] film cr_film_id=388 name='V Bruggách (2008) CZ Dabing' candidates=20
[02:45:45]   candidate upload_id=5a3ef2ea5b579 url=https://prehraj.to/v-bruggach-2008-cz-dabing-vanocni-filmy/5a3ef2ea5b579
[02:45:46]   resolved in 1.6s → 480p (https://pf-storage5.premiumcdn.net/3176585/rn8Fanfn8hXrTWeF1QUpDf1eSqLS9NtjkSkWC…)
[02:46:04]   downloaded 480.3 MB in 16.9s (28.4 MB/s)
[02:46:28]   upload done video_id=26031542 in 23.5s
[02:46:29] film cr_film_id=388 OK in 44.7s
[02:46:29] iteration 7/20
[02:46:29] film cr_film_id=390 name='Charlieho malá tajemství (2012) CZ Dabing' candidates=15
[02:46:29]   candidate upload_id=677604b69b384 url=https://prehraj.to/ten-kdo-stoji-v-koute-2012-cz-dab-1080p/677604b69b384
[02:46:30]   resolved in 1.1s → 1080p (https://pf-storage5.premiumcdn.net/126922766/kv5T3qU3yi1RTlxfakHGoUgNt7os9Vto9Tq…)
[02:47:51]   downloaded 2,502.4 MB in 79.1s (31.6 MB/s)
[02:50:05]   upload done video_id=26031584 in 133.8s
[02:50:06] film cr_film_id=390 OK in 216.8s
[02:50:06] iteration 8/20
[02:50:06] film cr_film_id=394 name='X-Men: Budoucí minulost (2014) CZ Dabing' candidates=14
[02:50:06]   candidate upload_id=5807d010d4de0 url=https://prehraj.to/x-men-budouci-minulost-2014-brrip-720p-cz-dabing/5807d010d4de0
[02:50:07]   resolved in 1.1s → 480p (https://pf-storage5.premiumcdn.net/722307/0XWUvDFzKhpDS9nIkDiEYFAriERUx9u60sRAfe…)
[02:50:49]   downloaded 1,196.6 MB in 40.1s (29.8 MB/s)
[02:51:56]   upload done video_id=26031644 in 67.4s
[02:51:57] film cr_film_id=394 OK in 111.3s
[02:51:57] iteration 9/20
[02:51:57] film cr_film_id=402 name='Star Trek (2009) CZ Dabing' candidates=3
[02:51:57]   candidate upload_id=66ec533ced35f url=https://prehraj.to/star-trek-2009-cz-dabing/66ec533ced35f
[02:51:59]   resolved in 1.3s → 1080p (https://pf-storage3.premiumcdn.net/97239323/vPYT29F9AckLuEkt2vTvNFzYfrDfXrHeliVg…)
[02:53:59]   downloaded 3,571.4 MB in 119.5s (29.9 MB/s)
[02:57:04]   upload done video_id=26031709 in 185.0s
[02:57:07] film cr_film_id=402 OK in 309.4s
[02:57:07] iteration 10/20
[02:57:07] film cr_film_id=406 name='Pád (2006) CZ' candidates=2
[02:57:07]   candidate upload_id=2121a9fffd800fad url=https://prehraj.to/pad-do-tmy-2005-uhdrdv-cz-en-mkv/2121a9fffd800fad
[02:57:08]   resolved in 1.1s → 1080p (https://pf-storage3.premiumcdn.net/168155404/wQaSZ4uXai97CdmsmEfZKuoRUPZcYqi7Ziw…)
[02:59:28]   downloaded 4,235.5 MB in 138.6s (30.6 MB/s)
[03:02:31]   upload done video_id=26031814 in 182.8s
[03:02:32] film cr_film_id=406 OK in 325.3s
[03:02:32] iteration 11/20
[03:02:32] film cr_film_id=408 name='Pacho, hybský zbojník (1975) CZ' candidates=2
[03:02:32]   candidate upload_id=6265ea9e4279c url=https://prehraj.to/pacho-hybsky-zbojnik-1978-sk-1080p-webrip/6265ea9e4279c
[03:02:33]   resolved in 1.0s → 1080p (https://pf-storage3.premiumcdn.net/30592748/qkZTqrIAOhEpcZ4hwMtGLIKWivLtj3U7nSWO…)
[03:05:17]   downloaded 4,617.6 MB in 162.4s (28.4 MB/s)
[03:09:10]   upload done video_id=26031926 in 233.0s
[03:09:12] film cr_film_id=408 OK in 399.7s
[03:09:12] iteration 12/20
[03:09:12] film cr_film_id=410 name='Muži, kteří nenávidí ženy (2011) CZ Dabing' candidates=18
[03:09:12]   candidate upload_id=67766eab0a64b url=https://prehraj.to/muzi-kteri-nenavidi-zeny-daniel-craig-rooney-mara-christopher-plummer-2011-krimi-drama-mysteriozni-thriller-1080p-cz-dabing/67766eab0a64b
[03:09:13]   resolved in 1.1s → 720p (https://pf-storage1.premiumcdn.net/126938312/N3BtLAIzaijeFbQSxwUGkI1WfEZcnEivycG…)
[03:10:15]   downloaded 1,888.5 MB in 60.0s (31.5 MB/s)
[03:11:41]   upload done video_id=26031994 in 86.5s
[03:11:42] film cr_film_id=410 OK in 150.5s
[03:11:42] iteration 13/20
[03:11:42] film cr_film_id=418 name='Návrat do budoucnosti II (1989) CZ Dabing' candidates=18
[03:11:42]   candidate upload_id=56d03a3e857fc url=https://prehraj.to/navrat-do-budoucnosti-2-1989-hdrip-cz-dabing/56d03a3e857fc
[03:11:43]   resolved in 1.1s → 480p (https://pf-storage2.premiumcdn.net/35738/YR9I5ZFw0ujgfE5CN3IKMFy5SzLhKDsVPs3GINZ…)
[03:12:09]   downloaded 699.5 MB in 23.6s (29.6 MB/s)
[03:12:37]   upload done video_id=26032019 in 28.7s
[03:12:38] film cr_film_id=418 OK in 56.1s
[03:12:38] iteration 14/20
[03:12:38] film cr_film_id=420 name='Městečko South Park: Vstup do světa patolízalů (2023) CZ Dabing' candidates=3
[03:12:38]   candidate upload_id=4a249a9de95246cb url=https://prehraj.to/mestecko-south-park-vstup-do-sveta-patolizalu-2023-cz-dab-1080p-mp4/4a249a9de95246cb
[03:12:40]   resolved in 1.1s → 1080p (https://pf-storage5.premiumcdn.net/168337267/W3NTMYilyUEWUa4F0BfY4i5dI3LTADCoEUd…)
[03:13:07]   downloaded 766.6 MB in 26.2s (29.3 MB/s)
[03:13:38]   upload done video_id=26032039 in 31.5s
[03:13:40] film cr_film_id=420 OK in 61.1s
[03:13:40] iteration 15/20
[03:13:40] film cr_film_id=422 name='Hobit: Neočekávaná cesta (2012) CZ Dabing' candidates=24
[03:13:40]   candidate upload_id=6310346ba4dc7 url=https://prehraj.to/hobit-1-the-hobbit-an-unexpected-journey-2012-extended-1080p-cz-dabing/6310346ba4dc7
[03:13:41]   resolved in 1.1s → 1080p (https://pf-storage5.premiumcdn.net/32536696/VWQuj0fe2irLT8BHEeCRzfRBS3lijZFrXu8B…)
[03:16:37]   downloaded 4,458.2 MB in 174.7s (25.5 MB/s)
[03:20:10]   upload done video_id=26032096 in 212.6s
[03:20:11] film cr_film_id=422 OK in 391.5s
[03:20:11] iteration 16/20
[03:20:11] film cr_film_id=424 name='Trosečník (2000) CZ Dabing' candidates=25
[03:20:11]   candidate upload_id=55eebf466e420 url=https://prehraj.to/trosecnik-2000-czdab/55eebf466e420
[03:20:12]   resolved in 1.0s → 480p (https://pf-storage2.premiumcdn.net/290623/yxNsgacPvhxghqXFrQfjqcQGFJgiaAiX8i8Xcl…)
[03:20:51]   downloaded 859.6 MB in 37.3s (23.0 MB/s)
[03:21:26]   upload done video_id=26032156 in 35.8s
[03:21:27] film cr_film_id=424 OK in 76.5s
[03:21:27] iteration 17/20
[03:21:27] film cr_film_id=430 name='Na západní frontě klid (2022) CZ Dabing' candidates=9
[03:21:27]   candidate upload_id=68d263d101cbf url=https://prehraj.to/na-zapadni-fronte-klid-2022-cz-dabing-1080p/68d263d101cbf
[03:21:29]   resolved in 1.2s → 1080p (https://pf-storage3.premiumcdn.net/148013832/ZKVimOcAvtWbuV5HR9FJEc7rfYbUrQipNCd…)
[03:23:19]   downloaded 3,486.3 MB in 108.9s (32.0 MB/s)
[03:26:04]   upload done video_id=26032186 in 164.8s
[03:26:05] film cr_film_id=430 OK in 277.6s
[03:26:05] iteration 18/20
[03:26:05] film cr_film_id=432 name='Třináct životů (2022) CZ Dabing' candidates=8
[03:26:05]   candidate upload_id=68167d71c0d51 url=https://prehraj.to/trinact-zivotu-viggo-mortensen-colin-farrell-joel-edgerton-paul-gleeson-2022-drama-dobrodruzny-bdrip-1080p-cz-dabing/68167d71c0d51
[03:26:06]   resolved in 1.1s → 720p (https://pf-storage1.premiumcdn.net/137088557/LQzTZ3Hw5tMGTmVSalU3VHwBF72T3XikjSq…)
[03:27:45]   downloaded 3,136.0 MB in 97.5s (32.2 MB/s)
[03:30:21]   upload done video_id=26032244 in 155.3s
[03:30:22] film cr_film_id=432 OK in 256.8s
[03:30:22] iteration 19/20
[03:30:22] film cr_film_id=442 name='Apocalypto (2006) CZ Dabing' candidates=10
[03:30:22]   candidate upload_id=c17c73f1dd23035c url=https://prehraj.to/apocalypto-2006-cz-dab-1920x1080p/c17c73f1dd23035c
[03:30:24]   resolved in 1.6s → 1080p (https://pf-storage5.premiumcdn.net/168755602/9q9HV0UVaFoGtx4sA0izZU9miVzUX2UPkIO…)
[03:33:35]   downloaded 5,809.5 MB in 189.7s (30.6 MB/s)
[03:38:08]   upload done video_id=26032320 in 272.8s
[03:38:09] film cr_film_id=442 OK in 467.3s
[03:38:09] iteration 20/20
[03:38:09] film cr_film_id=444 name='Gentlemani (2019) CZ Dabing' candidates=18
[03:38:09]   candidate upload_id=63035bb47b249 url=https://prehraj.to/gentlemani-the-gentlemen-2019-ab-1080p-cz-dab/63035bb47b249
[03:38:10]   resolve FAILED: HTTP 502 wrapping permanent upstream error: https://prehraj.to/gentlemani-the-gentlemen-2019-ab-1080p-cz-dab/63035bb47b249 (permanent=True)
[03:38:10]   candidate upload_id=5fe2a0bcf1b4d url=https://prehraj.to/gentlemani-cz-dabing-2019/5fe2a0bcf1b4d
[03:38:16]   resolved in 6.2s → 720p (https://pf-storage4.premiumcdn.net/20976663/m4MSwRT24TqxuyYs8Qc3oTyXCKmi7VCZEUnA…)
[03:39:28]   downloaded 1,756.5 MB in 70.8s (24.8 MB/s)
[03:40:48]   upload done video_id=26032384 in 79.4s
[03:40:49] film cr_film_id=444 OK in 159.8s
[03:40:49] batch-end ok=20 failed=0 dur=3815.5s avg/film=190.8s remaining=17099 eta_hours=906.2

===== run 2026-06-17T03:41:30Z shard=0/2 batch_size=20 (https://github.com/Olbrasoft/prehrajto-to-prehrajto/actions/runs/27664207624) =====
[03:41:31] description overrides loaded: 65 from /home/runner/work/prehrajto-to-prehrajto/prehrajto-to-prehrajto/state/email-generated-descriptions-v3.jsonl
[03:41:31] batch-start shard=0/2 count=20 backlog=17650 uploads=551 failed_attempts=24 description_overrides=65
[03:41:31] login
[03:41:33] login done
[03:41:33] iteration 1/20
[03:41:33] film cr_film_id=446 name='Malé ženy (2019) CZ Dabing' candidates=2
[03:41:33]   candidate upload_id=a62b1e06f54fed94 url=https://prehraj.to/male-zeny-2019-cz-dabing-full-hd-drama-top-kvalita-331482/a62b1e06f54fed94
[03:41:33]   resolve FAILED: HTTP 502 wrapping permanent upstream error: https://prehraj.to/male-zeny-2019-cz-dabing-full-hd-drama-top-kvalita-331482/a62b1e06f54fed94 (permanent=True)
[03:41:33]   candidate upload_id=56a5b74e1612e3d1 url=https://prehraj.to/male-zeny-2019/56a5b74e1612e3d1
[03:41:39]   resolve FAILED: HTTP 502 wrapping permanent upstream error: https://prehraj.to/male-zeny-2019/56a5b74e1612e3d1 (permanent=True)
[03:41:39] film cr_film_id=446 all candidates exhausted
[03:41:39] iteration 2/20
[03:41:39] film cr_film_id=450 name='Uteč (2017) CZ Dabing' candidates=22
[03:41:39]   candidate upload_id=614764d892d33 url=https://prehraj.to/utec-get-out-2017-1080p-cz-dab/614764d892d33
[03:41:45]   resolved in 6.1s → 720p (https://pf-storage1.premiumcdn.net/24960821/1LliBOfd9FvMtoaudOsplfmJuQrh3eHKQu0k…)
[03:42:34]   downloaded 1,482.1 MB in 47.4s (31.3 MB/s)
[03:43:34]   upload done video_id=26032412 in 60.1s
[03:43:36] film cr_film_id=450 OK in 116.9s
[03:43:36] iteration 3/20
[03:43:36] film cr_film_id=452 name='Jednotka příliš rychlého nasazení (2007) CZ' candidates=4
[03:43:36]   candidate upload_id=61bb1b599108f url=https://prehraj.to/hot-fuzz-jednotka-prilis-rychleho-nasazeni-2007-remastered-fullhd-1080p-cz-en-phdteam/61bb1b599108f
[03:43:37]   resolved in 1.1s → 720p (https://pf-storage4.premiumcdn.net/27482730/lnguLKFyzcjYfo7CPlF12FE7CApu2zHawtyL…)
[03:44:53]   downloaded 2,372.0 MB in 74.3s (31.9 MB/s)
[03:46:47]   upload done video_id=26032441 in 113.5s
[03:46:48] film cr_film_id=452 OK in 191.9s
[03:46:48] iteration 4/20
[03:46:48] film cr_film_id=454 name='Sociální síť (2010) CZ Dabing' candidates=1
[03:46:48]   candidate upload_id=0464e71a07e2da2f url=https://prehraj.to/socialni-sit-2010-cz-dab-1080p/0464e71a07e2da2f
[03:46:48]   resolve FAILED: HTTP 502 wrapping permanent upstream error: https://prehraj.to/socialni-sit-2010-cz-dab-1080p/0464e71a07e2da2f (permanent=True)
[03:46:48] film cr_film_id=454 all candidates exhausted
[03:46:48] iteration 5/20
[03:46:48] film cr_film_id=456 name='V písku - Příslib svobody (2015) CZ Dabing' candidates=18
[03:46:48]   candidate upload_id=6475fd2b327ec url=https://prehraj.to/v-pisku-prislib-svobody-cz-dabing-2015/6475fd2b327ec
[03:46:55]   resolved in 6.2s → 720p (https://pf-storage4.premiumcdn.net/41217100/KpeU8rs8KcmoTYNsn5SwzsGxuAEtK2tMaCnM…)
[03:48:00]   downloaded 2,061.9 MB in 64.0s (32.2 MB/s)
[03:49:34]   upload done video_id=26032464 in 94.1s
[03:49:36] film cr_film_id=456 OK in 167.2s
[03:49:36] iteration 6/20
[03:49:36] film cr_film_id=458 name='Psí ostrov (2018) CZ' candidates=1
[03:49:36]   candidate upload_id=f72738b22636c28e url=https://prehraj.to/psi-ostrov-animovany-loutkovy-2018-cz-dabing-avi/f72738b22636c28e
[03:49:37]   resolved in 1.0s → 480p (https://pf-storage5.premiumcdn.net/167854246/nN4tLZTWniVOh6nhGbswxTkyUYdsR8hyQU0…)
[03:49:57]   downloaded 539.3 MB in 18.7s (28.8 MB/s)
[03:50:23]   upload done video_id=26032481 in 26.2s
[03:50:24] film cr_film_id=458 OK in 48.6s
[03:50:24] iteration 7/20
[03:50:24] film cr_film_id=464 name='Dej mi své jméno (2017) CZ Dabing' candidates=27
[03:50:24]   candidate upload_id=5c6e960ed256c url=https://prehraj.to/dej-mi-sve-jmeno-call-me-by-your-name-2017-cz-dabing/5c6e960ed256c
[03:50:25]   resolved in 1.2s → 480p (https://pf-storage1.premiumcdn.net/12014464/bdMfWYsjnhkmS7wId2ijmsq3cNZCv1tDOUlX…)
[03:50:57]   downloaded 867.8 MB in 30.2s (28.7 MB/s)
[03:51:58]   upload done video_id=26032489 in 61.1s
[03:51:59] film cr_film_id=464 OK in 95.3s
[03:51:59] iteration 8/20
[03:51:59] film cr_film_id=466 name='Captain America: Občanská válka (2016) CZ Dabing' candidates=48
[03:51:59]   candidate upload_id=c67d9f25976cf748 url=https://prehraj.to/capitain-america-obcanska-valka-2016-720p-cz-dabing/c67d9f25976cf748
[03:52:01]   resolved in 1.1s → 480p (https://pf-storage4.premiumcdn.net/167551214/weGH1QsloF4jTqgt4GspDsDRhz5Cq9TRLIk…)
[03:53:03]   downloaded 1,354.8 MB in 60.6s (22.4 MB/s)
[03:54:03]   upload done video_id=26032515 in 60.2s
[03:54:04] film cr_film_id=466 OK in 124.5s
[03:54:04] iteration 9/20
[03:54:04] film cr_film_id=472 name='Skrytá čísla (2016) CZ Dabing' candidates=10
[03:54:04]   candidate upload_id=67dc1836e3c7b url=https://prehraj.to/skryta-cisla-hidden-figures-2016-cz-dabing-1080p-hq/67dc1836e3c7b
[03:54:05]   resolved in 1.0s → 720p (https://pf-storage3.premiumcdn.net/132831491/ympiEZfxbS4rhqDUnVINGfEQInDUgNUJEUP…)
[03:54:58]   downloaded 1,595.9 MB in 50.9s (31.4 MB/s)
[03:56:06]   upload done video_id=26032529 in 68.4s
[03:56:07] film cr_film_id=472 OK in 123.4s
[03:56:07] iteration 10/20
[03:56:07] film cr_film_id=478 name='Příběh z Bronxu (1993) CZ Dabing' candidates=4
[03:56:07]   candidate upload_id=577577a734c1f url=https://prehraj.to/pribeh-z-bronxu-1933-cz-dabing/577577a734c1f
[03:56:09]   resolved in 1.1s → 480p (https://pf-storage4.premiumcdn.net/228245/baES6eu4AIpGIbdU9yiyMulZUl8H9aFK7FJ4fz…)
[03:56:36]   downloaded 534.4 MB in 26.2s (20.4 MB/s)
[03:57:01]   upload done video_id=26032550 in 24.8s
[03:57:02] film cr_film_id=478 OK in 54.9s
[03:57:02] iteration 11/20
[03:57:02] film cr_film_id=480 name='Tohle je náš svět (2016) CZ Dabing' candidates=4
[03:57:02]   candidate upload_id=63ba90ee51490 url=https://prehraj.to/tohle-je-nas-svet-2016-czdabing/63ba90ee51490
[03:57:03]   resolved in 1.0s → 480p (https://pf-storage3.premiumcdn.net/36083899/edoh1Ou2VuWAtNai7ni0duZwC8jFDgC1AtyZ…)
[03:57:30]   downloaded 694.3 MB in 23.1s (30.1 MB/s)
[03:58:07]   upload done video_id=26032562 in 37.0s
[03:58:08] film cr_film_id=480 OK in 65.4s
[03:58:08] iteration 12/20
[03:58:08] film cr_film_id=484 name='Osm hrozných (2015) CZ Dabing' candidates=54
[03:58:08]   candidate upload_id=5c5a86f94f2cc url=https://prehraj.to/osm-hroznych-the-hateful-eight-2015-cz-dabing-bdrip/5c5a86f94f2cc
[03:58:09]   resolved in 1.1s → 480p (https://pf-storage1.premiumcdn.net/11592574/A5mcbyIDoT7GTbVSoJiDwIGycgVCekCWvfaB…)
[03:59:03]   downloaded 1,275.0 MB in 52.0s (24.5 MB/s)
[04:00:18]   upload done video_id=26032587 in 75.5s
[04:00:20] film cr_film_id=484 OK in 131.9s
[04:00:20] iteration 13/20
[04:00:20] film cr_film_id=486 name='Sázka na nejistotu (2015) CZ Dabing' candidates=5
[04:00:20]   candidate upload_id=5f99be2bbd34a url=https://prehraj.to/sazka-na-nejistotu-the-big-short-2015-1080p-bluray-x264-ac3-cz-dab/5f99be2bbd34a
[04:00:21]   resolved in 1.1s → 720p (https://pf-storage5.premiumcdn.net/19575173/peESbQu5Ni73sl8fOYHYxuoNCwvT92H28fbd…)
[04:02:22]   downloaded 3,774.4 MB in 119.5s (31.6 MB/s)
[04:05:28]   upload done video_id=26032630 in 186.4s
[04:05:29] film cr_film_id=486 OK in 309.7s
[04:05:29] iteration 14/20
[04:05:29] film cr_film_id=488 name='Jízda nadoraz (2011) CZ Dabing' candidates=8
[04:05:29]   candidate upload_id=630c904d0020f url=https://prehraj.to/drive-2011-fhd-1080p-czdabing/630c904d0020f
[04:05:30]   resolved in 1.2s → 1080p (https://pf-storage1.premiumcdn.net/32492506/6PkhY6urPI47UAYIMZiB1u41hMyinoSG1hRm…)
[04:06:33]   downloaded 1,931.6 MB in 61.2s (31.6 MB/s)
[04:07:57]   upload done video_id=26032673 in 83.8s
[04:07:58] film cr_film_id=488 OK in 149.2s
[04:07:58] iteration 15/20
[04:07:58] film cr_film_id=492 name='Americký gangster (2007) CZ Dabing' candidates=7
[04:07:58]   candidate upload_id=68e515f2344b8 url=https://prehraj.to/americky-gangster-2007-cz-dabing-1080p/68e515f2344b8
[04:08:00]   resolved in 1.2s → 720p (https://pf-storage1.premiumcdn.net/150285246/VRjSPBuRrsy9TxntVPCqGu3yUvos4VhoECv…)
[04:09:06]   downloaded 1,979.1 MB in 65.0s (30.4 MB/s)
[04:10:37]   upload done video_id=26032703 in 90.5s
[04:10:38] film cr_film_id=492 OK in 159.6s
[04:10:38] iteration 16/20
[04:10:38] film cr_film_id=494 name='Rapeři z Comptonu (2015) CZ Dabing' candidates=3
[04:10:38]   candidate upload_id=66f1f394bd74a url=https://prehraj.to/raperi-z-comptonu-2015-czdab/66f1f394bd74a
[04:10:40]   resolved in 1.4s → 720p (https://pf-storage1.premiumcdn.net/98008850/d5lFgJHVdTmEsgVHJKT6yH35SmzIMJTmKTr4…)
[04:12:00]   downloaded 2,460.0 MB in 79.7s (30.9 MB/s)
[04:13:43]   upload done video_id=26032748 in 103.0s
[04:13:45] film cr_film_id=494 OK in 186.6s
[04:13:45] iteration 17/20
[04:13:45] film cr_film_id=496 name='Slídil (2014) CZ Dabing' candidates=4
[04:13:45]   candidate upload_id=61dc438c882be url=https://prehraj.to/slidil-2014-fullhd-czdabing/61dc438c882be
[04:13:46]   resolved in 1.6s → 720p (https://pf-storage1.premiumcdn.net/28245588/eDOtEjfe2cXKikecDgFWXf5riXGc59i5PIxN…)
[04:14:56]   downloaded 2,084.4 MB in 68.4s (30.5 MB/s)
[04:17:09]   upload done video_id=26032785 in 133.2s
[04:17:10] film cr_film_id=496 OK in 205.6s
[04:17:10] iteration 18/20
[04:17:10] film cr_film_id=500 name='Uprchlík (1993) CZ Dabing' candidates=3
[04:17:10]   candidate upload_id=55efe55e047d8 url=https://prehraj.to/uprchlik-1993-czdab/55efe55e047d8
[04:17:11]   resolved in 1.2s → 480p (https://pf-storage2.premiumcdn.net/292072/naXTqlC0DTxzFkNSxBfKZC3Niqguw2sq7FweS3…)
[04:17:46]   downloaded 739.1 MB in 32.5s (22.7 MB/s)
[04:18:20]   upload done video_id=26032832 in 34.7s
[04:18:22] film cr_film_id=500 OK in 71.2s
[04:18:22] iteration 19/20
[04:18:22] film cr_film_id=502 name='Poslední samuraj (2003) CZ Dabing' candidates=7
[04:18:22]   candidate upload_id=68dea1b88916c url=https://prehraj.to/posledni-samuraj-the-last-samurai-2003-cz-1080p-cz-dabing/68dea1b88916c
[04:18:23]   resolved in 1.0s → 720p (https://pf-storage4.premiumcdn.net/149488074/GbYsjdHb3T62cdMUOjfa3H8DTGeUajFKxS3…)
[04:20:11]   downloaded 3,431.2 MB in 106.6s (32.2 MB/s)
[04:22:40]   upload done video_id=26032861 in 149.2s
[04:22:41] film cr_film_id=502 OK in 259.4s
[04:22:41] iteration 20/20
[04:22:41] film cr_film_id=504 name='Kapitán Phillips (2013) CZ Dabing' candidates=37
[04:22:41]   candidate upload_id=667ad8ece0f4e url=https://prehraj.to/kapitan-phillips-2013-cz-dabing-1080p/667ad8ece0f4e
[04:22:42]   resolved in 1.2s → 720p (https://pf-storage5.premiumcdn.net/80558705/kWzSYdsYrt32s71iEDcnXsOGImLT43uOLhbn…)
[04:24:43]   downloaded 2,944.5 MB in 119.2s (24.7 MB/s)
[04:26:56]   upload done video_id=26032906 in 133.3s
[04:26:58] film cr_film_id=504 OK in 256.6s
[04:26:58] batch-end ok=18 failed=2 dur=2724.8s avg/film=151.4s remaining=17081 eta_hours=718.4

===== run 2026-06-17T04:27:37Z shard=0/2 batch_size=20 (https://github.com/Olbrasoft/prehrajto-to-prehrajto/actions/runs/27665767812) =====
[04:27:39] description overrides loaded: 65 from /home/runner/work/prehrajto-to-prehrajto/prehrajto-to-prehrajto/state/email-generated-descriptions-v3.jsonl
[04:27:39] batch-start shard=0/2 count=20 backlog=17650 uploads=569 failed_attempts=27 description_overrides=65
[04:27:39] login
[04:27:40] login done
[04:27:40] iteration 1/20
[04:27:40] film cr_film_id=506 name='Zápisník jedné lásky (2004) CZ Dabing' candidates=30
[04:27:40]   candidate upload_id=68b7575277342 url=https://prehraj.to/zapisnik-jedne-lasky-rachel-mcadams-ryan-gosling-gena-rowlands-2004-romanticky-drama-bdrip-1080p-cz-dabing-cz-titulky/68b7575277342
[04:27:42]   resolved in 1.4s → 1080p (https://pf-storage3.premiumcdn.net/145276635/DzySvYu8yCL1sMYFelh20uvbSzVTgyIyXfQ…)
[04:29:35]   downloaded 2,213.3 MB in 111.2s (19.9 MB/s)
[04:31:42]   upload done video_id=26032971 in 127.2s
[04:31:43] film cr_film_id=506 OK in 243.3s
[04:31:43] iteration 2/20
[04:31:43] film cr_film_id=510 name='V zajetí rychlosti (2005) CZ Dabing' candidates=7
[04:31:43]   candidate upload_id=66fabd156a2b7 url=https://prehraj.to/v-zajeti-rychlosti-2005-cz-dabing-1080p/66fabd156a2b7
[04:31:45]   resolved in 1.2s → 720p (https://pf-storage3.premiumcdn.net/99242027/NoNcKBiR7T1ncV3S9wuKei4gIP0tKkTv6f4v…)
[04:33:36]   downloaded 2,768.4 MB in 109.0s (25.4 MB/s)
[04:36:30]   upload done video_id=26033040 in 174.5s
[04:36:32] film cr_film_id=510 OK in 288.6s
[04:36:32] iteration 3/20
[04:36:32] film cr_film_id=512 name='Podivuhodný případ Benjamina Buttona (2008) CZ Dabing' candidates=5
[04:36:32]   candidate upload_id=60757764ee122 url=https://prehraj.to/podivuhodny-pripad-benjamina-buttona-2008-cz-dabing/60757764ee122
[04:36:34]   resolved in 1.7s → 720p (https://pf-storage5.premiumcdn.net/23095602/EqOh4aTPQt8gC5RHzycGMT9ycBKC5BFM4hQx…)
[04:38:11]   downloaded 2,365.3 MB in 94.9s (24.9 MB/s)
[04:40:08]   upload done video_id=26033127 in 117.9s
[04:40:10] film cr_film_id=512 OK in 218.1s
[04:40:10] iteration 4/20
[04:40:10] film cr_film_id=514 name='Bílé maso (2008) CZ Dabing' candidates=4
[04:40:10]   candidate upload_id=609a26ffa65fe url=https://prehraj.to/bile-maso-thriller-2008-czdub-100-kvalita/609a26ffa65fe
[04:40:12]   resolved in 1.4s → 480p (https://pf-storage2.premiumcdn.net/23463768/ngVcN2iVRTpJIdRt6GINzi6gFjKhE1tXmHYb…)
[04:40:42]   downloaded 525.8 MB in 28.5s (18.5 MB/s)
[04:41:13]   upload done video_id=26033153 in 31.0s
[04:41:14] film cr_film_id=514 OK in 64.3s
[04:41:14] iteration 5/20
[04:41:14] film cr_film_id=516 name='Pokání (2007) CZ Dabing' candidates=7
[04:41:14]   candidate upload_id=5a9d9cd99a62b url=https://prehraj.to/pokani-atonement-1080p-x264-ac3-5-1-cz-dab-2007/5a9d9cd99a62b
[04:41:15]   resolved in 1.1s → 720p (https://pf-storage1.premiumcdn.net/3550452/Yz7UbQHjPsKACAGsNbUYRH8bFk4I3PhV4hZXS…)
[04:42:23]   downloaded 1,641.0 MB in 66.0s (24.9 MB/s)
[04:44:03]   upload done video_id=26033176 in 99.4s
[04:44:04] film cr_film_id=516 OK in 169.9s
[04:44:04] iteration 6/20
[04:44:04] film cr_film_id=518 name='Neúplatní (1987) CZ' candidates=1
[04:44:04]   candidate upload_id=66cabd72e5a61 url=https://prehraj.to/neuplatni-1987-cz-5-1/66cabd72e5a61
[04:44:06]   resolved in 1.4s → 720p (https://pf-storage1.premiumcdn.net/92515547/epZFZPUd1SJQfbGfGVTEvU91tEQspoI36SQj…)
[04:45:31]   downloaded 2,037.9 MB in 83.0s (24.6 MB/s)
[04:47:17]   upload done video_id=26033208 in 106.1s
[04:47:19] film cr_film_id=518 OK in 194.3s
[04:47:19] iteration 7/20
[04:47:19] film cr_film_id=520 name='Kladivo na čarodějnice (1969) CZ Dabing' candidates=9
[04:47:19]   candidate upload_id=688c8cdb7af04 url=https://prehraj.to/kladivo-na-carodejnice-1969-cz-dab-1080p/688c8cdb7af04
[04:47:20]   resolved in 1.6s → 1080p (https://pf-storage1.premiumcdn.net/142678976/BGWTA1u5bFyDSZOcOQHz3uobsQBIvMF6Bsl…)
[04:49:31]   downloaded 3,232.3 MB in 129.2s (25.0 MB/s)
[04:52:26]   upload done video_id=26033283 in 174.5s
[04:52:27] film cr_film_id=520 OK in 309.0s
[04:52:27] iteration 8/20
[04:52:27] film cr_film_id=526 name='Rošťáci (1985) CZ' candidates=1
[04:52:27]   candidate upload_id=6901fe1acb7cc url=https://prehraj.to/rostaci-1985-fhd-1080p-cz-2169/6901fe1acb7cc
[04:52:29]   resolved in 1.4s → 1080p (https://pf-storage5.premiumcdn.net/154224261/KzeuK9fPpTWLI9GhnJForfNwspYCP4uOJSq…)
[04:53:59]   downloaded 2,185.2 MB in 88.1s (24.8 MB/s)
[04:56:26]   upload done video_id=26033379 in 146.5s
[04:56:27] film cr_film_id=526 OK in 239.7s
[04:56:27] iteration 9/20
[04:56:27] film cr_film_id=528 name='Pár správných chlapů (1992) CZ' candidates=1
[04:56:27]   candidate upload_id=14ad3b282298283d url=https://prehraj.to/par-spravnych-chlapu-1992-mp4-cz-en-few-good-men-novinka-cz-en-dabing-full-hd-1080p-pucci-film-mp4/14ad3b282298283d
[04:56:29]   resolved in 1.4s → 1080p (https://pf-storage5.premiumcdn.net/168549481/yZKsOnuDbiOdu84Sd5cmYuJEf5dhZqIZPcz…)
[04:58:26]   downloaded 2,697.1 MB in 115.1s (23.4 MB/s)
[05:01:26]   upload done video_id=26033477 in 179.8s
[05:01:28] film cr_film_id=528 OK in 301.0s
[05:01:28] iteration 10/20
[05:01:28] film cr_film_id=530 name='Připoutejte se, prosím! (1980) CZ Dabing' candidates=7
[05:01:28]   candidate upload_id=57d9d236a8383 url=https://prehraj.to/pripoutejte-se-prosim-1980-czdab/57d9d236a8383
[05:01:30]   resolved in 1.5s → 480p (https://pf-storage4.premiumcdn.net/643760/VX8hBVUKlCAWUKRU06I64Uxqsk2F0NTqNuzduk…)
[05:01:55]   downloaded 510.5 MB in 22.9s (22.3 MB/s)
[05:02:39]   upload done video_id=26033557 in 44.1s
[05:02:40] film cr_film_id=530 OK in 72.1s
[05:02:40] iteration 11/20
[05:02:40] film cr_film_id=532 name='Chudáčci (2023) CZ Dabing' candidates=2
[05:02:40]   candidate upload_id=67e82d337429c url=https://prehraj.to/poor-things-2024-cz-dabing-1080p/67e82d337429c
[05:02:42]   resolved in 1.4s → 1080p (https://pf-storage3.premiumcdn.net/133609388/8jWtE1IwYSY4TZwi3VclXIeKHoEUeRS25T5…)
[05:07:12]   downloaded 5,524.0 MB in 268.4s (20.6 MB/s)
[05:15:00]   upload done video_id=26033687 in 468.1s
[05:15:02] film cr_film_id=532 OK in 741.6s
[05:15:02] iteration 12/20
[05:15:02] film cr_film_id=534 name='Prezidentka (2024) CZ' candidates=1
[05:15:02]   candidate upload_id=6835a15f8e94c url=https://prehraj.to/prezidentka-2024-caputova-dokument-sk-1080p/6835a15f8e94c
[05:15:03]   resolved in 1.2s → 1080p (https://pf-storage3.premiumcdn.net/138705668/r2RuoVcaWiENs6YFZQSXQcd5SG3F01iWDsn…)
[05:16:53]   downloaded 2,615.6 MB in 107.9s (24.2 MB/s)
[05:19:21]   upload done video_id=26033873 in 147.7s
[05:19:22] film cr_film_id=534 OK in 260.5s
[05:19:22] iteration 13/20
[05:19:22] film cr_film_id=542 name='Kung-fu mela (2004) CZ Dabing' candidates=8
[05:19:22]   candidate upload_id=678f1a0f60173 url=https://prehraj.to/kung-fu-mela-r-2004-cz-dab/678f1a0f60173
[05:19:24]   resolved in 1.6s → 480p (https://pf-storage5.premiumcdn.net/127870769/g2rSgXs46UQ6UgxsqXi20sPJcedTjqHAeub…)
[05:19:45]   downloaded 387.8 MB in 18.4s (21.1 MB/s)
[05:20:09]   upload done video_id=26033937 in 23.9s
[05:20:10] film cr_film_id=542 OK in 47.6s
[05:20:10] iteration 14/20
[05:20:10] film cr_film_id=548 name='Osm hor (2022) CZ Dabing' candidates=1
[05:20:10]   candidate upload_id=64f11472ccb7e url=https://prehraj.to/osm-hor-2022-czdab/64f11472ccb7e
[05:20:11]   resolved in 1.1s → 720p (https://pf-storage3.premiumcdn.net/43875428/3bQtRWswWirkC0aHGrugZsYLf4DtRVF6KFAB…)
[05:21:02]   downloaded 1,114.0 MB in 49.4s (22.6 MB/s)
[05:22:06]   upload done video_id=26033960 in 63.4s
[05:22:07] film cr_film_id=548 OK in 117.2s
[05:22:07] iteration 15/20
[05:22:07] film cr_film_id=550 name='Falešná hra s králíkem Rogerem (1988) CZ Dabing' candidates=10
[05:22:07]   candidate upload_id=5b9db9b90fa0b url=https://prehraj.to/falesna-hra-s-kralikem-rogerem-1988-cz-dabing-animovany/5b9db9b90fa0b
[05:22:09]   resolved in 1.5s → 480p (https://pf-storage5.premiumcdn.net/6192769/gw9tLBuE9fOeulRfNptVruGpUzQUE5t36INVs…)
[05:22:42]   downloaded 545.2 MB in 31.1s (17.5 MB/s)
[05:23:23]   upload done video_id=26034008 in 41.7s
[05:23:25] film cr_film_id=550 OK in 77.7s
[05:23:25] iteration 16/20
[05:23:25] film cr_film_id=576 name='Philadelphia (1993) CZ Dabing' candidates=1
[05:23:25]   candidate upload_id=67358253d1d6e url=https://prehraj.to/philadelphia-1993-cz-dab/67358253d1d6e
[05:23:26]   resolved in 1.5s → 720p (https://pf-storage1.premiumcdn.net/105673661/1ZEsDMSOKIMYs6xhMPuYES1NUkgiQXHJZfq…)
[05:24:41]   downloaded 1,700.7 MB in 72.2s (23.6 MB/s)
[05:26:24]   upload done video_id=26034059 in 103.0s
[05:26:25] film cr_film_id=576 OK in 180.4s
[05:26:25] iteration 17/20
[05:26:25] film cr_film_id=578 name='Star Wars: Epizoda III - Pomsta Sithů (2005) CZ Dabing' candidates=3
[05:26:25]   candidate upload_id=8ad29c210a0273d1 url=https://prehraj.to/star-wars-3-pomsta-sithu-2005-cz-dabing-2160p-top-kvalita/8ad29c210a0273d1
[05:26:26]   resolve FAILED: HTTP 502 wrapping permanent upstream error: https://prehraj.to/star-wars-3-pomsta-sithu-2005-cz-dabing-2160p-top-kvalita/8ad29c210a0273d1 (permanent=True)
[05:26:26]   candidate upload_id=4dc161d1cb608194 url=https://prehraj.to/hvezdne-valky-3-2005-avi/4dc161d1cb608194
[05:26:32]   resolved in 6.3s → 720p (https://pf-storage5.premiumcdn.net/167684534/aOZtwvFX3s9RC6Zhn1TbjF58IWwCQ6tdgCv…)
[05:28:09]   downloaded 2,240.6 MB in 94.7s (23.7 MB/s)
[05:30:12]   upload done video_id=26034146 in 123.2s
[05:30:14] film cr_film_id=578 OK in 228.6s
[05:30:14] iteration 18/20
[05:30:14] film cr_film_id=594 name='Obecná škola (1991) CZ Dabing' candidates=6
[05:30:14]   candidate upload_id=67171bbec9cb0 url=https://prehraj.to/obecna-skola-1991-cz-dab/67171bbec9cb0
[05:30:15]   resolved in 1.4s → 1080p (https://pf-storage5.premiumcdn.net/103224389/8D2TRBsjocEvcbvfPlsles2JTd2FWYfp8C8…)
[05:32:10]   downloaded 2,771.0 MB in 113.0s (24.5 MB/s)
[05:34:58]   upload done video_id=26034199 in 167.4s
[05:34:59] film cr_film_id=594 OK in 285.3s
[05:34:59] iteration 19/20
[05:34:59] film cr_film_id=598 name='Ztraceno v překladu (2003) CZ Dabing' candidates=6
[05:34:59]   candidate upload_id=68a4c1d57acf6 url=https://prehraj.to/ztraceno-v-prekladu-2003-drama-czdab/68a4c1d57acf6
[05:35:01]   resolved in 1.4s → 1080p (https://pf-storage1.premiumcdn.net/143999268/BYWhNyumatKAiMQsm0SxEu30HjZU7KCAkIE…)
[05:36:36]   downloaded 2,200.5 MB in 92.8s (23.7 MB/s)
[05:38:39]   upload done video_id=26034246 in 123.5s
[05:38:41] film cr_film_id=598 OK in 221.4s
[05:38:41] iteration 20/20
[05:38:41] film cr_film_id=600 name='Já, Earl a holka na umření (2015) CZ Dabing' candidates=8
[05:38:41]   candidate upload_id=4696aef0d903e url=https://prehraj.to/ja-earl-a-holka-na-umreni-cz-dabing-2015/4696aef0d903e
[05:38:42]   resolved in 1.2s → 480p (https://pf-storage2.premiumcdn.net/350095/MRDuoZTqEtBDIR5hD0UoMTNrSn0C8MSJRSGOUj…)
[05:39:09]   downloaded 422.2 MB in 24.7s (17.1 MB/s)
[05:39:34]   upload done video_id=26034277 in 25.0s
[05:39:35] film cr_film_id=600 OK in 54.6s
[05:39:35] batch-end ok=20 failed=0 dur=4315.0s avg/film=215.8s remaining=17061 eta_hours=1022.7

===== run 2026-06-17T05:40:04Z shard=0/2 batch_size=20 (https://github.com/Olbrasoft/prehrajto-to-prehrajto/actions/runs/27668306590) =====
[05:40:06] description overrides loaded: 262 from /home/runner/work/prehrajto-to-prehrajto/prehrajto-to-prehrajto/state/email-generated-descriptions-v3.jsonl
[05:40:06] batch-start shard=0/2 count=20 backlog=17650 uploads=589 failed_attempts=28 description_overrides=262
[05:40:06] login
[05:40:09] login done
[05:40:09] iteration 1/20
[05:40:09] film cr_film_id=602 name='Muž v ohni (2004) CZ Dabing' candidates=37
[05:40:09]   candidate upload_id=68758b7193a34 url=https://prehraj.to/muz-v-ohni-denzel-washington-dakota-fanning-radha-mitchell-2004-akcni-krimi-thriller-drama-bdrip-1080p-cz-dabing/68758b7193a34
[05:40:10]   resolved in 1.0s → 720p (https://pf-storage4.premiumcdn.net/141615701/lx5h2eH0yhylFxGuyvUMoHv1iD1fgqu72Uy…)
[05:41:41]   downloaded 3,212.2 MB in 89.1s (36.1 MB/s)
[05:43:51]   upload done video_id=26034309 in 130.8s
[05:43:53] film cr_film_id=602 OK in 223.5s
[05:43:53] iteration 2/20
[05:43:53] film cr_film_id=604 name='Má mě rád, nemá mě rád (2010) CZ' candidates=2
[05:43:53]   candidate upload_id=61b633b40d363 url=https://prehraj.to/ma-me-rad-nema-me-rad-flipped-2010-j-j/61b633b40d363
[05:43:54]   resolved in 1.0s → 1080p (https://pf-storage1.premiumcdn.net/27355932/gBESQBCaOuenhkwF7WUyZCz2cXMUP4S8bH42…)
[05:45:11]   downloaded 2,759.3 MB in 75.9s (36.4 MB/s)
[05:47:05]   upload done video_id=26034350 in 113.5s
[05:47:06] film cr_film_id=604 OK in 193.0s
[05:47:06] iteration 3/20
[05:47:06] film cr_film_id=606 name='Gattaca (1997) CZ Dabing' candidates=2
[05:47:06]   candidate upload_id=57c7ead315601 url=https://prehraj.to/gattaca-1997-czdab/57c7ead315601
[05:47:07]   resolved in 1.1s → 480p (https://pf-storage4.premiumcdn.net/638306/vpRhoBH18iBpcaWIARi8EHwRFpVc54I8rsjLUZ…)
[05:47:25]   downloaded 422.2 MB in 17.0s (24.8 MB/s)
[05:47:42]   upload done video_id=26034369 in 16.6s
[05:47:43] film cr_film_id=606 OK in 37.0s
[05:47:43] iteration 4/20
[05:47:43] film cr_film_id=608 name='Zlo mezi námi (2003) CZ Dabing' candidates=1
[05:47:43]   candidate upload_id=674e72f7d528a url=https://prehraj.to/zlo-mezi-nami-2003-cz-dab/674e72f7d528a
[05:47:44]   resolved in 1.2s → 720p (https://pf-storage3.premiumcdn.net/115842041/EZetj1I9osdmSRqspjHXNInNC13FG6CB6uo…)
[05:48:33]   downloaded 1,694.3 MB in 47.4s (35.7 MB/s)
[05:50:01]   upload done video_id=26034375 in 88.4s
[05:50:02] film cr_film_id=608 OK in 139.5s
[05:50:02] iteration 5/20
[05:50:02] film cr_film_id=612 name='Argo (2012) CZ Dabing' candidates=1
[05:50:02]   candidate upload_id=930db73d91c92073 url=https://prehraj.to/argo-2012-cz-dab-1080p/930db73d91c92073
[05:50:03]   resolve FAILED: HTTP 502 wrapping permanent upstream error: https://prehraj.to/argo-2012-cz-dab-1080p/930db73d91c92073 (permanent=True)
[05:50:03] film cr_film_id=612 all candidates exhausted
[05:50:03] iteration 6/20
[05:50:03] film cr_film_id=614 name='Výměna (2008) CZ Dabing' candidates=4
[05:50:03]   candidate upload_id=65a014708156d url=https://prehraj.to/vymena-changeling-2008-hd-cz-dabing/65a014708156d
[05:50:09]   resolved in 6.0s → 720p (https://pf-storage5.premiumcdn.net/72254747/DdMtBrhpBi8jSDecrEIzehR2sRdc1gSOlsx6…)
[05:51:10]   downloaded 2,138.3 MB in 60.2s (35.5 MB/s)
[05:52:45]   upload done video_id=26034398 in 94.5s
[05:52:46] film cr_film_id=614 OK in 163.4s
[05:52:46] iteration 7/20
[05:52:46] film cr_film_id=616 name='Rambo: První krev (1982) CZ Dabing' candidates=19
[05:52:46]   candidate upload_id=65c389f72a8ad url=https://prehraj.to/rambo-1-1982-ab-1080p-5-1-cz-dab-digitalne-remastrovane/65c389f72a8ad
[05:52:47]   resolved in 1.2s → 1080p (https://pf-storage5.premiumcdn.net/73106042/morTAjSZoTrJIdVUjbCmbSqpsDwcqbhJrsRQ…)
[05:53:53]   downloaded 2,297.5 MB in 64.0s (35.9 MB/s)
[05:55:31]   upload done video_id=26034423 in 97.8s
[05:55:31] film cr_film_id=616 OK in 165.4s
[05:55:31] iteration 8/20
[05:55:31] film cr_film_id=620 name='Ex Machina (2014) CZ Dabing' candidates=3
[05:55:31]   candidate upload_id=68d4f97f887f9 url=https://prehraj.to/ex-machina-2014-cz-dab-1080p/68d4f97f887f9
[05:55:33]   resolved in 1.1s → 720p (https://pf-storage5.premiumcdn.net/148317762/7WVfe6FJ0sB7UpwioKT1QFzlTElHqoUY2I7…)
[05:56:09]   downloaded 1,175.3 MB in 34.6s (34.0 MB/s)
[05:57:02]   upload done video_id=26034439 in 53.3s
[05:57:03] film cr_film_id=620 OK in 91.6s
[05:57:03] iteration 9/20
[05:57:03] film cr_film_id=622 name='Star Wars: Síla se probouzí (2015) CZ Dabing' candidates=6
[05:57:03]   candidate upload_id=aaf996ee6195dc4b url=https://prehraj.to/star-wars-sila-se-probouzi-2015-cz-dab-1080p/aaf996ee6195dc4b
[05:57:04]   resolved in 1.0s → 720p (https://pf-storage4.premiumcdn.net/167549777/ZL6TbEi0oTmxfXncj1cr8iZRfPwug6FwZCM…)
[05:58:16]   downloaded 2,561.1 MB in 70.7s (36.2 MB/s)
[05:59:51]   upload done video_id=26034454 in 94.7s
[05:59:52] film cr_film_id=622 OK in 169.0s
[05:59:52] iteration 10/20
[05:59:52] film cr_film_id=624 name='Adamova jablka (2005) CZ Dabing' candidates=1
[05:59:52]   candidate upload_id=68ed4b17549c9 url=https://prehraj.to/adamova-jablka-2005-cz-dabing-1080p/68ed4b17549c9
[05:59:53]   resolved in 1.0s → 720p (https://pf-storage3.premiumcdn.net/151334394/0elTY4UbQSnrt1ZiXbsagUzQFZXcNrSRVhj…)
[06:00:45]   downloaded 1,807.7 MB in 50.1s (36.1 MB/s)
[06:01:48]   upload done video_id=26034470 in 63.8s
[06:01:49] film cr_film_id=624 OK in 117.4s
[06:01:49] iteration 11/20
[06:01:49] film cr_film_id=628 name='Harry Potter a Ohnivý pohár (2005) CZ Dabing' candidates=19
[06:01:49]   candidate upload_id=65284f78684ce url=https://prehraj.to/4-harry-potter-a-ohnivy-pohar-158m-2005-usa-vb-czdabing-hd-720p-i/65284f78684ce
[06:01:50]   resolve FAILED: HTTP 502 wrapping permanent upstream error: https://prehraj.to/4-harry-potter-a-ohnivy-pohar-158m-2005-usa-vb-czdabing-hd-720p-i/65284f78684ce (permanent=True)
[06:01:50]   candidate upload_id=68d9603864f69 url=https://prehraj.to/harry-potter-a-ohnivy-pohar-2005-cz-dabing-topkvalita/68d9603864f69
[06:01:56]   resolved in 6.3s → 1080p (https://pf-storage4.premiumcdn.net/148869846/Zr8H63imPs4BcGafZxfkVioVHDEI45urzUm…)
[06:04:21]   downloaded 5,187.1 MB in 142.9s (36.3 MB/s)
[06:08:08]   upload done video_id=26034502 in 227.4s
[06:08:09] film cr_film_id=628 OK in 379.9s
[06:08:09] iteration 12/20
[06:08:09] film cr_film_id=630 name='Kingsman: Tajná služba (2014) CZ Dabing' candidates=15
[06:08:09]   candidate upload_id=03697eacd686ebcc url=https://prehraj.to/kingsman-tajna-sluzba-2014-cz-dab-1080p/03697eacd686ebcc
[06:08:11]   resolved in 1.4s → 720p (https://pf-storage3.premiumcdn.net/167215004/XwZSK7in2HPxFeXSz7tAgidJHvBf0OtJPH9…)
[06:09:17]   downloaded 2,346.9 MB in 65.2s (36.0 MB/s)
[06:10:53]   upload done video_id=26034536 in 95.1s
[06:10:54] film cr_film_id=630 OK in 164.3s
[06:10:54] iteration 13/20
[06:10:54] film cr_film_id=634 name='Birdman (2014) CZ Dabing' candidates=1
[06:10:54]   candidate upload_id=68cad8a2400d0 url=https://prehraj.to/birdman-2014-cz-dab/68cad8a2400d0
[06:10:56]   resolved in 2.1s → 720p (https://pf-storage4.premiumcdn.net/147190686/EaySJkfd5T86hEWsMViLvfERUwxSoDtV2hL…)
[06:11:51]   downloaded 1,511.8 MB in 53.3s (28.4 MB/s)
[06:12:49]   upload done video_id=26034548 in 58.7s
[06:12:50] film cr_film_id=634 OK in 116.8s
[06:12:50] iteration 14/20
[06:12:50] film cr_film_id=638 name='Jak dostat tatínka do polepšovny (1978) CZ Dabing' candidates=19
[06:12:50]   candidate upload_id=68d799a72758a url=https://prehraj.to/jak-dostat-tatinka-do-polepsovny-1978-cz-dab-1080p/68d799a72758a
[06:12:52]   resolved in 1.5s → 1080p (https://pf-storage1.premiumcdn.net/148669578/jyxH2vSYdcO9SGyTBKSzvSp6HljFvPfEyCd…)
[06:14:22]   downloaded 3,172.9 MB in 88.5s (35.9 MB/s)
[06:16:36]   upload done video_id=26034564 in 134.0s
[06:16:37] film cr_film_id=638 OK in 226.6s
[06:16:37] iteration 15/20
[06:16:37] film cr_film_id=640 name='Raubíř Ralf (2012) CZ Dabing' candidates=12
[06:16:37]   candidate upload_id=5c66b8ee42a0b url=https://prehraj.to/raubir-ralf-ralph-rozbi-to-2012-cz-dabing/5c66b8ee42a0b
[06:16:38]   resolved in 1.0s → 720p (https://pf-storage1.premiumcdn.net/11798869/YnaHyMSWDc7pI5XC1xUm6SJ4iM6CQmcXOHyX…)
[06:17:37]   downloaded 2,005.5 MB in 57.7s (34.8 MB/s)
[06:18:51]   upload done video_id=26034583 in 73.4s
[06:18:52] film cr_film_id=640 OK in 134.8s
[06:18:52] iteration 16/20
[06:18:52] film cr_film_id=642 name='Černý jestřáb sestřelen (2001) CZ Dabing' candidates=11
[06:18:52]   candidate upload_id=68e519885bd86 url=https://prehraj.to/cerny-jestrab-sestrelen-2001-cz-dabing-1080p/68e519885bd86
[06:18:53]   resolved in 1.1s → 1080p (https://pf-storage1.premiumcdn.net/150286353/rAOtP9sWjiJpignsx4Tq8sdpTZnCQncEPHg…)
[06:20:48]   downloaded 4,105.6 MB in 113.5s (36.2 MB/s)
[06:23:38]   upload done video_id=26034609 in 170.1s
[06:23:39] film cr_film_id=642 OK in 287.5s
[06:23:39] iteration 17/20
[06:23:39] film cr_film_id=646 name='LEGO® příběh (2014) CZ Dabing' candidates=8
[06:23:39]   candidate upload_id=611cf1872382a url=https://prehraj.to/lego-pribeh-lego-movie-2014-bdrip-cz-dabing/611cf1872382a
[06:23:40]   resolved in 1.0s → 480p (https://pf-storage5.premiumcdn.net/24643064/5lRfM8IBbCaEhOBhMYc1xI4Ot1lt5XiBLHdb…)
[06:24:28]   downloaded 1,296.7 MB in 46.3s (28.0 MB/s)
[06:25:18]   upload done video_id=26034639 in 50.0s
[06:25:19] film cr_film_id=646 OK in 100.0s
[06:25:19] iteration 18/20
[06:25:19] film cr_film_id=650 name='96 hodin (2008) CZ Dabing' candidates=17
[06:25:19]   candidate upload_id=5c741a7bd8e62 url=https://prehraj.to/96-hodin-taken-2008-cz-dabing-bdrip/5c741a7bd8e62
[06:25:20]   resolved in 1.0s → 480p (https://pf-storage5.premiumcdn.net/12154033/Z2aHa4SXMi93C0Wh27H9BS6oUz0t8gseQc9P…)
[06:25:53]   downloaded 846.1 MB in 31.2s (27.1 MB/s)
[06:26:28]   upload done video_id=26034652 in 34.9s
[06:26:29] film cr_film_id=650 OK in 69.7s
[06:26:29] iteration 19/20
[06:26:29] film cr_film_id=652 name='Nejvyšší nabídka (2013) CZ' candidates=1
[06:26:29]   candidate upload_id=55912cfad56b5 url=https://prehraj.to/nejvisi-nabidka-2013-brrip-xvid-cz-dabing/55912cfad56b5
[06:26:31]   resolved in 2.1s → 480p (https://pf-storage2.premiumcdn.net/371743/GGah52sqdC8qHJ1I1zfVXsyvTGWf1lHk5UXdhV…)
[06:26:52]   downloaded 635.0 MB in 19.4s (32.7 MB/s)
[06:27:16]   upload done video_id=26034661 in 24.2s
[06:27:17] film cr_film_id=652 OK in 48.4s
[06:27:17] iteration 20/20
[06:27:17] film cr_film_id=654 name='Terapie láskou (2012) CZ Dabing' candidates=16
[06:27:17]   candidate upload_id=5c3b54cfc2f07 url=https://prehraj.to/terapie-laskou-2013-dvdrip-cz-dabing-m3/5c3b54cfc2f07
[06:27:18]   resolved in 1.0s → 480p (https://pf-storage4.premiumcdn.net/10913747/Ng8uOKUyQcBMTv1H6DIexUDquZKTPyt0qH1k…)
[06:27:39]   downloaded 604.3 MB in 18.8s (32.1 MB/s)
[06:28:04]   upload done video_id=26034670 in 25.4s
[06:28:05] film cr_film_id=654 OK in 47.7s
[06:28:05] batch-end ok=19 failed=1 dur=2876.1s avg/film=151.4s remaining=17042 eta_hours=716.7

===== run 2026-06-17T06:30:55Z shard=0/2 batch_size=20 (https://github.com/Olbrasoft/prehrajto-to-prehrajto/actions/runs/27670342550) =====
[06:30:56] description overrides loaded: 262 from /home/runner/work/prehrajto-to-prehrajto/prehrajto-to-prehrajto/state/email-generated-descriptions-v3.jsonl
[06:30:56] batch-start shard=0/2 count=20 backlog=17650 uploads=608 failed_attempts=30 description_overrides=262
[06:30:56] login
[06:30:58] login done
[06:30:58] iteration 1/20
[06:30:58] film cr_film_id=656 name='Jáchyme, hoď ho do stroje! (1974) CZ' candidates=3
[06:30:58]   candidate upload_id=624fc210776a6 url=https://prehraj.to/jachyme-hod-ho-do-stroje-csr-1974-hd/624fc210776a6
[06:30:59]   resolved in 0.9s → 1080p (https://pf-storage5.premiumcdn.net/30393107/klDiEJh1mTXDCVafE6HE7h3pt4dTrxiz1uLr…)
[06:32:24]   downloaded 2,343.1 MB in 83.2s (28.2 MB/s)
[06:34:46]   upload done video_id=26034705 in 142.6s
[06:34:47] film cr_film_id=656 OK in 229.3s
[06:34:47] iteration 2/20
[06:34:47] film cr_film_id=664 name='Bláznivá střela (1988) CZ Dabing' candidates=1
[06:34:47]   candidate upload_id=68d020547c0ba url=https://prehraj.to/blazniva-strel-2025-cz-dabing/68d020547c0ba
[06:34:48]   resolved in 0.9s → 480p (https://pf-storage4.premiumcdn.net/147740943/aXRFe2cGMI4Vfy5iWDIOmcrwiXasoVT0NiG…)
[06:35:08]   downloaded 502.8 MB in 18.9s (26.6 MB/s)
[06:35:38]   upload done video_id=26034732 in 29.6s
[06:35:39] film cr_film_id=664 OK in 52.0s
[06:35:39] iteration 3/20
[06:35:39] film cr_film_id=666 name='Zvuk svobody (2023) CZ Dabing' candidates=4
[06:35:39]   candidate upload_id=67c4cd753626d url=https://prehraj.to/zvuk-svobody-2023-cz-dabing-1080p/67c4cd753626d
[06:35:40]   resolved in 1.1s → 1080p (https://pf-storage1.premiumcdn.net/131157080/OoBH7bsvQUkRf0Ju8eU7osj7CmWCwvT8zSY…)
[06:36:53]   downloaded 2,515.7 MB in 71.5s (35.2 MB/s)
[06:38:51]   upload done video_id=26034750 in 117.5s
[06:38:52] film cr_film_id=666 OK in 192.5s
[06:38:52] iteration 4/20
[06:38:52] film cr_film_id=676 name='Jagna (2023) CZ Dabing' candidates=2
[06:38:52]   candidate upload_id=678ca907d1e83 url=https://prehraj.to/jagna-2023-cz-dabing/678ca907d1e83
[06:38:53]   resolved in 1.0s → 720p (https://pf-storage5.premiumcdn.net/127718708/KwniGdSLJiMdizBfb1TB8SaMuq2UOgT6eCz…)
[06:39:36]   downloaded 1,565.7 MB in 42.3s (37.0 MB/s)
[06:40:54]   upload done video_id=26034777 in 77.5s
[06:40:55] film cr_film_id=676 OK in 123.2s
[06:40:55] iteration 5/20
[06:40:55] film cr_film_id=678 name='Víly z Inisherinu (2022) CZ Dabing' candidates=2
[06:40:55]   candidate upload_id=b33d35906a7d9a42 url=https://prehraj.to/vily-z-inisherinu-2022-cz-dab-1080p/b33d35906a7d9a42
[06:40:56]   resolved in 1.4s → 1080p (https://pf-storage1.premiumcdn.net/167435624/Zv8HR5c3wIvNSNviGgTYRc36u0QuLzSQZtO…)
[06:41:45]   downloaded 1,685.1 MB in 48.2s (35.0 MB/s)
[06:42:50]   upload done video_id=26034795 in 64.6s
[06:42:51] film cr_film_id=678 OK in 116.3s
[06:42:51] iteration 6/20
[06:42:51] film cr_film_id=684 name='Všichni moji cizinci (2023) CZ Dabing' candidates=3
[06:42:51]   candidate upload_id=680baeb05f013 url=https://prehraj.to/vsichni-moji-cizinci-2023-cz-dabing-1080p/680baeb05f013
[06:42:52]   resolved in 0.9s → 1080p (https://pf-storage3.premiumcdn.net/136184066/alKTvbHENhaWu4XhxXUrGH07hkLTzmSkdi1…)
[06:43:41]   downloaded 1,600.3 MB in 47.5s (33.7 MB/s)
[06:44:38]   upload done video_id=26034817 in 57.3s
[06:44:39] film cr_film_id=684 OK in 108.1s
[06:44:39] iteration 7/20
[06:44:39] film cr_film_id=686 name='Ohňostroje (2023) CZ Dabing' candidates=1
[06:44:39]   candidate upload_id=65f486311ee11 url=https://prehraj.to/ohnostroje-2023-cz-dabing-1080p/65f486311ee11
[06:44:40]   resolved in 1.1s → 1080p (https://pf-storage1.premiumcdn.net/74650232/lDLIEMik1tXpcapFZqSrRiopuXnIrotd9Fga…)
[06:46:10]   downloaded 3,357.5 MB in 88.9s (37.8 MB/s)
[06:49:03]   upload done video_id=26034844 in 172.8s
[06:49:05] film cr_film_id=686 OK in 265.3s
[06:49:05] iteration 8/20
[06:49:05] film cr_film_id=688 name='Americké psycho (2000) CZ Dabing' candidates=5
[06:49:05]   candidate upload_id=684306a438843 url=https://prehraj.to/americke-psycho-2000-krimi-komedie-czdab/684306a438843
[06:49:05]   resolved in 0.8s → 1080p (https://pf-storage5.premiumcdn.net/139340993/8qwT6aIr4u9YCjwsyecK4IO3fZ9fYptZouA…)
[06:50:00]   downloaded 1,945.9 MB in 53.4s (36.4 MB/s)
[06:51:44]   upload done video_id=26034886 in 104.1s
[06:51:45] film cr_film_id=688 OK in 160.8s
[06:51:45] iteration 9/20
[06:51:45] film cr_film_id=690 name='Mission: Impossible Odplata – První část (2023) CZ Dabing' candidates=2
[06:51:45]   candidate upload_id=68ab39f339ee2 url=https://prehraj.to/mission-impossible-7-odplata-2023-czdab/68ab39f339ee2
[06:51:48]   resolved in 3.1s → 720p (https://pf-storage3.premiumcdn.net/144431061/Jw1f0piansA0i32SPViDYiMkHrEteqtvAsX…)
[06:53:14]   downloaded 3,180.1 MB in 84.7s (37.5 MB/s)
[06:55:46]   upload done video_id=26034922 in 151.6s
[06:55:48] film cr_film_id=690 OK in 242.5s
[06:55:48] iteration 10/20
[06:55:48] film cr_film_id=692 name='John Wick: Kapitola 4 (2023) CZ Dabing' candidates=10
[06:55:48]   candidate upload_id=66a140da85cc1 url=https://prehraj.to/john-wick-chapter-4-2023-cz-dabing-1080p/66a140da85cc1
[06:55:49]   resolved in 0.8s → 720p (https://pf-storage1.premiumcdn.net/86759573/DraTwqfLKT9pFMmUzqc4JfkbumqFLwc37Sxr…)
[06:57:28]   downloaded 3,518.8 MB in 97.8s (36.0 MB/s)
[06:59:27]   upload done video_id=26034960 in 119.2s
[06:59:28] film cr_film_id=692 OK in 220.1s
[06:59:28] iteration 11/20
[06:59:28] film cr_film_id=694 name='Marcel, ulita s botičkami (2021) CZ Dabing' candidates=3
[06:59:28]   candidate upload_id=645393664edee url=https://prehraj.to/marcel-ulita-s-botickami-2021-cz-dabing-hd-1080p/645393664edee
[06:59:29]   resolved in 0.9s → 1080p (https://pf-storage3.premiumcdn.net/40179706/DZ8TVAIj3ua8uJpH24T2aIGaHvjcLpCQbUKw…)
[07:00:31]   downloaded 1,679.9 MB in 60.6s (27.7 MB/s)
[07:01:39]   upload done video_id=26034986 in 68.0s
[07:01:40] film cr_film_id=694 OK in 132.0s
[07:01:40] iteration 12/20
[07:01:40] film cr_film_id=698 name='Pinocchio Guillerma del Tora (2022) CZ Dabing' candidates=1
[07:01:40]   candidate upload_id=63988fe6c9d03 url=https://prehraj.to/guillermo-del-toro-s-pinocchio-pinocchio-2022-czdabingen-web-dl-1080p/63988fe6c9d03
[07:01:41]   resolved in 1.0s → 1080p (https://pf-storage1.premiumcdn.net/35525467/W7vuvnCGkh56Ir9HEGFVeCo9HdVs5ocOXhqj…)
[07:03:07]   downloaded 3,154.3 MB in 84.9s (37.2 MB/s)
[07:05:08]   upload done video_id=26035003 in 120.8s
[07:05:09] film cr_film_id=698 OK in 208.9s
[07:05:09] iteration 13/20
[07:05:09] film cr_film_id=708 name='Pečovatelka Sarah (2021) CZ Dabing' candidates=1
[07:05:09]   candidate upload_id=618313709fa12 url=https://prehraj.to/pecovatelka-sarah-2021-czdab/618313709fa12
[07:05:10]   resolved in 1.3s → 1080p (https://pf-storage1.premiumcdn.net/26145646/5DjhqNFPysJQcg8FjmtJkFADHJKHlqCzEHqL…)
[07:06:07]   downloaded 2,003.9 MB in 54.9s (36.5 MB/s)
[07:07:45]   upload done video_id=26035025 in 98.6s
[07:07:46] film cr_film_id=708 OK in 157.7s
[07:07:46] iteration 14/20
[07:07:46] film cr_film_id=712 name='Rodina na baterky (2021) CZ Dabing' candidates=2
[07:07:46]   candidate upload_id=5579a71761069342 url=https://prehraj.to/rodina-na-baterky-2021-animovany-cz-dabing-1/5579a71761069342
[07:07:49]   resolve FAILED: HTTP 502 wrapping permanent upstream error: https://prehraj.to/rodina-na-baterky-2021-animovany-cz-dabing-1/5579a71761069342 (permanent=True)
[07:07:49]   candidate upload_id=903353387b02cfc9 url=https://prehraj.to/rodina-na-baterky-2021-animovany-cz-dabing-1/903353387b02cfc9
[07:07:55]   resolve FAILED: HTTP 502 wrapping permanent upstream error: https://prehraj.to/rodina-na-baterky-2021-animovany-cz-dabing-1/903353387b02cfc9 (permanent=True)
[07:07:55] film cr_film_id=712 all candidates exhausted
[07:07:55] iteration 15/20
[07:07:55] film cr_film_id=716 name='Pan Church (2016) CZ Dabing' candidates=4
[07:07:55]   candidate upload_id=5810818b43f8c url=https://prehraj.to/mr-church-2016-cz-dabing/5810818b43f8c
[07:08:01]   resolved in 5.9s → 480p (https://pf-storage1.premiumcdn.net/755101/0LnHnZi2niV0UeyHnXFx4iD1f4Nt5yC54Sx4CW…)
[07:08:19]   downloaded 541.7 MB in 16.6s (32.6 MB/s)
[07:08:40]   upload done video_id=26035045 in 21.2s
[07:08:41] film cr_film_id=716 OK in 46.1s
[07:08:41] iteration 16/20
[07:08:41] film cr_film_id=718 name='Burákový sokol (2019) CZ Dabing' candidates=3
[07:08:41]   candidate upload_id=5fdfeaca48618 url=https://prehraj.to/burakovy-sokol-2019-czdabing/5fdfeaca48618
[07:08:42]   resolved in 1.0s → 1080p (https://pf-storage1.premiumcdn.net/20930862/DQLsx3CX4I9nHe5swyF3vCr1sGOsM4i2JIad…)
[07:09:38]   downloaded 1,940.4 MB in 54.8s (35.4 MB/s)
[07:10:45]   upload done video_id=26035054 in 67.4s
[07:10:46] film cr_film_id=718 OK in 125.6s
[07:10:46] iteration 17/20
[07:10:46] film cr_film_id=720 name='Sociální dilema (2020) CZ' candidates=2
[07:10:46]   candidate upload_id=612b9bdfa8e49 url=https://prehraj.to/the-social-dilemma-socialni-dilema-2020-1080p-cz-titulky-by-dean12/612b9bdfa8e49
[07:10:47]   resolved in 0.9s → 1080p (https://pf-storage5.premiumcdn.net/24752702/749sOnip4T4lcPpIyGhMGiGbtn9cDZskaCKj…)
[07:11:41]   downloaded 1,950.6 MB in 52.8s (36.9 MB/s)
[07:13:03]   upload done video_id=26035080 in 82.0s
[07:13:04] film cr_film_id=720 OK in 137.8s
[07:13:04] iteration 18/20
[07:13:04] film cr_film_id=724 name='25. hodina (2002) CZ Dabing' candidates=7
[07:13:04]   candidate upload_id=5b7ac12f7392f url=https://prehraj.to/25-hodina-2002-cz-dabing/5b7ac12f7392f
[07:13:05]   resolved in 1.0s → 480p (https://pf-storage1.premiumcdn.net/5351935/dgKuyeS5ds7OH2qCOltKWS5Pil2hNqiRrU90T…)
[07:13:37]   downloaded 813.3 MB in 30.1s (27.0 MB/s)
[07:14:19]   upload done video_id=26035096 in 42.7s
[07:14:21] film cr_film_id=724 OK in 76.4s
[07:14:21] iteration 19/20
[07:14:21] film cr_film_id=730 name='Dva papežové (2019) CZ Dabing' candidates=11
[07:14:21]   candidate upload_id=5e0108243bdb2 url=https://prehraj.to/dva-papezove-the-two-popes-2019-cz-dabing-forced-web-1080p-5-1/5e0108243bdb2
[07:14:21]   resolved in 0.8s → 720p (https://pf-storage1.premiumcdn.net/15513478/0PeiwrIOAhPGhO4F9qUZkIvGCEJiW0SLWUmq…)
[07:15:14]   downloaded 1,713.0 MB in 51.1s (33.5 MB/s)
[07:16:15]   upload done video_id=26035117 in 60.8s
[07:16:16] film cr_film_id=730 OK in 115.4s
[07:16:16] iteration 20/20
[07:16:16] film cr_film_id=732 name='Umění tančit v dešti (2019) CZ Dabing' candidates=9
[07:16:16]   candidate upload_id=5f22a25cc42bd url=https://prehraj.to/umeni-tancit-v-desti-the-art-of-racing-in-the-rain-2019-cz-dabing-1080p/5f22a25cc42bd
[07:16:17]   resolved in 0.7s → 1080p (https://pf-storage3.premiumcdn.net/17651718/D19hEPFYJH94Cvjhrgi04FNZUx0cR9sj3cXZ…)
[07:17:41]   downloaded 2,974.4 MB in 82.6s (36.0 MB/s)
[07:19:51]   upload done video_id=26035144 in 130.0s
[07:19:52] film cr_film_id=732 OK in 215.7s
[07:19:52] batch-end ok=19 failed=1 dur=2933.8s avg/film=154.4s remaining=17023 eta_hours=730.1

===== run 2026-06-17T07:20:24Z shard=0/2 batch_size=20 (https://github.com/Olbrasoft/prehrajto-to-prehrajto/actions/runs/27672577659) =====
[07:20:25] description overrides loaded: 262 from /home/runner/work/prehrajto-to-prehrajto/prehrajto-to-prehrajto/state/email-generated-descriptions-v3.jsonl
[07:20:25] batch-start shard=0/2 count=20 backlog=17650 uploads=627 failed_attempts=32 description_overrides=262
[07:20:25] login
[07:20:27] login done
[07:20:27] iteration 1/20
[07:20:27] film cr_film_id=738 name='Hledání Země Nezemě (2004) CZ Dabing' candidates=2
[07:20:27]   candidate upload_id=5bdd3cd1d9309 url=https://prehraj.to/hledani-zeme-nezeme-2004-cz-dabing/5bdd3cd1d9309
[07:20:28]   resolved in 1.1s → 480p (https://pf-storage4.premiumcdn.net/7812565/j8eSjnIYaT9DuqDsmoFBlID9iOPT3LSmDuL3S…)
[07:20:46]   downloaded 432.0 MB in 16.3s (26.5 MB/s)
[07:21:04]   upload done video_id=26035186 in 18.1s
[07:21:05] film cr_film_id=738 OK in 38.0s
[07:21:05] iteration 2/20
[07:21:05] film cr_film_id=740 name='Zrodila se hvězda (2018) CZ Dabing' candidates=1
[07:21:05]   candidate upload_id=5ce63f4b83393 url=https://prehraj.to/zrodila-se-hvezda-2018-hdrip-cz-dabing-m3/5ce63f4b83393
[07:21:06]   resolved in 1.2s → 480p (https://pf-storage5.premiumcdn.net/13573692/XQ8SB5UBNfL3sQbC56cz0U1eslrHVWhxOI1W…)
[07:21:45]   downloaded 1,322.6 MB in 38.2s (34.6 MB/s)
[07:22:37]   upload done video_id=26035198 in 51.9s
[07:22:38] film cr_film_id=740 OK in 93.6s
[07:22:38] iteration 3/20
[07:22:38] film cr_film_id=742 name='The Florida Project (2017) CZ Dabing' candidates=3
[07:22:38]   candidate upload_id=5c3f1b556be31 url=https://prehraj.to/the-florida-project-2017-hdrip-cz-dabing-m3/5c3f1b556be31
[07:22:39]   resolved in 1.0s → 480p (https://pf-storage2.premiumcdn.net/11004628/pb1cdmTJ6IbQiV7UYotV1TZKfVBfnVh5QFDE…)
[07:23:01]   downloaded 517.7 MB in 19.7s (26.3 MB/s)
[07:23:24]   upload done video_id=26035216 in 23.5s
[07:23:25] film cr_film_id=742 OK in 46.8s
[07:23:25] iteration 4/20
[07:23:25] film cr_film_id=748 name='Deadpool 2 (2018) CZ Dabing' candidates=4
[07:23:25]   candidate upload_id=61db30d980991 url=https://prehraj.to/deadpool-2-2018-1080p-bdrip-dd5-1-cz-dab/61db30d980991
[07:23:26]   resolved in 1.4s → 720p (https://pf-storage3.premiumcdn.net/28220985/qlRhpguKptjkfq9TElsoQuvyfrLhw4tjqFZJ…)
[07:24:57]   downloaded 2,565.8 MB in 88.9s (28.9 MB/s)
[07:26:46]   upload done video_id=26035244 in 109.1s
[07:26:47] film cr_film_id=748 OK in 202.2s
[07:26:47] iteration 5/20
[07:26:47] film cr_film_id=758 name='Sedm životů (2008) CZ Dabing' candidates=12
[07:26:47]   candidate upload_id=52773d5f37ddeff4 url=https://prehraj.to/sedm-zivotu-2008-cz-dab-1080p/52773d5f37ddeff4
[07:26:48]   resolved in 1.1s → 720p (https://pf-storage5.premiumcdn.net/168041221/qk2fAqs1piGkCvBU52u9asDNFx4h2kc6XFB…)
[07:27:31]   downloaded 1,470.4 MB in 40.8s (36.0 MB/s)
[07:28:50]   upload done video_id=26035273 in 78.8s
[07:28:51] film cr_film_id=758 OK in 123.3s
[07:28:51] iteration 6/20
[07:28:51] film cr_film_id=770 name='Blbec k večeři (1998) CZ Dabing' candidates=9
[07:28:51]   candidate upload_id=68b0ac9bbbeca url=https://prehraj.to/blbec-k-veceri-1998-1080p-cz-dab/68b0ac9bbbeca
[07:28:52]   resolved in 1.0s → 720p (https://pf-storage3.premiumcdn.net/144820524/jZXuBqhw4sXqF39iwVt5JhRYUMzfBGCMGtQ…)
[07:29:44]   downloaded 1,846.8 MB in 51.2s (36.1 MB/s)
[07:31:04]   upload done video_id=26035305 in 80.3s
[07:31:06] film cr_film_id=770 OK in 135.0s
[07:31:06] iteration 7/20
[07:31:06] film cr_film_id=774 name='Na samotě u lesa (1976) CZ Dabing' candidates=8
[07:31:06]   candidate upload_id=68cb90b82551d url=https://prehraj.to/na-samote-u-lesa-1976-komedie-uhd-4k-2160p-cz-dabing-by-nexsus/68cb90b82551d
[07:31:07]   resolved in 1.1s → 1080p (https://pf-storage4.premiumcdn.net/147244605/8vmSdvfgVhL5U2MiwPtMvf5lFJ9hxkT1PhD…)
[07:32:20]   downloaded 2,535.4 MB in 72.1s (35.2 MB/s)
[07:34:12]   upload done video_id=26035334 in 111.6s
[07:34:13] film cr_film_id=774 OK in 187.2s
[07:34:13] iteration 8/20
[07:34:13] film cr_film_id=776 name='Strážci Galaxie Vol. 2 (2017) CZ Dabing' candidates=4
[07:34:13]   candidate upload_id=da56fa6f4a00dc80 url=https://prehraj.to/strazci-galaxie-2-2017-cz-dabing/da56fa6f4a00dc80
[07:34:14]   resolved in 1.2s → 720p (https://pf-storage1.premiumcdn.net/166655450/odZcgjfl3SzDt4VH1dUxnfdGUb1Sa2teGU8…)
[07:35:32]   downloaded 2,737.5 MB in 76.8s (35.6 MB/s)
[07:37:11]   upload done video_id=26035376 in 98.6s
[07:37:12] film cr_film_id=776 OK in 179.5s
[07:37:12] iteration 9/20
[07:37:12] film cr_film_id=778 name='Velký dar (2017) CZ Dabing' candidates=32
[07:37:12]   candidate upload_id=599306467935a url=https://prehraj.to/gifted-cz-dabing-2017-full-hd/599306467935a
[07:37:13]   resolved in 1.0s → 720p (https://pf-storage1.premiumcdn.net/2557151/907u8nIbmuAXIQPH9oSRxIlnurRivbT7Qhm0T…)
[07:37:59]   downloaded 1,543.7 MB in 44.2s (34.9 MB/s)
[07:39:05]   upload done video_id=26035400 in 66.2s
[07:39:06] film cr_film_id=778 OK in 113.8s
[07:39:06] iteration 10/20
[07:39:06] film cr_film_id=780 name='Předčítač (2008) CZ Dabing' candidates=15
[07:39:06]   candidate upload_id=133f53f00bb44d71 url=https://prehraj.to/predcitac-2008-cz-dab-1080p/133f53f00bb44d71
[07:39:07]   resolved in 1.0s → 720p (https://pf-storage5.premiumcdn.net/167315546/eKJILXT7JHwqS7au1Zf3xTOqU5YfWoFzXib…)
[07:39:49]   downloaded 1,402.8 MB in 41.0s (34.2 MB/s)
[07:40:45]   upload done video_id=26035419 in 56.3s
[07:40:47] film cr_film_id=780 OK in 100.5s
[07:40:47] iteration 11/20
[07:40:47] film cr_film_id=786 name='Náš vůdce (2008) CZ Dabing' candidates=15
[07:40:47]   candidate upload_id=5fe9ccb35b68a url=https://prehraj.to/nas-vudce-2008-hd-czdabing/5fe9ccb35b68a
[07:40:48]   resolved in 1.4s → 480p (https://pf-storage1.premiumcdn.net/21068808/aJWUE4COJTK0hRLta4fBLCWwUAJcb4i0RI0g…)
[07:41:32]   downloaded 1,183.7 MB in 42.4s (27.9 MB/s)
[07:42:15]   upload done video_id=26035433 in 42.9s
[07:42:16] film cr_film_id=786 OK in 89.4s
[07:42:16] iteration 12/20
[07:42:16] film cr_film_id=788 name='Východní přísliby (2007) CZ Dabing' candidates=9
[07:42:16]   candidate upload_id=499ad3bbf17f8584 url=https://prehraj.to/vychodni-prisliby-2007-cz-dabing-1080p-mkv/499ad3bbf17f8584
[07:42:18]   resolved in 1.6s → 1080p (https://pf-storage5.premiumcdn.net/155248506/QdJt7mTGRcz4HDAcReHA5TZaIJgFndsmzcQ…)
[07:43:23]   downloaded 2,286.5 MB in 64.2s (35.6 MB/s)
[07:44:58]   upload done video_id=26035449 in 95.0s
[07:44:59] film cr_film_id=788 OK in 162.8s
[07:44:59] iteration 13/20
[07:44:59] film cr_film_id=790 name='Let číslo 93 (2006) CZ Dabing' candidates=4
[07:44:59]   candidate upload_id=607bddb4301cd url=https://prehraj.to/let-cislo-93-2006-cz-dabing/607bddb4301cd
[07:45:00]   resolved in 0.9s → 1080p (https://pf-storage5.premiumcdn.net/23166714/6V4s3QC1AFKWIGwIzaFm3CX8uKZfB6iq6t0x…)
[07:46:55]   downloaded 4,093.9 MB in 114.0s (35.9 MB/s)
[07:49:17]   upload done video_id=26035474 in 141.9s
[07:49:18] film cr_film_id=790 OK in 259.3s
[07:49:18] iteration 14/20
[07:49:18] film cr_film_id=796 name='50/50 (2011) CZ Dabing' candidates=8
[07:49:18]   candidate upload_id=559186010a7c6 url=https://prehraj.to/50-50-2011-cz-dabing/559186010a7c6
[07:49:19]   resolved in 0.8s → 480p (https://pf-storage2.premiumcdn.net/396573/mm3iw9sLAipAhklCbvCnLsm3F0bToJhR2idJUL…)
[07:49:35]   downloaded 478.2 MB in 15.4s (31.1 MB/s)
[07:49:55]   upload done video_id=26035491 in 19.2s
[07:49:56] film cr_film_id=796 OK in 37.6s
[07:49:56] iteration 15/20
[07:49:56] film cr_film_id=800 name='Co děláme v temnotách (2014) CZ Dabing' candidates=5
[07:49:56]   candidate upload_id=b0d054f2696857b8 url=https://prehraj.to/co-delame-v-temnotach-2014-cz-dab-1080p/b0d054f2696857b8
[07:49:57]   resolved in 0.9s → 720p (https://pf-storage3.premiumcdn.net/168117835/Nm3irpuk7tl0IvPSBqueBuxWsRzc8Xs2LSO…)
[07:50:32]   downloaded 1,164.5 MB in 33.9s (34.4 MB/s)
[07:51:16]   upload done video_id=26035506 in 44.3s
[07:51:17] film cr_film_id=800 OK in 81.2s
[07:51:17] iteration 16/20
[07:51:17] film cr_film_id=802 name='Ti druzí (2001) CZ Dabing' candidates=20
[07:51:17]   candidate upload_id=5b0a49439e683 url=https://prehraj.to/ti-druzi-cz-dabing-2001/5b0a49439e683
[07:51:20]   resolved in 2.9s → 480p (https://pf-storage2.premiumcdn.net/4329588/mnpi3QIw0TxWF5RclmHj0IG9ilWuD3toOcdof…)
[07:51:36]   downloaded 466.2 MB in 15.0s (31.1 MB/s)
[07:52:04]   upload done video_id=26035517 in 28.4s
[07:52:05] film cr_film_id=802 OK in 48.4s
[07:52:05] iteration 17/20
[07:52:05] film cr_film_id=804 name='Leviatan (2014) CZ Dabing' candidates=13
[07:52:05]   candidate upload_id=55d4da401da0e url=https://prehraj.to/leviatan-leviathan-2014-czdub/55d4da401da0e
[07:52:06]   resolved in 1.0s → 480p (https://pf-storage2.premiumcdn.net/207567/9QwI4ruaesWXfd2CO4c6euo1FXEUynFVWsjgfR…)
[07:52:27]   downloaded 495.3 MB in 19.2s (25.8 MB/s)
[07:52:49]   upload done video_id=26035532 in 21.8s
[07:52:50] film cr_film_id=804 OK in 44.3s
[07:52:50] iteration 18/20
[07:52:50] film cr_film_id=806 name='300: Bitva u Thermopyl (2006) CZ Dabing' candidates=2
[07:52:50]   candidate upload_id=d49028a821a30d89 url=https://prehraj.to/300-bitva-u-thermopyl-2006-cz-dab-1080p-mkv/d49028a821a30d89
[07:52:50]   resolve FAILED: HTTP 502 wrapping permanent upstream error: https://prehraj.to/300-bitva-u-thermopyl-2006-cz-dab-1080p-mkv/d49028a821a30d89 (permanent=True)
[07:52:50]   candidate upload_id=5e72e6f4eaca29bc url=https://prehraj.to/300-bitva-u-thermopyl-2006-cz-dab-1080p/5e72e6f4eaca29bc
[07:52:56]   resolve FAILED: HTTP 502 wrapping permanent upstream error: https://prehraj.to/300-bitva-u-thermopyl-2006-cz-dab-1080p/5e72e6f4eaca29bc (permanent=True)
[07:52:56] film cr_film_id=806 all candidates exhausted
[07:52:56] iteration 19/20
[07:52:56] film cr_film_id=812 name='Kick-Ass (2010) CZ Dabing' candidates=1
[07:52:56]   candidate upload_id=d384b4c87c2ed920 url=https://prehraj.to/kick-ass-1-2010-cz-dabing-2160p-ultra-hd-top-kvalita/d384b4c87c2ed920
[07:53:01]   resolved in 5.7s → 1080p (https://pf-storage3.premiumcdn.net/169011004/9lwTZOSYLcJ2HZRFvZfebSnbUqkUeziOzU1…)
[07:54:52]   downloaded 3,996.8 MB in 109.5s (36.5 MB/s)
[07:57:15]   upload done video_id=26035561 in 143.1s
[07:57:16] film cr_film_id=812 OK in 260.8s
[07:57:16] iteration 20/20
[07:57:16] film cr_film_id=814 name='Půlnoc v Paříži (2011) CZ Dabing' candidates=10
[07:57:16]   candidate upload_id=57d9e47ecf041 url=https://prehraj.to/pulnoc-v-parizi-2011-czdab/57d9e47ecf041
[07:57:18]   resolved in 1.2s → 480p (https://pf-storage2.premiumcdn.net/643807/M4xUZpu8ls0Lcv2tWXiGPuzAieKt81hL4iZNsY…)
[07:57:36]   downloaded 551.4 MB in 17.0s (32.4 MB/s)
[07:57:57]   upload done video_id=26035592 in 20.9s
[07:57:58] film cr_film_id=814 OK in 41.6s
[07:57:58] batch-end ok=19 failed=1 dur=2251.4s avg/film=118.5s remaining=17004 eta_hours=559.7

===== run 2026-06-17T08:16:13Z shard=0/2 batch_size=20 (https://github.com/Olbrasoft/prehrajto-to-prehrajto/actions/runs/27675396064) =====
[08:16:15] description overrides loaded: 262 from /home/runner/work/prehrajto-to-prehrajto/prehrajto-to-prehrajto/state/email-generated-descriptions-v3.jsonl
[08:16:15] batch-start shard=0/2 count=20 backlog=17650 uploads=646 failed_attempts=34 description_overrides=262
[08:16:15] login
[08:16:17] login done
[08:16:17] iteration 1/20
[08:16:17] film cr_film_id=816 name='Pátý element (1997) CZ Dabing' candidates=5
[08:16:17]   candidate upload_id=65de3be02fe76 url=https://prehraj.to/paty-element-1997-cz-dab/65de3be02fe76
[08:16:18]   resolved in 1.4s → 480p (https://pf-storage4.premiumcdn.net/73984544/KDbcR6H73IN5fr0I1OU8DHQKfNKCWGuVdIB4…)
[08:16:48]   downloaded 678.0 MB in 27.6s (24.6 MB/s)
[08:17:25]   upload done video_id=26035857 in 37.4s
[08:17:26] film cr_film_id=816 OK in 69.7s
[08:17:26] iteration 2/20
[08:17:26] film cr_film_id=818 name='Úsvit planety opic (2014) CZ Dabing' candidates=24
[08:17:26]   candidate upload_id=605852900b16b url=https://prehraj.to/usvit-planety-opic-2014-cz-dabing/605852900b16b
[08:17:28]   resolved in 1.2s → 1080p (https://pf-storage5.premiumcdn.net/22756463/WD8fNvIdQclmTRJC4PIo7IVGfKDcR3Fq0S8y…)
[08:19:58]   downloaded 3,878.7 MB in 148.9s (26.0 MB/s)
[08:23:30]   upload done video_id=26035901 in 211.9s
[08:23:32] film cr_film_id=818 OK in 365.6s
[08:23:32] iteration 3/20
[08:23:32] film cr_film_id=820 name='Match Point – Hra osudu (2005) CZ Dabing' candidates=4
[08:23:32]   candidate upload_id=d1f855276bcadbc4 url=https://prehraj.to/match-point-2005-cz-dabing-1080p-mkv/d1f855276bcadbc4
[08:23:33]   resolved in 1.2s → 1080p (https://pf-storage3.premiumcdn.net/165128576/zbJHpMcaeFqMuO8S73tQ5c37TMwSAqCO6ip…)
[08:25:00]   downloaded 2,176.1 MB in 84.7s (25.7 MB/s)
[08:27:39]   upload done video_id=26035963 in 159.3s
[08:27:41] film cr_film_id=820 OK in 248.7s
[08:27:41] iteration 4/20
[08:27:41] film cr_film_id=822 name='Smrtonosná past 3 (1995) CZ Dabing' candidates=7
[08:27:41]   candidate upload_id=eca916004ddc4c81 url=https://prehraj.to/smrtonosna-past-3-1995-2160p-cz-dabing-mkv/eca916004ddc4c81
[08:27:42]   resolved in 1.3s → 1080p (https://pf-storage1.premiumcdn.net/156826778/QwRtLWH7NF4yT5jC0OIM1H42imMFRNI38IO…)
[08:27:44]   oversize: 9648051433 B > 6000000000 B, skip
[08:27:44]   candidate upload_id=55e7e3de426e4 url=https://prehraj.to/smrtonosna-past-3-1995-czdab/55e7e3de426e4
[08:27:48]   resolved in 4.4s → 480p (https://pf-storage4.premiumcdn.net/273150/dYQUEKFYlIGmH7Nc5VibXFlXIObHv5Ub9sXKhN…)
[08:28:24]   downloaded 802.4 MB in 33.5s (24.0 MB/s)
[08:29:08]   upload done video_id=26035999 in 44.7s
[08:29:10] film cr_film_id=822 OK in 89.1s
[08:29:10] iteration 5/20
[08:29:10] film cr_film_id=824 name='Hvězdy nám nepřály (2014) CZ Dabing' candidates=52
[08:29:10]   candidate upload_id=55ca2f0fe720e url=https://prehraj.to/hvezdy-nam-nepraly-2014-cz-dab-romant-koko/55ca2f0fe720e
[08:29:11]   resolved in 1.2s → 480p (https://pf-storage4.premiumcdn.net/133354/3QoHM9f8vCZYs8LSb8cZjfdNcJ4sZmuGxfzxFG…)
[08:29:47]   downloaded 681.3 MB in 34.6s (19.7 MB/s)
[08:30:29]   upload done video_id=26036015 in 41.3s
[08:30:30] film cr_film_id=824 OK in 80.3s
[08:30:30] iteration 6/20
[08:30:30] film cr_film_id=826 name='Občanský průkaz (2010) CZ' candidates=4
[08:30:30]   candidate upload_id=5f97eeb1b103a url=https://prehraj.to/obcansky-prukaz-2010-hd-cz/5f97eeb1b103a
[08:30:31]   resolved in 1.1s → 720p (https://pf-storage1.premiumcdn.net/19529588/2OrHd6sPwcwWcrRuYghWXs9zHjoH3ou0lh43…)
[08:31:45]   downloaded 1,836.4 MB in 72.0s (25.5 MB/s)
[08:33:17]   upload done video_id=26036030 in 91.6s
[08:33:18] film cr_film_id=826 OK in 168.1s
[08:33:18] iteration 7/20
[08:33:18] film cr_film_id=828 name='Spojenec (2006) CZ Dabing' candidates=28
[08:33:18]   candidate upload_id=5c049b41e4181 url=https://prehraj.to/spojenec-2006-dvdrip-cz-dabing-m3/5c049b41e4181
[08:33:20]   resolved in 1.3s → 480p (https://pf-storage4.premiumcdn.net/8949500/y01HX9SE8uRvfJDTgATwASqXC5mHpZcMPHRpF…)
[08:33:47]   downloaded 476.3 MB in 25.0s (19.1 MB/s)
[08:34:13]   upload done video_id=26036057 in 25.9s
[08:34:14] film cr_film_id=828 OK in 55.9s
[08:34:14] iteration 8/20
[08:34:14] film cr_film_id=830 name='Zrození Planety opic (2011) CZ Dabing' candidates=18
[08:34:14]   candidate upload_id=5b538ef90df02 url=https://prehraj.to/zrozeni-planety-opic-2011-hd720p-cz-dabing-m3/5b538ef90df02
[08:34:15]   resolved in 1.2s → 480p (https://pf-storage4.premiumcdn.net/4952042/jZnIVoHbQhNdsmVTPyH0pHAdFNwsEVHAJh3Ou…)
[08:35:18]   downloaded 1,251.2 MB in 61.6s (20.3 MB/s)
[08:36:42]   upload done video_id=26036071 in 83.8s
[08:36:44] film cr_film_id=830 OK in 149.5s
[08:36:44] iteration 9/20
[08:36:44] film cr_film_id=832 name='Obchodník se smrtí (2005) CZ Dabing' candidates=18
[08:36:44]   candidate upload_id=606354310078a url=https://prehraj.to/obchodnik-se-smrti-2005-cz-dabing/606354310078a
[08:36:45]   resolved in 1.3s → 720p (https://pf-storage5.premiumcdn.net/22890906/92vc1aUymS1Wcdbs0ZTrjUnxFO1fn3cmGu71…)
[08:39:04]   downloaded 3,579.7 MB in 136.8s (26.2 MB/s)
[08:42:17]   upload done video_id=26036118 in 192.9s
[08:42:18] film cr_film_id=832 OK in 334.6s
[08:42:18] iteration 10/20
[08:42:18] film cr_film_id=834 name='Zrození šampiona (2009) CZ Dabing' candidates=24
[08:42:18]   candidate upload_id=675286a3dc83c url=https://prehraj.to/zrozeni-sampiona-the-blind-side-2009-cz-dabing-fullhd-1080p-drama-sportovni-zivotopisny/675286a3dc83c
[08:42:20]   resolved in 1.3s → 720p (https://pf-storage1.premiumcdn.net/117549548/eO5cBGUORImVuEPfrAtr3Uq7TvrHl8TXGuD…)
[08:43:29]   downloaded 1,778.2 MB in 67.7s (26.3 MB/s)
[08:45:16]   upload done video_id=26036167 in 107.1s
[08:45:18] film cr_film_id=834 OK in 179.5s
[08:45:18] iteration 11/20
[08:45:18] film cr_film_id=836 name='Road to Perdition (2002) CZ Dabing' candidates=3
[08:45:18]   candidate upload_id=5bb749980c82d url=https://prehraj.to/cesta-do-zatraceni-road-to-perdition-2002-cz-dabing/5bb749980c82d
[08:45:19]   resolved in 1.1s → 480p (https://pf-storage1.premiumcdn.net/6909851/66QhJOivOUkNImJTwVHjLivph48TmPUlAS7dF…)
[08:45:41]   downloaded 372.3 MB in 20.6s (18.1 MB/s)
[08:46:04]   upload done video_id=26036187 in 22.8s
[08:46:05] film cr_film_id=836 OK in 47.5s
[08:46:05] iteration 12/20
[08:46:05] film cr_film_id=840 name='Leaving Las Vegas (1995) CZ Dabing' candidates=2
[08:46:05]   candidate upload_id=580979aea1cb9 url=https://prehraj.to/leaving-las-vegas-dvdrip-1995-cz-dabing/580979aea1cb9
[08:46:07]   resolved in 1.2s → 480p (https://pf-storage3.premiumcdn.net/728569/arYf3ns1ECVXcGEhgkCAksXRcneIpKuljunAcN…)
[08:46:29]   downloaded 490.1 MB in 21.3s (23.0 MB/s)
[08:46:57]   upload done video_id=26036195 in 27.3s
[08:46:58] film cr_film_id=840 OK in 52.9s
[08:46:58] iteration 13/20
[08:46:58] film cr_film_id=846 name='Druhotná oběť (2025) CZ Dabing' candidates=5
[08:46:58]   candidate upload_id=0ffe24933da98ff8 url=https://prehraj.to/druhotna-obet-2025-cz-dab-1080p/0ffe24933da98ff8
[08:47:00]   resolved in 1.3s → 1080p (https://pf-storage4.premiumcdn.net/169584031/4wdi8DfDYFo7cpQSaPu68fRvhl2c8bik0cD…)
[08:48:06]   downloaded 1,676.7 MB in 65.2s (25.7 MB/s)
[08:49:26]   upload done video_id=26036209 in 80.3s
[08:49:28] film cr_film_id=846 OK in 149.9s
[08:49:28] iteration 14/20
[08:49:28] film cr_film_id=848 name='Přichází Satan! (1976) CZ Dabing' candidates=13
[08:49:28]   candidate upload_id=5828b044d5e98 url=https://prehraj.to/prichazi-satan-cz-dabing-1976-by-kamer/5828b044d5e98
[08:49:30]   resolved in 2.1s → 480p (https://pf-storage4.premiumcdn.net/860632/4g4to2fm2U3wfQqF2ltM5fW9uZJu6LcN2u9dfJ…)
[08:49:58]   downloaded 474.6 MB in 26.3s (18.0 MB/s)
[08:50:25]   upload done video_id=26036240 in 26.7s
[08:50:26] film cr_film_id=848 OK in 58.0s
[08:50:26] iteration 15/20
[08:50:26] film cr_film_id=850 name='Sexmise (1984) CZ Dabing' candidates=1
[08:50:26]   candidate upload_id=67361800330d9 url=https://prehraj.to/sexmise-1983-1080p-cz-dab/67361800330d9
[08:50:27]   resolved in 0.9s → 720p (https://pf-storage1.premiumcdn.net/105752924/LkBf0QTngtOvT4qFwDsvVTgVS53s0wuVGtR…)
[08:51:50]   downloaded 1,967.9 MB in 81.4s (24.2 MB/s)
[08:53:38]   upload done video_id=26036259 in 107.8s
[08:53:40] film cr_film_id=850 OK in 193.5s
[08:53:40] iteration 16/20
[08:53:40] film cr_film_id=852 name='Total Recall (1990) CZ Dabing' candidates=11
[08:53:40]   candidate upload_id=5c4ae4326bd48 url=https://prehraj.to/total-recall-1990-hdrip-cz-dabing-m3/5c4ae4326bd48
[08:53:41]   resolved in 1.2s → 480p (https://pf-storage2.premiumcdn.net/11312815/NY7hOruQvI9NCEvT28h8vuRGTnlfNpTGES6g…)
[08:54:16]   downloaded 741.4 MB in 33.0s (22.5 MB/s)
[08:54:55]   upload done video_id=26036279 in 39.9s
[08:54:57] film cr_film_id=852 OK in 77.4s
[08:54:57] iteration 17/20
[08:54:57] film cr_film_id=854 name='Diagnóza: Disent (2023) CZ Dabing' candidates=11
[08:54:57]   candidate upload_id=681decd3cdf6d url=https://prehraj.to/diagnoza-disent-cz-dabing-5-1-2023-1080p-mp4/681decd3cdf6d
[08:54:58]   resolved in 1.1s → 1080p (https://pf-storage4.premiumcdn.net/137589626/zbrf3PTVYi8auvLuPqTJoTxEFJ5FRJfgwuj…)
[08:56:20]   downloaded 1,682.3 MB in 80.2s (21.0 MB/s)
[08:57:55]   upload done video_id=26036302 in 94.6s
[08:57:56] film cr_film_id=854 OK in 179.3s
[08:57:56] iteration 18/20
[08:57:56] film cr_film_id=856 name='Police Story (1985) CZ Dabing' candidates=6
[08:57:56]   candidate upload_id=5828ae100a474 url=https://prehraj.to/police-story-1-cz-dabing-1985-by-kamer/5828ae100a474
[08:57:57]   resolved in 1.1s → 480p (https://pf-storage2.premiumcdn.net/860609/Wbeh6RcBZswgsPRfKrTljcjafpvUg6CNOT3oHx…)
[08:58:19]   downloaded 435.7 MB in 19.5s (22.3 MB/s)
[08:58:42]   upload done video_id=26036332 in 23.2s
[08:58:44] film cr_film_id=856 OK in 47.3s
[08:58:44] iteration 19/20
[08:58:44] film cr_film_id=860 name='Číslo 24 (2024) CZ Dabing' candidates=5
[08:58:44]   candidate upload_id=6776ab51d341f url=https://prehraj.to/cislo-24-2024-cz-dabing-1080p/6776ab51d341f
[08:58:45]   resolved in 1.3s → 1080p (https://pf-storage1.premiumcdn.net/126942242/Y0EImAhw0IQmsYAhqBFrGhNRHNZf2JtoQcG…)
[09:01:19]   downloaded 3,878.1 MB in 152.4s (25.4 MB/s)
[09:04:52]   upload done video_id=26036354 in 213.2s
[09:04:54] film cr_film_id=860 OK in 370.0s
[09:04:54] iteration 20/20
[09:04:54] film cr_film_id=862 name='Deadpool & Wolverine (2024) CZ Dabing' candidates=20
[09:04:54]   candidate upload_id=91a74b137f659ad3 url=https://prehraj.to/deadpool-wolverine-2024-czdabing-fhd-1080p-novinka/91a74b137f659ad3
[09:04:55]   resolved in 1.4s → 720p (https://pf-storage3.premiumcdn.net/167279369/aljIJETGnhrpHWjI9Mt7KTOXCMKCJ7TBLfb…)
[09:06:38]   downloaded 2,302.0 MB in 101.3s (22.7 MB/s)
[09:08:45]   upload done video_id=26036406 in 126.4s
[09:08:46] film cr_film_id=862 OK in 232.9s
[09:08:46] batch-end ok=20 failed=0 dur=3149.6s avg/film=157.5s remaining=16984 eta_hours=743.0

===== run 2026-06-17T09:09:28Z shard=0/2 batch_size=20 (https://github.com/Olbrasoft/prehrajto-to-prehrajto/actions/runs/27678256230) =====
[09:09:30] description overrides loaded: 487 from /home/runner/work/prehrajto-to-prehrajto/prehrajto-to-prehrajto/state/email-generated-descriptions-v3.jsonl
[09:09:30] batch-start shard=0/2 count=20 backlog=17650 uploads=666 failed_attempts=35 description_overrides=487
[09:09:30] login
[09:09:32] login done
[09:09:32] iteration 1/20
[09:09:32] film cr_film_id=866 name='Jeden život (2023) CZ Dabing' candidates=3
[09:09:32]   candidate upload_id=67f9c5e0f1e26 url=https://prehraj.to/jeden-zivot-2023-cz-dabing-1080p/67f9c5e0f1e26
[09:09:33]   resolved in 1.3s → 1080p (https://pf-storage4.premiumcdn.net/134841284/Y42hyrIk4cWqT7kTQ1H84I4ECWyCbQT4yTO…)
[09:10:49]   downloaded 2,162.4 MB in 73.7s (29.3 MB/s)
[09:12:24]   upload done video_id=26036470 in 95.5s
[09:12:26] film cr_film_id=866 OK in 173.6s
[09:12:26] iteration 2/20
[09:12:26] film cr_film_id=868 name='Dívka a moře (2024) CZ Dabing' candidates=2
[09:12:26]   candidate upload_id=66a4d89c20879 url=https://prehraj.to/divka-a-more-zivotopisny-drama-romanticky-2024-cz-dab/66a4d89c20879
[09:12:27]   resolved in 1.6s → 720p (https://pf-storage5.premiumcdn.net/87253898/3ORIZgf6XioRhOPi0Vt6pfVDTreFe7TxPc7N…)
[09:13:46]   downloaded 2,344.7 MB in 77.0s (30.5 MB/s)
[09:15:34]   upload done video_id=26036524 in 108.3s
[09:15:36] film cr_film_id=868 OK in 190.0s
[09:15:36] iteration 3/20
[09:15:36] film cr_film_id=878 name='Návrat do budoucnosti III (1990) CZ Dabing' candidates=17
[09:15:36]   candidate upload_id=606432b07ef09 url=https://prehraj.to/navrat-do-budoucnosti-iii-1990-cz-dabing/606432b07ef09
[09:15:37]   resolved in 1.1s → 720p (https://pf-storage5.premiumcdn.net/22901727/J1Btd8sgLI5Dc47tJ8TQwsa0uEOTMrtONt42…)
[09:16:49]   downloaded 2,100.1 MB in 70.1s (30.0 MB/s)
[09:18:38]   upload done video_id=26036562 in 108.9s
[09:18:39] film cr_film_id=878 OK in 183.2s
[09:18:39] iteration 4/20
[09:18:39] film cr_film_id=880 name='Vánoční prázdniny (1989) CZ Dabing' candidates=1
[09:18:39]   candidate upload_id=f9ca23366e89a06f url=https://prehraj.to/vanocni-prazdniny-1989-cz-dab-1080p/f9ca23366e89a06f
[09:18:40]   resolved in 1.1s → 1080p (https://pf-storage5.premiumcdn.net/167871703/6jkcajfg2IRvt3Zt0Xso1fXqHK0F08Fxeil…)
[09:20:08]   downloaded 2,624.6 MB in 86.4s (30.4 MB/s)
[09:22:02]   upload done video_id=26036618 in 114.0s
[09:22:03] film cr_film_id=880 OK in 204.6s
[09:22:03] iteration 5/20
[09:22:03] film cr_film_id=882 name='Batman (1989) CZ Dabing' candidates=5
[09:22:03]   candidate upload_id=f0401adff00e0b57 url=https://prehraj.to/batman-1989-remastered-1080p-cz-dab/f0401adff00e0b57
[09:22:05]   resolved in 1.1s → 720p (https://pf-storage5.premiumcdn.net/162557897/gKvtLncAwFowH1jS90IDmceRuW9snRfp8I1…)
[09:23:06]   downloaded 1,779.5 MB in 59.7s (29.8 MB/s)
[09:24:20]   upload done video_id=26036678 in 73.8s
[09:24:21] film cr_film_id=882 OK in 137.5s
[09:24:21] iteration 6/20
[09:24:21] film cr_film_id=888 name='13 samurajů (2010) CZ Dabing' candidates=7
[09:24:21]   candidate upload_id=5a747d1019e34 url=https://prehraj.to/13-samuraju-2010-cz-dabing/5a747d1019e34
[09:24:22]   resolved in 1.1s → 720p (https://pf-storage1.premiumcdn.net/3351436/b8VU1VczptwqhDLIY4umLcpKienuK5IDKS5yt…)
[09:24:59]   downloaded 1,032.5 MB in 35.4s (29.2 MB/s)
[09:25:42]   upload done video_id=26036701 in 42.6s
[09:25:43] film cr_film_id=888 OK in 82.0s
[09:25:43] iteration 7/20
[09:25:43] film cr_film_id=894 name='Avatar: The Way of Water (2022) CZ Dabing' candidates=4
[09:25:43]   candidate upload_id=e061e2fc170986e9 url=https://prehraj.to/avatar-2-2022-cz-dabing-top-kvalita-1080p-fik/e061e2fc170986e9
[09:25:44]   resolved in 1.1s → 1080p (https://pf-storage6.premiumcdn.net/170522813/p3aHj9FQRINlSe2HdZS9YF7kuvEHgAiWYHq…)
[09:25:46]   oversize: 9149021443 B > 6000000000 B, skip
[09:25:46]   candidate upload_id=67bdf2ba68c2e url=https://prehraj.to/avatar-2-akcni-sci-fi-cz-dab-2022/67bdf2ba68c2e
[09:25:50]   resolve FAILED: HTTP 502 wrapping permanent upstream error: https://prehraj.to/avatar-2-akcni-sci-fi-cz-dab-2022/67bdf2ba68c2e (permanent=True)
[09:25:50]   candidate upload_id=473354797ce78429 url=https://prehraj.to/avatar-2-akcni-sci-fi-cz-dab-2022-mp4/473354797ce78429
[09:25:56]   resolved in 6.0s → 720p (https://pf-storage6.premiumcdn.net/170628263/G0wueAfjmuOpf3gHAkIJNfVmin8hy6t6gSD…)
[09:28:14]   downloaded 4,158.7 MB in 136.8s (30.4 MB/s)
[09:31:37]   upload done video_id=26036794 in 203.6s
[09:31:39] film cr_film_id=894 OK in 355.6s
[09:31:39] iteration 8/20
[09:31:39] film cr_film_id=900 name='Oblaka (2020) CZ Dabing' candidates=1
[09:31:39]   candidate upload_id=62589731823e2 url=https://prehraj.to/oblaka-2020-czdab/62589731823e2
[09:31:40]   resolved in 1.0s → 1080p (https://pf-storage3.premiumcdn.net/30474026/pZWuVXhMjiejcoLfVpSjKhowfMaf3rsraCPR…)
[09:33:24]   downloaded 2,501.6 MB in 102.2s (24.5 MB/s)
[09:35:22]   upload done video_id=26036978 in 118.3s
[09:35:23] film cr_film_id=900 OK in 224.7s
[09:35:23] iteration 9/20
[09:35:23] film cr_film_id=906 name='Král Richard: Zrození šampiónek (2021) CZ Dabing' candidates=1
[09:35:23]   candidate upload_id=57e597ea1b31acee url=https://prehraj.to/kral-richard-zrozeni-sampionek-2021-cz-dab-1080p/57e597ea1b31acee
[09:35:26]   resolved in 3.0s → 720p (https://pf-storage4.premiumcdn.net/162146546/G4Mc67uxnTPbfgau5xfNbud2Uk5ha0I4GI1…)
[09:36:50]   downloaded 2,501.4 MB in 81.6s (30.7 MB/s)
[09:38:49]   upload done video_id=26037044 in 119.9s
[09:38:51] film cr_film_id=906 OK in 208.1s
[09:38:51] iteration 10/20
[09:38:51] film cr_film_id=908 name='Tick, Tick... Boom! (2021) CZ Dabing' candidates=4
[09:38:51]   candidate upload_id=619a781bf1b98 url=https://prehraj.to/tick-tick-boom-2021-1080p-hevc-cz-dabing-5-1/619a781bf1b98
[09:38:53]   resolved in 1.1s → 720p (https://pf-storage4.premiumcdn.net/26703151/6pAuyVsQ8Uk0IJ4TjXTwlsJLTkytZaHKqT3j…)
[09:40:17]   downloaded 1,988.1 MB in 82.9s (24.0 MB/s)
[09:41:57]   upload done video_id=26037069 in 99.9s
[09:41:59] film cr_film_id=908 OK in 187.1s
[09:41:59] iteration 11/20
[09:41:59] film cr_film_id=916 name='Greta (2020) CZ Dabing' candidates=1
[09:41:59]   candidate upload_id=006458d054c00bf3 url=https://prehraj.to/greta-2018-cz-dabing/006458d054c00bf3
[09:42:00]   resolved in 1.0s → 480p (https://pf-storage5.premiumcdn.net/168616258/jjxT1qs8OCjpHaqFEjiZRswvhXkH7dIWyHm…)
[09:42:26]   downloaded 696.8 MB in 24.7s (28.2 MB/s)
[09:42:57]   upload done video_id=26037087 in 31.8s
[09:42:59] film cr_film_id=916 OK in 60.3s
[09:42:59] iteration 12/20
[09:42:59] film cr_film_id=920 name='Rytíři spravedlnosti (2020) CZ Dabing' candidates=2
[09:42:59]   candidate upload_id=68ff5976df399 url=https://prehraj.to/rytiri-spravedlnosti-2020-cz-dab-1080p/68ff5976df399
[09:43:00]   resolved in 1.2s → 1080p (https://pf-storage5.premiumcdn.net/153799080/2MzseySLNs0ATAYHLzh4rSLZC7Vi8zh5NHa…)
[09:44:10]   downloaded 2,034.2 MB in 68.5s (29.7 MB/s)
[09:45:32]   upload done video_id=26037104 in 81.5s
[09:45:33] film cr_film_id=920 OK in 154.2s
[09:45:33] iteration 13/20
[09:45:33] film cr_film_id=930 name='Richard Jewell (2019) CZ Dabing' candidates=2
[09:45:33]   candidate upload_id=601ca4eadce35 url=https://prehraj.to/richard-jewell-2019-1080p-cz-dabing/601ca4eadce35
[09:45:34]   resolved in 1.1s → 720p (https://pf-storage1.premiumcdn.net/21989769/qQAsqMFQBC85UL0TOdIykFa2fwRcyKTDxiNO…)
[09:46:45]   downloaded 2,086.4 MB in 69.9s (29.8 MB/s)
[09:48:32]   upload done video_id=26037129 in 106.1s
[09:48:33] film cr_film_id=930 OK in 179.9s
[09:48:33] iteration 14/20
[09:48:33] film cr_film_id=932 name='Bolest a sláva (2019) CZ Dabing' candidates=6
[09:48:33]   candidate upload_id=5e0aec16f2673 url=https://prehraj.to/bolest-a-slava-cz-dabing-2019/5e0aec16f2673
[09:48:34]   resolved in 1.0s → 720p (https://pf-storage5.premiumcdn.net/15563269/oB1sVkUlRHyOI7WfZgTePU2MsnmfOJHJjHgo…)
[09:49:29]   downloaded 1,575.8 MB in 53.4s (29.5 MB/s)
[09:50:38]   upload done video_id=26037172 in 69.5s
[09:50:40] film cr_film_id=932 OK in 126.6s
[09:50:40] iteration 15/20
[09:50:40] film cr_film_id=938 name='Balón (2018) CZ Dabing' candidates=3
[09:50:40]   candidate upload_id=5cae3c42192e5 url=https://prehraj.to/balon-2018-cz-dabing-bst/5cae3c42192e5
[09:50:40]   resolved in 0.9s → 480p (https://pf-storage5.premiumcdn.net/12865992/YorFZeHQ2IqJU7ls9bf9BHweUAqFjmCG1cgV…)
[09:51:08]   downloaded 587.8 MB in 26.6s (22.1 MB/s)
[09:51:44]   upload done video_id=26037186 in 35.2s
[09:51:45] film cr_film_id=938 OK in 65.3s
[09:51:45] iteration 16/20
[09:51:45] film cr_film_id=940 name='Favoritka (2018) CZ Dabing' candidates=13
[09:51:45]   candidate upload_id=5d4190ffa59d0 url=https://prehraj.to/favoritka-the-favourite-2018-cz-dabing-forced-bluray/5d4190ffa59d0
[09:51:47]   resolved in 2.6s → 480p (https://pf-storage4.premiumcdn.net/14519100/JM4T08FQZS4xU1wsYytkdFqGCx4T1mHEJuxR…)
[09:52:17]   downloaded 661.7 MB in 28.6s (23.1 MB/s)
[09:52:52]   upload done video_id=26037196 in 34.5s
[09:52:53] film cr_film_id=940 OK in 68.3s
[09:52:53] iteration 17/20
[09:52:53] film cr_film_id=942 name='Nenávist, kterou jsi probudil (2018) CZ Dabing' candidates=10
[09:52:53]   candidate upload_id=6304f1e837572 url=https://prehraj.to/nenavist-kterou-si-probudil-2018-ab-1080p-cz-dab/6304f1e837572
[09:52:54]   resolved in 1.0s → 1080p (https://pf-storage1.premiumcdn.net/32396896/p8ltLWhQKf4OIqQiWGFQXhO0SZaiGdUpKUXA…)
[09:54:14]   downloaded 2,361.6 MB in 78.2s (30.2 MB/s)
[09:55:57]   upload done video_id=26037212 in 102.6s
[09:55:58] film cr_film_id=942 OK in 184.8s
[09:55:58] iteration 18/20
[09:55:58] film cr_film_id=944 name='Upgrade (2018) CZ Dabing' candidates=25
[09:55:58]   candidate upload_id=5c3f1ed7d6da1 url=https://prehraj.to/upgrade-2018-hdrip-cz-dabing-m3/5c3f1ed7d6da1
[09:55:59]   resolved in 1.0s → 720p (https://pf-storage5.premiumcdn.net/11005009/N5mIgPiRxFeOuyRSdWh21i2xCogF13F3mUQD…)
[09:56:45]   downloaded 1,359.3 MB in 44.4s (30.6 MB/s)
[09:57:50]   upload done video_id=26037225 in 65.1s
[09:57:51] film cr_film_id=944 OK in 113.3s
[09:57:51] iteration 19/20
[09:57:51] film cr_film_id=946 name='Úžasňákovi 2 (2018) CZ Dabing' candidates=36
[09:57:51]   candidate upload_id=5defa42ee2a3c url=https://prehraj.to/uzasnakovi-2-2018-hdrip-cz-dabing-m3/5defa42ee2a3c
[09:57:52]   resolved in 1.2s → 480p (https://pf-storage1.premiumcdn.net/15429505/05mirXHrMFaVFQ2CENT0zHqnuwpFOrsWbT7k…)
[09:58:25]   downloaded 709.8 MB in 30.6s (23.2 MB/s)
[09:59:22]   upload done video_id=26037242 in 56.8s
[09:59:23] film cr_film_id=946 OK in 91.5s
[09:59:23] iteration 20/20
[09:59:23] film cr_film_id=950 name='Collateral (2004) CZ Dabing' candidates=4
[09:59:23]   candidate upload_id=c98225cd43b2cc61 url=https://prehraj.to/collateral-2004-2160p-cz-dabing-en-dts-hd/c98225cd43b2cc61
[09:59:24]   resolved in 1.0s → 1080p (https://pf-storage3.premiumcdn.net/164894456/qMkiWeFqvT9EC6Eha9IxvFopI60tXDS9Xs0…)
[09:59:25]   oversize: 7447382752 B > 6000000000 B, skip
[09:59:25]   candidate upload_id=5c251ed69217a url=https://prehraj.to/collateral-2004-cz-dabing/5c251ed69217a
[09:59:30]   resolved in 4.6s → 1080p (https://pf-storage5.premiumcdn.net/10077656/36dfjnsgQueztreUWYh4RsloS8puJ7FOocz7…)
[10:01:03]   downloaded 2,262.5 MB in 91.5s (24.7 MB/s)
[10:04:16]   upload done video_id=26037256 in 193.1s
[10:04:18] film cr_film_id=950 OK in 294.8s
[10:04:18] batch-end ok=20 failed=0 dur=3285.4s avg/film=164.3s remaining=16964 eta_hours=774.2

===== run 2026-06-17T10:21:50Z shard=0/2 batch_size=20 (https://github.com/Olbrasoft/prehrajto-to-prehrajto/actions/runs/27682173571) =====
[10:21:51] description overrides loaded: 934 from /home/runner/work/prehrajto-to-prehrajto/prehrajto-to-prehrajto/state/email-generated-descriptions-v3.jsonl
[10:21:51] batch-start shard=0/2 count=20 backlog=17650 uploads=686 failed_attempts=38 description_overrides=934
[10:21:51] login
[10:21:53] login done
[10:21:53] iteration 1/20
[10:21:53] film cr_film_id=952 name='Veřejný nepřítel č. 1 (2008) CZ Dabing' candidates=4
[10:21:53]   candidate upload_id=5a671aeebca1d url=https://prehraj.to/verejny-nepritel-c-1-akcni-krimi-2-dil-ze-2-cz-dab-2008-jad/5a671aeebca1d
[10:21:54]   resolved in 1.2s → 480p (https://pf-storage4.premiumcdn.net/3321919/bYOc2XTjAUqphLZCVmSjLTnvtYQHvNSGJhVeU…)
[10:22:20]   downloaded 675.3 MB in 24.2s (27.9 MB/s)
[10:22:50]   upload done video_id=26037432 in 30.2s
[10:22:52] film cr_film_id=952 OK in 58.5s
[10:22:52] iteration 2/20
[10:22:52] film cr_film_id=958 name='Erin Brockovich (2000) CZ Dabing' candidates=2
[10:22:52]   candidate upload_id=68c30f9079d5a url=https://prehraj.to/erin-brockovich-2000-drama-uhd-4k-2160p-cz-dabing-by-uploadix/68c30f9079d5a
[10:22:53]   resolved in 1.1s → 1080p (https://pf-storage4.premiumcdn.net/146187267/mK0fPVSEMH6MimGHO5c6JS47sXrcwXswpCW…)
[10:24:27]   downloaded 2,870.9 MB in 92.9s (30.9 MB/s)
[10:26:28]   upload done video_id=26037471 in 121.4s
[10:26:30] film cr_film_id=958 OK in 218.3s
[10:26:30] iteration 3/20
[10:26:30] film cr_film_id=960 name='Interview s upírem (1994) CZ' candidates=5
[10:26:30]   candidate upload_id=67aa7c76297ee url=https://prehraj.to/interview-s-upirem-1994-cz-1080p/67aa7c76297ee
[10:26:31]   resolved in 1.0s → 1080p (https://pf-storage5.premiumcdn.net/129538076/WLyIXKHMzFZXf0dfJrTykHENcqgsMOsZyCb…)
[10:28:20]   downloaded 3,246.6 MB in 107.7s (30.1 MB/s)
[10:30:51]   upload done video_id=26037518 in 151.2s
[10:30:53] film cr_film_id=960 OK in 263.2s
[10:30:53] iteration 4/20
[10:30:53] film cr_film_id=962 name='Kmotr III (1990) CZ Dabing' candidates=3
[10:30:53]   candidate upload_id=5bdd8d8eadb13 url=https://prehraj.to/krstny-otec-3-godfather-3-cz-dabing-1990/5bdd8d8eadb13
[10:30:54]   resolved in 1.1s → 480p (https://pf-storage2.premiumcdn.net/7821169/r8JHXGijaFzdIBzf5mt8WiYdFDkSeBfZ4fr4F…)
[10:31:24]   downloaded 828.2 MB in 28.5s (29.1 MB/s)
[10:31:59]   upload done video_id=26037565 in 35.0s
[10:32:01] film cr_film_id=962 OK in 67.7s
[10:32:01] iteration 5/20
[10:32:01] film cr_film_id=964 name='Nic nás nerozdělí (2012) CZ Dabing' candidates=33
[10:32:01]   candidate upload_id=587387d81fdd4 url=https://prehraj.to/nic-nas-nerozdeli-2012-czdabing/587387d81fdd4
[10:32:02]   resolved in 0.9s → 480p (https://pf-storage2.premiumcdn.net/1394374/0XDtRPIGPFeGfqbTK5svQIaji7jsGaiVdiPgs…)
[10:32:59]   downloaded 1,682.7 MB in 56.1s (30.0 MB/s)
[10:34:14]   upload done video_id=26037590 in 74.5s
[10:34:15] film cr_film_id=964 OK in 134.4s
[10:34:15] iteration 6/20
[10:34:15] film cr_film_id=968 name='Největší showman (2017) CZ Dabing' candidates=4
[10:34:15]   candidate upload_id=674f893786424 url=https://prehraj.to/nejvetsi-showman-2017-cz-dab/674f893786424
[10:34:16]   resolved in 1.2s → 720p (https://pf-storage1.premiumcdn.net/116299559/wBYfPwT9ksoac97SxAFbwT7RuxgSonSX8tW…)
[10:35:15]   downloaded 1,754.5 MB in 57.4s (30.6 MB/s)
[10:36:36]   upload done video_id=26037616 in 80.1s
[10:36:37] film cr_film_id=968 OK in 141.7s
[10:36:37] iteration 7/20
[10:36:37] film cr_film_id=976 name='Pěkně blbě (2017) CZ Dabing' candidates=3
[10:36:37]   candidate upload_id=61050cdf840f8 url=https://prehraj.to/pekne-blbe-the-big-sick-2017-1080p-bluray-ac3-5-1-cz-dab/61050cdf840f8
[10:36:38]   resolved in 1.0s → 720p (https://pf-storage3.premiumcdn.net/24447326/GK1Ub0TlKs9nHybhrjiQoT8nfNGsEriyzUeG…)
[10:37:13]   downloaded 1,043.9 MB in 33.8s (30.9 MB/s)
[10:38:10]   upload done video_id=26037633 in 56.3s
[10:38:11] film cr_film_id=976 OK in 94.0s
[10:38:11] iteration 8/20
[10:38:11] film cr_film_id=980 name='Dokonalý svět (1993) CZ Dabing' candidates=3
[10:38:11]   candidate upload_id=63dd29ce9dc89 url=https://prehraj.to/dokonaly-svet-a-perfect-world-1993-cz-dabing-1080p/63dd29ce9dc89
[10:38:12]   resolved in 1.2s → 720p (https://pf-storage3.premiumcdn.net/37030024/ZwWfXOU8jSM8fa9TZeFRDUkBunPtxli79i9z…)
[10:39:43]   downloaded 2,829.8 MB in 88.9s (31.8 MB/s)
[10:41:44]   upload done video_id=26037651 in 121.6s
[10:41:46] film cr_film_id=980 OK in 215.0s
[10:41:46] iteration 9/20
[10:41:46] film cr_film_id=984 name='Sin Nombre (2009) CZ Dabing' candidates=12
[10:41:46]   candidate upload_id=5c30a14556331 url=https://prehraj.to/sin-nombre-2009-cz-dabing/5c30a14556331
[10:41:47]   resolved in 0.9s → 720p (https://pf-storage5.premiumcdn.net/10527467/0P0fnYugnIbetLzTWnhlbuqBtZnHpKtgKiwv…)
[10:42:34]   downloaded 1,413.2 MB in 46.4s (30.5 MB/s)
[10:43:32]   upload done video_id=26037675 in 57.4s
[10:43:33] film cr_film_id=984 OK in 107.1s
[10:43:33] iteration 10/20
[10:43:33] film cr_film_id=992 name='Případ Sloane (2016) CZ Dabing' candidates=6
[10:43:33]   candidate upload_id=5a453caecf0d4 url=https://prehraj.to/miss-sloane-2016-cz-dabing/5a453caecf0d4
[10:43:34]   resolved in 1.0s → 480p (https://pf-storage2.premiumcdn.net/3191545/jKJiavT9Xu3LTV0cLJfNxTEmF95uBZfg3UWbt…)
[10:43:58]   downloaded 496.3 MB in 22.4s (22.2 MB/s)
[10:44:22]   upload done video_id=26037689 in 24.0s
[10:44:23] film cr_film_id=992 OK in 50.0s
[10:44:23] iteration 11/20
[10:44:23] film cr_film_id=994 name='Zabití Jesseho Jamese zbabělcem Robertem Fordem (2007) CZ Dabing' candidates=3
[10:44:23]   candidate upload_id=5a3c7e8757a08 url=https://prehraj.to/zabiti-jesseho-jamese-zbabelcem-robertem-fordem-2007-cz-dabing/5a3c7e8757a08
[10:44:24]   resolved in 1.1s → 480p (https://pf-storage1.premiumcdn.net/3168202/0DPIg5iEaCY2FJ1sR7TX8i70UoKU15FJAc5OF…)
[10:44:50]   downloaded 708.9 MB in 25.0s (28.4 MB/s)
[10:45:20]   upload done video_id=26037695 in 29.9s
[10:45:22] film cr_film_id=994 OK in 58.6s
[10:45:22] iteration 12/20
[10:45:22] film cr_film_id=1008 name='Vzpomeň si (2015) CZ Dabing' candidates=5
[10:45:22]   candidate upload_id=5fc660d682f18 url=https://prehraj.to/vzpomen-si-remember-2015-1080p-ac3-cz-dab/5fc660d682f18
[10:45:23]   resolved in 1.0s → 1080p (https://pf-storage1.premiumcdn.net/20463393/M4zSJVCovT8vF4dFW0irdCzDFaefdMSw1iPw…)
[10:46:26]   downloaded 1,999.9 MB in 62.6s (31.9 MB/s)
[10:47:47]   upload done video_id=26037709 in 81.0s
[10:47:48] film cr_film_id=1008 OK in 146.8s
[10:47:48] iteration 13/20
[10:47:48] film cr_film_id=1010 name='127 hodin (2010) CZ Dabing' candidates=9
[10:47:48]   candidate upload_id=607befc0dcf3d url=https://prehraj.to/127-hodin-2010-cz-dabing/607befc0dcf3d
[10:47:50]   resolved in 1.2s → 720p (https://pf-storage5.premiumcdn.net/23167698/7Jbuk1I8NHVaU0vs2quzqIVWS4ZUlOimWcvA…)
[10:48:47]   downloaded 1,743.8 MB in 55.7s (31.3 MB/s)
[10:50:00]   upload done video_id=26037725 in 73.1s
[10:50:01] film cr_film_id=1010 OK in 132.7s
[10:50:01] iteration 14/20
[10:50:01] film cr_film_id=1018 name='Harry Potter a Fénixův řád (2007) CZ Dabing' candidates=22
[10:50:01]   candidate upload_id=65e6f09964b30 url=https://prehraj.to/harry-potter-a-fenixuv-rad-2007-1080p-cz-dabing/65e6f09964b30
[10:50:02]   resolved in 1.1s → 1080p (https://pf-storage1.premiumcdn.net/74177267/xx6FdDcm1C3BcNwtOjIxLcERTD6IpnHe1CbY…)
[10:52:29]   downloaded 2,963.9 MB in 145.5s (20.4 MB/s)
[10:54:24]   upload done video_id=26037746 in 115.1s
[10:54:26] film cr_film_id=1018 OK in 264.5s
[10:54:26] iteration 15/20
[10:54:26] film cr_film_id=1020 name='Lovci hlav (2011) CZ Dabing' candidates=21
[10:54:26]   candidate upload_id=631df7ec0beed url=https://prehraj.to/lovci-hlav-hodejegerne-2011-drama-krimi-thriller-1080p-bdrip-cz-dabing/631df7ec0beed
[10:54:27]   resolved in 1.1s → 720p (https://pf-storage1.premiumcdn.net/32882131/LJMcjdspOHYrIx7fPEsErsgacPBFK5u45FEy…)
[10:55:31]   downloaded 1,530.7 MB in 62.2s (24.6 MB/s)
[10:56:36]   upload done video_id=26037773 in 65.8s
[10:56:38] film cr_film_id=1020 OK in 132.2s
[10:56:38] iteration 16/20
[10:56:38] film cr_film_id=1024 name='Láska nebeská (2003) CZ Dabing' candidates=8
[10:56:38]   candidate upload_id=63659ddacc3a9 url=https://prehraj.to/love-actually-laska-nebeska-2003-czdab-hd-1080p-redmed/63659ddacc3a9
[10:56:39]   resolved in 1.1s → 720p (https://pf-storage3.premiumcdn.net/34295506/5A1H8QIAlhj2sEpCM6uENIprTe4s36SBNCWK…)
[10:58:25]   downloaded 2,709.4 MB in 104.5s (25.9 MB/s)
[11:00:48]   upload done video_id=26037803 in 142.9s
[11:00:49] film cr_film_id=1024 OK in 251.6s
[11:00:49] iteration 17/20
[11:00:49] film cr_film_id=1030 name='Zdrojový kód (2011) CZ Dabing' candidates=12
[11:00:49]   candidate upload_id=5c1d543f8822d url=https://prehraj.to/zdrojovy-kod-cz-dabing-2011/5c1d543f8822d
[11:00:50]   resolved in 1.1s → 480p (https://pf-storage2.premiumcdn.net/9748997/p6lhVrCwBT17hGvt5Ei14CyBFgwiJ3TeKsPZt…)
[11:01:11]   downloaded 527.7 MB in 19.1s (27.6 MB/s)
[11:01:34]   upload done video_id=26037847 in 23.4s
[11:01:35] film cr_film_id=1030 OK in 46.2s
[11:01:35] iteration 18/20
[11:01:35] film cr_film_id=1036 name='Doba ledová (2002) CZ Dabing' candidates=11
[11:01:35]   candidate upload_id=58efa9ce559a5 url=https://prehraj.to/doba-ladova-1-cz-dabing-2002-ice-age-1/58efa9ce559a5
[11:01:37]   resolved in 1.1s → 480p (https://pf-storage2.premiumcdn.net/2008881/OqJtNpcwesQoFJ8I69Fy0clPuQeHGrCVQUers…)
[11:01:57]   downloaded 566.5 MB in 19.9s (28.5 MB/s)
[11:02:22]   upload done video_id=26037861 in 24.5s
[11:02:23] film cr_film_id=1036 OK in 47.7s
[11:02:23] iteration 19/20
[11:02:23] film cr_film_id=1040 name='Ďáblova dílna (2007) CZ Dabing' candidates=7
[11:02:23]   candidate upload_id=5820ff9626219 url=https://prehraj.to/dablova-dilna-cz-dabing-2007/5820ff9626219
[11:02:24]   resolved in 0.9s → 480p (https://pf-storage4.premiumcdn.net/812193/ze3sg0To6h6WIPgiGni6BTd4hv0uAViGBcAnC7…)
[11:03:06]   downloaded 656.2 MB in 40.7s (16.1 MB/s)
[11:03:38]   upload done video_id=26037880 in 31.4s
[11:03:39] film cr_film_id=1040 OK in 75.7s
[11:03:39] iteration 20/20
[11:03:39] film cr_film_id=1042 name='Klan létajících dýk (2004) CZ Dabing' candidates=5
[11:03:39]   candidate upload_id=59be313ea98c8 url=https://prehraj.to/klan-letajicich-dyk-2004-cz-dabing/59be313ea98c8
[11:03:40]   resolved in 1.1s → 480p (https://pf-storage2.premiumcdn.net/2634958/Kx4U2wS4KuoZubBhBESR4SWZUKbilvsaJc58t…)
[11:04:41]   downloaded 904.1 MB in 59.2s (15.3 MB/s)
[11:05:20]   upload done video_id=26037896 in 39.6s
[11:05:22] film cr_film_id=1042 OK in 102.7s
[11:05:22] batch-end ok=20 failed=0 dur=2608.6s avg/film=130.4s remaining=16944 eta_hours=613.7

===== run 2026-06-17T11:14:05Z shard=0/2 batch_size=20 (https://github.com/Olbrasoft/prehrajto-to-prehrajto/actions/runs/27684882550) =====
[11:14:06] description overrides loaded: 1050 from /home/runner/work/prehrajto-to-prehrajto/prehrajto-to-prehrajto/state/email-generated-descriptions-v3.jsonl
[11:14:07] batch-start shard=0/2 count=20 backlog=17650 uploads=706 failed_attempts=38 description_overrides=1050
[11:14:07] login
[11:14:08] login done
[11:14:08] iteration 1/20
[11:14:08] film cr_film_id=1044 name='Na život a na smrt (2013) CZ Dabing' candidates=13
[11:14:08]   candidate upload_id=5ef8cbe340dba url=https://prehraj.to/na-zivot-a-na-smrt-2013-czdabing/5ef8cbe340dba
[11:14:09]   resolved in 1.1s → 1080p (https://pf-storage1.premiumcdn.net/17085757/2Lmfo2hbzSg8tOBSBGhGJhMZFvzUPkcRlCzL…)
[11:15:56]   downloaded 3,069.2 MB in 105.3s (29.1 MB/s)
[11:17:47]   upload done video_id=26038017 in 111.3s
[11:17:48] film cr_film_id=1044 OK in 220.5s
[11:17:48] iteration 2/20
[11:17:48] film cr_film_id=1046 name='Katka (2009) CZ' candidates=8
[11:17:48]   candidate upload_id=5cfe2704a1f8c url=https://prehraj.to/katka-dokument-2009-od-soucka-tomase/5cfe2704a1f8c
[11:17:49]   resolved in 1.0s → 480p (https://pf-storage1.premiumcdn.net/13886721/YGlHyLiODU8RulLu6QInpiNpsavFjdt7mcg1…)
[11:18:08]   downloaded 573.0 MB in 17.1s (33.5 MB/s)
[11:18:30]   upload done video_id=26038034 in 21.8s
[11:18:31] film cr_film_id=1046 OK in 42.5s
[11:18:31] iteration 3/20
[11:18:31] film cr_film_id=1050 name='Hunger Games: Vražedná pomsta (2013) CZ Dabing' candidates=50
[11:18:31]   candidate upload_id=57bf6785c3fcd url=https://prehraj.to/hunger-games-vrazedna-pomsta-2013-czdab-1080p/57bf6785c3fcd
[11:18:32]   resolved in 1.0s → 1080p (https://pf-storage2.premiumcdn.net/11544/Q4oTREikMun3UmXIp7HMYi53FG5T6LFRpuwosm2…)
[11:19:39]   downloaded 2,313.5 MB in 65.4s (35.4 MB/s)
[11:21:00]   upload done video_id=26038044 in 81.0s
[11:21:01] film cr_film_id=1050 OK in 150.2s
[11:21:01] iteration 4/20
[11:21:01] film cr_film_id=1052 name='Ip Man 2 (2010) CZ Dabing' candidates=3
[11:21:01]   candidate upload_id=607c65f01e3b4 url=https://prehraj.to/ip-man-2-2010-cz-dabing/607c65f01e3b4
[11:21:02]   resolved in 1.1s → 1080p (https://pf-storage2.premiumcdn.net/23178252/ZP6IK7sXvuwAcYQsBesvPse1uwktjPFp7Smp…)
[11:23:12]   downloaded 4,682.9 MB in 128.1s (36.6 MB/s)
[11:25:55]   upload done video_id=26038078 in 163.7s
[11:25:57] film cr_film_id=1052 OK in 295.5s
[11:25:57] iteration 5/20
[11:25:57] film cr_film_id=1056 name='42 (2013) CZ Dabing' candidates=3
[11:25:57]   candidate upload_id=56689c793e80e url=https://prehraj.to/42-cz-dabing-2013/56689c793e80e
[11:25:58]   resolved in 1.0s → 480p (https://pf-storage2.premiumcdn.net/507867/wqNH4OS7aIOMS9EcNXHnQSbrUDkugMUx4h95Ip…)
[11:26:20]   downloaded 675.1 MB in 20.6s (32.8 MB/s)
[11:26:47]   upload done video_id=26038110 in 27.0s
[11:26:48] film cr_film_id=1056 OK in 51.2s
[11:26:48] iteration 6/20
[11:26:48] film cr_film_id=1060 name='Zootropolis: Město zvířat 2 (2025) CZ Dabing' candidates=7
[11:26:48]   candidate upload_id=7c6dcfeca518d613 url=https://prehraj.to/mesto-zvirat-2-2025-1080p-cz-dabing-mp4/7c6dcfeca518d613
[11:26:49]   resolved in 1.1s → 720p (https://pf-storage4.premiumcdn.net/166929728/41ZTmRfR7IJDSZDcD2t1vfOzI73FJ2U57TQ…)
[11:27:53]   downloaded 2,250.8 MB in 63.1s (35.7 MB/s)
[11:29:36]   upload done video_id=26038133 in 103.5s
[11:29:38] film cr_film_id=1060 OK in 170.0s
[11:29:38] iteration 7/20
[11:29:38] film cr_film_id=1064 name='Hračka (1976) CZ Dabing' candidates=6
[11:29:38]   candidate upload_id=5fa7f9f94937b url=https://prehraj.to/hracka-1976-czdab-by-fdltko/5fa7f9f94937b
[11:29:39]   resolved in 0.9s → 480p (https://pf-storage3.premiumcdn.net/19781773/JBYi29crRSqmIZVUYLuQPcRZtkZCqYhrJSAJ…)
[11:30:03]   downloaded 603.8 MB in 22.6s (26.7 MB/s)
[11:30:27]   upload done video_id=26038161 in 24.2s
[11:30:28] film cr_film_id=1064 OK in 50.4s
[11:30:28] iteration 8/20
[11:30:28] film cr_film_id=1068 name='Železný kříž (1977) CZ Dabing' candidates=2
[11:30:28]   candidate upload_id=68fd39dbc6429 url=https://prehraj.to/zelezny-kriz-1977-valecny-czdab-m/68fd39dbc6429
[11:30:30]   resolved in 1.5s → 480p (https://pf-storage5.premiumcdn.net/153416595/Mx7IPYuXJfBxHdnUqah2pudOi4nTD0iBgiZ…)
[11:30:54]   downloaded 795.6 MB in 23.7s (33.6 MB/s)
[11:31:24]   upload done video_id=26038167 in 29.4s
[11:31:25] film cr_film_id=1068 OK in 57.0s
[11:31:25] iteration 9/20
[11:31:25] film cr_film_id=1070 name='Páni kluci (1976) CZ Dabing' candidates=6
[11:31:25]   candidate upload_id=67356a7f095e7 url=https://prehraj.to/pani-kluci-1975-cz-dab/67356a7f095e7
[11:31:26]   resolved in 1.0s → 1080p (https://pf-storage5.premiumcdn.net/105672281/X4GTj2Iw3cNDFjpH8mcDNIw5C2BTLRUOZs2…)
[11:33:21]   downloaded 4,085.4 MB in 113.3s (36.1 MB/s)
[11:35:40]   upload done video_id=26038186 in 138.9s
[11:35:41] film cr_film_id=1070 OK in 255.7s
[11:35:41] iteration 10/20
[11:35:41] film cr_film_id=1072 name='Hvězdná brána: Návrat (2008) CZ Dabing' candidates=2
[11:35:41]   candidate upload_id=b970106e2983cf51 url=https://prehraj.to/hvezdna-brana-navrat-2008-cz-dab-1080p/b970106e2983cf51
[11:35:42]   resolved in 0.8s → 1080p (https://pf-storage4.premiumcdn.net/167420819/M6ySQyc6esdGUBxT8Vso7cVAHjXfnQSxpSm…)
[11:37:10]   downloaded 3,168.9 MB in 87.0s (36.4 MB/s)
[11:39:02]   upload done video_id=26038219 in 112.2s
[11:39:03] film cr_film_id=1072 OK in 202.5s
[11:39:03] iteration 11/20
[11:39:03] film cr_film_id=1076 name='Predátor: Zabiják zabijáků (2025) CZ Dabing' candidates=5
[11:39:03]   candidate upload_id=5fe5efb3667d74e8 url=https://prehraj.to/predator-zabijak-zabijaku-2025-cz-dabing-mkv/5fe5efb3667d74e8
[11:39:04]   resolved in 1.1s → 1080p (https://pf-storage3.premiumcdn.net/155724944/M4GtzGiM1T10tK0iGes3LibohZXHMyuLaC5…)
[11:39:59]   downloaded 1,990.0 MB in 53.8s (37.0 MB/s)
[11:41:13]   upload done video_id=26038237 in 73.3s
[11:41:14] film cr_film_id=1076 OK in 130.7s
[11:41:14] iteration 12/20
[11:41:14] film cr_film_id=1080 name='Braindead – Živí mrtví (1992) CZ Dabing' candidates=2
[11:41:14]   candidate upload_id=a68b3a089a71bbe0 url=https://prehraj.to/braindead-zivi-mrtvi-1992-cz-dab-720p/a68b3a089a71bbe0
[11:41:15]   resolved in 1.2s → 720p (https://pf-storage5.premiumcdn.net/167701580/vpzTnZi3vIPOIORSVKCNMiogCn6tDaUNqf4…)
[11:42:31]   downloaded 2,709.6 MB in 74.9s (36.2 MB/s)
[11:44:09]   upload done video_id=26038270 in 97.5s
[11:44:10] film cr_film_id=1080 OK in 175.8s
[11:44:10] iteration 13/20
[11:44:10] film cr_film_id=1084 name='Vlak pro děti (2024) CZ Dabing' candidates=1
[11:44:10]   candidate upload_id=67512ec86aad1 url=https://prehraj.to/vlak-pro-deti-2024-cz-dabing/67512ec86aad1
[11:44:11]   resolved in 1.2s → 720p (https://pf-storage1.premiumcdn.net/116983085/ODAtReFdlU6pSPKhL7fmDFpxt32ILVS38i1…)
[11:45:02]   downloaded 1,757.6 MB in 49.5s (35.5 MB/s)
[11:46:04]   upload done video_id=26038302 in 62.2s
[11:46:05] film cr_film_id=1084 OK in 115.6s
[11:46:05] iteration 14/20
[11:46:05] film cr_film_id=1086 name='Sborovna (2023) CZ Dabing' candidates=3
[11:46:05]   candidate upload_id=6726235ff03e9 url=https://prehraj.to/sborovna-the-teachers-lounge-2023-cz-dabing-1080p/6726235ff03e9
[11:46:06]   resolved in 0.8s → 720p (https://pf-storage5.premiumcdn.net/105343109/b4ETOwH2dH0Zc9vin0F0GHMntJNIGVuejsg…)
[11:46:38]   downloaded 1,066.3 MB in 30.3s (35.2 MB/s)
[11:47:15]   upload done video_id=26038324 in 37.2s
[11:47:16] film cr_film_id=1086 OK in 70.6s
[11:47:16] iteration 15/20
[11:47:16] film cr_film_id=1090 name='Kill (2023) CZ Dabing' candidates=1
[11:47:16]   candidate upload_id=67b59090f2bff url=https://prehraj.to/kill-2023-cz-dabing-1080p/67b59090f2bff
[11:47:17]   resolved in 0.9s → 720p (https://pf-storage5.premiumcdn.net/130138685/MleTK1I81CArI24fpDiLxIPnHJgHWpTdBUl…)
[11:48:08]   downloaded 1,764.2 MB in 49.2s (35.9 MB/s)
[11:49:32]   upload done video_id=26038340 in 84.3s
[11:49:33] film cr_film_id=1090 OK in 137.0s
[11:49:33] iteration 16/20
[11:49:33] film cr_film_id=1098 name='Podivuhodný příběh Henryho Sugara (2023) CZ Dabing' candidates=10
[11:49:33]   candidate upload_id=66c6799a63573 url=https://prehraj.to/podivuhodny-pribeh-henryho-sugara-the-wonderful-story-of-henry-sugar-2023-cz-dabing-1080p-mp4/66c6799a63573
[11:49:34]   resolved in 1.0s → 720p (https://pf-storage4.premiumcdn.net/91923116/3brHedTa7f3ZTMNSawFnAToRF52cRmCA6CMD…)
[11:49:49]   downloaded 332.2 MB in 13.6s (24.4 MB/s)
[11:50:03]   upload done video_id=26038348 in 13.7s
[11:50:04] film cr_film_id=1098 OK in 30.7s
[11:50:04] iteration 17/20
[11:50:04] film cr_film_id=1104 name='Spoiler Alert (2022) CZ Dabing' candidates=7
[11:50:04]   candidate upload_id=6532d7da17cca url=https://prehraj.to/spoiler-alert-2022-cz-dabing-hd-1080p-mp4/6532d7da17cca
[11:50:05]   resolved in 1.1s → 720p (https://pf-storage3.premiumcdn.net/48982205/3Ggim0T6JuLBID1HoZhyRTd4cXRSN9IDRHkO…)
[11:50:52]   downloaded 1,321.2 MB in 46.5s (28.4 MB/s)
[11:51:38]   upload done video_id=26038356 in 46.1s
[11:51:39] film cr_film_id=1104 OK in 95.8s
[11:51:39] iteration 18/20
[11:51:40] film cr_film_id=1106 name='Air: Zrození legendy (2023) CZ Dabing' candidates=3
[11:51:40]   candidate upload_id=645f3244a822f url=https://prehraj.to/air-zrozeni-legendy-2023-cz-dabing-1080p/645f3244a822f
[11:51:40]   resolved in 0.8s → 720p (https://pf-storage4.premiumcdn.net/40460914/mz3h1Jf4wHj1HvqCQBS4VfRWCJzCDouGAIqe…)
[11:52:20]   downloaded 1,329.1 MB in 38.2s (34.8 MB/s)
[11:53:04]   upload done video_id=26038373 in 43.9s
[11:53:05] film cr_film_id=1106 OK in 85.2s
[11:53:05] iteration 19/20
[11:53:05] film cr_film_id=1108 name='Noční můra v Elm Street (1984) CZ Dabing' candidates=15
[11:53:05]   candidate upload_id=5f1a0d0ada258 url=https://prehraj.to/nocni-mura-v-elm-street-a-nightmare-on-elm-street-1984-bdrip-aac-5-1-720p-h-264-1280x718-cz-dabing/5f1a0d0ada258
[11:53:06]   resolved in 0.8s → 480p (https://pf-storage3.premiumcdn.net/17462679/XGNimruJaFy2c5ECBjuVNulBUBrF75ivgIKN…)
[11:53:29]   downloaded 570.5 MB in 21.9s (26.1 MB/s)
[11:53:50]   upload done video_id=26038385 in 21.2s
[11:53:51] film cr_film_id=1108 OK in 46.6s
[11:53:51] iteration 20/20
[11:53:51] film cr_film_id=1112 name='Minari (2020) CZ Dabing' candidates=1
[11:53:51]   candidate upload_id=637230f70c2c7 url=https://prehraj.to/minari-2020-cz-dabing/637230f70c2c7
[11:53:52]   resolved in 0.9s → 720p (https://pf-storage1.premiumcdn.net/34638322/3YvfOnI4ZCnGC1PUYxhdOImdtOxc84iL4fdr…)
[11:54:56]   downloaded 1,793.7 MB in 62.6s (28.7 MB/s)
[11:55:59]   upload done video_id=26038396 in 63.6s
[11:56:01] film cr_film_id=1112 OK in 129.4s
[11:56:01] batch-end ok=20 failed=0 dur=2512.9s avg/film=125.6s remaining=16924 eta_hours=590.5

===== run 2026-06-17T11:56:35Z shard=0/2 batch_size=20 (https://github.com/Olbrasoft/prehrajto-to-prehrajto/actions/runs/27687141157) =====
[11:56:37] description overrides loaded: 1050 from /home/runner/work/prehrajto-to-prehrajto/prehrajto-to-prehrajto/state/email-generated-descriptions-v3.jsonl
[11:56:37] batch-start shard=0/2 count=20 backlog=17650 uploads=726 failed_attempts=38 description_overrides=1050
[11:56:37] login
[11:56:38] login done
[11:56:38] iteration 1/20
[11:56:38] film cr_film_id=1116 name='Shrek 2 (2004) CZ Dabing' candidates=31
[11:56:38]   candidate upload_id=68e7d21731028 url=https://prehraj.to/shrek-2-2004-cz-dabing-1080p/68e7d21731028
[11:56:39]   resolved in 1.1s → 1080p (https://pf-storage1.premiumcdn.net/150629625/DoeF46uvPUMoFdwt0ZSxGuPGUmphRxSBdFX…)
[11:57:54]   downloaded 2,596.3 MB in 72.9s (35.6 MB/s)
[11:59:26]   upload done video_id=26038423 in 91.8s
[11:59:28] film cr_film_id=1116 OK in 169.2s
[11:59:28] iteration 2/20
[11:59:28] film cr_film_id=1126 name='Nikdo (2021) CZ Dabing' candidates=7
[11:59:28]   candidate upload_id=68ef513d32065 url=https://prehraj.to/nikdo-2021-cz-dabing-1080p-full-hd/68ef513d32065
[11:59:29]   resolved in 1.1s → 1080p (https://pf-storage3.premiumcdn.net/151664280/pr2Sm5fx8ULyTMmu3VFxdfqPt84sgQiWptR…)
[12:00:55]   downloaded 2,926.3 MB in 84.5s (34.6 MB/s)
[12:02:51]   upload done video_id=26038446 in 116.6s
[12:02:52] film cr_film_id=1126 OK in 204.9s
[12:02:52] iteration 3/20
[12:02:52] film cr_film_id=1128 name='Beautiful Boy (2018) CZ Dabing' candidates=8
[12:02:52]   candidate upload_id=609ff5c1f28f6 url=https://prehraj.to/beautiful-boy-2018-web-dl-ddp5-1-x264-czdab/609ff5c1f28f6
[12:02:53]   resolved in 1.0s → 480p (https://pf-storage1.premiumcdn.net/23523663/aM3ikAuq1FRZfPDtL5spnuYMtBAto8U1vHYW…)
[12:03:14]   downloaded 629.2 MB in 19.3s (32.6 MB/s)
[12:03:39]   upload done video_id=26038476 in 24.5s
[12:03:40] film cr_film_id=1128 OK in 47.5s
[12:03:40] iteration 4/20
[12:03:40] film cr_film_id=1130 name='Jidáš a černý mesiáš (2021) CZ Dabing' candidates=1
[12:03:40]   candidate upload_id=61e5f57bed942 url=https://prehraj.to/jidas-a-cerny-mesias-2021-cz-dabing/61e5f57bed942
[12:03:41]   resolved in 1.1s → 720p (https://pf-storage4.premiumcdn.net/28476714/nzGFR5SLXFEYtYvSJGiy9SZGTaKhoyUp9HnD…)
[12:04:27]   downloaded 1,615.4 MB in 44.9s (36.0 MB/s)
[12:05:30]   upload done video_id=26038490 in 62.5s
[12:05:31] film cr_film_id=1130 OK in 111.0s
[12:05:31] iteration 5/20
[12:05:31] film cr_film_id=1132 name='Frčíme (2020) CZ Dabing' candidates=5
[12:05:31]   candidate upload_id=63abc06967e81 url=https://prehraj.to/frcime-2020-czdabing/63abc06967e81
[12:05:32]   resolved in 1.1s → 1080p (https://pf-storage1.premiumcdn.net/35787823/JVwHabI23IL2iBkTWYhdZIJbUYAUL1hbriY1…)
[12:06:32]   downloaded 2,041.4 MB in 58.3s (35.0 MB/s)
[12:07:50]   upload done video_id=26038503 in 78.0s
[12:07:51] film cr_film_id=1132 OK in 140.1s
[12:07:51] iteration 6/20
[12:07:51] film cr_film_id=1138 name='Drahokam (2019) CZ Dabing' candidates=6
[12:07:51]   candidate upload_id=d190de9106549893 url=https://prehraj.to/drahokam-uncut-gems-krimi-drama-2019-novinka-cz-dabing-full-hd-1080p-pucci-film-mp4/d190de9106549893
[12:07:52]   resolved in 1.0s → 720p (https://pf-storage4.premiumcdn.net/165571646/KbZc3XH37ixKfaZTxpsqkHWYt1OuBRuBlFo…)
[12:09:24]   downloaded 3,305.5 MB in 90.1s (36.7 MB/s)
[12:11:22]   upload done video_id=26038525 in 118.5s
[12:11:24] film cr_film_id=1138 OK in 213.5s
[12:11:24] iteration 7/20
[12:11:24] film cr_film_id=1140 name='Složka 64 (2018) CZ Dabing' candidates=4
[12:11:24]   candidate upload_id=5ed4df716de6d url=https://prehraj.to/slozka-64-cz-dabing-2018/5ed4df716de6d
[12:11:26]   resolved in 1.4s → 720p (https://pf-storage3.premiumcdn.net/16734414/Eezs3AFVBuOBFMQSO9tWYFdRCJBtdYS5wuPO…)
[12:12:12]   downloaded 1,556.2 MB in 45.1s (34.5 MB/s)
[12:13:11]   upload done video_id=26038564 in 58.1s
[12:13:12] film cr_film_id=1140 OK in 107.2s
[12:13:12] iteration 8/20
[12:13:12] film cr_film_id=1148 name='Jak vycvičit draka 3 (2019) CZ Dabing' candidates=4
[12:13:12]   candidate upload_id=ae20d906d533a632 url=https://prehraj.to/jak-vycvicit-draka-3-2019-cz-dabing/ae20d906d533a632
[12:13:13]   resolved in 1.1s → 480p (https://pf-storage1.premiumcdn.net/156560273/JbkF8GfjQTNbUrKSXzi6QfWRT0KS7ZuQ2iK…)
[12:13:50]   downloaded 1,205.7 MB in 35.4s (34.1 MB/s)
[12:14:44]   upload done video_id=26038741 in 54.0s
[12:14:45] film cr_film_id=1148 OK in 93.2s
[12:14:45] iteration 9/20
[12:14:45] film cr_film_id=1150 name='Lítám v tom (2009) CZ' candidates=1
[12:14:45]   candidate upload_id=b8f4b8ee48179885 url=https://prehraj.to/up-in-the-air-2009-litam-v-tom-109-min-fhd-x265-10b-5-1-cs-en-mkv/b8f4b8ee48179885
[12:14:45]   resolve FAILED: HTTP 502 wrapping permanent upstream error: https://prehraj.to/up-in-the-air-2009-litam-v-tom-109-min-fhd-x265-10b-5-1-cs-en-mkv/b8f4b8ee48179885 (permanent=True)
[12:14:45] film cr_film_id=1150 all candidates exhausted
[12:14:45] iteration 10/20
[12:14:45] film cr_film_id=1152 name='Kiss Kiss Bang Bang (2005) CZ Dabing' candidates=3
[12:14:45]   candidate upload_id=8dd2ecca81fc046d url=https://prehraj.to/kiss-kiss-bang-bang-2005-cz-dab-1080p/8dd2ecca81fc046d
[12:14:52]   resolved in 6.1s → 1080p (https://pf-storage5.premiumcdn.net/168263155/1E6t5pcj1H9rCqZfXdFwzcW2uRrF59h3luX…)
[12:15:52]   downloaded 2,122.3 MB in 59.1s (35.9 MB/s)
[12:17:09]   upload done video_id=26038753 in 76.8s
[12:17:10] film cr_film_id=1152 OK in 144.7s
[12:17:10] iteration 11/20
[12:17:10] film cr_film_id=1156 name='Jezdec (2017) CZ Dabing' candidates=2
[12:17:10]   candidate upload_id=5c34228593a59 url=https://prehraj.to/jezdec-drama-cz-dab-2017-jad/5c34228593a59
[12:17:11]   resolved in 1.0s → 480p (https://pf-storage5.premiumcdn.net/10698092/KaDINvu49UmKUnji9QiWDu7ghdQHaws5wHL3…)
[12:17:32]   downloaded 514.0 MB in 19.4s (26.5 MB/s)
[12:17:54]   upload done video_id=26038767 in 22.2s
[12:17:55] film cr_film_id=1156 OK in 45.2s
[12:17:55] iteration 12/20
[12:17:55] film cr_film_id=1158 name='Velká hra (2017) CZ Dabing' candidates=4
[12:17:55]   candidate upload_id=fa0d304ec9867428 url=https://prehraj.to/velka-hra-2017-cz-dab-1080p/fa0d304ec9867428
[12:17:56]   resolve FAILED: HTTP 502 wrapping permanent upstream error: https://prehraj.to/velka-hra-2017-cz-dab-1080p/fa0d304ec9867428 (permanent=True)
[12:17:56]   candidate upload_id=5aa084900b104 url=https://prehraj.to/velka-hra-2018-novinka-2017-molly-a-jej-hra-mollys-game-jessica-chastain-drama-drama-zivotopisni-zivotopisny/5aa084900b104
[12:18:02]   resolved in 6.0s → 720p (https://pf-storage1.premiumcdn.net/3562174/ZgbTMkC5Xc6mcbBfXKtKmC7lT1xS3AtDmTpVU…)
[12:19:01]   downloaded 2,056.6 MB in 57.9s (35.5 MB/s)
[12:20:16]   upload done video_id=26038786 in 74.8s
[12:20:17] film cr_film_id=1158 OK in 141.8s
[12:20:17] iteration 13/20
[12:20:17] film cr_film_id=1162 name='Dracula (1992) CZ Dabing' candidates=5
[12:20:17]   candidate upload_id=55fab49653ac8 url=https://prehraj.to/dracula-1992-cz-dabing-top-hit/55fab49653ac8
[12:20:19]   resolved in 1.5s → 480p (https://pf-storage3.premiumcdn.net/320937/5XLUBqCrmTmGcOlTrGhPrCO2sVKuqnHBWuL9f7…)
[12:20:37]   downloaded 563.6 MB in 17.4s (32.4 MB/s)
[12:21:05]   upload done video_id=26038801 in 27.1s
[12:21:06] film cr_film_id=1162 OK in 48.6s
[12:21:06] iteration 14/20
[12:21:06] film cr_film_id=1166 name='Ctihodný občan (2009) CZ Dabing' candidates=47
[12:21:06]   candidate upload_id=5a182c5ba215f url=https://prehraj.to/ctihodny-obcan-2009-hdrip-cz-dabing-m3/5a182c5ba215f
[12:21:07]   resolved in 1.0s → 480p (https://pf-storage1.premiumcdn.net/2984844/wM8u3DImKhYRCoZTDjFLYIANsL5tEPcWbho2F…)
[12:21:22]   downloaded 413.9 MB in 13.7s (30.2 MB/s)
[12:21:38]   upload done video_id=26038807 in 16.7s
[12:21:40] film cr_film_id=1166 OK in 33.8s
[12:21:40] iteration 15/20
[12:21:40] film cr_film_id=1168 name='Anglický pacient (1996) CZ Dabing' candidates=2
[12:21:40]   candidate upload_id=09120776795d6c2d url=https://prehraj.to/anglicky-pacient-1996-czdab-avi/09120776795d6c2d
[12:21:41]   resolved in 0.9s → 480p (https://pf-storage5.premiumcdn.net/160611881/mGWHepUqOcXnT7XiYrTr7UDrfW4HO2HzWC0…)
[12:22:07]   downloaded 841.5 MB in 25.0s (33.7 MB/s)
[12:22:40]   upload done video_id=26038817 in 32.8s
[12:22:41] film cr_film_id=1168 OK in 61.0s
[12:22:41] iteration 16/20
[12:22:41] film cr_film_id=1172 name='Bláznivá, zatracená láska (2011) CZ Dabing' candidates=3
[12:22:41]   candidate upload_id=d24934f11c0d0efe url=https://prehraj.to/blazniva-zatracena-laska-2011-cz-dab-1080p/d24934f11c0d0efe
[12:22:41]   resolved in 0.8s → 720p (https://pf-storage5.premiumcdn.net/168514129/G7mseNUplHz5cPquDOcWBUDkCVls9NI3nC0…)
[12:23:43]   downloaded 2,115.9 MB in 60.0s (35.3 MB/s)
[12:24:57]   upload done video_id=26038827 in 74.5s
[12:24:59] film cr_film_id=1172 OK in 138.0s
[12:24:59] iteration 17/20
[12:24:59] film cr_film_id=1176 name='Velký zlý lišák (2017) CZ Dabing' candidates=2
[12:24:59]   candidate upload_id=60382cb0029af url=https://prehraj.to/velky-zly-lisak-2017-czdab/60382cb0029af
[12:25:00]   resolved in 1.0s → 720p (https://pf-storage5.premiumcdn.net/22431701/dk6i1ruekcxyfpxh5qUbXuyQcZWHPvFbVTGm…)
[12:25:24]   downloaded 774.8 MB in 23.2s (33.4 MB/s)
[12:25:52]   upload done video_id=26038841 in 28.5s
[12:25:53] film cr_film_id=1176 OK in 54.9s
[12:25:53] iteration 18/20
[12:25:53] film cr_film_id=1178 name='Na shledanou tam nahoře (2017) CZ Dabing' candidates=2
[12:25:53]   candidate upload_id=605360097a58a url=https://prehraj.to/na-shledanou-tam-nahore-2017-cz-dabing-cz-forced-tit-1080p-ok-kvalitka/605360097a58a
[12:25:54]   resolved in 1.0s → 720p (https://pf-storage5.premiumcdn.net/22706861/2vJUgpf17Igot05upRIPyfynuoju7ZUedhPA…)
[12:27:16]   downloaded 2,300.1 MB in 80.3s (28.6 MB/s)
[12:28:56]   upload done video_id=26038856 in 99.9s
[12:28:57] film cr_film_id=1178 OK in 183.8s
[12:28:57] iteration 19/20
[12:28:57] film cr_film_id=1192 name='Válka o planetu opic (2017) CZ Dabing' candidates=34
[12:28:57]   candidate upload_id=5c92417a3f297 url=https://prehraj.to/valka-o-planetu-opic-war-for-the-planet-of-the-apes-2017-bdrip-cz-dabing/5c92417a3f297
[12:28:58]   resolved in 0.9s → 480p (https://pf-storage5.premiumcdn.net/12528898/weocb8FjQhz6TdyUA1s3wFJwI0wfvDH6VcYZ…)
[12:29:26]   downloaded 731.1 MB in 26.5s (27.6 MB/s)
[12:29:54]   upload done video_id=26038877 in 27.7s
[12:29:55] film cr_film_id=1192 OK in 57.9s
[12:29:55] iteration 20/20
[12:29:55] film cr_film_id=1198 name='Kouč Carter (2005) CZ Dabing' candidates=15
[12:29:55]   candidate upload_id=5a3e92b2ae119 url=https://prehraj.to/kouc-carter-2005-dvdrip-cz-dabing/5a3e92b2ae119
[12:29:56]   resolved in 1.0s → 480p (https://pf-storage1.premiumcdn.net/3175919/gzAFDyf5qTE6CvwINgFgwfOJhN8hKwSPNhlxF…)
[12:30:19]   downloaded 701.4 MB in 21.3s (32.9 MB/s)
[12:30:47]   upload done video_id=26038884 in 28.0s
[12:30:48] film cr_film_id=1198 OK in 52.8s
[12:30:48] batch-end ok=19 failed=1 dur=2049.5s avg/film=107.9s remaining=16905 eta_hours=506.7

===== run 2026-06-17T13:13:57Z shard=0/2 batch_size=20 (https://github.com/Olbrasoft/prehrajto-to-prehrajto/actions/runs/27691564335) =====
[13:13:58] description overrides loaded: 1050 from /home/runner/work/prehrajto-to-prehrajto/prehrajto-to-prehrajto/state/email-generated-descriptions-v3.jsonl
[13:13:58] batch-start shard=0/2 count=20 backlog=17650 uploads=745 failed_attempts=40 description_overrides=1050
[13:13:58] login
[13:14:00] login done
[13:14:00] iteration 1/20
[13:14:00] film cr_film_id=1200 name='Hotel Modrá Hvězda (1941) CZ' candidates=1
[13:14:00]   candidate upload_id=5f440536ec317 url=https://prehraj.to/1941-cz-komedie-hotel-modra-hvezda-hd/5f440536ec317
[13:14:01]   resolved in 1.0s → 1080p (https://pf-storage3.premiumcdn.net/18217164/Qj8F8wUlNIy0sP3fAqtEMUo7TVpswGHawTw8…)
[13:15:39]   downloaded 2,951.2 MB in 96.5s (30.6 MB/s)
[13:17:37]   upload done video_id=26040266 in 118.4s
[13:17:39] film cr_film_id=1200 OK in 219.2s
[13:17:39] iteration 2/20
[13:17:39] film cr_film_id=1202 name='John Wick 2 (2017) CZ Dabing' candidates=2
[13:17:39]   candidate upload_id=68aceceb68927 url=https://prehraj.to/wick-2-john-2017-cz-dabing-novinka/68aceceb68927
[13:17:40]   resolved in 1.0s → 480p (https://pf-storage1.premiumcdn.net/144560664/pGnTNLuW8hX5hVmfAqSx0uXOSOzHJ4ijPF1…)
[13:18:03]   downloaded 720.7 MB in 21.8s (33.1 MB/s)
[13:18:39]   upload done video_id=26040342 in 35.4s
[13:18:40] film cr_film_id=1202 OK in 61.3s
[13:18:40] iteration 3/20
[13:18:40] film cr_film_id=1204 name='Na dřeň (2012) CZ Dabing' candidates=7
[13:18:40]   candidate upload_id=581ee309b7a11 url=https://prehraj.to/na-dren-cz-dabing-2012/581ee309b7a11
[13:18:41]   resolved in 1.0s → 480p (https://pf-storage3.premiumcdn.net/804843/597ckdub5U5Asd9iaETGkuJQc6YfeJC9wIPbC6…)
[13:19:01]   downloaded 588.2 MB in 18.3s (32.1 MB/s)
[13:19:26]   upload done video_id=26040370 in 25.4s
[13:19:28] film cr_film_id=1204 OK in 47.3s
[13:19:28] iteration 4/20
[13:19:28] film cr_film_id=1212 name='Pravidla moštárny (1999) CZ Dabing' candidates=3
[13:19:28]   candidate upload_id=55e293b708b56 url=https://prehraj.to/pravidla-mostarny-1999-czdab/55e293b708b56
[13:19:28]   resolved in 0.8s → 480p (https://pf-storage4.premiumcdn.net/257467/e1ETResgMFOms8DtQncbRs8zi2NCgQcwvCpYuW…)
[13:19:50]   downloaded 537.6 MB in 20.0s (26.9 MB/s)
[13:20:14]   upload done video_id=26040398 in 23.7s
[13:20:15] film cr_film_id=1212 OK in 47.4s
[13:20:15] iteration 5/20
[13:20:15] film cr_film_id=1214 name='Noční zvířata (2016) CZ Dabing' candidates=17
[13:20:15]   candidate upload_id=66003d2d8594d url=https://prehraj.to/nocni-zvirata-2016-cz-dabing-1080p-fullhd/66003d2d8594d
[13:20:16]   resolved in 0.7s → 720p (https://pf-storage5.premiumcdn.net/75107699/KqXcMPiVKI31iaPIbEHOLi39IWZC41tNWUVn…)
[13:21:20]   downloaded 1,826.0 MB in 63.1s (28.9 MB/s)
[13:22:31]   upload done video_id=26040441 in 70.7s
[13:22:32] film cr_film_id=1214 OK in 137.5s
[13:22:32] iteration 6/20
[13:22:32] film cr_film_id=1218 name='Melodie mého srdce (2007) CZ Dabing' candidates=5
[13:22:32]   candidate upload_id=6732fe1f788c6 url=https://prehraj.to/melodie-meho-srdce-2007-cz-dab/6732fe1f788c6
[13:22:33]   resolved in 1.0s → 720p (https://pf-storage5.premiumcdn.net/105618473/lZ1unEIYbTq5SnqiYdfrZIYeFbRsjlCxZtJ…)
[13:23:30]   downloaded 1,960.1 MB in 55.3s (35.4 MB/s)
[13:24:44]   upload done video_id=26040493 in 73.7s
[13:24:45] film cr_film_id=1218 OK in 132.6s
[13:24:45] iteration 7/20
[13:24:45] film cr_film_id=1222 name='Muž na Měsíci (1999) CZ' candidates=3
[13:24:45]   candidate upload_id=58357f2551299 url=https://prehraj.to/muz-na-mesici-1999-cz-avi-super-dabling-siv-novinky/58357f2551299
[13:24:46]   resolved in 1.1s → 480p (https://pf-storage5.premiumcdn.net/914973/0Q8FeVuDbHv1hd2fb4Hv1uLPC9gILOiBKcw8H8…)
[13:25:12]   downloaded 672.1 MB in 24.5s (27.4 MB/s)
[13:25:44]   upload done video_id=26040542 in 31.8s
[13:25:45] film cr_film_id=1222 OK in 60.1s
[13:25:45] iteration 8/20
[13:25:45] film cr_film_id=1224 name='Než jsem tě poznala (2016) CZ Dabing' candidates=43
[13:25:45]   candidate upload_id=58f925078de0c url=https://prehraj.to/nez-jsem-te-poznala-2016-czdabing/58f925078de0c
[13:25:46]   resolved in 1.1s → 480p (https://pf-storage2.premiumcdn.net/2037731/lZbfVbC9jiKQTq9IR6c0oCZpckBiqNF2kTO7f…)
[13:26:06]   downloaded 553.0 MB in 18.3s (30.2 MB/s)
[13:26:36]   upload done video_id=26040576 in 29.9s
[13:26:37] film cr_film_id=1224 OK in 51.7s
[13:26:37] iteration 9/20
[13:26:37] film cr_film_id=1226 name='Terminál (2004) CZ Dabing' candidates=2
[13:26:37]   candidate upload_id=947cfc6eb6dfc8c8 url=https://prehraj.to/terminal-2004-cz-dab-hd-kvalita-mrknitv/947cfc6eb6dfc8c8
[13:26:37]   resolve FAILED: HTTP 502 wrapping permanent upstream error: https://prehraj.to/terminal-2004-cz-dab-hd-kvalita-mrknitv/947cfc6eb6dfc8c8 (permanent=True)
[13:26:37]   candidate upload_id=8234a793a377d1e9 url=https://prehraj.to/terminal-2004-full-hd-cz-digitalne-remastrovane/8234a793a377d1e9
[13:26:43]   resolved in 6.0s → 720p (https://pf-storage5.premiumcdn.net/164412992/logumkHnZUw4FrZIposZKH9gsdPuO0uoNID…)
[13:27:44]   downloaded 2,092.9 MB in 59.0s (35.5 MB/s)
[13:29:10]   upload done video_id=26040631 in 86.2s
[13:29:12] film cr_film_id=1226 OK in 154.7s
[13:29:12] iteration 10/20
[13:29:12] film cr_film_id=1228 name='Napola - Hitlerova elita (2004) CZ Dabing' candidates=10
[13:29:12]   candidate upload_id=57d3daf0c932c url=https://prehraj.to/napola-hitlerova-elita-2004-czdab/57d3daf0c932c
[13:29:12]   resolved in 0.9s → 480p (https://pf-storage2.premiumcdn.net/639197/MlEUrDFX7tNoc92tGzIowFQDiznhK2Cb5Uq3sK…)
[13:29:31]   downloaded 557.0 MB in 17.3s (32.2 MB/s)
[13:29:57]   upload done video_id=26040688 in 25.5s
[13:29:58] film cr_film_id=1228 OK in 46.5s
[13:29:58] iteration 11/20
[13:29:58] film cr_film_id=1230 name='Saulův syn (2015) CZ' candidates=1
[13:29:58]   candidate upload_id=5fe01d921f6a4 url=https://prehraj.to/sauluv-syn-valecne-drama-2015-cz-titulky/5fe01d921f6a4
[13:29:59]   resolved in 1.0s → 480p (https://pf-storage5.premiumcdn.net/20932659/69YhDaIByF2PUKgI3QUQOI6Zhj1cWgfrJFwg…)
[13:30:16]   downloaded 527.4 MB in 15.9s (33.2 MB/s)
[13:30:41]   upload done video_id=26040711 in 24.7s
[13:30:42] film cr_film_id=1230 OK in 44.3s
[13:30:42] iteration 12/20
[13:30:42] film cr_film_id=1232 name='Trumbo (2015) CZ Dabing' candidates=1
[13:30:42]   candidate upload_id=60a7b441d2738 url=https://prehraj.to/trumbo-2015-drama-usa-cz-dabing-cesky-telefilm/60a7b441d2738
[13:30:43]   resolved in 0.7s → 1080p (https://pf-storage1.premiumcdn.net/23607597/Q4lI0Ri3zcqdFONCDMFa9iZls2rsKdIBJIP3…)
[13:32:27]   downloaded 2,998.2 MB in 102.2s (29.3 MB/s)
[13:34:30]   upload done video_id=26040756 in 123.2s
[13:34:31] film cr_film_id=1232 OK in 229.0s
[13:34:31] iteration 13/20
[13:34:31] film cr_film_id=1234 name='Svět podle Prota (2001) CZ Dabing' candidates=2
[13:34:31]   candidate upload_id=5fe811df6609e url=https://prehraj.to/svet-podle-prota-k-pax-2001-cz-dab-tit-1080p-web-dl/5fe811df6609e
[13:34:32]   resolved in 1.0s → 720p (https://pf-storage1.premiumcdn.net/21043383/wLWu4qiBGhqph0ATdeSegi2BhdphkRHvlC92…)
[13:35:32]   downloaded 1,770.0 MB in 58.4s (30.3 MB/s)
[13:36:47]   upload done video_id=26040837 in 75.1s
[13:36:49] film cr_film_id=1234 OK in 137.3s
[13:36:49] iteration 14/20
[13:36:49] film cr_film_id=1236 name='Mission: Impossible - Národ grázlů (2015) CZ' candidates=2
[13:36:49]   candidate upload_id=6907cbc8c2769 url=https://prehraj.to/mission-impossible-5-narod-grazlu-2015-uhdrdv-cz-en/6907cbc8c2769
[13:36:49]   resolve FAILED: HTTP 502 wrapping permanent upstream error: https://prehraj.to/mission-impossible-5-narod-grazlu-2015-uhdrdv-cz-en/6907cbc8c2769 (permanent=True)
[13:36:49]   candidate upload_id=b34da207019e9a22 url=https://prehraj.to/mission-impossible-5-narod-grazlu-2015-4k-mkv/b34da207019e9a22
[13:36:55]   resolved in 5.7s → 1080p (https://pf-storage4.premiumcdn.net/162919841/zjKI4kSJ5uXDcoOsE6te1SJXt3NiGeIbyUW…)
[13:38:48]   downloaded 4,079.2 MB in 111.1s (36.7 MB/s)
[13:41:05]   upload done video_id=26040965 in 137.0s
[13:41:06] film cr_film_id=1236 OK in 257.4s
[13:41:06] iteration 15/20
[13:41:06] film cr_film_id=1246 name='30 minut po půlnoci (2012) CZ Dabing' candidates=12
[13:41:06]   candidate upload_id=5ec51b8642aed url=https://prehraj.to/30-minut-po-pulnoci-zero-dark-thirty-2012-1080p-cz-dabing/5ec51b8642aed
[13:41:07]   resolved in 1.1s → 1080p (https://pf-storage1.premiumcdn.net/16601208/bRWcQrH5GIWvsBltG4tbyHz5hWeH3aueXCng…)
[13:42:39]   downloaded 3,169.0 MB in 89.8s (35.3 MB/s)
[13:44:44]   upload done video_id=26041095 in 125.0s
[13:44:45] film cr_film_id=1246 OK in 219.2s
[13:44:45] iteration 16/20
[13:44:45] film cr_film_id=1248 name='Hooligans (2005) CZ Dabing' candidates=25
[13:44:45]   candidate upload_id=5b0ede278161c url=https://prehraj.to/hooligans-2005-cz-dabing/5b0ede278161c
[13:44:46]   resolved in 1.0s → 480p (https://pf-storage2.premiumcdn.net/4342533/XPOsaMHMDhOEHdetmRhgWHGmSXJfOPuo2cGKf…)
[13:45:09]   downloaded 684.3 MB in 21.2s (32.3 MB/s)
[13:45:40]   upload done video_id=26041168 in 31.0s
[13:45:41] film cr_film_id=1248 OK in 56.0s
[13:45:41] iteration 17/20
[13:45:41] film cr_film_id=1250 name='Zlaté ruce: Příběh Bena Carsona (2009) CZ' candidates=1
[13:45:41]   candidate upload_id=5a9c5af56da7d url=https://prehraj.to/zlate-ruce-pribeh-bena-carsona-2009/5a9c5af56da7d
[13:45:42]   resolved in 1.1s → 480p (https://pf-storage1.premiumcdn.net/3536373/laNiBJs9NhbnFVjCOzH0kslNSPDH9ru2ziJbU…)
[13:45:58]   downloaded 437.9 MB in 14.2s (30.8 MB/s)
[13:46:15]   upload done video_id=26041194 in 16.5s
[13:46:16] film cr_film_id=1250 OK in 35.0s
[13:46:16] iteration 18/20
[13:46:16] film cr_film_id=1252 name='Juno (2007) CZ Dabing' candidates=8
[13:46:16]   candidate upload_id=5a31b5fbd0c5c url=https://prehraj.to/juno-2007-cz-dabing/5a31b5fbd0c5c
[13:46:17]   resolved in 0.8s → 480p (https://pf-storage1.premiumcdn.net/3123564/ZLGHpjTwJiVwuMlF2lH8kTYQC4KHJRhEXTblh…)
[13:46:33]   downloaded 463.6 MB in 14.8s (31.3 MB/s)
[13:46:59]   upload done video_id=26041213 in 26.0s
[13:47:00] film cr_film_id=1252 OK in 43.7s
[13:47:00] iteration 19/20
[13:47:00] film cr_film_id=1254 name='Mrtvá nevěsta Tima Burtona (2005) CZ Dabing' candidates=8
[13:47:00]   candidate upload_id=5c8941f79924d url=https://prehraj.to/mrtva-nevesta-tima-burtona-2005-hdrip-cz-dabing-m3/5c8941f79924d
[13:47:01]   resolved in 1.1s → 480p (https://pf-storage2.premiumcdn.net/12408823/LAwFG7HaKfNxhZrT1as4MH9yFQvia0fqvCRW…)
[13:47:19]   downloaded 430.6 MB in 16.7s (25.8 MB/s)
[13:47:35]   upload done video_id=26041243 in 15.7s
[13:47:37] film cr_film_id=1254 OK in 37.2s
[13:47:37] iteration 20/20
[13:47:37] film cr_film_id=1256 name='Spider-Man (2002) CZ Dabing' candidates=40
[13:47:37]   candidate upload_id=04a21ef14a931d32 url=https://prehraj.to/spider-man-1-cz-dabing-2002-1080p-novinka/04a21ef14a931d32
[13:47:38]   resolved in 1.0s → 720p (https://pf-storage5.premiumcdn.net/167252636/nOLtz1TzLsGvColUalHW4T8McPpUmYUvlhy…)
[13:48:33]   downloaded 1,919.3 MB in 52.9s (36.3 MB/s)
[13:49:40]   upload done video_id=26041290 in 67.1s
[13:49:41] film cr_film_id=1256 OK in 123.8s
[13:49:41] batch-end ok=20 failed=0 dur=2141.2s avg/film=107.1s remaining=16885 eta_hours=502.3

===== run 2026-06-17T14:25:09Z shard=0/2 batch_size=20 (https://github.com/Olbrasoft/prehrajto-to-prehrajto/actions/runs/27696156167) =====
[14:25:10] description overrides loaded: 1050 from /home/runner/work/prehrajto-to-prehrajto/prehrajto-to-prehrajto/state/email-generated-descriptions-v3.jsonl
[14:25:10] batch-start shard=0/2 count=20 backlog=17650 uploads=765 failed_attempts=42 description_overrides=1050
[14:25:10] login
[14:25:12] login done
[14:25:12] iteration 1/20
[14:25:12] film cr_film_id=1258 name='Sirotčinec (2007) CZ Dabing' candidates=23
[14:25:12]   candidate upload_id=57bf052c0eb37 url=https://prehraj.to/sirotcinec-cz-dabing-2007-full-hd-1080p/57bf052c0eb37
[14:25:13]   resolved in 1.0s → 720p (https://pf-storage5.premiumcdn.net/11475/M69HMXfVaue8hRzsw8UqdfEgu5wHGJt1YIw0Hm4…)
[14:26:10]   downloaded 1,683.7 MB in 55.2s (30.5 MB/s)
[14:27:18]   upload done video_id=26042558 in 68.3s
[14:27:19] film cr_film_id=1258 OK in 127.2s
[14:27:19] iteration 2/20
[14:27:19] film cr_film_id=1260 name='Looper: Nájemný zabiják (2012) CZ Dabing' candidates=9
[14:27:19]   candidate upload_id=677024a43ee2f url=https://prehraj.to/looper-najemny-zabijak-joseph-gordon-levitt-bruce-willis-emily-blunt-2012-scifi-akcni-krimi-thriller-bdrip-1080p-cz-dabing/677024a43ee2f
[14:27:20]   resolved in 1.1s → 720p (https://pf-storage5.premiumcdn.net/126765518/bEGS5yhBbIg1IWrSOQFQwhequbdCN9u9ASP…)
[14:28:28]   downloaded 1,680.0 MB in 66.3s (25.3 MB/s)
[14:29:36]   upload done video_id=26042648 in 67.9s
[14:29:38] film cr_film_id=1260 OK in 138.3s
[14:29:38] iteration 3/20
[14:29:38] film cr_film_id=1264 name='Zločinec (2008) CZ Dabing' candidates=7
[14:29:38]   candidate upload_id=5b00ea3aae4ee url=https://prehraj.to/zlocinec-cz-dabing-2008-felon/5b00ea3aae4ee
[14:29:39]   resolved in 1.0s → 480p (https://pf-storage2.premiumcdn.net/4238961/4vVsYlhyRulMfo8C5gI3ghMAHgqtGBT9Nco0C…)
[14:30:06]   downloaded 658.9 MB in 25.5s (25.8 MB/s)
[14:30:34]   upload done video_id=26042712 in 28.4s
[14:30:36] film cr_film_id=1264 OK in 58.2s
[14:30:36] iteration 4/20
[14:30:36] film cr_film_id=1266 name='28 let poté: Chrám z kostí (2026) CZ Dabing' candidates=16
[14:30:36]   candidate upload_id=5b632d165ee99204 url=https://prehraj.to/28-let-pote-chram-z-kosti-2026-1080p-cz-dabing/5b632d165ee99204
[14:30:36]   resolve FAILED: HTTP 502 wrapping permanent upstream error: https://prehraj.to/28-let-pote-chram-z-kosti-2026-1080p-cz-dabing/5b632d165ee99204 (permanent=True)
[14:30:36]   candidate upload_id=5c99bbf36599cff0 url=https://prehraj.to/28-let-pote-chram-z-kosti-2026-1080p-cz-dabing-mkv/5c99bbf36599cff0
[14:30:42]   resolve FAILED: HTTP 502 wrapping permanent upstream error: https://prehraj.to/28-let-pote-chram-z-kosti-2026-1080p-cz-dabing-mkv/5c99bbf36599cff0 (permanent=True)
[14:30:42]   candidate upload_id=d99b4efe2f7a79d7 url=https://prehraj.to/28-let-pote-chram-z-kosti-2026-1080p-cz-dabing-mkv-mkv/d99b4efe2f7a79d7
[14:30:47]   resolve FAILED: HTTP 502 wrapping permanent upstream error: https://prehraj.to/28-let-pote-chram-z-kosti-2026-1080p-cz-dabing-mkv-mkv/d99b4efe2f7a79d7 (permanent=True)
[14:30:47]   candidate upload_id=2a2ef29ccf5e4559 url=https://prehraj.to/28-let-pote-chram-z-kosti-cz-dabing-novinka-2026/2a2ef29ccf5e4559
[14:30:53]   resolve FAILED: HTTP 502 wrapping permanent upstream error: https://prehraj.to/28-let-pote-chram-z-kosti-cz-dabing-novinka-2026/2a2ef29ccf5e4559 (permanent=True)
[14:30:53]   candidate upload_id=cf30a9230b5fbdc2 url=https://prehraj.to/28-let-pote-chram-z-kosti-cz-dabing-2026-mp4/cf30a9230b5fbdc2
[14:30:59]   resolve FAILED: HTTP 502 wrapping permanent upstream error: https://prehraj.to/28-let-pote-chram-z-kosti-cz-dabing-2026-mp4/cf30a9230b5fbdc2 (permanent=True)
[14:30:59]   candidate upload_id=ff4ede8d358fb776 url=https://prehraj.to/28-let-pote-chram-z-kosti-cz-dabing-novinka-2026/ff4ede8d358fb776
[14:31:04]   resolve FAILED: HTTP 502 wrapping permanent upstream error: https://prehraj.to/28-let-pote-chram-z-kosti-cz-dabing-novinka-2026/ff4ede8d358fb776 (permanent=True)
[14:31:04]   candidate upload_id=19c2db6cb163da03 url=https://prehraj.to/28-let-pote-chram-z-kosti-2026-cz-dabing-mkv/19c2db6cb163da03
[14:31:11]   resolved in 6.2s → 480p (https://pf-storage5.premiumcdn.net/168458503/ek7SG4fWEuwocOZiGBspbfxdS7atxkIl2I8…)
[14:31:49]   downloaded 1,110.3 MB in 36.4s (30.5 MB/s)
[14:32:44]   upload done video_id=26042783 in 55.0s
[14:32:45] film cr_film_id=1266 OK in 129.4s
[14:32:45] iteration 5/20
[14:32:45] film cr_film_id=1268 name='DJ Ahmet (2025) CZ Dabing' candidates=1
[14:32:45]   candidate upload_id=f694dd577435ebf5 url=https://prehraj.to/dj-ahmet-2025-cz-dabing-full-hd-drama-top-kvalita-1400743/f694dd577435ebf5
[14:32:46]   resolve FAILED: HTTP 502 wrapping permanent upstream error: https://prehraj.to/dj-ahmet-2025-cz-dabing-full-hd-drama-top-kvalita-1400743/f694dd577435ebf5 (permanent=True)
[14:32:46] film cr_film_id=1268 all candidates exhausted
[14:32:46] iteration 6/20
[14:32:46] film cr_film_id=1270 name='Na nože: Probuzení mrtvého muže (2025) CZ Dabing' candidates=7
[14:32:46]   candidate upload_id=182482eefeb84608 url=https://prehraj.to/na-noze-probuzeni-mrtveho-muze-mp4/182482eefeb84608
[14:32:52]   resolved in 6.1s → 1080p (https://pf-storage5.premiumcdn.net/159818960/A70uwnUoRFK3hkzFXRHwgU59cjbfo8S3dHD…)
[14:35:07]   downloaded 3,794.3 MB in 133.4s (28.4 MB/s)
[14:37:44]   upload done video_id=26042910 in 157.7s
[14:37:46] film cr_film_id=1270 OK in 300.1s
[14:37:46] iteration 7/20
[14:37:46] film cr_film_id=1272 name='Gremlins (1984) CZ Dabing' candidates=2
[14:37:46]   candidate upload_id=1b978b4792e72fe4 url=https://prehraj.to/gremlini-1984-cz-dab-1080p/1b978b4792e72fe4
[14:37:47]   resolved in 1.1s → 1080p (https://pf-storage4.premiumcdn.net/168032668/8jgTWafDWu6btgPfr8IzbfVZTJac6lTgkuB…)
[14:40:01]   downloaded 3,854.9 MB in 132.5s (29.1 MB/s)
[14:42:42]   upload done video_id=26043064 in 161.1s
[14:42:45] film cr_film_id=1272 OK in 298.8s
[14:42:45] iteration 8/20
[14:42:45] film cr_film_id=1274 name='Jestli se rozzlobíme, budeme zlí (1974) CZ Dabing' candidates=11
[14:42:45]   candidate upload_id=6814eeee14e2e url=https://prehraj.to/jestli-se-rozlobime-budeme-zli-cz-dabing-1974/6814eeee14e2e
[14:42:46]   resolved in 1.1s → 720p (https://pf-storage3.premiumcdn.net/136972760/jD5t5qsGnF6vULGT3QczLsY0uXoSw1TR8Sg…)
[14:43:51]   downloaded 1,408.3 MB in 63.9s (22.0 MB/s)
[14:45:01]   upload done video_id=26043160 in 69.2s
[14:45:02] film cr_film_id=1274 OK in 137.8s
[14:45:02] iteration 9/20
[14:45:02] film cr_film_id=1276 name='Dealer 2 (2004) CZ Dabing' candidates=15
[14:45:02]   candidate upload_id=e7df5bf5983b1c21 url=https://prehraj.to/dealer-iii-dansko-2005-1080p-novinka-cz-dabing-full-hd-1080p-pucci-film-mp4/e7df5bf5983b1c21
[14:45:04]   resolved in 1.4s → 1080p (https://pf-storage4.premiumcdn.net/165536714/4B0iD3uGDh5OfX7HG5SOMu1DS3OSBbh7muM…)
[14:46:25]   downloaded 2,405.5 MB in 79.1s (30.4 MB/s)
[14:48:02]   upload done video_id=26043221 in 97.7s
[14:48:04] film cr_film_id=1276 OK in 181.5s
[14:48:04] iteration 10/20
[14:48:04] film cr_film_id=1278 name='Bláznivá dovolená (1983) CZ Dabing' candidates=11
[14:48:04]   candidate upload_id=5c3272431eb93 url=https://prehraj.to/blazniva-dovolena-cz-dabing-1983-vanocni/5c3272431eb93
[14:48:05]   resolved in 1.1s → 480p (https://pf-storage5.premiumcdn.net/10611839/87LcEof4PI20i7rH31iqOfXpi6bHDVHdlu90…)
[14:48:42]   downloaded 825.9 MB in 34.7s (23.8 MB/s)
[14:49:22]   upload done video_id=26043276 in 40.1s
[14:49:23] film cr_film_id=1278 OK in 79.5s
[14:49:23] iteration 11/20
[14:49:23] film cr_film_id=1284 name='Je to i můj život (2009) CZ' candidates=1
[14:49:23]   candidate upload_id=fbe078cc340770c5 url=https://prehraj.to/je-to-i-muj-zivot-2009-sk-mp4/fbe078cc340770c5
[14:49:25]   resolved in 1.1s → 1080p (https://pf-storage1.premiumcdn.net/155036559/aZdT8KSgDHeBuLvtzYFDeSBQF6giJPhpjTJ…)
[14:50:59]   downloaded 2,848.8 MB in 93.2s (30.6 MB/s)
[14:52:53]   upload done video_id=26043341 in 113.9s
[14:52:55] film cr_film_id=1284 OK in 211.1s
[14:52:55] iteration 12/20
[14:52:55] film cr_film_id=1288 name='Skunk (2023) CZ Dabing' candidates=1
[14:52:55]   candidate upload_id=671b3a4691062 url=https://prehraj.to/skunk-2023-cz-dabing-1080p/671b3a4691062
[14:52:56]   resolved in 1.2s → 1080p (https://pf-storage3.premiumcdn.net/103821482/BeNcwaswkHGOCmWFxgUdKs20cVKcnKt0qhM…)
[14:55:40]   downloaded 4,729.7 MB in 163.0s (29.0 MB/s)
[14:58:53]   upload done video_id=26043457 in 192.8s
[14:58:55] film cr_film_id=1288 OK in 360.4s
[14:58:55] iteration 13/20
[14:58:55] film cr_film_id=1290 name='Pravdivé lži (1994) CZ Dabing' candidates=14
[14:58:55]   candidate upload_id=570688ec6c48c url=https://prehraj.to/pravdive-lzi-cz-dabing-1994/570688ec6c48c
[14:58:56]   resolved in 1.2s → 480p (https://pf-storage2.premiumcdn.net/58487/BKyszqi09snoFkeHl9f8yio5hGLi2ZHG2U0nuMO…)
[14:59:29]   downloaded 924.4 MB in 31.2s (29.6 MB/s)
[15:00:12]   upload done video_id=26043552 in 43.0s
[15:00:14] film cr_film_id=1290 OK in 78.8s
[15:00:14] iteration 14/20
[15:00:14] film cr_film_id=1292 name='Dìdi (2024) CZ Dabing' candidates=5
[15:00:14]   candidate upload_id=ce9478f42b099bfa url=https://prehraj.to/didi-2024-cz-dab-1080p/ce9478f42b099bfa
[15:00:15]   resolved in 1.1s → 720p (https://pf-storage1.premiumcdn.net/167132183/Nd2S4GFzVcl2fMVfB6FRxFxRiWqS5WCRjUQ…)
[15:00:52]   downloaded 813.1 MB in 36.1s (22.5 MB/s)
[15:01:29]   upload done video_id=26043583 in 36.2s
[15:01:30] film cr_film_id=1292 OK in 76.2s
[15:01:30] iteration 15/20
[15:01:30] film cr_film_id=1302 name='To jsem já, Margaret! (2023) CZ Dabing' candidates=4
[15:01:30]   candidate upload_id=65c6b9267360d url=https://prehraj.to/to-jsem-ja-margaret-2023-cz-dabing-720p/65c6b9267360d
[15:01:31]   resolved in 1.1s → 720p (https://pf-storage1.premiumcdn.net/73201424/8w1S6pF9dhBQfl5ULKc1wFoZu1RhjECXjCX8…)
[15:02:21]   downloaded 1,379.3 MB in 48.7s (28.3 MB/s)
[15:03:18]   upload done video_id=26043621 in 57.2s
[15:03:20] film cr_film_id=1302 OK in 110.0s
[15:03:20] iteration 16/20
[15:03:20] film cr_film_id=1310 name='Psům a Italům vstup zakázán (2022) CZ Dabing' candidates=1
[15:03:20]   candidate upload_id=64833b318ac57 url=https://prehraj.to/psum-a-italum-vstup-zakazan-2022-cz-dabing-1080p/64833b318ac57
[15:03:21]   resolved in 1.0s → 720p (https://pf-storage4.premiumcdn.net/41477089/Zx6hOjiVPHAOidBslVS4AinwFKnSLyhV7INw…)
[15:03:50]   downloaded 586.8 MB in 27.5s (21.3 MB/s)
[15:04:16]   upload done video_id=26043663 in 26.1s
[15:04:17] film cr_film_id=1310 OK in 57.4s
[15:04:17] iteration 17/20
[15:04:17] film cr_film_id=1312 name='Přes hranici (2021) CZ Dabing' candidates=1
[15:04:17]   candidate upload_id=641113b684de2 url=https://prehraj.to/pres-hranici-2021-czdab/641113b684de2
[15:04:19]   resolved in 1.1s → 720p (https://pf-storage1.premiumcdn.net/38361217/2Z4UDdCvqsjmtMJtJAhQECNjfJ0hrvujpHEa…)
[15:04:54]   downloaded 995.2 MB in 34.4s (28.9 MB/s)
[15:05:47]   upload done video_id=26043685 in 52.8s
[15:05:48] film cr_film_id=1312 OK in 90.9s
[15:05:48] iteration 18/20
[15:05:48] film cr_film_id=1322 name='Ta dívka z fotky (2022) CZ Dabing' candidates=5
[15:05:48]   candidate upload_id=62caf035ea91d url=https://prehraj.to/ta-divka-z-fotky-girl-in-the-picture-2022-1080p-web-dl-ddp5-1-cz-dabing/62caf035ea91d
[15:05:49]   resolved in 1.0s → 1080p (https://pf-storage4.premiumcdn.net/31529117/wwVcbLCrGsNVfercXdIlwC3Lc7vc0khVLfaD…)
[15:07:16]   downloaded 2,614.7 MB in 85.6s (30.5 MB/s)
[15:09:17]   upload done video_id=26043746 in 120.3s
[15:09:18] film cr_film_id=1322 OK in 209.9s
[15:09:18] iteration 19/20
[15:09:18] film cr_film_id=1324 name='Životní trefa (2022) CZ Dabing' candidates=7
[15:09:18]   candidate upload_id=6380c5e4accd0 url=https://prehraj.to/zivotni-trefa-komedie-drama-usa-2022-cz-dabing-1080p/6380c5e4accd0
[15:09:19]   resolved in 1.1s → 720p (https://pf-storage4.premiumcdn.net/34836604/DPWTRgHDbuB8hkxuw8iPeHqKioGfQZT1PSgy…)
[15:10:57]   downloaded 2,363.0 MB in 96.4s (24.5 MB/s)
[15:12:37]   upload done video_id=26043835 in 99.2s
[15:12:38] film cr_film_id=1324 OK in 199.8s
[15:12:38] iteration 20/20
[15:12:38] film cr_film_id=1328 name='Zpívej 2 (2021) CZ Dabing' candidates=4
[15:12:38]   candidate upload_id=62766708f3e6e url=https://prehraj.to/spievaj-2-sing-2-2021-czdab/62766708f3e6e
[15:12:39]   resolved in 1.1s → 480p (https://pf-storage4.premiumcdn.net/30751448/DzkF6YH0rF5NTN0fkrCDRHjmU5atP1FgQigX…)
[15:13:16]   downloaded 1,032.0 MB in 35.5s (29.1 MB/s)
[15:14:03]   upload done video_id=26043896 in 46.7s
[15:14:05] film cr_film_id=1328 OK in 86.6s
[15:14:05] batch-end ok=19 failed=1 dur=2932.7s avg/film=154.4s remaining=16866 eta_hours=723.4

===== run 2026-06-17T15:19:26Z shard=0/2 batch_size=20 (https://github.com/Olbrasoft/prehrajto-to-prehrajto/actions/runs/27699732745) =====
[15:19:27] description overrides loaded: 1050 from /home/runner/work/prehrajto-to-prehrajto/prehrajto-to-prehrajto/state/email-generated-descriptions-v3.jsonl
[15:19:27] batch-start shard=0/2 count=20 backlog=17650 uploads=784 failed_attempts=49 description_overrides=1050
[15:19:27] login
[15:19:29] login done
[15:19:29] iteration 1/20
[15:19:29] film cr_film_id=1330 name='Bombardování (2021) CZ Dabing' candidates=4
[15:19:29]   candidate upload_id=625386261f063 url=https://prehraj.to/bombardovani-the-bombardment-2022-cz-dab-forced-5-1-drama-historicky-valecny-1080p/625386261f063
[15:19:30]   resolved in 1.1s → 1080p (https://pf-storage3.premiumcdn.net/30428207/gpeiZmFxquwDcR8sd0IlmFpxt38fd2TVwh8M…)
[15:21:06]   downloaded 1,985.2 MB in 94.7s (21.0 MB/s)
[15:22:56]   upload done video_id=26044082 in 109.5s
[15:22:58] film cr_film_id=1330 OK in 209.1s
[15:22:58] iteration 2/20
[15:22:58] film cr_film_id=1332 name='Není čas zemřít (2021) CZ Dabing' candidates=6
[15:22:58]   candidate upload_id=9e682ea941fd4abb url=https://prehraj.to/neni-cas-zemrit-2021-cz-dab-720p/9e682ea941fd4abb
[15:22:59]   resolved in 1.2s → 720p (https://pf-storage3.premiumcdn.net/155814647/wy7u2eFLGu9ACWku6khBrFqnU7EcWjfYAiQ…)
[15:24:11]   downloaded 1,773.9 MB in 69.9s (25.4 MB/s)
[15:25:41]   upload done video_id=26044158 in 90.3s
[15:25:43] film cr_film_id=1332 OK in 165.2s
[15:25:43] iteration 3/20
[15:25:43] film cr_film_id=1338 name='Tři pohřby (2005) CZ' candidates=1
[15:25:43]   candidate upload_id=5aa3c33d86e5e url=https://prehraj.to/tri-pohrby-2005/5aa3c33d86e5e
[15:25:44]   resolved in 1.1s → 480p (https://pf-storage5.premiumcdn.net/3589323/YPVuDRT8bSMnub5C6pf9jTDrCgafZ1Hm9slrU…)
[15:26:28]   downloaded 841.0 MB in 41.5s (20.3 MB/s)
[15:27:10]   upload done video_id=26044214 in 42.5s
[15:27:12] film cr_film_id=1338 OK in 89.1s
[15:27:12] iteration 4/20
[15:27:12] film cr_film_id=1340 name='Země nomádů (2020) CZ Dabing' candidates=9
[15:27:12]   candidate upload_id=6162de0bbbed4 url=https://prehraj.to/zeme-nomadu-nomadland-2020-1080p-bluray-ac3-5-1-cz-dab/6162de0bbbed4
[15:27:13]   resolved in 1.2s → 720p (https://pf-storage5.premiumcdn.net/25399637/wWgiMeCVGUNMs96tYzTDzC17sJqHapTrlUml…)
[15:28:26]   downloaded 1,466.8 MB in 71.1s (20.6 MB/s)
[15:29:49]   upload done video_id=26044267 in 82.9s
[15:29:52] film cr_film_id=1340 OK in 160.0s
[15:29:52] iteration 5/20
[15:29:52] film cr_film_id=1344 name='Cruella (2021) CZ Dabing' candidates=3
[15:29:52]   candidate upload_id=68bedab3dacf0 url=https://prehraj.to/cruella-cz-dabing-2021/68bedab3dacf0
[15:29:53]   resolved in 1.3s → 720p (https://pf-storage5.premiumcdn.net/145812921/kBrhj3UbyTdJfNgSqGtxVUakiYncAGC4esv…)
[15:31:08]   downloaded 1,839.6 MB in 72.6s (25.3 MB/s)
[15:33:02]   upload done video_id=26044331 in 114.7s
[15:33:04] film cr_film_id=1344 OK in 192.5s
[15:33:04] iteration 6/20
[15:33:04] film cr_film_id=1348 name='Excalibur (1981) CZ Dabing' candidates=11
[15:33:04]   candidate upload_id=58289e0d174b6 url=https://prehraj.to/excalibur-cz-dabing-1981-by-kamer/58289e0d174b6
[15:33:06]   resolved in 1.2s → 480p (https://pf-storage4.premiumcdn.net/860349/dreSVOfNdf3lfmgUVzFWdfzBuBRIjDuJXseXFP…)
[15:34:00]   downloaded 949.4 MB in 52.5s (18.1 MB/s)
[15:34:50]   upload done video_id=26044405 in 50.2s
[15:34:52] film cr_film_id=1348 OK in 107.6s
[15:34:52] iteration 7/20
[15:34:52] film cr_film_id=1350 name='Raya a drak (2021) CZ Dabing' candidates=7
[15:34:52]   candidate upload_id=67eb725d6ecd6 url=https://prehraj.to/raya-a-posledni-drak-2021-cz-dabing-hd-1080p-novinka/67eb725d6ecd6
[15:34:53]   resolved in 1.2s → 720p (https://pf-storage5.premiumcdn.net/133857596/wwYca9fz4TOwfmMHLxh7lflPhVRfvxtRaUn…)
[15:35:55]   downloaded 1,338.6 MB in 59.8s (22.4 MB/s)
[15:37:09]   upload done video_id=26044450 in 74.5s
[15:37:11] film cr_film_id=1350 OK in 139.4s
[15:37:11] iteration 8/20
[15:37:11] film cr_film_id=1354 name='Tenet (2020) CZ Dabing' candidates=4
[15:37:11]   candidate upload_id=60bc0dff86e0c url=https://prehraj.to/tenet-2020-1080p-bluray-x264-ac3-5-1-cz-dab/60bc0dff86e0c
[15:37:13]   resolved in 1.2s → 1080p (https://pf-storage5.premiumcdn.net/23777391/zWMixzCVps7ehBoIaquM3CjzUDOHkQtX9sLD…)
[15:40:01]   downloaded 3,985.6 MB in 166.2s (24.0 MB/s)
[15:43:25]   upload done video_id=26044549 in 204.1s
[15:43:27] film cr_film_id=1354 OK in 375.2s
[15:43:27] iteration 9/20
[15:43:27] film cr_film_id=1358 name='Případ Collini (2019) CZ Dabing' candidates=5
[15:43:27]   candidate upload_id=5f6669d263fa1 url=https://prehraj.to/pripad-collini-2019-czdabing/5f6669d263fa1
[15:43:28]   resolved in 1.3s → 1080p (https://pf-storage5.premiumcdn.net/18728022/XlDcN8HaRtbNtoatbZsY7HbxfyYiJQUX9CKa…)
[15:44:39]   downloaded 1,741.9 MB in 68.8s (25.3 MB/s)
[15:46:17]   upload done video_id=26044658 in 98.5s
[15:46:19] film cr_film_id=1358 OK in 172.5s
[15:46:19] iteration 10/20
[15:46:19] film cr_film_id=1362 name='Státní tajemství (2019) CZ Dabing' candidates=3
[15:46:19]   candidate upload_id=61d1a259de571 url=https://prehraj.to/verejne-lzi-statni-tajemstvi-cz-dabing-2019/61d1a259de571
[15:46:20]   resolved in 1.1s → 480p (https://pf-storage3.premiumcdn.net/27997530/3KXFmyulGIMbF1OCXofQ1uxafm7sbmsLMHzB…)
[15:46:50]   downloaded 590.1 MB in 28.2s (20.9 MB/s)
[15:47:25]   upload done video_id=26044716 in 34.5s
[15:47:27] film cr_film_id=1362 OK in 68.1s
[15:47:27] iteration 11/20
[15:47:27] film cr_film_id=1368 name='Ten dvanáctý (2017) CZ Dabing' candidates=9
[15:47:27]   candidate upload_id=5fea57a44cc7a url=https://prehraj.to/dvanacty-muz-ten-dvanacty-2017-1080p-x264-czdabing-drama-thriller-valecny-historicky/5fea57a44cc7a
[15:47:28]   resolved in 1.1s → 1080p (https://pf-storage4.premiumcdn.net/21079785/n8mUgPFEWCq9hQqH8Ys91FdAsoytxAhWdil9…)
[15:49:02]   downloaded 2,331.5 MB in 92.3s (25.3 MB/s)
[15:51:00]   upload done video_id=26044769 in 117.9s
[15:51:02] film cr_film_id=1368 OK in 214.8s
[15:51:02] iteration 12/20
[15:51:02] film cr_film_id=1370 name='Doktor Spánek od Stephena Kinga (2019) CZ Dabing' candidates=3
[15:51:02]   candidate upload_id=5e469a31d7d04 url=https://prehraj.to/doktor-spanek-od-stephena-kinga-2019-brrip-cz-dabing/5e469a31d7d04
[15:51:03]   resolved in 1.1s → 480p (https://pf-storage5.premiumcdn.net/15851689/6Y1FdbTpPhP4iGpIbNhrWT4LhGoTbzsrAipg…)
[15:51:39]   downloaded 669.1 MB in 33.6s (19.9 MB/s)
[15:52:15]   upload done video_id=26044846 in 36.9s
[15:52:17] film cr_film_id=1370 OK in 75.4s
[15:52:17] iteration 13/20
[15:52:17] film cr_film_id=1376 name='El Camino: Film podle seriálu Perníkový táta (2019) CZ' candidates=2
[15:52:17]   candidate upload_id=6195088af14f9 url=https://prehraj.to/el-camino-film-podle-serialu-pernikovy-tata-hd-2019-en-dab-cz-tit-rimin-76-csfd-krimi-thriller-drama/6195088af14f9
[15:52:19]   resolved in 1.1s → 720p (https://pf-storage3.premiumcdn.net/26575747/x2jSOohz6uvYIMvIYAcZWh5qcPguQzC6Bcwg…)
[15:53:22]   downloaded 1,556.7 MB in 61.6s (25.3 MB/s)
[15:54:43]   upload done video_id=26044904 in 81.0s
[15:54:45] film cr_film_id=1376 OK in 147.2s
[15:54:45] iteration 14/20
[15:54:45] film cr_film_id=1378 name='Spider-Man: Daleko od domova (2019) CZ Dabing' candidates=19
[15:54:45]   candidate upload_id=5da4b05e549fb url=https://prehraj.to/spiderman-daleko-od-domova-farfromhome-2019-cz-dabing-1080p/5da4b05e549fb
[15:54:46]   resolved in 1.0s → 720p (https://pf-storage1.premiumcdn.net/15058825/enefAmU72u52FLxSMqT7WUjpuDJfoYcLqCBm…)
[15:56:37]   downloaded 2,792.5 MB in 109.2s (25.6 MB/s)
[15:59:11]   upload done video_id=26045002 in 154.2s
[15:59:13] film cr_film_id=1378 OK in 268.2s
[15:59:13] iteration 15/20
[15:59:13] film cr_film_id=1382 name='Deadwood (2019) CZ Dabing' candidates=1
[15:59:13]   candidate upload_id=62b1fbffc9453 url=https://prehraj.to/deadwood-2019-czdab/62b1fbffc9453
[15:59:14]   resolved in 1.2s → 1080p (https://pf-storage3.premiumcdn.net/31290107/0VDczZUBoIGYS1RHqYHmoUjWsO4uaqfl4IAp…)
[16:01:01]   downloaded 2,208.3 MB in 105.1s (21.0 MB/s)
[16:03:13]   upload done video_id=26045137 in 132.2s
[16:03:15] film cr_film_id=1382 OK in 242.1s
[16:03:15] iteration 16/20
[16:03:15] film cr_film_id=1386 name='Osudové setkání (2000) CZ Dabing' candidates=5
[16:03:15]   candidate upload_id=5c366a33850c3 url=https://prehraj.to/osudove-setkani-2000-cz-dabing/5c366a33850c3
[16:03:16]   resolved in 0.9s → 480p (https://pf-storage5.premiumcdn.net/10779071/n0RSjvuo0SnEUxOFqrsLAupVfLRTqGIAbtkj…)
[16:03:42]   downloaded 473.8 MB in 24.4s (19.4 MB/s)
[16:04:11]   upload done video_id=26045214 in 28.3s
[16:04:12] film cr_film_id=1386 OK in 57.5s
[16:04:12] iteration 17/20
[16:04:12] film cr_film_id=1388 name='První člověk (2018) CZ Dabing' candidates=18
[16:04:12]   candidate upload_id=8f6729a421e35bbf url=https://prehraj.to/prvni-clovek-2018-cz-dab-1080p/8f6729a421e35bbf
[16:04:15]   resolved in 2.5s → 1080p (https://pf-storage5.premiumcdn.net/167313944/2aYTwWcEYUwMfy1U5KF8LcAZuKDs0ahOeTP…)
[16:06:30]   downloaded 3,513.7 MB in 133.3s (26.4 MB/s)
[16:09:30]   upload done video_id=26045302 in 179.8s
[16:09:31] film cr_film_id=1388 OK in 318.9s
[16:09:31] iteration 18/20
[16:09:31] film cr_film_id=1390 name='Děti moje (2011) CZ Dabing' candidates=7
[16:09:31]   candidate upload_id=5c51e5287192a url=https://prehraj.to/deti-moje-the-descendants-2011-cz-dabing/5c51e5287192a
[16:09:32]   resolved in 1.1s → 480p (https://pf-storage1.premiumcdn.net/11472547/EM5t5MFL6tNZHAkhlRHZ7FK0hwofm5fyDuEJ…)
[16:10:00]   downloaded 490.7 MB in 25.6s (19.2 MB/s)
[16:10:27]   upload done video_id=26045401 in 26.5s
[16:10:28] film cr_film_id=1390 OK in 56.7s
[16:10:28] iteration 19/20
[16:10:28] film cr_film_id=1392 name='Švindlíři (2003) CZ Dabing' candidates=4
[16:10:28]   candidate upload_id=5a59cfbb88675 url=https://prehraj.to/svindliri-2003-cz-dabing/5a59cfbb88675
[16:10:29]   resolved in 1.3s → 480p (https://pf-storage4.premiumcdn.net/3288684/ZJ0UQqImzC3PIoeH8mCJGIyQfo8tErijQiEKh…)
[16:11:09]   downloaded 739.0 MB in 37.3s (19.8 MB/s)
[16:11:50]   upload done video_id=26045438 in 41.4s
[16:11:52] film cr_film_id=1392 OK in 83.8s
[16:11:52] iteration 20/20
[16:11:52] film cr_film_id=1394 name='Identita (2003) CZ Dabing' candidates=5
[16:11:52]   candidate upload_id=5a80076567f39 url=https://prehraj.to/identita-horor-mysteriozni-drama-cz-dab-2003-jad/5a80076567f39
[16:11:53]   resolved in 1.1s → 480p (https://pf-storage5.premiumcdn.net/3383701/KYBTJGczeh1QTpwsLpFZJcQKT1gSyxtQBFAKF…)
[16:12:15]   downloaded 470.7 MB in 20.8s (22.6 MB/s)
[16:12:43]   upload done video_id=26045476 in 27.2s
[16:12:44] film cr_film_id=1394 OK in 52.6s
[16:12:44] batch-end ok=20 failed=0 dur=3195.9s avg/film=159.8s remaining=16846 eta_hours=747.8

===== run 2026-06-17T16:13:17Z shard=0/2 batch_size=20 (https://github.com/Olbrasoft/prehrajto-to-prehrajto/actions/runs/27703106420) =====
[16:13:19] description overrides loaded: 1050 from /home/runner/work/prehrajto-to-prehrajto/prehrajto-to-prehrajto/state/email-generated-descriptions-v3.jsonl
[16:13:19] batch-start shard=0/2 count=20 backlog=17650 uploads=804 failed_attempts=49 description_overrides=1050
[16:13:19] login
[16:13:20] login done
[16:13:20] iteration 1/20
[16:13:20] film cr_film_id=1398 name='Der Hauptmann (2017) CZ' candidates=1
[16:13:20]   candidate upload_id=5b96a354a9f4d url=https://prehraj.to/der-hauptmann-historicky-nemecko-2017-720p-x264-s-cz-titulky-79-sten-ok/5b96a354a9f4d
[16:13:21]   resolved in 0.9s → 480p (https://pf-storage5.premiumcdn.net/6064630/GEAhVaT5BUgNc5PsgxFVgTA7HYbtxjI3ZfxlH…)
[16:13:52]   downloaded 920.8 MB in 29.1s (31.6 MB/s)
[16:14:29]   upload done video_id=26045521 in 37.5s
[16:14:31] film cr_film_id=1398 OK in 70.4s
[16:14:31] iteration 2/20
[16:14:31] film cr_film_id=1400 name='Děsivé dědictví (2018) CZ' candidates=3
[16:14:31]   candidate upload_id=29596fc283071f4b url=https://prehraj.to/novinka-desive-dedictvi-2018-dvdrip-xvi-d-drama-horor-ma-sk-titl/29596fc283071f4b
[16:14:31]   resolve FAILED: HTTP 502 wrapping permanent upstream error: https://prehraj.to/novinka-desive-dedictvi-2018-dvdrip-xvi-d-drama-horor-ma-sk-titl/29596fc283071f4b (permanent=True)
[16:14:31]   candidate upload_id=33a51305a667dc76 url=https://prehraj.to/novinka-desive-dedictvi-2018-dvdrip-xvi-ddramahororma-sk-titl/33a51305a667dc76
[16:14:37]   resolve FAILED: HTTP 502 wrapping permanent upstream error: https://prehraj.to/novinka-desive-dedictvi-2018-dvdrip-xvi-ddramahororma-sk-titl/33a51305a667dc76 (permanent=True)
[16:14:37]   candidate upload_id=046678dc76465486 url=https://prehraj.to/desive-dedictvi-2018-dvdrip-xvi-d-drama-horor-ma-sk-titl/046678dc76465486
[16:14:43]   resolve FAILED: HTTP 502 wrapping permanent upstream error: https://prehraj.to/desive-dedictvi-2018-dvdrip-xvi-d-drama-horor-ma-sk-titl/046678dc76465486 (permanent=True)
[16:14:43] film cr_film_id=1400 all candidates exhausted
[16:14:43] iteration 3/20
[16:14:43] film cr_film_id=1402 name='Walter Mitty a jeho tajný život (2013) CZ Dabing' candidates=21
[16:14:43]   candidate upload_id=a66c44a2517db02c url=https://prehraj.to/walter-mitty-a-jeho-tajny-zivot-2013-cz-dab-1080p/a66c44a2517db02c
[16:14:49]   resolved in 6.0s → 720p (https://pf-storage5.premiumcdn.net/168257383/nBVtD3HbZIRXi8ETmeSGmHBWFWmCb5ilJiZ…)
[16:15:53]   downloaded 2,192.8 MB in 62.8s (34.9 MB/s)
[16:17:14]   upload done video_id=26045582 in 81.6s
[16:17:16] film cr_film_id=1402 OK in 153.3s
[16:17:16] iteration 4/20
[16:17:16] film cr_film_id=1408 name='Black Panther (2018) CZ Dabing' candidates=8
[16:17:16]   candidate upload_id=5c2bbe75ac6e5 url=https://prehraj.to/black-panter-2018-cz-dabing-novinka/5c2bbe75ac6e5
[16:17:17]   resolved in 0.9s → 480p (https://pf-storage1.premiumcdn.net/10333031/XxocNLf0bcnVTKgfkysbrfNAFRycrJuorFxY…)
[16:17:46]   downloaded 947.6 MB in 27.6s (34.3 MB/s)
[16:18:21]   upload done video_id=26045638 in 35.1s
[16:18:22] film cr_film_id=1408 OK in 66.2s
[16:18:22] iteration 5/20
[16:18:22] film cr_film_id=1416 name='Marshall (2017) CZ Dabing' candidates=1
[16:18:22]   candidate upload_id=68e8b86163a73 url=https://prehraj.to/marshall-2017-cz-dab-1080p/68e8b86163a73
[16:18:23]   resolved in 0.9s → 720p (https://pf-storage2.premiumcdn.net/150703953/jzRsWjUoNtm7uxVS1nTaRU0jtlRcrXT9Ec7…)
[16:19:01]   downloaded 1,269.8 MB in 36.6s (34.7 MB/s)
[16:20:00]   upload done video_id=26045676 in 58.7s
[16:20:01] film cr_film_id=1416 OK in 98.7s
[16:20:01] iteration 6/20
[16:20:01] film cr_film_id=1420 name='Trestanec (2017) CZ Dabing' candidates=7
[16:20:01]   candidate upload_id=5f01629ae5f93 url=https://prehraj.to/trestanec-2017-cz-dabing-shot-caller-brrip-1080phd-cz-en-dab-cz-en-tit/5f01629ae5f93
[16:20:02]   resolved in 0.8s → 480p (https://pf-storage5.premiumcdn.net/17164350/mnlh6eFQpfyDHE3urjI75F0Gh1EU5aUwphMr…)
[16:20:37]   downloaded 1,000.5 MB in 34.1s (29.3 MB/s)
[16:21:23]   upload done video_id=26045739 in 46.4s
[16:21:25] film cr_film_id=1420 OK in 83.8s
[16:21:25] iteration 7/20
[16:21:25] film cr_film_id=1422 name='V temnotě (2011) CZ' candidates=2
[16:21:25]   candidate upload_id=5bf36f9eb35c4 url=https://prehraj.to/v-temnote-2011/5bf36f9eb35c4
[16:21:25]   resolved in 0.7s → 480p (https://pf-storage1.premiumcdn.net/8453168/nVRHJKh6Jczyf5PFxyiXwh5vtaqsVWFmNtJwI…)
[16:22:01]   downloaded 967.8 MB in 33.9s (28.5 MB/s)
[16:22:39]   upload done video_id=26045785 in 38.3s
[16:22:40] film cr_film_id=1422 OK in 75.6s
[16:22:40] iteration 8/20
[16:22:40] film cr_film_id=1426 name='Princ bez království (2001) CZ Dabing' candidates=6
[16:22:40]   candidate upload_id=5bad5bd5194d5 url=https://prehraj.to/dablova-pater-2001-cz-dabing/5bad5bd5194d5
[16:22:41]   resolved in 0.9s → 1080p (https://pf-storage1.premiumcdn.net/6578179/X48fn3cXWT9BsymiR7UD6cyzfw1sjRsBdIrxS…)
[16:24:42]   downloaded 2,251.7 MB in 119.2s (18.9 MB/s)
[16:26:40]   upload done video_id=26045874 in 118.8s
[16:26:42] film cr_film_id=1426 OK in 241.5s
[16:26:42] iteration 9/20
[16:26:42] film cr_film_id=1432 name='Dogma (1999) CZ Dabing' candidates=2
[16:26:42]   candidate upload_id=55c03ea0a5a5e url=https://prehraj.to/dogma-1999-czdab/55c03ea0a5a5e
[16:26:43]   resolved in 1.0s → 480p (https://pf-storage2.premiumcdn.net/70238/jrmUvGSygIvysAgIzliJRSEjC4Bu5OCQlUDmt8l…)
[16:27:02]   downloaded 487.0 MB in 17.8s (27.4 MB/s)
[16:27:56]   upload done video_id=26045942 in 53.8s
[16:27:57] film cr_film_id=1432 OK in 75.4s
[16:27:57] iteration 10/20
[16:27:57] film cr_film_id=1436 name='Zrůda (2003) CZ Dabing' candidates=13
[16:27:57]   candidate upload_id=68a414c270cf3 url=https://prehraj.to/zruda-2003-cz-dab-1080p/68a414c270cf3
[16:27:58]   resolved in 0.8s → 1080p (https://pf-storage1.premiumcdn.net/143946717/nr8szgTpWSYEh6QIq7fO9TOetoLI4JIp1iL…)
[16:29:50]   downloaded 4,072.2 MB in 111.3s (36.6 MB/s)
[16:32:40]   upload done video_id=26046021 in 169.7s
[16:32:41] film cr_film_id=1436 OK in 284.2s
[16:32:41] iteration 11/20
[16:32:41] film cr_film_id=1440 name='Hasta la vista! (2011) CZ Dabing' candidates=4
[16:32:41]   candidate upload_id=5af1c1ecf37dc url=https://prehraj.to/hasta-la-vista-2011-cz-dabing/5af1c1ecf37dc
[16:32:42]   resolved in 0.8s → 480p (https://pf-storage2.premiumcdn.net/4078606/aNEIDWfYauaYhJBS0zFOwf6DF2yUnDiOYUOec…)
[16:33:03]   downloaded 483.1 MB in 19.2s (25.2 MB/s)
[16:33:24]   upload done video_id=26046135 in 21.1s
[16:33:25] film cr_film_id=1440 OK in 43.6s
[16:33:25] iteration 12/20
[16:33:25] film cr_film_id=1444 name='Kocour Bob (2016) CZ Dabing' candidates=8
[16:33:25]   candidate upload_id=5991f3ee6b2c5 url=https://prehraj.to/kocour-bob-2016-cz-dabing/5991f3ee6b2c5
[16:33:26]   resolved in 1.0s → 480p (https://pf-storage1.premiumcdn.net/2555872/XKZunxCvXcZlskmcVpHOoC8qhzGUAGTkEFwaH…)
[16:33:48]   downloaded 560.7 MB in 20.4s (27.5 MB/s)
[16:34:15]   upload done video_id=26046163 in 27.6s
[16:34:16] film cr_film_id=1444 OK in 51.6s
[16:34:16] iteration 13/20
[16:34:16] film cr_film_id=1448 name='Psí poslání (2017) CZ Dabing' candidates=46
[16:34:16]   candidate upload_id=59762ed87dc0f url=https://prehraj.to/psi-poslani-cz-dabing-1080p-2017-msdos/59762ed87dc0f
[16:34:17]   resolved in 0.9s → 720p (https://pf-storage1.premiumcdn.net/2462250/YRjt7zhP3IJyUxoF0DsdZhJECbzUWltYES92I…)
[16:35:16]   downloaded 2,032.4 MB in 57.8s (35.2 MB/s)
[16:36:36]   upload done video_id=26046217 in 79.6s
[16:36:37] film cr_film_id=1448 OK in 140.5s
[16:36:37] iteration 14/20
[16:36:37] film cr_film_id=1452 name='Rozpolcený (2016) CZ Dabing' candidates=21
[16:36:37]   candidate upload_id=5a4cb3b312bd7 url=https://prehraj.to/rozpolceny-split-2016-cz-dabing/5a4cb3b312bd7
[16:36:38]   resolved in 0.8s → 720p (https://pf-storage5.premiumcdn.net/3219862/oWVU1AszZhG8S5KSw0fDOsM5fm7TMdFj4idXF…)
[16:37:21]   downloaded 1,511.8 MB in 42.4s (35.7 MB/s)
[16:38:19]   upload done video_id=26046282 in 58.2s
[16:38:21] film cr_film_id=1452 OK in 103.7s
[16:38:21] iteration 15/20
[16:38:21] film cr_film_id=1458 name='Tak daleko, kam mě nohy donesou (2001) CZ Dabing' candidates=6
[16:38:21]   candidate upload_id=55fa93eb0523a url=https://prehraj.to/so-weit-die-fusse-tragen-2001-cz-dabing-hit/55fa93eb0523a
[16:38:22]   resolved in 1.0s → 480p (https://pf-storage2.premiumcdn.net/319453/95zhV6HXqINxFE0COdFAVHGxHqGS2kIBVIaOC4…)
[16:38:45]   downloaded 633.2 MB in 22.6s (28.0 MB/s)
[16:39:15]   upload done video_id=26046328 in 29.9s
[16:39:17] film cr_film_id=1458 OK in 56.0s
[16:39:17] iteration 16/20
[16:39:17] film cr_film_id=1460 name='Než si pro nás přijde (2007) CZ Dabing' candidates=14
[16:39:17]   candidate upload_id=673a1b834cd02 url=https://prehraj.to/nez-si-pro-nas-prijde-jack-nicholson-morgan-freeman-sean-hayes-2007-dobrodruzny-komedie-drama-bdrip-1080p-cz-dabing/673a1b834cd02
[16:39:18]   resolved in 1.1s → 720p (https://pf-storage1.premiumcdn.net/107505782/N2zTV0u7JiK7FRGhQDI42uxMS0KT5PSkQtx…)
[16:39:53]   downloaded 1,249.5 MB in 34.6s (36.1 MB/s)
[16:40:38]   upload done video_id=26046365 in 45.0s
[16:40:40] film cr_film_id=1460 OK in 83.1s
[16:40:40] iteration 17/20
[16:40:40] film cr_film_id=1462 name='Boj o oheň (1981) CZ' candidates=2
[16:40:40]   candidate upload_id=590877277f840 url=https://prehraj.to/boj-o-ohen-1981/590877277f840
[16:40:41]   resolved in 1.0s → 480p (https://pf-storage5.premiumcdn.net/2125451/vK9I4WuzrSP7f6XtgNcloumxHzyc5RspwH6Qc…)
[16:41:07]   downloaded 732.8 MB in 25.5s (28.7 MB/s)
[16:41:38]   upload done video_id=26046399 in 30.6s
[16:41:40] film cr_film_id=1462 OK in 60.0s
[16:41:40] iteration 18/20
[16:41:40] film cr_film_id=1468 name='Oko v oblacích (2015) CZ Dabing' candidates=1
[16:41:40]   candidate upload_id=64897379b9825 url=https://prehraj.to/oko-v-oblacich-2015-cz-dabing-1920x800/64897379b9825
[16:41:41]   resolved in 1.0s → 720p (https://pf-storage3.premiumcdn.net/41632600/WZ4uPaI08uYasXdtvptE4IM9TxBtnNsO3cea…)
[16:42:31]   downloaded 1,757.3 MB in 49.0s (35.9 MB/s)
[16:43:49]   upload done video_id=26046445 in 78.6s
[16:43:51] film cr_film_id=1468 OK in 131.0s
[16:43:51] iteration 19/20
[16:43:51] film cr_film_id=1474 name='Precious (2009) CZ Dabing' candidates=8
[16:43:51]   candidate upload_id=5c4a16a1f300e url=https://prehraj.to/precious-2009-hdrip-cz-dabing-m3/5c4a16a1f300e
[16:43:52]   resolved in 1.0s → 480p (https://pf-storage4.premiumcdn.net/11287684/VgOFRxUlvSRpH5WCqVcqvUy1SlvHvnhLdsVy…)
[16:44:41]   downloaded 673.8 MB in 48.0s (14.0 MB/s)
[16:45:19]   upload done video_id=26046514 in 37.7s
[16:45:20] film cr_film_id=1474 OK in 89.8s
[16:45:20] iteration 20/20
[16:45:20] film cr_film_id=1486 name='Avril a podivuhodný svět (2015) CZ' candidates=1
[16:45:20]   candidate upload_id=5ac142ef96fa5 url=https://prehraj.to/avril-a-podivuhodny-svet-2015/5ac142ef96fa5
[16:45:21]   resolved in 0.9s → 480p (https://pf-storage5.premiumcdn.net/3802882/G87iwgHAwcx5tYrHRYtwmHzZSV1hvNIoLuNgf…)
[16:45:43]   downloaded 548.0 MB in 20.4s (26.9 MB/s)
[16:46:08]   upload done video_id=26046545 in 24.4s
[16:46:09] film cr_film_id=1486 OK in 48.4s
[16:46:09] batch-end ok=19 failed=1 dur=1968.4s avg/film=103.6s remaining=16827 eta_hours=484.2

===== run 2026-06-17T17:00:21Z shard=0/2 batch_size=20 (https://github.com/Olbrasoft/prehrajto-to-prehrajto/actions/runs/27705852114) =====
[17:00:23] description overrides loaded: 1287 from /home/runner/work/prehrajto-to-prehrajto/prehrajto-to-prehrajto/state/email-generated-descriptions-v3.jsonl
[17:00:23] batch-start shard=0/2 count=20 backlog=17650 uploads=823 failed_attempts=52 description_overrides=1287
[17:00:23] login
[17:00:24] login done
[17:00:24] iteration 1/20
[17:00:24] film cr_film_id=1490 name='Kniha džunglí (2016) CZ Dabing' candidates=49
[17:00:24]   candidate upload_id=5a9b55b9b7233 url=https://prehraj.to/kniha-dzungli-2016-hdrip-cz-dabing-m3/5a9b55b9b7233
[17:00:25]   resolved in 1.1s → 720p (https://pf-storage1.premiumcdn.net/3527003/pbLcAas3JUe5t0muv2TkdsWku6ZFwNtD9TdaS…)
[17:01:39]   downloaded 1,927.9 MB in 72.8s (26.5 MB/s)
[17:03:05]   upload done video_id=26047080 in 85.9s
[17:03:07] film cr_film_id=1490 OK in 162.8s
[17:03:07] iteration 2/20
[17:03:07] film cr_film_id=1492 name='Orel Eddie (2015) CZ Dabing' candidates=16
[17:03:07]   candidate upload_id=57bf0340e8bb0 url=https://prehraj.to/orel-eddie-cz-dabing-2016-full-hd-1080p/57bf0340e8bb0
[17:03:08]   resolved in 1.0s → 720p (https://pf-storage5.premiumcdn.net/11472/3k4TOlSaKFw7hjVUpgHowSYxu3Vu1jHzZU23uv3…)
[17:03:58]   downloaded 1,701.0 MB in 48.6s (35.0 MB/s)
[17:05:04]   upload done video_id=26047145 in 66.7s
[17:05:06] film cr_film_id=1492 OK in 119.3s
[17:05:06] iteration 3/20
[17:05:06] film cr_film_id=1494 name='13 hodin: Tajní vojáci z Benghází (2016) CZ Dabing' candidates=3
[17:05:06]   candidate upload_id=507eba8e5f54615e url=https://prehraj.to/13-hodin-2016-cz-dab-1920x1080p/507eba8e5f54615e
[17:05:07]   resolved in 1.2s → 480p (https://pf-storage5.premiumcdn.net/168104056/WknsY2Im8HpJSoqU3ZfnNI7XTk4CoKCBmU4…)
[17:06:08]   downloaded 1,688.4 MB in 59.6s (28.3 MB/s)
[17:07:17]   upload done video_id=26047212 in 68.6s
[17:07:18] film cr_film_id=1494 OK in 132.1s
[17:07:18] iteration 4/20
[17:07:18] film cr_film_id=1496 name='Království nebeské (2005) CZ Dabing' candidates=11
[17:07:18]   candidate upload_id=5ae0a636e5e51 url=https://prehraj.to/kralovstvi-nebeske-2005-cz-dab-orlando-bloom-v-historickem-velkofilmu/5ae0a636e5e51
[17:07:19]   resolved in 1.1s → 480p (https://pf-storage1.premiumcdn.net/3956970/qO6T1Kfy9sJyhMbUPBfA1fN6cXKTKJC0DCnps…)
[17:07:42]   downloaded 703.2 MB in 21.5s (32.7 MB/s)
[17:08:16]   upload done video_id=26047255 in 34.3s
[17:08:18] film cr_film_id=1496 OK in 59.6s
[17:08:18] iteration 5/20
[17:08:18] film cr_film_id=1498 name='Mládí (2015) CZ Dabing' candidates=4
[17:08:18]   candidate upload_id=57d3c12ec85d0 url=https://prehraj.to/mladi-2015-czdabing/57d3c12ec85d0
[17:08:19]   resolved in 1.6s → 480p (https://pf-storage2.premiumcdn.net/639159/N4RhmoFKzCDkIq7SEvIQAFPDsm5TEmi9DC8YCB…)
[17:10:07]   downloaded 755.4 MB in 106.0s (7.1 MB/s)
[17:10:35]   upload done video_id=26047325 in 28.8s
[17:10:37] film cr_film_id=1498 OK in 139.3s
[17:10:37] iteration 6/20
[17:10:37] film cr_film_id=1500 name='Muž na laně (2015) CZ Dabing' candidates=11
[17:10:37]   candidate upload_id=5d65e350721f1 url=https://prehraj.to/muz-na-lane-2015-cz-dabing-720p-hd/5d65e350721f1
[17:10:38]   resolved in 1.1s → 480p (https://pf-storage1.premiumcdn.net/14703513/ndzFWXf5gT2xHowUOyHPofy3FmpC42F7rHQx…)
[17:11:18]   downloaded 1,081.0 MB in 38.2s (28.3 MB/s)
[17:12:00]   upload done video_id=26047361 in 42.7s
[17:12:02] film cr_film_id=1500 OK in 85.1s
[17:12:02] iteration 7/20
[17:12:02] film cr_film_id=1502 name='Dlouhá cesta (2002) CZ Dabing' candidates=12
[17:12:02]   candidate upload_id=5820f6e7b1323 url=https://prehraj.to/a-walk-to-remember-cz-dabing-2002/5820f6e7b1323
[17:12:03]   resolved in 1.1s → 480p (https://pf-storage2.premiumcdn.net/812098/v2KUMlTmvclxCgATrxiANTK4cemIW7S4XURQuq…)
[17:12:25]   downloaded 443.4 MB in 20.5s (21.6 MB/s)
[17:12:42]   upload done video_id=26047397 in 17.2s
[17:12:43] film cr_film_id=1502 OK in 41.5s
[17:12:43] iteration 8/20
[17:12:43] film cr_film_id=1506 name='Dáma ve zlatém (2015) CZ Dabing' candidates=8
[17:12:43]   candidate upload_id=5c2e6a196fa4a url=https://prehraj.to/dama-ve-zlatem-2015-cz-dabing/5c2e6a196fa4a
[17:12:44]   resolved in 1.0s → 480p (https://pf-storage4.premiumcdn.net/10410914/yXYHOLT80C76seJHPRTL3Tm5Sw1i0ESJ8HDJ…)
[17:13:11]   downloaded 675.1 MB in 24.9s (27.1 MB/s)
[17:13:36]   upload done video_id=26047416 in 25.4s
[17:13:38] film cr_film_id=1506 OK in 54.2s
[17:13:38] iteration 9/20
[17:13:38] film cr_film_id=1516 name='Šéf (2014) CZ Dabing' candidates=1
[17:13:38]   candidate upload_id=55f587bc27298 url=https://prehraj.to/sef-chef-2014-cz-dabing-novinka-top-hit/55f587bc27298
[17:13:39]   resolved in 1.0s → 480p (https://pf-storage2.premiumcdn.net/302679/WBKTlbun6CGQSZrU1VfNouQVF2rTNziZKCoMse…)
[17:13:57]   downloaded 559.0 MB in 17.6s (31.8 MB/s)
[17:14:45]   upload done video_id=26047441 in 48.1s
[17:14:47] film cr_film_id=1516 OK in 69.3s
[17:14:47] iteration 10/20
[17:14:47] film cr_film_id=1520 name='Rango (2011) CZ Dabing' candidates=4
[17:14:47]   candidate upload_id=643448fd72788 url=https://prehraj.to/rango-2011-cz-dabing-animovany/643448fd72788
[17:14:48]   resolved in 1.0s → 720p (https://pf-storage1.premiumcdn.net/39321778/0BaTG6u1VfwWcjGUoDfX8uKJHw9S47FyQs6y…)
[17:15:57]   downloaded 2,424.2 MB in 67.8s (35.8 MB/s)
[17:17:20]   upload done video_id=26047503 in 83.3s
[17:17:22] film cr_film_id=1520 OK in 155.0s
[17:17:22] iteration 11/20
[17:17:22] film cr_film_id=1522 name='Tváří v tvář (1997) CZ Dabing' candidates=21
[17:17:22]   candidate upload_id=67708b222f0f0 url=https://prehraj.to/tvari-v-tvar-john-travolta-nicolas-cage-joan-allen-1997-akcni-thriller-krimi-sci-fi-bdrip-1080p-cz-dabing/67708b222f0f0
[17:17:23]   resolved in 1.0s → 1080p (https://pf-storage5.premiumcdn.net/126773345/aagF0rf0OFXETkRsLOU2yf9MF37cvAHzOsD…)
[17:19:21]   downloaded 3,253.1 MB in 116.5s (27.9 MB/s)
[17:21:22]   upload done video_id=26047602 in 121.4s
[17:21:23] film cr_film_id=1522 OK in 241.6s
[17:21:23] iteration 12/20
[17:21:23] film cr_film_id=1528 name='Blbý a blbější (1994) CZ Dabing' candidates=6
[17:21:23]   candidate upload_id=5c1ab2c158604 url=https://prehraj.to/blby-a-blbejsi-komedie-cz-dab-1994-jad/5c1ab2c158604
[17:21:24]   resolved in 0.9s → 480p (https://pf-storage2.premiumcdn.net/9650792/a2jSEecAOfyVsxzCYViWwcz9fraHnNCLQC6Ef…)
[17:21:48]   downloaded 505.5 MB in 22.3s (22.7 MB/s)
[17:22:09]   upload done video_id=26047674 in 20.2s
[17:22:10] film cr_film_id=1528 OK in 46.2s
[17:22:10] iteration 13/20
[17:22:10] film cr_film_id=1530 name='Jméno (2012) CZ Dabing' candidates=1
[17:22:10]   candidate upload_id=67e9a83558a08 url=https://prehraj.to/jmeno-le-prenom-2012-komedie-czdab/67e9a83558a08
[17:22:11]   resolved in 1.0s → 720p (https://pf-storage1.premiumcdn.net/133727834/a0WSxQcBJfa6SG9I1win2cRkFjwix9IAwse…)
[17:24:30]   downloaded 1,862.7 MB in 138.5s (13.4 MB/s)
[17:25:38]   upload done video_id=26047752 in 67.6s
[17:25:39] film cr_film_id=1530 OK in 209.8s
[17:25:39] iteration 14/20
[17:25:39] film cr_film_id=1536 name='Osm statečných (2006) CZ Dabing' candidates=20
[17:25:39]   candidate upload_id=59f934d2707cb url=https://prehraj.to/osm-statecnych-2006-cz-dabing/59f934d2707cb
[17:25:40]   resolved in 1.0s → 480p (https://pf-storage1.premiumcdn.net/2878268/60WFeGcv5F48S7GU0MIbPcy8ILgTxguNjUQ1U…)
[17:26:10]   downloaded 939.3 MB in 28.0s (33.5 MB/s)
[17:26:44]   upload done video_id=26047798 in 34.4s
[17:26:45] film cr_film_id=1536 OK in 65.9s
[17:26:45] iteration 15/20
[17:26:45] film cr_film_id=1538 name='Keith (2008) CZ Dabing' candidates=7
[17:26:45]   candidate upload_id=5821081ae8fea url=https://prehraj.to/keith-cz-dabing-2008/5821081ae8fea
[17:26:47]   resolved in 1.8s → 480p (https://pf-storage2.premiumcdn.net/812298/eRgTXNc6Ysx8h9EIVWFlEc2vtN2t4LF7wHB5iN…)
[17:27:01]   downloaded 356.6 MB in 12.1s (29.5 MB/s)
[17:27:24]   upload done video_id=26047823 in 23.0s
[17:27:25] film cr_film_id=1538 OK in 39.8s
[17:27:25] iteration 16/20
[17:27:25] film cr_film_id=1540 name='Rocky II (1979) CZ Dabing' candidates=11
[17:27:25]   candidate upload_id=5a1881dd370b0 url=https://prehraj.to/rocky-2-1979-hdrip-cz-dabing-m3/5a1881dd370b0
[17:27:26]   resolved in 1.1s → 480p (https://pf-storage5.premiumcdn.net/2986557/OWlFqmTKGtbLhxBhnDI2gTbefPwiEpsp7hjDi…)
[17:27:47]   downloaded 614.5 MB in 18.9s (32.5 MB/s)
[17:28:12]   upload done video_id=26047840 in 25.4s
[17:28:14] film cr_film_id=1540 OK in 48.8s
[17:28:14] iteration 17/20
[17:28:14] film cr_film_id=1542 name='Květ pouště (2009) CZ Dabing' candidates=10
[17:28:14]   candidate upload_id=58210c254f590 url=https://prehraj.to/kvet-pouste-cz-dabing-2009/58210c254f590
[17:28:16]   resolved in 1.6s → 480p (https://pf-storage2.premiumcdn.net/812340/p3mtK3ipJIBeh3OfvDTboidEHXDCg8HN3cEyhX…)
[17:28:44]   downloaded 921.4 MB in 27.2s (33.9 MB/s)
[17:29:22]   upload done video_id=26047871 in 37.8s
[17:29:23] film cr_film_id=1542 OK in 69.3s
[17:29:23] iteration 18/20
[17:29:23] film cr_film_id=1546 name='Tři dny ke svobodě (2010) CZ Dabing' candidates=11
[17:29:23]   candidate upload_id=5eed59b72e55c url=https://prehraj.to/tri-dny-ke-svobode-2010-czdabing/5eed59b72e55c
[17:29:24]   resolved in 1.1s → 1080p (https://pf-storage5.premiumcdn.net/16983258/AO2TvwFbPuvDSkZuwYikOFYQCalc7DigDhDG…)
[17:31:35]   downloaded 2,571.9 MB in 129.0s (19.9 MB/s)
[17:33:23]   upload done video_id=26047950 in 108.2s
[17:33:24] film cr_film_id=1546 OK in 241.0s
[17:33:24] iteration 19/20
[17:33:24] film cr_film_id=1550 name='Kung Fu Panda 2 (2011) CZ Dabing' candidates=1
[17:33:24]   candidate upload_id=6851cb4fdc645 url=https://prehraj.to/kung-fu-panda-tajemstvi-mistru-2011-cz-dabing-1080p/6851cb4fdc645
[17:33:25]   resolved in 1.0s → 1080p (https://pf-storage5.premiumcdn.net/140159975/YrnSJ3sDMuejTr8Ue9FDWsWNcwBC0QfvyTg…)
[17:34:25]   downloaded 2,046.0 MB in 58.7s (34.9 MB/s)
[17:35:43]   upload done video_id=26048035 in 77.1s
[17:35:44] film cr_film_id=1550 OK in 139.7s
[17:35:44] iteration 20/20
[17:35:44] film cr_film_id=1554 name='Neporazitelný: Vykoupení (2010) CZ Dabing' candidates=23
[17:35:44]   candidate upload_id=643cd70d6fe79 url=https://prehraj.to/neporazitelny-3-vykoupeni-2010-cz-dabing/643cd70d6fe79
[17:35:45]   resolved in 0.7s → 720p (https://pf-storage3.premiumcdn.net/39485167/9NLTdlFrquEpunpCbXuDEFALTJLIJ5CbLtOa…)
[17:37:10]   downloaded 1,386.4 MB in 84.4s (16.4 MB/s)
[17:38:00]   upload done video_id=26048114 in 49.8s
[17:38:02] film cr_film_id=1554 OK in 137.6s
[17:38:02] batch-end ok=20 failed=0 dur=2257.7s avg/film=112.9s remaining=16807 eta_hours=527.1

===== run 2026-06-17T18:18:17Z shard=0/2 batch_size=20 (https://github.com/Olbrasoft/prehrajto-to-prehrajto/actions/runs/27710313175) =====
[18:18:18] description overrides loaded: 1886 from /home/runner/work/prehrajto-to-prehrajto/prehrajto-to-prehrajto/state/email-generated-descriptions-v3.jsonl
[18:18:18] batch-start shard=0/2 count=20 backlog=17650 uploads=843 failed_attempts=52 description_overrides=1886
[18:18:18] login
[18:18:19] login done
[18:18:19] iteration 1/20
[18:18:19] film cr_film_id=1558 name='Nepřítel státu (1998) CZ' candidates=4
[18:18:19]   candidate upload_id=68ab77481a6e0 url=https://prehraj.to/nepritel-statu-1998-fhd-1080p-cz-246/68ab77481a6e0
[18:18:20]   resolved in 1.0s → 720p (https://pf-storage4.premiumcdn.net/144448332/g7qfApiAmF7dhD6IN4fe4iarsPOsO7Uw0FA…)
[18:20:30]   downloaded 2,492.1 MB in 128.2s (19.4 MB/s)
[18:22:17]   upload done video_id=26049497 in 106.3s
[18:22:18] film cr_film_id=1558 OK in 238.6s
[18:22:18] iteration 2/20
[18:22:18] film cr_film_id=1562 name='Dickensovské Vánoce (2021) CZ Dabing' candidates=5
[18:22:18]   candidate upload_id=68fbc29343cf8 url=https://prehraj.to/dickensovske-vanoce-2021-cz-dab-1080p/68fbc29343cf8
[18:22:19]   resolved in 1.0s → 1080p (https://pf-storage5.premiumcdn.net/153242793/ydWfpZhJ3tbPI48Io4UkxhKLsM9UL1CGVTr…)
[18:23:25]   downloaded 1,928.3 MB in 63.8s (30.2 MB/s)
[18:24:50]   upload done video_id=26049610 in 85.4s
[18:24:51] film cr_film_id=1562 OK in 153.2s
[18:24:51] iteration 3/20
[18:24:51] film cr_film_id=1570 name='Božská relikvie 2 (1991) CZ Dabing' candidates=7
[18:24:51]   candidate upload_id=56f8e4f3131c6 url=https://prehraj.to/bozska-relikvie-2-cz-dabing-akcni-dobrodruzny-hong-kong-1991/56f8e4f3131c6
[18:24:52]   resolved in 0.7s → 480p (https://pf-storage4.premiumcdn.net/22457/3GptWZI8XHwohdlckoUZaIwJSmxSprf50CQbf2R…)
[18:25:25]   downloaded 1,069.2 MB in 31.3s (34.2 MB/s)
[18:26:03]   upload done video_id=26049684 in 37.8s
[18:26:04] film cr_film_id=1570 OK in 72.5s
[18:26:04] iteration 4/20
[18:26:04] film cr_film_id=1572 name='Mission: Impossible (1996) CZ Dabing' candidates=1
[18:26:04]   candidate upload_id=68e5435aa0775 url=https://prehraj.to/mission-impossible-1-1996-cz-dabing-ultra-hd-2160p-4k/68e5435aa0775
[18:26:04]   resolve FAILED: HTTP 502 wrapping permanent upstream error: https://prehraj.to/mission-impossible-1-1996-cz-dabing-ultra-hd-2160p-4k/68e5435aa0775 (permanent=True)
[18:26:04] film cr_film_id=1572 all candidates exhausted
[18:26:04] iteration 5/20
[18:26:04] film cr_film_id=1576 name='Brutalista (2024) CZ Dabing' candidates=1
[18:26:04]   candidate upload_id=77c6f2b58253ca70 url=https://prehraj.to/the-brutalist-brutalista-2024-drama-czdab-mp4/77c6f2b58253ca70
[18:26:10]   resolve FAILED: HTTP 502 wrapping permanent upstream error: https://prehraj.to/the-brutalist-brutalista-2024-drama-czdab-mp4/77c6f2b58253ca70 (permanent=True)
[18:26:10] film cr_film_id=1576 all candidates exhausted
[18:26:10] iteration 6/20
[18:26:10] film cr_film_id=1578 name='Škola ro(c)ku (2003) CZ Dabing' candidates=5
[18:26:10]   candidate upload_id=67c2629bec3e5 url=https://prehraj.to/skola-rocku-the-school-of-rock-2003-cz-dabing-1080p/67c2629bec3e5
[18:26:16]   resolve FAILED: HTTP 502 wrapping permanent upstream error: https://prehraj.to/skola-rocku-the-school-of-rock-2003-cz-dabing-1080p/67c2629bec3e5 (permanent=True)
[18:26:16]   candidate upload_id=67c0c2deeaccd url=https://prehraj.to/skola-rocku-the-school-of-rock-2003-cz-dabing-1080p/67c0c2deeaccd
[18:26:22]   resolved in 5.9s → 720p (https://pf-storage5.premiumcdn.net/130878206/1jGfrGszyuM0fm2hPgsAwsPxcERTJaHmoTd…)
[18:32:22]   downloaded 1,941.6 MB in 358.1s (5.4 MB/s)
[18:33:40]   upload done video_id=26049920 in 78.2s
[18:33:41] film cr_film_id=1578 OK in 450.9s
[18:33:41] iteration 7/20
[18:33:41] film cr_film_id=1582 name='Městečko South Park (Nevhodné pro děti) (2023) CZ Dabing' candidates=3
[18:33:41]   candidate upload_id=35aab2cb5863dc29 url=https://prehraj.to/mestecko-south-park-nevhodne-pro-deti-2023-cz-dab-1080p/35aab2cb5863dc29
[18:33:42]   resolved in 1.0s → 1080p (https://pf-storage5.premiumcdn.net/168034021/lQRukbsM5inQcqMfY4SZ9sN7hvrhObCDgHP…)
[18:34:06]   downloaded 746.4 MB in 22.4s (33.3 MB/s)
[18:34:37]   upload done video_id=26049975 in 30.9s
[18:34:39] film cr_film_id=1582 OK in 57.2s
[18:34:39] iteration 8/20
[18:34:39] film cr_film_id=1588 name='Ztracení chlapci (1987) CZ Dabing' candidates=1
[18:34:39]   candidate upload_id=bb7545a7e9f5b7fa url=https://prehraj.to/ztraceni-chlapci-1987-czdabing-avi/bb7545a7e9f5b7fa
[18:34:40]   resolved in 1.0s → 480p (https://pf-storage4.premiumcdn.net/163749860/WDgSaVIMkiEpcR3h7xujbILoSGQsg2Cxvcm…)
[18:35:03]   downloaded 724.5 MB in 22.0s (32.9 MB/s)
[18:35:33]   upload done video_id=26050007 in 30.1s
[18:35:35] film cr_film_id=1588 OK in 56.3s
[18:35:35] iteration 9/20
[18:35:35] film cr_film_id=1590 name='Tonda, Slávka a kouzelné světlo (2023) CZ' candidates=1
[18:35:35]   candidate upload_id=66379b7395246 url=https://prehraj.to/tonko-slavka-a-kuzelne-svetlo-2023-sk-1080p/66379b7395246
[18:35:36]   resolved in 1.0s → 1080p (https://pf-storage5.premiumcdn.net/76906457/r6NIVkiavCrqHXKslzsJZi1BsXyU2XULrh0A…)
[18:36:36]   downloaded 1,738.5 MB in 58.3s (29.8 MB/s)
[18:37:47]   upload done video_id=26050050 in 71.6s
[18:37:48] film cr_film_id=1590 OK in 133.5s
[18:37:48] iteration 10/20
[18:37:48] film cr_film_id=1592 name='Mokřina (2014) CZ' candidates=1
[18:37:48]   candidate upload_id=65f2553ba0cca url=https://prehraj.to/mokrina-2014-cz-webrip-1080p-hevc-c4u/65f2553ba0cca
[18:37:49]   resolved in 1.1s → 1080p (https://pf-storage3.premiumcdn.net/74552477/erpF3Wcp0IO3c75Ur5fNzcK9HR4TWYh5lfkX…)
[18:38:45]   downloaded 1,953.9 MB in 54.3s (36.0 MB/s)
[18:39:53]   upload done video_id=26050113 in 68.1s
[18:39:54] film cr_film_id=1592 OK in 126.2s
[18:39:54] iteration 11/20
[18:39:54] film cr_film_id=1614 name='Hrubý střih (2022) CZ Dabing' candidates=2
[18:39:54]   candidate upload_id=6340f2480a283 url=https://prehraj.to/the-outfit-2022-czdab/6340f2480a283
[18:39:55]   resolved in 1.1s → 720p (https://pf-storage1.premiumcdn.net/33670366/kj2s2acnKU8zhkZUpATDEc6VuQGSraILmipq…)
[18:40:27]   downloaded 1,030.8 MB in 30.5s (33.8 MB/s)
[18:41:08]   upload done video_id=26050165 in 40.2s
[18:41:09] film cr_film_id=1614 OK in 74.2s
[18:41:09] iteration 12/20
[18:41:09] film cr_film_id=1620 name='Hodně štěstí, pane Veliký (2022) CZ Dabing' candidates=1
[18:41:09]   candidate upload_id=bfada831e58dcd5e url=https://prehraj.to/hodne-stesti-pane-veliky-2022-cz-dab-720p/bfada831e58dcd5e
[18:41:10]   resolved in 1.1s → 720p (https://pf-storage1.premiumcdn.net/168400282/lQvSDkfrnIJWuAZILgtNOfg9sNPiRouX4cY…)
[18:41:54]   downloaded 685.0 MB in 43.0s (15.9 MB/s)
[18:42:20]   upload done video_id=26050204 in 25.8s
[18:42:21] film cr_film_id=1620 OK in 72.7s
[18:42:21] iteration 13/20
[18:42:21] film cr_film_id=1626 name='Ruby záchranářka (2022) CZ Dabing' candidates=7
[18:42:21]   candidate upload_id=62386d5282dfc url=https://prehraj.to/ruby-zachranarka-rescued-by-ruby-2022-1080p-web-ddp-5-1-cz-dabing/62386d5282dfc
[18:42:22]   resolved in 1.0s → 1080p (https://pf-storage4.premiumcdn.net/30158054/ZoETd5HgYi6gFmWIkJUlXH58ID8TVvfY7uAR…)
[19:00:17]   downloaded 2,591.1 MB in 1072.8s (2.4 MB/s)
[19:01:56]   upload done video_id=26050741 in 99.8s
[19:01:58] film cr_film_id=1626 OK in 1176.7s
[19:01:58] iteration 14/20
[19:01:58] film cr_film_id=1628 name='V nemilosti (2021) CZ Dabing' candidates=7
[19:01:58]   candidate upload_id=61b5e4d884824 url=https://prehraj.to/v-nemilosti-the-unforgivable-2021-1080p-webrip-ac3-5-1-cz-dab/61b5e4d884824
[19:01:59]   resolved in 1.1s → 1080p (https://pf-storage3.premiumcdn.net/27348045/j3khaOCaOfdnsVPTEBUjpCzqujPfYlIB3tpm…)
[19:13:54]   downloaded 2,401.4 MB in 713.0s (3.4 MB/s)
[19:15:41]   upload done video_id=26051154 in 107.3s
[19:15:43] film cr_film_id=1628 OK in 824.7s
[19:15:43] iteration 15/20
[19:15:43] film cr_film_id=1630 name='Belfast (2021) CZ Dabing' candidates=1
[19:15:43]   candidate upload_id=11302d21a579a113 url=https://prehraj.to/belfast-2021-cz-dabing/11302d21a579a113
[19:15:44]   resolve FAILED: HTTP 502 wrapping permanent upstream error: https://prehraj.to/belfast-2021-cz-dabing/11302d21a579a113 (permanent=True)
[19:15:44] film cr_film_id=1630 all candidates exhausted
[19:15:44] iteration 16/20
[19:15:44] film cr_film_id=1632 name='Vzkaz na zdi záchodků (2020) CZ Dabing' candidates=4
[19:15:44]   candidate upload_id=61a60d26669a0 url=https://prehraj.to/vzkaz-na-zdi-zachodku-words-on-bathroom-walls-2020-1080p-bluray-ac3-cz-dab/61a60d26669a0
[19:15:50]   resolved in 5.9s → 720p (https://pf-storage3.premiumcdn.net/26978557/z38TRluq0IyehW9TL8FmRuRBtNdIE7IYBIkP…)
[19:16:47]   downloaded 1,660.5 MB in 56.1s (29.6 MB/s)
[19:18:03]   upload FAILED after 75.4s: ('Connection aborted.', RemoteDisconnected('Remote end closed connection without response'))
[19:18:03]   candidate upload_id=61a8cb4213b57 url=https://prehraj.to/vzkaz-na-zdi-zachodku-words-on-bathroom-walls-2020-1080p-bluray-ac3-cz-dab/61a8cb4213b57
[19:18:04]   resolved in 1.0s → 720p (https://pf-storage3.premiumcdn.net/27040854/BOEfNDs31iveUb8c5AiJ3sP7CkYu5XuGws2L…)
[19:23:07]   downloaded 1,660.5 MB in 301.9s (5.5 MB/s)
[19:24:08]   upload done video_id=26051418 in 60.9s
[19:24:10] film cr_film_id=1632 OK in 506.1s
[19:24:10] iteration 17/20
[19:24:10] film cr_film_id=1634 name='Sebevražedný oddíl (2021) CZ Dabing' candidates=9
[19:24:10]   candidate upload_id=68e74b64378b3 url=https://prehraj.to/sebevrazedny-oddil-2-2021-cz-dabing-ultra-hd-2160p-4k/68e74b64378b3
[19:24:10]   resolve FAILED: HTTP 502 wrapping permanent upstream error: https://prehraj.to/sebevrazedny-oddil-2-2021-cz-dabing-ultra-hd-2160p-4k/68e74b64378b3 (permanent=True)
[19:24:10]   candidate upload_id=68fc6016d957e url=https://prehraj.to/sebevrazedny-oddil-2-2021-cz-dabing-ultra-hd-2160p-4k/68fc6016d957e
[19:24:16]   resolved in 6.1s → 1080p (https://pf-storage5.premiumcdn.net/153300171/dGptpQT6KubxhAEuzksw9TkzuLAS9jcoAsD…)
[19:25:45]   downloaded 3,106.0 MB in 87.2s (35.6 MB/s)
[19:27:40]   upload done video_id=26051521 in 114.9s
[19:27:43] film cr_film_id=1634 OK in 213.2s
[19:27:43] iteration 18/20
[19:27:43] film cr_film_id=1640 name='Tiché místo: Část II (2020) CZ' candidates=4
[19:27:43]   candidate upload_id=4b21abb2d5b835e9 url=https://prehraj.to/tiche-misto-2-2021-1080p-blu-ray-cz-dabing/4b21abb2d5b835e9
[19:27:44]   resolved in 1.2s → 720p (https://pf-storage4.premiumcdn.net/167770102/AMOc8KFeoTQkSmBsrnUMPF9Pf6diNpIX4T4…)
[19:28:35]   downloaded 1,751.9 MB in 49.4s (35.5 MB/s)
[19:29:38]   upload done video_id=26051636 in 62.5s
[19:29:39] film cr_film_id=1640 OK in 115.7s
[19:29:39] iteration 19/20
[19:29:39] film cr_film_id=1642 name='Kouzelný drak (2021) CZ Dabing' candidates=8
[19:29:39]   candidate upload_id=60d267f41a945 url=https://prehraj.to/kouzelny-drak-2021-cz-dabing-full-hd-brian/60d267f41a945
[19:29:39]   resolved in 0.9s → 1080p (https://pf-storage2.premiumcdn.net/23996208/DyLfAZTdnhKqi8ZtKJtWmTrduKATpqIzDI16…)
[19:30:48]   downloaded 1,924.8 MB in 67.1s (28.7 MB/s)
[19:33:14]   upload done video_id=26051757 in 146.1s
[19:33:16] film cr_film_id=1642 OK in 216.9s
[19:33:16] iteration 20/20
[19:33:16] film cr_film_id=1646 name='Hrdinští lúzři (2019) CZ Dabing' candidates=6
[19:33:16]   candidate upload_id=602078ebe5d5d url=https://prehraj.to/hrdinsti-luzri-heroic-losers-2019-cz-dabing-1080p-dobrodruzny-komedie-krimi/602078ebe5d5d
[19:33:17]   resolved in 1.2s → 720p (https://pf-storage3.premiumcdn.net/22056213/md0ijGFLZiGoH6OCoEfZjFdEcqGTvlh7eclp…)
[19:45:08]   downloaded 1,834.4 MB in 710.0s (2.6 MB/s)
[19:46:26]   upload done video_id=26052367 in 77.6s
[19:46:28] film cr_film_id=1646 OK in 792.2s
[19:46:28] batch-end ok=17 failed=3 dur=5288.3s avg/film=311.1s remaining=16790 eta_hours=1450.9

===== run 2026-06-17T20:02:38Z shard=0/2 batch_size=20 (https://github.com/Olbrasoft/prehrajto-to-prehrajto/actions/runs/27716193842) =====
[20:02:40] description overrides loaded: 2655 from /home/runner/work/prehrajto-to-prehrajto/prehrajto-to-prehrajto/state/email-generated-descriptions-v3.jsonl
[20:02:40] batch-start shard=0/2 count=20 backlog=17650 uploads=860 failed_attempts=58 description_overrides=2655
[20:02:40] login
[20:02:41] login done
[20:02:41] iteration 1/20
[20:02:41] film cr_film_id=1650 name='Královna Marie Rumunská (2019) CZ Dabing' candidates=2
[20:02:41]   candidate upload_id=5fcb439e54ba2 url=https://prehraj.to/kralovna-marie-rumunska-2019-czdabing/5fcb439e54ba2
[20:02:42]   resolved in 1.0s → 1080p (https://pf-storage5.premiumcdn.net/20559231/ok1SOgfznIGVHyoTKjcALfNaTbWIpOuxotvx…)
[20:03:29]   downloaded 1,585.7 MB in 45.1s (35.2 MB/s)
[20:04:56]   upload done video_id=26052934 in 87.8s
[20:04:58] film cr_film_id=1650 OK in 136.8s
[20:04:58] iteration 2/20
[20:04:58] film cr_film_id=1656 name='Americká vražda: Rodina od vedle (2020) CZ Dabing' candidates=5
[20:04:58]   candidate upload_id=67f44fde8926a url=https://prehraj.to/adamsova-rodina-addamsova-2019-cz-dabing/67f44fde8926a
[20:04:59]   resolved in 1.0s → 480p (https://pf-storage1.premiumcdn.net/134439683/ENDSGWh4xf9pC74TgatV1hqmULYcyaIL5UK…)
[20:05:17]   downloaded 554.4 MB in 17.0s (32.6 MB/s)
[20:05:40]   upload done video_id=26052984 in 22.4s
[20:05:41] film cr_film_id=1656 OK in 42.9s
[20:05:41] iteration 3/20
[20:05:41] film cr_film_id=1660 name='Cesta do nemožna (2019) CZ' candidates=5
[20:05:41]   candidate upload_id=5f25536cc792a url=https://prehraj.to/cesta-do-nemozna-cz-2019/5f25536cc792a
[20:05:42]   resolved in 1.0s → 1080p (https://pf-storage3.premiumcdn.net/17704599/P31tr4uzmSY6cwzfzqTKmuRGT3oSdzSzbhQX…)
[20:06:55]   downloaded 2,149.4 MB in 71.9s (29.9 MB/s)
[20:08:18]   upload done video_id=26053034 in 82.6s
[20:08:19] film cr_film_id=1660 OK in 158.5s
[20:08:19] iteration 4/20
[20:08:19] film cr_film_id=1666 name='Odstřelovač (2007) CZ Dabing' candidates=9
[20:08:19]   candidate upload_id=67a6835375201 url=https://prehraj.to/odstrelovac-mark-wahlberg-kate-mara-michael-pena-2007-akcni-thriller-krimi-mysteriozni-bdrip-1080p-cz-dabing/67a6835375201
[20:08:20]   resolved in 1.1s → 1080p (https://pf-storage4.premiumcdn.net/129336230/7kMt4Ph0ptX4fVoi9gIQahPns6DCDaFEniz…)
[20:09:37]   downloaded 2,730.9 MB in 75.7s (36.1 MB/s)
[20:11:31]   upload done video_id=26053105 in 113.8s
[20:11:32] film cr_film_id=1666 OK in 193.3s
[20:11:32] iteration 5/20
[20:11:32] film cr_film_id=1674 name='Kryštůfek Robin (2018) CZ Dabing' candidates=9
[20:11:32]   candidate upload_id=5d10d9513f051 url=https://prehraj.to/krystufek-robin-2018-cz-dab/5d10d9513f051
[20:11:33]   resolved in 1.0s → 720p (https://pf-storage5.premiumcdn.net/14096772/y6OsxQTraFQYSeos9wtOATZBH2rHWQfaqheK…)
[20:12:32]   downloaded 2,040.5 MB in 57.2s (35.7 MB/s)
[20:14:46]   upload done video_id=26053185 in 133.6s
[20:14:47] film cr_film_id=1674 OK in 194.2s
[20:14:47] iteration 6/20
[20:14:47] film cr_film_id=1682 name='Pád do tmy (2005) CZ Dabing' candidates=15
[20:14:47]   candidate upload_id=5b34f3afaab87 url=https://prehraj.to/pad-do-tmy-the-descent-horor-cz-dab-2005-jad/5b34f3afaab87
[20:14:48]   resolved in 1.0s → 480p (https://pf-storage2.premiumcdn.net/4574138/gbrTZlhGaiNQsbyCvqsQ7h5mU6WC4QCGjTQqs…)
[20:15:07]   downloaded 584.2 MB in 18.2s (32.1 MB/s)
[20:15:29]   upload done video_id=26053290 in 21.8s
[20:15:30] film cr_film_id=1682 OK in 43.7s
[20:15:30] iteration 7/20
[20:15:30] film cr_film_id=1684 name='Muž v pozadí (2018) CZ Dabing' candidates=3
[20:15:30]   candidate upload_id=5fe94e174c39d url=https://prehraj.to/vice-2018-czdabing/5fe94e174c39d
[20:15:31]   resolved in 1.0s → 1080p (https://pf-storage5.premiumcdn.net/21064449/EyrS3Xu1bslNC7LIvRsm9u1lHxziAat6Rhg9…)
[20:16:23]   downloaded 1,763.3 MB in 50.0s (35.3 MB/s)
[20:17:43]   upload done video_id=26053372 in 80.5s
[20:17:45] film cr_film_id=1684 OK in 134.3s
[20:17:45] iteration 8/20
[20:17:45] film cr_film_id=1686 name='Okamžik zlomu (2007) CZ Dabing' candidates=10
[20:17:45]   candidate upload_id=59b525461f2d2 url=https://prehraj.to/okamzik-zlomu-2007-cz-dabing/59b525461f2d2
[20:17:46]   resolved in 1.0s → 480p (https://pf-storage1.premiumcdn.net/2610052/dPDIg4fa6Se3t4JSb0U9rfXLCaAUnbcNQhjAu…)
[20:18:08]   downloaded 551.9 MB in 20.4s (27.1 MB/s)
[20:18:48]   upload done video_id=26053470 in 40.5s
[20:18:49] film cr_film_id=1686 OK in 64.6s
[20:18:49] iteration 9/20
[20:18:49] film cr_film_id=1694 name='Ronin (1998) CZ Dabing' candidates=4
[20:18:49]   candidate upload_id=5d6148fee74d8 url=https://prehraj.to/ronin-akcni-cz-dab-1998-jad/5d6148fee74d8
[20:18:50]   resolved in 1.0s → 480p (https://pf-storage1.premiumcdn.net/14680101/boxsNMiAOuOeikeTyZHA9iNbha6UQZt6Gcjw…)
[20:25:05]   downloaded 612.2 MB in 372.9s (1.6 MB/s)
[20:25:42]   upload done video_id=26053814 in 37.2s
[20:25:43] film cr_film_id=1694 OK in 414.3s
[20:25:43] iteration 10/20
[20:25:43] film cr_film_id=1698 name='Příběh (2018) CZ Dabing' candidates=5
[20:25:43]   candidate upload_id=5f994f2c66179 url=https://prehraj.to/marona-vypravi-svuj-pribeh-2019-cz-dabing-bst/5f994f2c66179
[20:25:45]   resolved in 1.2s → 480p (https://pf-storage5.premiumcdn.net/19554914/Xm0HAncgOs2MfNaiGruXoc2DIQwuboi9QfMG…)
[20:31:09]   downloaded 810.7 MB in 322.7s (2.5 MB/s)
[20:31:42]   upload done video_id=26054066 in 32.8s
[20:31:43] film cr_film_id=1698 OK in 359.7s
[20:31:43] iteration 11/20
[20:31:43] film cr_film_id=1700 name='Akta Pentagon: Skrytá válka (2017) CZ Dabing' candidates=7
[20:31:43]   candidate upload_id=5b3dee06dc613 url=https://prehraj.to/akta-pentagon-skryta-valka-2017-cz-dab/5b3dee06dc613
[20:31:44]   resolved in 1.0s → 480p (https://pf-storage5.premiumcdn.net/4679503/k78U3wfAwupkIJrC79iDwfNys9XfbXUAQsDXU…)
[20:32:06]   downloaded 681.2 MB in 20.6s (33.1 MB/s)
[20:32:32]   upload done video_id=26054111 in 25.3s
[20:32:33] film cr_film_id=1700 OK in 49.9s
[20:32:33] iteration 12/20
[20:32:33] film cr_film_id=1704 name='Chlapi nepláčou (2017) CZ Dabing' candidates=1
[20:32:33]   candidate upload_id=5c870016e3649 url=https://prehraj.to/chlapi-neplacou-men-don-t-cry-2017-cz-dabing/5c870016e3649
[20:32:34]   resolved in 1.1s → 480p (https://pf-storage5.premiumcdn.net/12381577/v8QsaLfnliW3tOki1vT2dfwRiD8cO0hkmSgO…)
[20:39:56]   downloaded 323.1 MB in 441.0s (0.7 MB/s)
[20:40:14]   upload done video_id=26054540 in 17.1s
[20:40:17] film cr_film_id=1704 OK in 464.2s
[20:40:17] iteration 13/20
[20:40:17] film cr_film_id=1706 name='Nádech pro lásku (2017) CZ Dabing' candidates=8
[20:40:17]   candidate upload_id=5c712235c832c url=https://prehraj.to/nadech-pro-lasku-breathe-2017-brrip-cz-dabing/5c712235c832c
[20:40:18]   resolved in 1.0s → 480p (https://pf-storage1.premiumcdn.net/12081379/ORBTQViRqHq2cOAHLrFErikmhWMIY4UE4CmV…)
[20:40:35]   downloaded 461.0 MB in 14.9s (30.9 MB/s)
[20:41:02]   upload done video_id=26054578 in 27.8s
[20:41:03] film cr_film_id=1706 OK in 46.2s
[20:41:03] iteration 14/20
[20:41:03] film cr_film_id=1708 name='Špinavý trik (2013) CZ Dabing' candidates=3
[20:41:03]   candidate upload_id=675740dfc1ce6 url=https://prehraj.to/spinavy-trik-2013-bdrip-1080p-en-cz-dabing-bydejv/675740dfc1ce6
[20:41:05]   resolved in 1.1s → 720p (https://pf-storage3.premiumcdn.net/119874032/kj3IYPFP3SMKIQWCB0FWvFGoIE8f5bt1whY…)
[20:50:15]   downloaded 1,954.2 MB in 549.0s (3.6 MB/s)
[20:51:31]   upload done video_id=26055062 in 75.7s
[20:51:32] film cr_film_id=1708 OK in 629.0s
[20:51:32] iteration 15/20
[20:51:32] film cr_film_id=1720 name='Psanci: První udeří (2017) CZ Dabing' candidates=1
[20:51:32]   candidate upload_id=68ec437ba97f3 url=https://prehraj.to/psanci-prvni-uderi-2017-cz-dab-1080p/68ec437ba97f3
[20:51:33]   resolved in 1.0s → 1080p (https://pf-storage4.premiumcdn.net/151177248/WZ3iqkHWYha6SnlfqkUlPHewhXgHaDsjbCG…)
[20:52:43]   downloaded 2,406.7 MB in 67.6s (35.6 MB/s)
[20:54:34]   upload done video_id=26055201 in 111.7s
[20:54:36] film cr_film_id=1720 OK in 183.1s
[20:54:36] iteration 16/20
[20:54:36] film cr_film_id=1722 name='Světlo mezi oceány (2016) CZ Dabing' candidates=9
[20:54:36]   candidate upload_id=5c921a0369155 url=https://prehraj.to/svetlo-mezi-oceany-the-light-between-oceans-2016-bdrip-cz-dabing/5c921a0369155
[20:54:37]   resolved in 1.0s → 480p (https://pf-storage1.premiumcdn.net/12526564/Gali2qSEyIlvs46IWXu68SQ9iRahJ6fD2u0M…)
[20:54:59]   downloaded 563.4 MB in 20.7s (27.2 MB/s)
[20:55:24]   upload done video_id=26055331 in 25.1s
[20:55:26] film cr_film_id=1722 OK in 50.3s
[20:55:26] iteration 17/20
[20:55:26] film cr_film_id=1724 name='Běž, chlapče, běž (2013) CZ' candidates=1
[20:55:26]   candidate upload_id=68b250007d520 url=https://prehraj.to/bez-chlapce-bez-lauf-junge-lauf-2013/68b250007d520
[20:55:27]   resolved in 0.9s → 480p (https://pf-storage4.premiumcdn.net/144909477/94vtmnTEkuzVF6mI0Xs2kTE6cQvu31cOkS8…)
[20:55:52]   downloaded 801.1 MB in 24.0s (33.4 MB/s)
[20:56:21]   upload done video_id=26055388 in 28.6s
[20:56:22] film cr_film_id=1724 OK in 56.1s
[20:56:22] iteration 18/20
[20:56:22] film cr_film_id=1726 name='Pomáda: Živě (2016) CZ' candidates=1
[20:56:22]   candidate upload_id=5abd8d512b386 url=https://prehraj.to/pomada-zive-2016/5abd8d512b386
[20:56:23]   resolved in 1.0s → 480p (https://pf-storage1.premiumcdn.net/3770008/JwaUlBCpGhkaIn2FyefjNCyNFMmUA2uVPH35c…)
[20:57:00]   downloaded 999.4 MB in 35.5s (28.2 MB/s)
[20:57:36]   upload done video_id=26055450 in 36.2s
[20:57:38] film cr_film_id=1726 OK in 75.6s
[20:57:38] iteration 19/20
[20:57:38] film cr_film_id=1730 name='Příliš dokonalá podoba (1988) CZ' candidates=1
[20:57:38]   candidate upload_id=584171c478cd5 url=https://prehraj.to/prilis-dokonala-podoba-dead-ringers-1988-cz-tit/584171c478cd5
[20:57:38]   resolved in 0.7s → 720p (https://pf-storage5.premiumcdn.net/980992/NaYtRqfJ4irlCYdfpBHQRfOeS1RHR4hnkUBphQ…)
[20:59:35]   downloaded 1,176.1 MB in 114.9s (10.2 MB/s)
[21:00:30]   upload done video_id=26055536 in 55.2s
[21:00:31] film cr_film_id=1730 OK in 173.3s
[21:00:31] iteration 20/20
[21:00:31] film cr_film_id=1732 name='Sněženky a machři (1982) CZ' candidates=6
[21:00:31]   candidate upload_id=607421b34ad03 url=https://prehraj.to/snezenky-a-machri-komedie-ceskoslovensko-1982-1080p-2-0-x264-80-sten-ok/607421b34ad03
[21:00:32]   resolved in 1.0s → 1080p (https://pf-storage5.premiumcdn.net/23085105/aKMiRrCGXUzqIXrT9xt3aC1JUG2c2jhZkhvl…)
[21:01:34]   downloaded 2,156.7 MB in 60.8s (35.5 MB/s)
[21:03:32]   upload done video_id=26055606 in 118.3s
[21:03:34] film cr_film_id=1732 OK in 182.8s
[21:03:34] batch-end ok=20 failed=0 dur=3652.7s avg/film=182.6s remaining=16770 eta_hours=850.6

===== run 2026-06-17T21:25:31Z shard=0/2 batch_size=20 (https://github.com/Olbrasoft/prehrajto-to-prehrajto/actions/runs/27720771920) =====
[21:25:33] description overrides loaded: 3228 from /home/runner/work/prehrajto-to-prehrajto/prehrajto-to-prehrajto/state/email-generated-descriptions-v3.jsonl
[21:25:33] batch-start shard=0/2 count=20 backlog=17650 uploads=880 failed_attempts=58 description_overrides=3228
[21:25:33] login
[21:25:34] login done
[21:25:34] iteration 1/20
[21:25:34] film cr_film_id=1736 name='Čas dobyvatelů (2017) CZ Dabing' candidates=1
[21:25:34]   candidate upload_id=7bb897a3c324c258 url=https://prehraj.to/cas-dobyvatelu-2017-cz-dabing/7bb897a3c324c258
[21:25:35]   resolve FAILED: HTTP 502 wrapping permanent upstream error: https://prehraj.to/cas-dobyvatelu-2017-cz-dabing/7bb897a3c324c258 (permanent=True)
[21:25:35] film cr_film_id=1736 all candidates exhausted
[21:25:35] iteration 2/20
[21:25:35] film cr_film_id=1740 name='Mlčení (2016) CZ Dabing' candidates=2
[21:25:35]   candidate upload_id=688fcd2788263 url=https://prehraj.to/mlceni-2016-czdab/688fcd2788263
[21:25:41]   resolved in 6.1s → 480p (https://pf-storage1.premiumcdn.net/142871900/lQMsKOczwHBahn3Umbib0c2pFAKtpZuwJt5…)
[21:27:06]   downloaded 1,412.9 MB in 83.3s (17.0 MB/s)
[21:27:58]   upload done video_id=26056384 in 51.8s
[21:27:59] film cr_film_id=1740 OK in 144.0s
[21:27:59] iteration 3/20
[21:27:59] film cr_film_id=1744 name='Zakladatel (2016) CZ Dabing' candidates=6
[21:27:59]   candidate upload_id=599265960fc3c url=https://prehraj.to/zakladatel-the-founder-2016-cz-dabing/599265960fc3c
[21:28:00]   resolved in 1.0s → 480p (https://pf-storage1.premiumcdn.net/2556367/jVdsGrF5AcqeIkoty2SVrFL9SYRf0af05i3Ls…)
[21:28:20]   downloaded 498.6 MB in 18.8s (26.5 MB/s)
[21:28:43]   upload done video_id=26056424 in 22.6s
[21:28:44] film cr_film_id=1744 OK in 44.9s
[21:28:44] iteration 4/20
[21:28:44] film cr_film_id=1746 name='Červený drak (2002) CZ Dabing' candidates=8
[21:28:44]   candidate upload_id=57c59a3a56d01 url=https://prehraj.to/cerveny-drak-2002-czdab-1080p-bluray/57c59a3a56d01
[21:28:45]   resolved in 1.1s → 720p (https://pf-storage4.premiumcdn.net/634423/8kvt9ETBxI83FN8coQHVZTMGHKlimKurbHQ5HL…)
[21:29:42]   downloaded 1,824.3 MB in 55.9s (32.6 MB/s)
[21:31:03]   upload done video_id=26056459 in 80.3s
[21:31:04] film cr_film_id=1746 OK in 140.1s
[21:31:04] iteration 5/20
[21:31:04] film cr_film_id=1750 name='Temný úsvit (2006) CZ Dabing' candidates=9
[21:31:04]   candidate upload_id=5c5bd17287f2e url=https://prehraj.to/temny-usvit-rescue-dawn-2006-cz-dabing-bdrip/5c5bd17287f2e
[21:31:05]   resolved in 1.0s → 720p (https://pf-storage5.premiumcdn.net/11609455/w7mSkRHy7TGXC1kU4MHpNHmwhaeTbYCYqcW2…)
[21:32:04]   downloaded 2,064.7 MB in 58.0s (35.6 MB/s)
[21:33:19]   upload done video_id=26056535 in 75.1s
[21:33:20] film cr_film_id=1750 OK in 136.7s
[21:33:20] iteration 6/20
[21:33:20] film cr_film_id=1764 name='Zlaté oko (1995) CZ Dabing' candidates=2
[21:33:20]   candidate upload_id=68ec6ef2bd7cb url=https://prehraj.to/zlate-oko-1995-cz-dab-720p/68ec6ef2bd7cb
[21:33:22]   resolved in 1.1s → 480p (https://pf-storage4.premiumcdn.net/151207059/8zPT85h9Zc7At3LuXpsZ4h7ATLNfJYtMEs7…)
[21:34:29]   downloaded 1,428.5 MB in 65.5s (21.8 MB/s)
[21:35:43]   upload done video_id=26056612 in 74.1s
[21:35:44] film cr_film_id=1764 OK in 143.3s
[21:35:44] iteration 7/20
[21:35:44] film cr_film_id=1772 name='Pomáda (1978) CZ Dabing' candidates=3
[21:35:44]   candidate upload_id=690755bc86f6c url=https://prehraj.to/pomada-cz-dabing-1978/690755bc86f6c
[21:35:45]   resolved in 1.1s → 720p (https://pf-storage4.premiumcdn.net/154953162/bL0HgBSa7UvGTnmUwWtQbS74Heduo9C1LIn…)
[21:36:51]   downloaded 2,300.5 MB in 65.1s (35.3 MB/s)
[21:38:17]   upload done video_id=26056679 in 85.7s
[21:38:18] film cr_film_id=1772 OK in 154.6s
[21:38:18] iteration 8/20
[21:38:18] film cr_film_id=1774 name='Ulice Cloverfield 10 (2016) CZ Dabing' candidates=1
[21:38:18]   candidate upload_id=da88fc6c8eab910c url=https://prehraj.to/ulice-cloverfield-10-2016-czdabing/da88fc6c8eab910c
[21:38:19]   resolved in 1.0s → 720p (https://pf-storage6.premiumcdn.net/169298566/QAmfyPUdbSkOF3Dueat7WUzxHqmHv3H53I3…)
[21:39:42]   downloaded 1,156.6 MB in 81.2s (14.2 MB/s)
[21:40:24]   upload done video_id=26056761 in 41.6s
[21:40:25] film cr_film_id=1774 OK in 126.5s
[21:40:25] iteration 9/20
[21:40:25] film cr_film_id=1776 name='Nahý mezi vlky (2015) CZ Dabing' candidates=1
[21:40:25]   candidate upload_id=5fe1f14d9a664 url=https://prehraj.to/nahy-mezi-vlky-2015-cz-dabing-historicky-valecny-drama/5fe1f14d9a664
[21:40:26]   resolved in 1.0s → 1080p (https://pf-storage1.premiumcdn.net/20964312/2b3T0RfNqfYPhZYUMPcm5fXrIAaIkvTAYtKA…)
[21:41:54]   downloaded 2,453.1 MB in 86.6s (28.3 MB/s)
[21:43:21]   upload done video_id=26056818 in 87.0s
[21:43:22] film cr_film_id=1776 OK in 177.6s
[21:43:22] iteration 10/20
[21:43:22] film cr_film_id=1780 name='King Kong (2005) CZ Dabing' candidates=26
[21:43:22]   candidate upload_id=93a4df3782e78457 url=https://prehraj.to/king-kong-2005-cz-eng-1080phd-cz-dabing/93a4df3782e78457
[21:43:23]   resolved in 1.0s → 1080p (https://pf-storage3.premiumcdn.net/164881505/OGZf6KU3AIzmtNrHqPskxUWosPqS5WsyJu2…)
[21:43:25]   oversize: 7361559334 B > 6000000000 B, skip
[21:43:25]   candidate upload_id=60616bf7ac72e url=https://prehraj.to/king-kong-2005-cz-dabing/60616bf7ac72e
[21:43:29]   resolved in 4.3s → 1080p (https://pf-storage5.premiumcdn.net/22866477/1OWFlyfqycdzsxLukRhzDfQnCpgS2lClnF0k…)
[21:43:31]   oversize: 7358806384 B > 6000000000 B, skip
[21:43:31]   candidate upload_id=5c22c9210f54d url=https://prehraj.to/king-kong-cz-dabing-2005/5c22c9210f54d
[21:43:35]   resolved in 4.4s → 480p (https://pf-storage5.premiumcdn.net/9990332/7z3SB5ievulJhNjCXgU1NiLKiEkUzYIJZcrDF…)
[21:44:25]   downloaded 1,386.9 MB in 48.8s (28.4 MB/s)
[21:45:17]   upload done video_id=26056877 in 51.4s
[21:45:18] film cr_film_id=1780 OK in 115.5s
[21:45:18] iteration 11/20
[21:45:18] film cr_film_id=1788 name='Legendární parta (2012) CZ Dabing' candidates=7
[21:45:18]   candidate upload_id=53cc75a14407e871 url=https://prehraj.to/legendarni-parta-2012-animovany-dobrodruzny-rodinny-fantasy-bdrip-1080p-cz-dabing/53cc75a14407e871
[21:45:19]   resolved in 1.1s → 1080p (https://pf-storage3.premiumcdn.net/160756589/XJrtyNFk0TXQs28H0qfjBFEQtWDt9pH20iN…)
[21:47:06]   downloaded 2,535.3 MB in 105.4s (24.1 MB/s)
[21:48:37]   upload done video_id=26056952 in 90.7s
[21:48:39] film cr_film_id=1788 OK in 200.7s
[21:48:39] iteration 12/20
[21:48:39] film cr_film_id=1790 name='Angel Heart (1987) CZ Dabing' candidates=4
[21:48:39]   candidate upload_id=eb350ae8f017f189 url=https://prehraj.to/angel-heart-1987-1080p-cz-dab/eb350ae8f017f189
[21:48:40]   resolved in 1.0s → 720p (https://pf-storage1.premiumcdn.net/161763884/Ll8iNYuj5F3lul6Hr8fR4unBU1GH2zhoXt3…)
[21:49:39]   downloaded 1,637.4 MB in 57.4s (28.5 MB/s)
[21:50:36]   upload done video_id=26057013 in 56.9s
[21:50:37] film cr_film_id=1790 OK in 118.4s
[21:50:37] iteration 13/20
[21:50:37] film cr_film_id=1794 name='Ant-Man (2015) CZ Dabing' candidates=5
[21:50:37]   candidate upload_id=68ddd2a6a4af9 url=https://prehraj.to/ant-man-2015-cz-dabing-2160p-ultra-hd-4k-antman/68ddd2a6a4af9
[21:50:38]   resolved in 1.1s → 1080p (https://pf-storage5.premiumcdn.net/149389308/ZaGTqGHp8unGtxLskjhZOHkVCWYujkiE4cx…)
[21:51:48]   downloaded 2,429.7 MB in 68.3s (35.6 MB/s)
[21:53:19]   upload done video_id=26057072 in 90.5s
[21:53:20] film cr_film_id=1794 OK in 162.7s
[21:53:20] iteration 14/20
[21:53:20] film cr_film_id=1800 name='Kniha života (2014) CZ Dabing' candidates=3
[21:53:20]   candidate upload_id=5fa3d73866ff3 url=https://prehraj.to/kniha-zivota-2014-cz-dabing/5fa3d73866ff3
[21:53:21]   resolved in 0.9s → 720p (https://pf-storage1.premiumcdn.net/19732326/09VIMYcO5Tyah5JCkLsdacRJHBVfjOFkafEk…)
[21:54:38]   downloaded 2,425.1 MB in 75.9s (32.0 MB/s)
[21:56:12]   upload done video_id=26057152 in 94.1s
[21:56:14] film cr_film_id=1800 OK in 173.7s
[21:56:14] iteration 15/20
[21:56:14] film cr_film_id=1802 name='Miluj souseda svého (2014) CZ Dabing' candidates=7
[21:56:14]   candidate upload_id=5c1ef00208c43 url=https://prehraj.to/miluj-souseda-sveho-cz-dabing-2014/5c1ef00208c43
[21:56:15]   resolved in 1.0s → 480p (https://pf-storage4.premiumcdn.net/9823895/e1WfLgc7gfLptWGU01Sv4cmGI9ZF5MSaKHWJf…)
[21:56:44]   downloaded 648.2 MB in 28.0s (23.1 MB/s)
[21:57:11]   upload done video_id=26057207 in 26.8s
[21:57:13] film cr_film_id=1802 OK in 59.0s
[21:57:13] iteration 16/20
[21:57:13] film cr_film_id=1806 name='Mr. Brooks (2007) CZ Dabing' candidates=3
[21:57:13]   candidate upload_id=57d34860d95e0 url=https://prehraj.to/mr-brooks-2007-czdab/57d34860d95e0
[21:57:14]   resolved in 1.7s → 480p (https://pf-storage3.premiumcdn.net/639037/NvAUWzhyWiPdHgrh2LUBNhZBc71fJmCXZIqJfN…)
[21:57:35]   downloaded 491.4 MB in 19.4s (25.3 MB/s)
[21:57:54]   upload done video_id=26057234 in 19.1s
[21:57:55] film cr_film_id=1806 OK in 42.9s
[21:57:55] iteration 17/20
[21:57:55] film cr_film_id=1810 name='Insomnie (2002) CZ Dabing' candidates=10
[21:57:55]   candidate upload_id=607048a030eb9 url=https://prehraj.to/insomnie-insomnie-1080p-x264-ac3-cz-dab-2002/607048a030eb9
[21:57:57]   resolved in 1.0s → 720p (https://pf-storage5.premiumcdn.net/23033124/41oIAPFlBu3BFRDU5GiBqFedUqQI9df4xsXN…)
[21:59:05]   downloaded 1,948.9 MB in 66.7s (29.2 MB/s)
[22:00:43]   upload done video_id=26057270 in 98.4s
[22:00:44] film cr_film_id=1810 OK in 168.8s
[22:00:44] iteration 18/20
[22:00:44] film cr_film_id=1812 name='Sunshine (2007) CZ Dabing' candidates=4
[22:00:44]   candidate upload_id=6854f35c20e67 url=https://prehraj.to/sunshine-cillian-murphy-rose-byrne-chris-evans-2007-dobrodruzny-sci-fi-thriller-bdrip-1080p-cz-dabing-cz-eng-titulky/6854f35c20e67
[22:00:46]   resolved in 1.8s → 720p (https://pf-storage5.premiumcdn.net/140318297/3ZmHOmcKAuMEHPxTJkfdjcxRuO6FP9Cb9Tg…)
[22:01:22]   downloaded 1,187.8 MB in 34.7s (34.2 MB/s)
[22:02:27]   upload done video_id=26057445 in 64.7s
[22:02:28] film cr_film_id=1812 OK in 103.9s
[22:02:28] iteration 19/20
[22:02:28] film cr_film_id=1814 name='Život brouka (1998) CZ Dabing' candidates=3
[22:02:28]   candidate upload_id=2583d32d64c1342c url=https://prehraj.to/zivot-brouka-1998-cz-dab-1080p/2583d32d64c1342c
[22:02:29]   resolved in 1.0s → 1080p (https://pf-storage4.premiumcdn.net/168250231/7E6SBRIE8HWgF97sk4f3kIr3U5zCkYse8u6…)
[22:04:08]   downloaded 3,329.4 MB in 97.1s (34.3 MB/s)
[22:07:38]   upload done video_id=26057534 in 210.7s
[22:07:40] film cr_film_id=1814 OK in 311.5s
[22:07:40] iteration 20/20
[22:07:40] film cr_film_id=1816 name='Válečný kůň (2011) CZ Dabing' candidates=12
[22:07:40]   candidate upload_id=680ec0a321674 url=https://prehraj.to/valecny-kun-jeremy-irvine-david-thewlis-emily-watson-2011-drama-valecny-historicky-bdrip-1080p-cz-dabing/680ec0a321674
[22:07:41]   resolved in 1.0s → 720p (https://pf-storage5.premiumcdn.net/136404773/aQ5h9oIGDFD1TeKhRvugVI0RIY8UQ6sK3HX…)
[22:08:36]   downloaded 1,898.0 MB in 54.2s (35.0 MB/s)
[22:09:46]   upload done video_id=26057703 in 69.3s
[22:09:47] film cr_film_id=1816 OK in 127.1s
[22:09:47] batch-end ok=19 failed=1 dur=2652.9s avg/film=139.6s remaining=16751 eta_hours=649.6

===== run 2026-06-17T22:22:34Z shard=0/2 batch_size=20 (https://github.com/Olbrasoft/prehrajto-to-prehrajto/actions/runs/27723522065) =====
[22:22:36] description overrides loaded: 3644 from /home/runner/work/prehrajto-to-prehrajto/prehrajto-to-prehrajto/state/email-generated-descriptions-v3.jsonl
[22:22:36] batch-start shard=0/2 count=20 backlog=17650 uploads=899 failed_attempts=61 description_overrides=3644
[22:22:36] login
[22:22:38] login done
[22:22:38] iteration 1/20
[22:22:38] film cr_film_id=1820 name='Hunger Games (2012) CZ Dabing' candidates=36
[22:22:38]   candidate upload_id=57cc66a813315 url=https://prehraj.to/hunger-games-2012-czdab-1080p/57cc66a813315
[22:22:39]   resolved in 1.4s → 720p (https://pf-storage2.premiumcdn.net/653604/P1GSbDiNJiLEfyeSonTORiNdT0MIgoTZ2Tg4TO…)
[22:24:48]   downloaded 2,439.1 MB in 126.8s (19.2 MB/s)
[22:27:14]   upload done video_id=26058237 in 145.7s
[22:27:15] film cr_film_id=1820 OK in 277.6s
[22:27:15] iteration 2/20
[22:27:15] film cr_film_id=1824 name='8 Mile (2002) CZ Dabing' candidates=8
[22:27:15]   candidate upload_id=b48f42f60b274046 url=https://prehraj.to/8-mile-2002-cz-dab-1080p/b48f42f60b274046
[22:27:17]   resolved in 1.4s → 1080p (https://pf-storage3.premiumcdn.net/166761179/EevuvEUDzHEpHpqSD4tN3Udnc8XurpfXZfe…)
[22:30:06]   downloaded 3,984.0 MB in 167.3s (23.8 MB/s)
[22:33:57]   upload done video_id=26058407 in 230.4s
[22:33:58] film cr_film_id=1824 OK in 402.9s
[22:33:58] iteration 3/20
[22:33:58] film cr_film_id=1828 name='Já, legenda (2007) CZ Dabing' candidates=7
[22:33:58]   candidate upload_id=68d844e3b1ea8 url=https://prehraj.to/ja-legenda-i-am-legend-2007-en-cz-dabing-uhdrdv/68d844e3b1ea8
[22:33:59]   resolve FAILED: HTTP 502 wrapping permanent upstream error: https://prehraj.to/ja-legenda-i-am-legend-2007-en-cz-dabing-uhdrdv/68d844e3b1ea8 (permanent=True)
[22:33:59]   candidate upload_id=678485c93d3a9 url=https://prehraj.to/ja-legenda-2007-cz-dabing-2160p/678485c93d3a9
[22:34:06]   resolved in 6.5s → 720p (https://pf-storage3.premiumcdn.net/127540538/0aVTp3UBMSq8SQlCPYUapUKlhPyIbAsPaTn…)
[22:35:47]   downloaded 1,303.7 MB in 99.2s (13.1 MB/s)
[22:37:00]   upload done video_id=26058516 in 72.5s
[22:37:01] film cr_film_id=1828 OK in 183.0s
[22:37:01] iteration 4/20
[22:37:01] film cr_film_id=1830 name='21 Jump Street (2012) CZ Dabing' candidates=14
[22:37:01]   candidate upload_id=60964b267ee06 url=https://prehraj.to/21-jump-street-2012-cz-dabing/60964b267ee06
[22:37:03]   resolved in 1.4s → 480p (https://pf-storage5.premiumcdn.net/23426196/682IZ1hg5iYrcXDsOysVPh4yU3Ac5Ju2Ru6e…)
[22:37:51]   downloaded 1,042.0 MB in 46.0s (22.7 MB/s)
[22:38:50]   upload done video_id=26058576 in 59.4s
[22:38:52] film cr_film_id=1830 OK in 110.4s
[22:38:52] iteration 5/20
[22:38:52] film cr_film_id=1834 name='Univerzita pro příšerky (2013) CZ Dabing' candidates=27
[22:38:52]   candidate upload_id=607ea49759fde url=https://prehraj.to/univerzita-pro-priserky-2013-cz-dabing/607ea49759fde
[22:38:53]   resolved in 1.4s → 1080p (https://pf-storage5.premiumcdn.net/23199885/BXjsWQIolFyRceXsGET4yI3juR3i1oFWEsoL…)
[22:41:13]   downloaded 3,251.5 MB in 137.9s (23.6 MB/s)
[22:44:16]   upload done video_id=26058664 in 182.7s
[22:44:18] film cr_film_id=1834 OK in 326.1s
[22:44:18] iteration 6/20
[22:44:18] film cr_film_id=1838 name='Hrana stínu (2025) CZ Dabing' candidates=9
[22:44:18]   candidate upload_id=59684150bb49c1b4 url=https://prehraj.to/hrana-stinu-2025-cz-dabing-1080p-mkv/59684150bb49c1b4
[22:44:19]   resolved in 1.3s → 1080p (https://pf-storage5.premiumcdn.net/168340576/X7vT9EIvJSQMuL1UMrHxEIJVFvYSM7CQjFl…)
[22:46:05]   downloaded 2,465.3 MB in 103.8s (23.8 MB/s)
[22:48:38]   upload done video_id=26058820 in 153.3s
[22:48:40] film cr_film_id=1838 OK in 262.2s
[22:48:40] iteration 7/20
[22:48:40] film cr_film_id=1844 name='Vetřelec: Romulus (2024) CZ Dabing' candidates=3
[22:48:40]   candidate upload_id=9decfc6d74fbfe3a url=https://prehraj.to/vetrelec-romulus-2025-top-kvalita-novinka-cz-dabing-full-hd-1080p/9decfc6d74fbfe3a
[22:48:42]   resolved in 1.5s → 1080p (https://pf-storage5.premiumcdn.net/164978573/YvNfBeuy3sdYtVDSw9Uj4u4JcrZc9qc4wCA…)
[22:50:35]   downloaded 2,635.3 MB in 111.3s (23.7 MB/s)
[22:53:15]   upload done video_id=26058952 in 159.9s
[22:53:17] film cr_film_id=1844 OK in 276.9s
[22:53:17] iteration 8/20
[22:53:17] film cr_film_id=1846 name='Caramelo (2025) CZ Dabing' candidates=1
[22:53:17]   candidate upload_id=68e62dddf05c0 url=https://prehraj.to/caramelo-2025-cz-dabing/68e62dddf05c0
[22:53:18]   resolved in 1.4s → 1080p (https://pf-storage4.premiumcdn.net/150400032/pZ5f48TAdF3OTpzSd4HnxTzXuDqi58fRkUn…)
[22:54:59]   downloaded 2,326.3 MB in 98.6s (23.6 MB/s)
[22:57:23]   upload done video_id=26059070 in 143.8s
[22:57:25] film cr_film_id=1846 OK in 247.7s
[22:57:25] iteration 9/20
[22:57:25] film cr_film_id=1848 name='Bitva v ústí Šeldy (2020) CZ Dabing' candidates=6
[22:57:25]   candidate upload_id=71d1d1774d934c49 url=https://prehraj.to/bitva-v-usti-seldy-2020-cz-dab-1080p/71d1d1774d934c49
[22:57:26]   resolved in 1.2s → 1080p (https://pf-storage1.premiumcdn.net/160263431/mArS2jcMotGOCnPFvLtNwcWeugof4JCq7u0…)
[22:59:21]   downloaded 2,671.0 MB in 113.1s (23.6 MB/s)
[23:02:44]   upload done video_id=26059207 in 202.6s
[23:02:46] film cr_film_id=1848 OK in 320.8s
[23:02:46] iteration 10/20
[23:02:46] film cr_film_id=1850 name='Velká červená jednička (1980) CZ Dabing' candidates=5
[23:02:46]   candidate upload_id=6855c180d7649 url=https://prehraj.to/velka-cervena-jednicka-the-big-red-one-1980-valecny-czdab/6855c180d7649
[23:02:47]   resolved in 1.2s → 1080p (https://pf-storage1.premiumcdn.net/140355263/RX2u8ecYKHaXheruQBUBRcgeIWrSn9i2qur…)
[23:06:36]   downloaded 3,529.1 MB in 227.1s (15.5 MB/s)
[23:09:54]   upload done video_id=26059380 in 198.1s
[23:09:57] film cr_film_id=1850 OK in 430.9s
[23:09:57] iteration 11/20
[23:09:57] film cr_film_id=1858 name='Vrať mi ji (2025) CZ Dabing' candidates=3
[23:09:57]   candidate upload_id=8010dc7f6c63b4df url=https://prehraj.to/vrat-mi-ji-horor-2025-cz-dabing-by-pefto/8010dc7f6c63b4df
[23:09:57]   resolve FAILED: HTTP 502 wrapping permanent upstream error: https://prehraj.to/vrat-mi-ji-horor-2025-cz-dabing-by-pefto/8010dc7f6c63b4df (permanent=True)
[23:09:57]   candidate upload_id=97bc692d4f724f6f url=https://prehraj.to/vrat-mi-ji-2025-cz-dabing/97bc692d4f724f6f
[23:10:03]   resolve FAILED: HTTP 502 wrapping permanent upstream error: https://prehraj.to/vrat-mi-ji-2025-cz-dabing/97bc692d4f724f6f (permanent=True)
[23:10:03]   candidate upload_id=f7b33db5a08d70de url=https://prehraj.to/vrat-mi-ji-horor-2025/f7b33db5a08d70de
[23:10:09]   resolve FAILED: HTTP 502 wrapping permanent upstream error: https://prehraj.to/vrat-mi-ji-horor-2025/f7b33db5a08d70de (permanent=True)
[23:10:09] film cr_film_id=1858 all candidates exhausted
[23:10:09] iteration 12/20
[23:10:09] film cr_film_id=1864 name='Nosferatu (2024) CZ Dabing' candidates=1
[23:10:09]   candidate upload_id=30f16cd0d1e6c840 url=https://prehraj.to/nosferatu-2024-horor-fantasy-czdab/30f16cd0d1e6c840
[23:10:17]   resolved in 8.4s → 720p (https://pf-storage6.premiumcdn.net/169121254/NZNSN5uqrFNPi73IAqiqNun8F5oU5mCmxfp…)
[23:11:13]   downloaded 1,236.9 MB in 53.6s (23.1 MB/s)
[23:12:22]   upload done video_id=26059502 in 69.3s
[23:12:24] film cr_film_id=1864 OK in 135.1s
[23:12:24] iteration 13/20
[23:12:24] film cr_film_id=1868 name='Joy (2024) CZ Dabing' candidates=1
[23:12:24]   candidate upload_id=6740a7b8d14e3 url=https://prehraj.to/joy-2024-cz-dabing-1080p/6740a7b8d14e3
[23:12:25]   resolved in 1.2s → 1080p (https://pf-storage1.premiumcdn.net/110258993/DletjKTnQhxAUoYfzMiRxTNgf2vF0rhBlhb…)
[23:13:49]   downloaded 1,866.5 MB in 81.6s (22.9 MB/s)
[23:16:04]   upload done video_id=26059570 in 135.4s
[23:16:06] film cr_film_id=1868 OK in 222.4s
[23:16:06] iteration 14/20
[23:16:06] film cr_film_id=1870 name='Války hvězd naruby (1987) CZ Dabing' candidates=5
[23:16:06]   candidate upload_id=66f4f09a86881 url=https://prehraj.to/spaceballs-1987-cz-dabing-fullhd-1080p-komedie-sci-fi-dobrodruzny/66f4f09a86881
[23:16:08]   resolved in 1.4s → 720p (https://pf-storage5.premiumcdn.net/98421602/XlYc3zCmVij9skRi6Dsj9C7vT4qIPZhY2SBZ…)
[23:17:24]   downloaded 1,387.1 MB in 74.8s (18.5 MB/s)
[23:18:42]   upload done video_id=26059660 in 77.4s
[23:18:43] film cr_film_id=1870 OK in 157.3s
[23:18:43] iteration 15/20
[23:18:43] film cr_film_id=1874 name='Přitažlivost zla (2023) CZ Dabing' candidates=2
[23:18:43]   candidate upload_id=66bbdc1bcfef6 url=https://prehraj.to/pritazlivost-zla-2023-czdab/66bbdc1bcfef6
[23:18:45]   resolved in 1.2s → 720p (https://pf-storage3.premiumcdn.net/90507473/bXyFaoumQH7vHR4UNyFVXuqLI4mI1kIpaIlO…)
[23:19:31]   downloaded 964.6 MB in 43.9s (22.0 MB/s)
[23:20:24]   upload done video_id=26059718 in 53.9s
[23:20:26] film cr_film_id=1874 OK in 102.5s
[23:20:26] iteration 16/20
[23:20:26] film cr_film_id=1880 name='Dobrý člověk (2023) CZ Dabing' candidates=1
[23:20:26]   candidate upload_id=6748c5976723b url=https://prehraj.to/dobry-clovek-2023-cz-dab/6748c5976723b
[23:20:27]   resolved in 1.4s → 1080p (https://pf-storage5.premiumcdn.net/113468618/boEtvaFRwIx2HKeFZaUWkF4qflKHoRhwLud…)
[23:21:59]   downloaded 2,055.6 MB in 89.8s (22.9 MB/s)
[23:23:54]   upload done video_id=26059781 in 115.3s
[23:23:56] film cr_film_id=1880 OK in 210.2s
[23:23:56] iteration 17/20
[23:23:56] film cr_film_id=1884 name='Ať vejde ten pravý (2010) CZ Dabing' candidates=4
[23:23:56]   candidate upload_id=58212e1f16bd3 url=https://prehraj.to/at-vejde-ten-pravy-let-me-in-cz-dabing-2010/58212e1f16bd3
[23:23:57]   resolved in 1.2s → 480p (https://pf-storage2.premiumcdn.net/812845/BBdfEXU9LSJ5c3bIl8ie3UMltaAFvPfnXtVAFG…)
[23:24:54]   downloaded 463.1 MB in 54.5s (8.5 MB/s)
[23:25:22]   upload done video_id=26059858 in 27.8s
[23:25:23] film cr_film_id=1884 OK in 87.3s
[23:25:23] iteration 18/20
[23:25:23] film cr_film_id=1888 name='Batman se vrací (1992) CZ Dabing' candidates=2
[23:25:23]   candidate upload_id=7df2003662dda366 url=https://prehraj.to/batman-se-vraci-1992-en-cz-dabing-uhdr-mkv/7df2003662dda366
[23:25:24]   resolve FAILED: HTTP 502 wrapping permanent upstream error: https://prehraj.to/batman-se-vraci-1992-en-cz-dabing-uhdr-mkv/7df2003662dda366 (permanent=True)
[23:25:24]   candidate upload_id=d57407c277c1a543 url=https://prehraj.to/batman-se-vraci-1992-cz-mp4/d57407c277c1a543
[23:25:30]   resolved in 6.3s → 1080p (https://pf-storage1.premiumcdn.net/157052666/96khexUOvHBeHePh26h4LUBoT0XTVZHRbF2…)
[23:28:00]   downloaded 3,449.1 MB in 147.9s (23.3 MB/s)
[23:31:12]   upload done video_id=26059942 in 191.1s
[23:31:13] film cr_film_id=1888 OK in 350.0s
[23:31:13] iteration 19/20
[23:31:13] film cr_film_id=1890 name='NYAD (2023) CZ Dabing' candidates=2
[23:31:13]   candidate upload_id=6544e3fbc6b6a url=https://prehraj.to/nyad-2023-zivotopisny-sportovni-cz-dabing-1080p/6544e3fbc6b6a
[23:31:15]   resolved in 1.2s → 1080p (https://pf-storage1.premiumcdn.net/50502914/E4vHZ4TarUJViZxC8esxDTrouqbUyoUjgI7z…)
[23:33:54]   downloaded 3,777.1 MB in 157.0s (24.1 MB/s)
[23:37:16]   upload done video_id=26060097 in 202.3s
[23:37:17] film cr_film_id=1890 OK in 364.0s
[23:37:17] iteration 20/20
[23:37:17] film cr_film_id=1896 name='Můj románek s manželstvím (2022) CZ Dabing' candidates=3
[23:37:17]   candidate upload_id=64d6ad1389b25 url=https://prehraj.to/muj-romanek-s-manzelstvim-2022-czdabing/64d6ad1389b25
[23:37:19]   resolved in 1.4s → 1080p (https://pf-storage4.premiumcdn.net/43334714/V29iYghyVIMRiajH4NhKVh2MfV7SZDfR9Tda…)
[23:39:08]   downloaded 2,059.0 MB in 107.5s (19.2 MB/s)
[23:41:04]   upload done video_id=26060240 in 115.7s
[23:41:06] film cr_film_id=1896 OK in 228.4s
[23:41:06] batch-end ok=19 failed=1 dur=4708.0s avg/film=247.8s remaining=16732 eta_hours=1151.7

===== run 2026-06-17T23:41:35Z shard=0/2 batch_size=20 (https://github.com/Olbrasoft/prehrajto-to-prehrajto/actions/runs/27726821103) =====
[23:41:36] description overrides loaded: 3732 from /home/runner/work/prehrajto-to-prehrajto/prehrajto-to-prehrajto/state/email-generated-descriptions-v3.jsonl
[23:41:36] batch-start shard=0/2 count=20 backlog=17650 uploads=918 failed_attempts=66 description_overrides=3732
[23:41:36] login
[23:41:38] login done
[23:41:38] iteration 1/20
[23:41:38] film cr_film_id=1904 name='Nebezpečná krása (1998) CZ Dabing' candidates=16
[23:41:38]   candidate upload_id=57d40251436b3 url=https://prehraj.to/nebezpecna-krasa-1998-czdab/57d40251436b3
[23:41:39]   resolved in 1.1s → 480p (https://pf-storage2.premiumcdn.net/639259/8KOiPjHPDhv7hkVUwNInrHONTjrI6PcyRIy6h7…)
[23:42:00]   downloaded 521.9 MB in 19.7s (26.5 MB/s)
[23:42:19]   upload done video_id=26060304 in 18.9s
[23:42:20] film cr_film_id=1904 OK in 42.2s
[23:42:20] iteration 2/20
[23:42:20] film cr_film_id=1906 name='Johnny (2022) CZ Dabing' candidates=2
[23:42:20]   candidate upload_id=67c11d875ffd2 url=https://prehraj.to/jeden-zivot-anthony-hopkins-johnny-flynn-lena-olin-2023-drama-zivotopisny-historicky-bdrip-1080p-cz-dabing/67c11d875ffd2
[23:42:21]   resolved in 0.9s → 1080p (https://pf-storage5.premiumcdn.net/130906562/0vxHLehRmsEpsAysylfpjhzoCj2t8lfeACb…)
[23:43:23]   downloaded 2,228.6 MB in 61.0s (36.5 MB/s)
[23:44:50]   upload done video_id=26060342 in 86.4s
[23:44:51] film cr_film_id=1906 OK in 151.0s
[23:44:51] iteration 3/20
[23:44:51] film cr_film_id=1914 name='Nevyzpytatelné cesty Boží (2022) CZ Dabing' candidates=5
[23:44:51]   candidate upload_id=63963b4ae896f url=https://prehraj.to/nevyzpytatelne-cesty-bozi-2022-czdab/63963b4ae896f
[23:44:52]   resolved in 1.0s → 720p (https://pf-storage5.premiumcdn.net/35332444/xKXFGOHGehEounafxmipoHnMslEuzZfqLujE…)
[23:45:32]   downloaded 1,251.3 MB in 38.3s (32.7 MB/s)
[23:46:36]   upload done video_id=26060399 in 64.4s
[23:46:37] film cr_film_id=1914 OK in 106.5s
[23:46:37] iteration 4/20
[23:46:37] film cr_film_id=1920 name='Predátor: Kořist (2022) CZ Dabing' candidates=8
[23:46:37]   candidate upload_id=d388f019ec6cdde9 url=https://prehraj.to/predator-korist-2022-cz-dab-1080p-mp4/d388f019ec6cdde9
[23:46:38]   resolved in 1.1s → 1080p (https://pf-storage3.premiumcdn.net/167211737/R0oSWYFEeibOipdinwUdmFk7SQbfKYupaIN…)
[23:47:27]   downloaded 1,731.7 MB in 47.1s (36.8 MB/s)
[23:48:45]   upload done video_id=26060449 in 77.9s
[23:48:46] film cr_film_id=1920 OK in 129.0s
[23:48:46] iteration 5/20
[23:48:46] film cr_film_id=1922 name='Loupež století (2020) CZ Dabing' candidates=2
[23:48:46]   candidate upload_id=62f242fa8588a url=https://prehraj.to/loupez-stoleti-2020-cz-dabing-1080p/62f242fa8588a
[23:48:47]   resolved in 1.0s → 720p (https://pf-storage3.premiumcdn.net/32020417/gb2T84cAQuzGH8ah5Au3BcZVhKoT4ZFp7fY0…)
[23:49:40]   downloaded 1,917.9 MB in 51.7s (37.1 MB/s)
[23:50:49]   upload done video_id=26060521 in 68.7s
[23:50:50] film cr_film_id=1922 OK in 123.6s
[23:50:50] iteration 6/20
[23:50:50] film cr_film_id=1924 name='Nezanechat stopy (2021) CZ' candidates=2
[23:50:50]   candidate upload_id=628b52c225ddf url=https://prehraj.to/nezanechat-stopy-zeby-nie-bylo-sladow-leave-no-traces-2021-polish-1080p-bluray-h264-aac-vxt-pl-sk-entit/628b52c225ddf
[23:50:51]   resolved in 0.9s → 720p (https://pf-storage3.premiumcdn.net/30930278/6xOHAkizZTWAuNJUlmtRniRWc1XuolteaIG6…)
[23:52:42]   downloaded 3,141.5 MB in 109.7s (28.6 MB/s)
[23:55:01]   upload done video_id=26060601 in 139.1s
[23:55:02] film cr_film_id=1924 OK in 252.5s
[23:55:02] iteration 7/20
[23:55:02] film cr_film_id=1926 name='Paralelní matky (2021) CZ Dabing' candidates=1
[23:55:02]   candidate upload_id=627eda4295a3b url=https://prehraj.to/paralelni-matky-parallel-mothers-drama-2021-cz-dabing/627eda4295a3b
[23:55:04]   resolved in 1.1s → 480p (https://pf-storage3.premiumcdn.net/30822212/YNzHz6faBuoMharTNdHYEf7oiBpF29H13tM3…)
[23:55:30]   downloaded 694.4 MB in 24.8s (28.0 MB/s)
[23:55:56]   upload done video_id=26060689 in 26.4s
[23:55:57] film cr_film_id=1926 OK in 55.0s
[23:55:57] iteration 8/20
[23:55:57] film cr_film_id=1928 name='Francouzská depeše Liberty, Kansas Evening Sun (2021) CZ Dabing' candidates=2
[23:55:57]   candidate upload_id=6904da9c9304a url=https://prehraj.to/francouzska-depese-liberty-kansas-evening-sun-2021-komedie-romanticky-povidkovy-czdab/6904da9c9304a
[23:55:58]   resolved in 1.0s → 480p (https://pf-storage5.premiumcdn.net/154666782/9RzHE0T3Eio7FMEFrEsxpTpeum4tYZfP8tm…)
[23:56:15]   downloaded 386.4 MB in 15.2s (25.4 MB/s)
[23:56:38]   upload done video_id=26060709 in 22.7s
[23:56:39] film cr_film_id=1928 OK in 41.6s
[23:56:39] iteration 9/20
[23:56:39] film cr_film_id=1936 name='Šiva Baby (2020) CZ Dabing' candidates=2
[23:56:39]   candidate upload_id=61d382479d626 url=https://prehraj.to/shiva-baby-2020-czdab/61d382479d626
[23:56:40]   resolved in 1.0s → 720p (https://pf-storage4.premiumcdn.net/28040277/yVyU8AsxbiEOiebUKDfV5s2GCvmHlGFeVS5B…)
[23:57:16]   downloaded 1,261.2 MB in 34.8s (36.2 MB/s)
[23:58:14]   upload done video_id=26060737 in 57.5s
[23:58:15] film cr_film_id=1936 OK in 96.0s
[23:58:15] iteration 10/20
[23:58:15] film cr_film_id=1940 name='Ladíme! (2012) CZ Dabing' candidates=23
[23:58:15]   candidate upload_id=5c14726186b29 url=https://prehraj.to/ladime-1-cz-dabing-2013-hudebni-komedie-pitch-perfect-1/5c14726186b29
[23:58:16]   resolved in 1.1s → 480p (https://pf-storage2.premiumcdn.net/9493952/gdwT2Vs0pTzdc4oF2ETONspOUNgCqjIe9INbI…)
[23:58:38]   downloaded 711.4 MB in 20.7s (34.4 MB/s)
[23:59:08]   upload done video_id=26060767 in 29.5s
[23:59:09] film cr_film_id=1940 OK in 53.8s
[23:59:09] iteration 11/20
[23:59:09] film cr_film_id=1942 name='Free Guy (2021) CZ Dabing' candidates=10
[23:59:09]   candidate upload_id=6167e8a4bd74a url=https://prehraj.to/freeguy-2021-hd-1080p-cz-dabing-novinka/6167e8a4bd74a
[23:59:10]   resolved in 1.1s → 720p (https://pf-storage5.premiumcdn.net/25512527/6x8TgqU9yfxkc8oC2nT7PUORIX6hqRT8jsv6…)
[00:00:12]   downloaded 2,261.7 MB in 60.2s (37.6 MB/s)
[00:01:42]   upload done video_id=26060808 in 89.9s
[00:01:43] film cr_film_id=1942 OK in 154.1s
[00:01:43] iteration 12/20
[00:01:43] film cr_film_id=1948 name='Zoufalství a naděje (2017) CZ Dabing' candidates=1
[00:01:43]   candidate upload_id=689047b65950e url=https://prehraj.to/zoufalstvi-a-nadeje-2017-czdab/689047b65950e
[00:01:44]   resolved in 1.0s → 720p (https://pf-storage1.premiumcdn.net/142903472/7Jesp8uYRieocyRUleHx2u54IkZfaYHGjCx…)
[00:02:15]   downloaded 705.2 MB in 29.6s (23.8 MB/s)
[00:02:49]   upload done video_id=26060869 in 34.4s
[00:02:51] film cr_film_id=1948 OK in 67.9s
[00:02:51] iteration 13/20
[00:02:51] film cr_film_id=1950 name='Human Traffic (1999) CZ Dabing' candidates=3
[00:02:51]   candidate upload_id=56e1e5b6ef745 url=https://prehraj.to/human-traffic-cz-dabing-1999/56e1e5b6ef745
[00:02:52]   resolved in 1.1s → 480p (https://pf-storage2.premiumcdn.net/40703/094I0VH2QHdnUJMC7pfzyH9OCmxuOViLquKoFaO…)
[00:03:08]   downloaded 504.9 MB in 15.1s (33.4 MB/s)
[00:03:32]   upload done video_id=26060897 in 23.5s
[00:03:33] film cr_film_id=1950 OK in 42.3s
[00:03:33] iteration 14/20
[00:03:33] film cr_film_id=1962 name='Ďábel (2020) CZ' candidates=5
[00:03:33]   candidate upload_id=602bd050dee0f url=https://prehraj.to/dabel-the-devil-all-the-time-2020-1080p-cz-titulky/602bd050dee0f
[00:03:34]   resolved in 1.0s → 1080p (https://pf-storage5.premiumcdn.net/22257926/m43FlySBYuVqC78sEli51SyKT39UxkCAZU31…)
[00:05:36]   downloaded 3,568.2 MB in 120.7s (29.6 MB/s)
[00:09:16]   upload done video_id=26060999 in 220.1s
[00:09:18] film cr_film_id=1962 OK in 344.6s
[00:09:18] iteration 15/20
[00:09:18] film cr_film_id=1968 name='Špatné vychování (2019) CZ Dabing' candidates=1
[00:09:18]   candidate upload_id=5eb1a628da70d url=https://prehraj.to/spatne-vychovani-2019-czdabing/5eb1a628da70d
[00:09:19]   resolved in 1.0s → 720p (https://pf-storage5.premiumcdn.net/16445485/BopiPKsXeIjkSvjHDoS0jsDJIaKuJzsyBhbk…)
[00:10:22]   downloaded 1,848.5 MB in 61.7s (30.0 MB/s)
[00:12:01]   upload done video_id=26061173 in 98.9s
[00:12:02] film cr_film_id=1968 OK in 164.5s
[00:12:02] iteration 16/20
[00:12:02] film cr_film_id=1976 name='Beze stop (2018) CZ Dabing' candidates=8
[00:12:02]   candidate upload_id=5ff2fd7966311 url=https://prehraj.to/beze-stop-cz-dabing-2018-fhd1080p-drama-novinka-samota-bezdomovectvi-svoboda/5ff2fd7966311
[00:12:03]   resolved in 1.1s → 720p (https://pf-storage1.premiumcdn.net/21234852/M2NcL0FeqS81UVWfPNFdPFoWSjDuoQCBQfmM…)
[00:12:54]   downloaded 1,810.0 MB in 49.2s (36.8 MB/s)
[00:14:12]   upload done video_id=26061262 in 78.4s
[00:14:14] film cr_film_id=1976 OK in 131.5s
[00:14:14] iteration 17/20
[00:14:14] film cr_film_id=1982 name='Zátoka ticha (2004) CZ Dabing' candidates=1
[00:14:14]   candidate upload_id=60598afd063a4 url=https://prehraj.to/zatoka-ticha-2004-czdab/60598afd063a4
[00:14:15]   resolved in 1.0s → 1080p (https://pf-storage5.premiumcdn.net/22773671/MNBsDNTkPcX7F7Pix3UxNTegcjvHr0HrLsrP…)
[00:16:03]   downloaded 3,003.7 MB in 106.4s (28.2 MB/s)
[00:18:14]   upload done video_id=26061367 in 131.0s
[00:18:15] film cr_film_id=1982 OK in 241.5s
[00:18:15] iteration 18/20
[00:18:15] film cr_film_id=1984 name='Diagnóza: Šampión (2015) CZ Dabing' candidates=5
[00:18:15]   candidate upload_id=57bccd56ca267 url=https://prehraj.to/diagnoza-sampion-2015-czdabing/57bccd56ca267
[00:18:16]   resolved in 1.0s → 480p (https://pf-storage2.premiumcdn.net/649982/p54IPeHRbCwBUWZI8GCy6HADhJMFONinlFpAFq…)
[00:18:39]   downloaded 574.8 MB in 21.1s (27.2 MB/s)
[00:19:06]   upload done video_id=26061458 in 26.7s
[00:19:07] film cr_film_id=1984 OK in 51.5s
[00:19:07] iteration 19/20
[00:19:07] film cr_film_id=1988 name='Zrodila se Astrid (2018) CZ Dabing' candidates=6
[00:19:07]   candidate upload_id=5c7706f7260f2 url=https://prehraj.to/zrodila-se-astrid-2018-cz-dabing-bst/5c7706f7260f2
[00:19:08]   resolved in 0.9s → 480p (https://pf-storage1.premiumcdn.net/12203278/yjYIBZh49UjLUvntbycNwh5kiDYFoQUkNsDP…)
[00:19:30]   downloaded 575.3 MB in 20.9s (27.5 MB/s)
[00:19:58]   upload done video_id=26061484 in 28.5s
[00:20:00] film cr_film_id=1988 OK in 52.9s
[00:20:00] iteration 20/20
[00:20:00] film cr_film_id=1992 name='O zakletém králi a odvážném Martinovi (2018) CZ Dabing' candidates=5
[00:20:00]   candidate upload_id=61c30b50d2b9b url=https://prehraj.to/o-zakletem-krali-a-odvaznem-martinovi-2018-vianocne-zelanie-cesky-dabing/61c30b50d2b9b
[00:20:01]   resolved in 1.0s → 1080p (https://pf-storage5.premiumcdn.net/27670923/GmxUE2c26cVktAei58foQcoKiElsp5ILZsGK…)
[00:21:25]   downloaded 2,651.4 MB in 83.1s (31.9 MB/s)
[00:23:32]   upload done video_id=26061552 in 127.2s
[00:23:33] film cr_film_id=1992 OK in 213.9s
[00:23:33] batch-end ok=20 failed=0 dur=2515.8s avg/film=125.8s remaining=16712 eta_hours=584.0

===== run 2026-06-18T00:23:57Z shard=0/2 batch_size=20 (https://github.com/Olbrasoft/prehrajto-to-prehrajto/actions/runs/27728447275) =====
[00:23:58] description overrides loaded: 3733 from /home/runner/work/prehrajto-to-prehrajto/prehrajto-to-prehrajto/state/email-generated-descriptions-v3.jsonl
[00:23:58] batch-start shard=0/2 count=20 backlog=17650 uploads=938 failed_attempts=66 description_overrides=3733
[00:23:58] login
[00:23:59] login done
[00:23:59] iteration 1/20
[00:23:59] film cr_film_id=1994 name='Svěrací kazajka (2005) CZ Dabing' candidates=11
[00:23:59]   candidate upload_id=61f99c545b5e5 url=https://prehraj.to/sveraci-kazajka-2005-cz-dab/61f99c545b5e5
[00:24:00]   resolved in 1.0s → 480p (https://pf-storage2.premiumcdn.net/28937046/8rKcyAiPlTneTrJuKJFEKi9Puygt4BCJwHYP…)
[00:24:16]   downloaded 454.5 MB in 14.5s (31.3 MB/s)
[00:24:36]   upload done video_id=26061646 in 19.7s
[00:24:37] film cr_film_id=1994 OK in 37.7s
[00:24:37] iteration 2/20
[00:24:37] film cr_film_id=1996 name='Koleje osudu (2013) CZ Dabing' candidates=6
[00:24:37]   candidate upload_id=5a0a623024010 url=https://prehraj.to/koleje-osudu-2013-bdrip-cz-dabing/5a0a623024010
[00:24:38]   resolved in 1.0s → 480p (https://pf-storage1.premiumcdn.net/2927064/An3szvfG7UjKI07tPAfz2fo4HNAc3Vc1OU6ec…)
[00:25:00]   downloaded 515.7 MB in 20.0s (25.8 MB/s)
[00:25:19]   upload done video_id=26061669 in 19.2s
[00:25:20] film cr_film_id=1996 OK in 42.8s
[00:25:20] iteration 3/20
[00:25:20] film cr_film_id=1998 name='Kostka (1997) CZ Dabing' candidates=14
[00:25:20]   candidate upload_id=67c661f36980b url=https://prehraj.to/kostka-1997-cz-dab-1080p/67c661f36980b
[00:25:21]   resolved in 1.0s → 720p (https://pf-storage5.premiumcdn.net/131266910/6j7cDmI4vTWOhmEHyDfXpIQrCARhaGCjRHk…)
[00:25:51]   downloaded 950.7 MB in 28.3s (33.6 MB/s)
[00:26:26]   upload done video_id=26061710 in 35.5s
[00:26:27] film cr_film_id=1998 OK in 67.3s
[00:26:27] iteration 4/20
[00:26:27] film cr_film_id=2000 name='Muž z oceli (2013) CZ Dabing' candidates=7
[00:26:27]   candidate upload_id=6897a7a81bb1a url=https://prehraj.to/muz-z-oceli-man-of-steel-2013-fullhd-1080p-h264-cz-dabing-ac3-audio-tw1nky/6897a7a81bb1a
[00:26:28]   resolve FAILED: HTTP 502 wrapping permanent upstream error: https://prehraj.to/muz-z-oceli-man-of-steel-2013-fullhd-1080p-h264-cz-dabing-ac3-audio-tw1nky/6897a7a81bb1a (permanent=True)
[00:26:28]   candidate upload_id=68e578947d856 url=https://prehraj.to/muz-z-oceli-2013-cz-dabing-ultra-hd-2160p-4k/68e578947d856
[00:26:34]   resolve FAILED: HTTP 502 wrapping permanent upstream error: https://prehraj.to/muz-z-oceli-2013-cz-dabing-ultra-hd-2160p-4k/68e578947d856 (permanent=True)
[00:26:34]   candidate upload_id=5591291c4ee76 url=https://prehraj.to/muz-s-oceli-2013-cz-dabing/5591291c4ee76
[00:26:40]   resolved in 6.0s → 480p (https://pf-storage6.premiumcdn.net/371182/y25IJOf2JfNGsOAioLsDmfXouYMtDJT6as4QtP…)
[00:27:08]   downloaded 924.7 MB in 27.4s (33.7 MB/s)
[00:27:49]   upload done video_id=26061753 in 41.0s
[00:27:51] film cr_film_id=2000 OK in 83.4s
[00:27:51] iteration 5/20
[00:27:51] film cr_film_id=2002 name='Teheránská tabu (2017) CZ' candidates=2
[00:27:51]   candidate upload_id=5c3b29fd55122 url=https://prehraj.to/teheranska-tabu-animace-2017-2-0-xvid-cz-79-sten-ok/5c3b29fd55122
[00:27:52]   resolved in 1.5s → 480p (https://pf-storage1.premiumcdn.net/10911587/Eg3HOWu6NcBQTEgs8JcWyu36iVwcLBtwecKk…)
[00:28:11]   downloaded 439.3 MB in 17.2s (25.5 MB/s)
[00:28:30]   upload done video_id=26061786 in 18.7s
[00:28:31] film cr_film_id=2002 OK in 40.1s
[00:28:31] iteration 6/20
[00:28:31] film cr_film_id=2006 name='Ženou z boží vůle (2017) CZ' candidates=1
[00:28:31]   candidate upload_id=5c6ef8143b1f4 url=https://prehraj.to/zenou-z-bozi-vule-the-divine-order-mp4/5c6ef8143b1f4
[00:28:32]   resolved in 1.0s → 1080p (https://pf-storage5.premiumcdn.net/12024787/o1oUYeTBkSn8SvpU9BUjXTdNsdZSGqIz1sg4…)
[00:29:49]   downloaded 2,177.3 MB in 76.1s (28.6 MB/s)
[00:31:09]   upload done video_id=26061829 in 79.7s
[00:31:10] film cr_film_id=2006 OK in 159.5s
[00:31:10] iteration 7/20
[00:31:10] film cr_film_id=2008 name='Stážista (2015) CZ Dabing' candidates=13
[00:31:10]   candidate upload_id=5c4c5f09892e5 url=https://prehraj.to/stazista-2015-hdrip-cz-dabing-m3/5c4c5f09892e5
[00:31:11]   resolved in 0.8s → 480p (https://pf-storage1.premiumcdn.net/11358745/pMQHE5fYRt3LfzgIalc1LfYNioPu87SWbHOo…)
[00:31:39]   downloaded 897.6 MB in 26.7s (33.6 MB/s)
[00:32:13]   upload done video_id=26061883 in 34.2s
[00:32:15] film cr_film_id=2008 OK in 64.5s
[00:32:15] iteration 8/20
[00:32:15] film cr_film_id=2012 name='Pretty Woman (1990) CZ Dabing' candidates=4
[00:32:15]   candidate upload_id=668a3d57d671d url=https://prehraj.to/pretty-woman-komedie-romanticky-1990-cz-dab/668a3d57d671d
[00:32:16]   resolved in 1.0s → 480p (https://pf-storage3.premiumcdn.net/82865795/N6MIqdTEDu4MCy2uA4HqVT8OinzsVrSo4FYD…)
[00:32:37]   downloaded 657.1 MB in 19.9s (33.0 MB/s)
[00:33:06]   upload done video_id=26061916 in 29.1s
[00:33:07] film cr_film_id=2012 OK in 52.3s
[00:33:07] iteration 9/20
[00:33:07] film cr_film_id=2020 name='Jumanji (1995) CZ Dabing' candidates=5
[00:33:07]   candidate upload_id=68d2caec44aea url=https://prehraj.to/jumanji-1-1995-cz-dabing-1080p/68d2caec44aea
[00:33:08]   resolved in 0.8s → 720p (https://pf-storage4.premiumcdn.net/148080474/rw5HWJiY3hDEtqBUBoiZNirAcw7t6bTjLcB…)
[00:34:04]   downloaded 1,890.8 MB in 54.8s (34.5 MB/s)
[00:35:31]   upload done video_id=26061967 in 87.5s
[00:35:32] film cr_film_id=2020 OK in 145.2s
[00:35:32] iteration 10/20
[00:35:32] film cr_film_id=2026 name='Kráska a zvíře (2017) CZ Dabing' candidates=24
[00:35:32]   candidate upload_id=5f86aeea30873 url=https://prehraj.to/kraska-a-zvire-beauty-and-the-beast-2017-fullhd-czdabing/5f86aeea30873
[00:35:33]   resolved in 1.1s → 720p (https://pf-storage1.premiumcdn.net/19249334/qdOTNZHMNUkacWQT8Gt2GHa5ce8f9dtg0T2X…)
[00:36:56]   downloaded 2,893.9 MB in 81.0s (35.7 MB/s)
[00:38:51]   upload done video_id=26062060 in 114.9s
[00:38:52] film cr_film_id=2026 OK in 199.6s
[00:38:52] iteration 11/20
[00:38:52] film cr_film_id=2030 name='Spy Game (2001) CZ Dabing' candidates=6
[00:38:52]   candidate upload_id=5ed3402d54c74 url=https://prehraj.to/spy-game-2001-czdabing/5ed3402d54c74
[00:38:53]   resolved in 1.4s → 720p (https://pf-storage5.premiumcdn.net/16716912/VNvT7eS5gtK7sDMh4gSDrSbzCw2hBVhryh1V…)
[00:40:01]   downloaded 2,339.8 MB in 66.1s (35.4 MB/s)
[00:41:28]   upload done video_id=26062142 in 87.5s
[00:41:30] film cr_film_id=2030 OK in 157.7s
[00:41:30] iteration 12/20
[00:41:30] film cr_film_id=2034 name='Dívka, která si hrála s ohněm (2009) CZ Dabing' candidates=21
[00:41:30]   candidate upload_id=677f05ff1cd69 url=https://prehraj.to/divka-ktera-si-hrala-s-ohnem-michael-nyqvist-noomi-rapace-tehilla-blad-2009-mysteriozni-thriller-krimi-drama-bdrip-1080p-cz-dabing/677f05ff1cd69
[00:41:31]   resolved in 1.0s → 1080p (https://pf-storage1.premiumcdn.net/127407407/22BTEYUv1HbGiAeHRBsamUYEtKJi6mSVOIa…)
[00:43:17]   downloaded 3,010.3 MB in 104.6s (28.8 MB/s)
[00:45:07]   upload done video_id=26062228 in 110.7s
[00:45:09] film cr_film_id=2034 OK in 218.9s
[00:45:09] iteration 13/20
[00:45:09] film cr_film_id=2040 name='Něco na té Mary je (1998) CZ' candidates=5
[00:45:09]   candidate upload_id=3811fda566f18f1d url=https://prehraj.to/neco-na-te-mary-je-there-s-something-about-mary-1998-cz-eng-h265-1080phd/3811fda566f18f1d
[00:45:10]   resolved in 1.0s → 720p (https://pf-storage4.premiumcdn.net/167022368/XgqFnrIP2SYOs1WH0QsG0IPMTglsX0I9vue…)
[00:46:15]   downloaded 1,782.0 MB in 64.1s (27.8 MB/s)
[00:47:15]   upload done video_id=26062310 in 60.2s
[00:47:16] film cr_film_id=2040 OK in 127.4s
[00:47:16] iteration 14/20
[00:47:16] film cr_film_id=2042 name='Rande naslepo (2017) CZ Dabing' candidates=16
[00:47:16]   candidate upload_id=59cff755b352e url=https://prehraj.to/rande-naslepo-2017-cz-dab-1080p-bluray-x265/59cff755b352e
[00:47:17]   resolved in 1.0s → 720p (https://pf-storage5.premiumcdn.net/2728840/jW3fVQSYmImVCjBFvNTGqSLlhvAfJAtMKcQos…)
[00:48:11]   downloaded 1,874.4 MB in 53.0s (35.4 MB/s)
[00:49:35]   upload done video_id=26062363 in 84.4s
[00:49:37] film cr_film_id=2042 OK in 140.6s
[00:49:37] iteration 15/20
[00:49:37] film cr_film_id=2044 name='T2 Trainspotting (2017) CZ Dabing' candidates=11
[00:49:37]   candidate upload_id=605fd3ed7b850 url=https://prehraj.to/trainspotting-2-cz-dabing-2017-mhd-bluray-dd5-1-x264-epik-cz-ftu/605fd3ed7b850
[00:49:38]   resolved in 1.0s → 480p (https://pf-storage5.premiumcdn.net/22849026/eOKFbVUYRu0ouWLFejsDgU5rtr3SgmS9nhL0…)
[00:50:06]   downloaded 925.1 MB in 27.4s (33.8 MB/s)
[00:50:49]   upload done video_id=26062420 in 42.4s
[00:50:50] film cr_film_id=2044 OK in 73.2s
[00:50:50] iteration 16/20
[00:50:50] film cr_film_id=2052 name='Uvězněni v čase (2007) CZ Dabing' candidates=6
[00:50:50]   candidate upload_id=656dc785c96b8 url=https://prehraj.to/uvezneni-v-case-timecrimes-1080p-bluray-x264-ac3-cz-dab-2007/656dc785c96b8
[00:50:51]   resolved in 1.0s → 720p (https://pf-storage5.premiumcdn.net/61635953/63dTVluV5Un5IbQhaBtZkuletbZfoBSRZFgE…)
[00:51:51]   downloaded 2,087.9 MB in 58.9s (35.4 MB/s)
[00:53:26]   upload done video_id=26062478 in 94.7s
[00:53:27] film cr_film_id=2052 OK in 157.2s
[00:53:27] iteration 17/20
[00:53:27] film cr_film_id=2054 name='Fontána (2006) CZ Dabing' candidates=6
[00:53:27]   candidate upload_id=93113b4d06d87e7a url=https://prehraj.to/fontana-2006-cz-dabing-1080p-mkv/93113b4d06d87e7a
[00:53:28]   resolved in 0.9s → 720p (https://pf-storage1.premiumcdn.net/157094522/3awI5DUpbS3DUGvFPLUEGUVBHWBTYpu7gTA…)
[00:53:58]   downloaded 971.2 MB in 28.7s (33.8 MB/s)
[00:54:45]   upload done video_id=26062539 in 46.8s
[00:54:46] film cr_film_id=2054 OK in 78.6s
[00:54:46] iteration 18/20
[00:54:46] film cr_film_id=2058 name='Deepwater Horizon: Moře v plamenech (2016) CZ Dabing' candidates=8
[00:54:46]   candidate upload_id=63096cd23cb64 url=https://prehraj.to/more-v-plamenech-2016-ab-1080p-cz-dab/63096cd23cb64
[00:54:47]   resolved in 1.1s → 720p (https://pf-storage3.premiumcdn.net/32454439/7lPt4pcB5fORcawH3NI7vc9ksYltD3HmOfvw…)
[00:55:45]   downloaded 2,033.5 MB in 57.0s (35.7 MB/s)
[00:57:21]   upload done video_id=26062593 in 96.0s
[00:57:22] film cr_film_id=2058 OK in 156.6s
[00:57:22] iteration 19/20
[00:57:22] film cr_film_id=2060 name='Stát vs. Fritz Bauer (2015) CZ' candidates=1
[00:57:22]   candidate upload_id=5ec130be248d5 url=https://prehraj.to/stat-vs-fritz-bauer-drama-nemecko-2015-1080i-ct2-hdtv-h264-2-0-cz-72-sten-ok/5ec130be248d5
[00:57:23]   resolved in 1.0s → 1080p (https://pf-storage3.premiumcdn.net/16567146/bP0syzi92horuzWIMYHZNio7TyMUqVuLrsJB…)
[00:58:32]   downloaded 1,938.0 MB in 67.6s (28.7 MB/s)
[00:59:58]   upload done video_id=26062664 in 85.3s
[00:59:59] film cr_film_id=2060 OK in 156.4s
[00:59:59] iteration 20/20
[00:59:59] film cr_film_id=2062 name='Zázraky z nebe (2016) CZ Dabing' candidates=18
[00:59:59]   candidate upload_id=59c03206ba0b3 url=https://prehraj.to/zazraky-z-nebe-cz-dabing-2016-hd/59c03206ba0b3
[01:00:00]   resolved in 1.1s → 720p (https://pf-storage5.premiumcdn.net/2641726/NJ2UyNTEWIYysMWczohEBTO4U1EIwEfk6CgLI…)
[01:00:48]   downloaded 1,652.6 MB in 47.1s (35.1 MB/s)
[01:01:50]   upload done video_id=26062725 in 62.1s
[01:01:51] film cr_film_id=2062 OK in 112.6s
[01:01:51] batch-end ok=20 failed=0 dur=2271.9s avg/film=113.6s remaining=16692 eta_hours=526.7

===== run 2026-06-18T01:21:15Z shard=0/2 batch_size=20 (https://github.com/Olbrasoft/prehrajto-to-prehrajto/actions/runs/27730457483) =====
[01:21:17] description overrides loaded: 3734 from /home/runner/work/prehrajto-to-prehrajto/prehrajto-to-prehrajto/state/email-generated-descriptions-v3.jsonl
[01:21:17] batch-start shard=0/2 count=20 backlog=17650 uploads=958 failed_attempts=68 description_overrides=3734
[01:21:17] login
[01:21:18] login done
[01:21:18] iteration 1/20
[01:21:18] film cr_film_id=2068 name='Velká vánoční jízda (2011) CZ Dabing' candidates=5
[01:21:18]   candidate upload_id=567780b6b7805 url=https://prehraj.to/velka-vanocni-jizda-2011-cz-dab-anim-pohadka-koko/567780b6b7805
[01:21:19]   resolved in 1.1s → 480p (https://pf-storage2.premiumcdn.net/342258/P89fawh4yHMPfj1i09UzRh8QcwYtx8He7TzJUy…)
[01:21:51]   downloaded 820.3 MB in 30.4s (27.0 MB/s)
[01:22:27]   upload done video_id=26063234 in 36.1s
[01:22:28] film cr_film_id=2068 OK in 70.3s
[01:22:28] iteration 2/20
[01:22:28] film cr_film_id=2072 name='Kosti a skalp (2015) CZ Dabing' candidates=32
[01:22:28]   candidate upload_id=58aad9859866b url=https://prehraj.to/kosti-a-skalpbone-tomahawk-2015-1080p-cz-dabing/58aad9859866b
[01:22:31]   resolved in 2.4s → 720p (https://pf-storage5.premiumcdn.net/1724358/82kIxoUKecgkTx2tjqh01UYJH9Oc27F27H9yh…)
[01:23:50]   downloaded 2,197.2 MB in 78.0s (28.2 MB/s)
[01:25:15]   upload done video_id=26063284 in 85.1s
[01:25:16] film cr_film_id=2072 OK in 168.1s
[01:25:16] iteration 3/20
[01:25:16] film cr_film_id=2074 name='Bhópál: Modlitba za déšť (2014) CZ Dabing' candidates=1
[01:25:16]   candidate upload_id=5945a8c581454 url=https://prehraj.to/bhopal-modlitba-za-dest-2014-cz-dabing/5945a8c581454
[01:25:17]   resolved in 1.0s → 1080p (https://pf-storage1.premiumcdn.net/2361616/j8wFpgsO0cZGTY4sadC0aspVH9MtXjTKQi4YU…)
[01:26:51]   downloaded 2,607.2 MB in 91.6s (28.5 MB/s)
[01:28:28]   upload done video_id=26063350 in 97.2s
[01:28:29] film cr_film_id=2074 OK in 192.8s
[01:28:29] iteration 4/20
[01:28:29] film cr_film_id=2078 name='Kung Fu Panda 3 (2016) CZ Dabing' candidates=1
[01:28:29]   candidate upload_id=57f5ea9a9cc4d url=https://prehraj.to/vo-stvorici-po-opici-3-cz-dabing-2013/57f5ea9a9cc4d
[01:28:30]   resolved in 1.0s → 480p (https://pf-storage4.premiumcdn.net/672617/G0JUA3iZMte6um7FzeSPLiR2sD7IdgCbWFwptl…)
[01:28:51]   downloaded 625.2 MB in 19.4s (32.2 MB/s)
[01:29:15]   upload done video_id=26063402 in 24.1s
[01:29:16] film cr_film_id=2078 OK in 46.7s
[01:29:16] iteration 5/20
[01:29:16] film cr_film_id=2082 name='Angel-A (2005) CZ Dabing' candidates=1
[01:29:16]   candidate upload_id=602017368442c url=https://prehraj.to/angel-a-2005-czdab/602017368442c
[01:29:17]   resolved in 1.0s → 720p (https://pf-storage5.premiumcdn.net/22047006/kW6uvZSZ8u6OiDLCLpFOdS8pfWVFXWTqytk2…)
[01:30:12]   downloaded 1,485.5 MB in 52.9s (28.1 MB/s)
[01:31:23]   upload done video_id=26063438 in 71.1s
[01:31:24] film cr_film_id=2082 OK in 127.8s
[01:31:24] iteration 6/20
[01:31:24] film cr_film_id=2086 name='Okrsek 13 (2004) CZ Dabing' candidates=28
[01:31:24]   candidate upload_id=6806070df21c2 url=https://prehraj.to/okrsek-13-2004-cz-dab-1080p/6806070df21c2
[01:31:25]   resolved in 1.2s → 720p (https://pf-storage1.premiumcdn.net/135761474/jvQfgZSRYhB5T9XtQzTd7So9hpqTa4cMvIE…)
[01:32:17]   downloaded 1,790.6 MB in 50.6s (35.4 MB/s)
[01:33:35]   upload done video_id=26063495 in 77.8s
[01:33:36] film cr_film_id=2086 OK in 131.9s
[01:33:36] iteration 7/20
[01:33:36] film cr_film_id=2088 name='Den před krizí (2011) CZ Dabing' candidates=1
[01:33:36]   candidate upload_id=5d0d2c4d41e45 url=https://prehraj.to/margin-call-2012-czdab-by-fidlatko/5d0d2c4d41e45
[01:33:37]   resolved in 1.0s → 480p (https://pf-storage5.premiumcdn.net/14030946/l69hlduQPHYoirgFLwiGZuP7sQzf8xhXPipv…)
[01:33:51]   downloaded 390.8 MB in 12.7s (30.8 MB/s)
[01:34:07]   upload done video_id=26063535 in 15.9s
[01:34:08] film cr_film_id=2088 OK in 32.3s
[01:34:08] iteration 8/20
[01:34:08] film cr_film_id=2090 name='Rychle a zběsile 7 (2015) CZ Dabing' candidates=15
[01:34:08]   candidate upload_id=3d348b64111fffa1 url=https://prehraj.to/rychle-a-zbesile-7-2015-cz-dabing-full-hd-akcni-top-mp4/3d348b64111fffa1
[01:34:09]   resolved in 1.1s → 720p (https://pf-storage4.premiumcdn.net/166053572/0g2f0dHXvczBSoviOXFm0HKzfmXSq3C0ef9…)
[01:35:41]   downloaded 3,253.9 MB in 90.9s (35.8 MB/s)
[01:37:46]   upload done video_id=26063584 in 124.6s
[01:37:47] film cr_film_id=2090 OK in 219.2s
[01:37:47] iteration 9/20
[01:37:47] film cr_film_id=2092 name='Croodsovi (2013) CZ Dabing' candidates=43
[01:37:47]   candidate upload_id=6720cf4dd111f url=https://prehraj.to/croodsovi-2013-animovany-dobrodruzny-komedie-rodinny-bdrip-1080p-cz-dabing/6720cf4dd111f
[01:37:48]   resolved in 1.1s → 720p (https://pf-storage5.premiumcdn.net/104602040/GmnF8DIkrTBYiQVCg6UWlI0ySXwULlhKeHl…)
[01:38:37]   downloaded 1,668.5 MB in 47.3s (35.3 MB/s)
[01:40:00]   upload done video_id=26063667 in 82.9s
[01:40:01] film cr_film_id=2092 OK in 134.1s
[01:40:01] iteration 10/20
[01:40:01] film cr_film_id=2094 name='Ledová archa (2013) CZ Dabing' candidates=9
[01:40:01]   candidate upload_id=5c4be3aa619bd url=https://prehraj.to/ledova-archa-2013-bdrip-cz-dabing/5c4be3aa619bd
[01:40:05]   resolved in 4.0s → 720p (https://pf-storage5.premiumcdn.net/11340997/8o3Imrfj1i9LCg1fP8fqvfnxiLJTy7C9ZhJk…)
[01:40:56]   downloaded 1,374.6 MB in 49.6s (27.7 MB/s)
[01:41:45]   upload done video_id=26063742 in 48.4s
[01:41:46] film cr_film_id=2094 OK in 104.8s
[01:41:46] iteration 11/20
[01:41:46] film cr_film_id=2098 name='Zabijáci (2014) CZ Dabing' candidates=3
[01:41:46]   candidate upload_id=5793cdee2c538 url=https://prehraj.to/zabijaci-fasandraeberne-2014-cz-dabing/5793cdee2c538
[01:41:47]   resolved in 1.0s → 480p (https://pf-storage2.premiumcdn.net/188460/onKSResemUx8HMmHwkib1sdVUzOT23uXRSmLUl…)
[01:42:03]   downloaded 340.9 MB in 14.6s (23.4 MB/s)
[01:42:17]   upload done video_id=26063775 in 14.3s
[01:42:18] film cr_film_id=2098 OK in 32.4s
[01:42:18] iteration 12/20
[01:42:18] film cr_film_id=2100 name='Zkurvená noc (2003) CZ Dabing' candidates=4
[01:42:18]   candidate upload_id=55f4528be930e url=https://prehraj.to/zkurvena-noc-2003-czdab/55f4528be930e
[01:42:20]   resolved in 1.1s → 480p (https://pf-storage2.premiumcdn.net/300595/YXQUgKCjBTXMurNHprhGPCK2FLzHdNc6KHGruj…)
[01:42:38]   downloaded 427.6 MB in 17.0s (25.2 MB/s)
[01:42:56]   upload done video_id=26063785 in 18.4s
[01:42:57] film cr_film_id=2100 OK in 38.7s
[01:42:57] iteration 13/20
[01:42:57] film cr_film_id=2102 name='Základní instinkt (1992) CZ Dabing' candidates=8
[01:42:57]   candidate upload_id=68430f747dd14 url=https://prehraj.to/zakladni-instinkt-1992-1080p-cz-dab/68430f747dd14
[01:42:58]   resolved in 1.2s → 720p (https://pf-storage5.premiumcdn.net/139342496/oPNcaYS6nTqoHg6SV3C4YSJXS9Afqyhv0CY…)
[01:44:17]   downloaded 2,215.8 MB in 76.9s (28.8 MB/s)
[01:45:45]   upload done video_id=26063831 in 88.5s
[01:45:46] film cr_film_id=2102 OK in 169.4s
[01:45:46] iteration 14/20
[01:45:46] film cr_film_id=2108 name='Duch (1990) CZ Dabing' candidates=2
[01:45:46]   candidate upload_id=687afd17550e5 url=https://prehraj.to/the-ghost-1990-patrick-swayze-demi-moore-czdab/687afd17550e5
[01:45:47]   resolve FAILED: HTTP 502 wrapping permanent upstream error: https://prehraj.to/the-ghost-1990-patrick-swayze-demi-moore-czdab/687afd17550e5 (permanent=True)
[01:45:47]   candidate upload_id=2887fd36a62d7cf0 url=https://prehraj.to/ghost-1990-duch-czdab-m-mkv/2887fd36a62d7cf0
[01:45:53]   resolved in 6.0s → 1080p (https://pf-storage5.premiumcdn.net/168682780/VY8fdQsjmiB6Ij1SlJU78s81C0lSy9fgwTZ…)
[01:47:08]   downloaded 2,628.6 MB in 73.4s (35.8 MB/s)
[01:48:49]   upload done video_id=26063896 in 100.6s
[01:48:50] film cr_film_id=2108 OK in 183.7s
[01:48:50] iteration 15/20
[01:48:50] film cr_film_id=2112 name='Odpad (2014) CZ Dabing' candidates=2
[01:48:50]   candidate upload_id=55920a14b4feb url=https://prehraj.to/odpad-2014-cz-dabing-thriller-drama-dobrodruzny/55920a14b4feb
[01:48:51]   resolved in 1.1s → 480p (https://pf-storage2.premiumcdn.net/430932/mQxUdmCextYpIyaToxhQXCRYizncrotMbtoecd…)
[01:49:18]   downloaded 647.4 MB in 24.9s (26.0 MB/s)
[01:49:51]   upload done video_id=26063953 in 33.5s
[01:49:53] film cr_film_id=2112 OK in 62.5s
[01:49:53] iteration 16/20
[01:49:53] film cr_film_id=2114 name='Transformers (2007) CZ Dabing' candidates=4
[01:49:53]   candidate upload_id=641f550263879 url=https://prehraj.to/transformers-1-1080p-cz-dab-2007/641f550263879
[01:49:53]   resolved in 0.7s → 1080p (https://pf-storage5.premiumcdn.net/38689795/DA8fekIGdF5GHkmc15tGqI7ms28urKcl6UdY…)
[01:52:15]   downloaded 5,063.3 MB in 139.6s (36.3 MB/s)
[01:56:15]   upload done video_id=26064043 in 240.7s
[01:56:17] film cr_film_id=2114 OK in 384.2s
[01:56:17] iteration 17/20
[01:56:17] film cr_film_id=2116 name='Maléry pana účetního (1980) CZ Dabing' candidates=3
[01:56:17]   candidate upload_id=60d457ecb0aa8 url=https://prehraj.to/malery-pana-ucetniho-1980-1080p-cz-dab/60d457ecb0aa8
[01:56:18]   resolved in 1.1s → 720p (https://pf-storage5.premiumcdn.net/24015519/RQaFg7uo3Cb0tJGIAkIQburetpjSMGivjH0m…)
[01:57:14]   downloaded 1,948.8 MB in 54.8s (35.6 MB/s)
[01:58:35]   upload done video_id=26064193 in 80.7s
[01:58:36] film cr_film_id=2116 OK in 139.0s
[01:58:36] iteration 18/20
[01:58:36] film cr_film_id=2118 name='Konkurs (1999) CZ' candidates=1
[01:58:36]   candidate upload_id=6368bb29af63c url=https://prehraj.to/konkurz-na-smrt-audition-odishon-jap-1999-takasi-miike-1080p-bluray-jap-ac3-en-cz-sub/6368bb29af63c
[01:58:37]   resolved in 1.0s → 1080p (https://pf-storage3.premiumcdn.net/34338082/peMTYyFlJtKyuN7ClQsO2FmBuQpUywUezcoV…)
[02:00:15]   downloaded 3,452.7 MB in 96.1s (35.9 MB/s)
[02:02:26]   upload done video_id=26064280 in 131.7s
[02:02:27] film cr_film_id=2118 OK in 231.6s
[02:02:27] iteration 19/20
[02:02:27] film cr_film_id=2120 name='Snílci (2003) CZ Dabing' candidates=1
[02:02:27]   candidate upload_id=4c557b1e392ae2f4 url=https://prehraj.to/snilci-2003-cz-dab-2160p/4c557b1e392ae2f4
[02:02:29]   resolved in 1.1s → 1080p (https://pf-storage3.premiumcdn.net/169203601/MdpSOnT2MTW7IrWuPOTr8TwvuDEUGyC2VIB…)
[02:03:42]   downloaded 2,594.2 MB in 72.1s (36.0 MB/s)
[02:05:40]   upload done video_id=26064371 in 117.6s
[02:05:41] film cr_film_id=2120 OK in 193.8s
[02:05:41] iteration 20/20
[02:05:41] film cr_film_id=2122 name='Adam (2009) CZ Dabing' candidates=2
[02:05:41]   candidate upload_id=59c6710b52ef0 url=https://prehraj.to/adam-2009-cz-dabing/59c6710b52ef0
[02:05:42]   resolved in 1.0s → 480p (https://pf-storage4.premiumcdn.net/2684148/Z7xsAeTxjI1RsDdipkfjeTo4U2QU7AhQqH63t…)
[02:05:55]   downloaded 322.9 MB in 10.8s (29.9 MB/s)
[02:06:09]   upload done video_id=26064421 in 14.8s
[02:06:10] film cr_film_id=2122 OK in 29.1s
[02:06:10] batch-end ok=20 failed=0 dur=2692.3s avg/film=134.6s remaining=16672 eta_hours=623.3

===== run 2026-06-18T02:06:48Z shard=0/2 batch_size=20 (https://github.com/Olbrasoft/prehrajto-to-prehrajto/actions/runs/27732015263) =====
[02:06:49] description overrides loaded: 3735 from /home/runner/work/prehrajto-to-prehrajto/prehrajto-to-prehrajto/state/email-generated-descriptions-v3.jsonl
[02:06:49] batch-start shard=0/2 count=20 backlog=17650 uploads=978 failed_attempts=69 description_overrides=3735
[02:06:49] login
[02:06:51] login done
[02:06:51] iteration 1/20
[02:06:51] film cr_film_id=2126 name='Blade (1998) CZ Dabing' candidates=21
[02:06:51]   candidate upload_id=6381c1853d002 url=https://prehraj.to/blade-1998-akcni-cz-dab-dd5-1-1080p-hd/6381c1853d002
[02:06:52]   resolved in 1.3s → 1080p (https://pf-storage1.premiumcdn.net/34848532/QvAfDzHpaTNAsxMtwJsBDHweSo8Taxto1TWV…)
[02:08:45]   downloaded 3,425.6 MB in 111.2s (30.8 MB/s)
[02:11:20]   upload done video_id=26064504 in 154.9s
[02:11:22] film cr_film_id=2126 OK in 271.1s
[02:11:22] iteration 2/20
[02:11:22] film cr_film_id=2130 name='Rocky Balboa (2006) CZ Dabing' candidates=14
[02:11:22]   candidate upload_id=56f3cc5ef40af url=https://prehraj.to/rocky-6-rocky-balboa-6-2006-cz-dabing/56f3cc5ef40af
[02:11:23]   resolved in 1.0s → 480p (https://pf-storage2.premiumcdn.net/20336/0npFGETWJSZnhK9T6YIb4TZ9t4OSGkH5VseMFg0…)
[02:12:03]   downloaded 854.2 MB in 38.0s (22.5 MB/s)
[02:12:42]   upload done video_id=26064592 in 39.6s
[02:12:44] film cr_film_id=2130 OK in 81.8s
[02:12:44] iteration 3/20
[02:12:44] film cr_film_id=2132 name='Navěky silný (2008) CZ Dabing' candidates=5
[02:12:44]   candidate upload_id=577555774fc1c url=https://prehraj.to/forever-strong-2008-cz-dabing/577555774fc1c
[02:12:45]   resolved in 1.1s → 480p (https://pf-storage5.premiumcdn.net/150511/PMQTobu6QSg9sXKfyJfyDumvH17creCg1IBXf4…)
[02:13:16]   downloaded 700.6 MB in 30.1s (23.3 MB/s)
[02:13:47]   upload done video_id=26064623 in 31.3s
[02:13:49] film cr_film_id=2132 OK in 65.0s
[02:13:49] iteration 4/20
[02:13:49] film cr_film_id=2134 name='Lukostřelci (2011) CZ Dabing' candidates=3
[02:13:49]   candidate upload_id=58213d8eaf347 url=https://prehraj.to/lukostrelci-2011-cz-dabing/58213d8eaf347
[02:13:50]   resolved in 1.0s → 480p (https://pf-storage2.premiumcdn.net/813095/91XU6eiwEhMBuqDUeKfEbil1cDyCBwsM1cQEFR…)
[02:14:24]   downloaded 787.3 MB in 32.8s (24.0 MB/s)
[02:15:07]   upload done video_id=26064650 in 42.9s
[02:15:08] film cr_film_id=2134 OK in 79.3s
[02:15:08] iteration 5/20
[02:15:08] film cr_film_id=2136 name='Králové léta (2013) CZ Dabing' candidates=3
[02:15:08]   candidate upload_id=5d5d0fe14ed69 url=https://prehraj.to/kralove-leta-komedie-cz-dab-2013-jad/5d5d0fe14ed69
[02:15:09]   resolved in 0.8s → 720p (https://pf-storage1.premiumcdn.net/14657616/7pBfJViXOUwGu0McRjuJWixLhkdc6bcmwTVd…)
[02:16:20]   downloaded 2,103.4 MB in 70.3s (29.9 MB/s)
[02:18:12]   upload done video_id=26064696 in 111.7s
[02:18:13] film cr_film_id=2136 OK in 185.5s
[02:18:13] iteration 6/20
[02:18:13] film cr_film_id=2144 name='Vzpomínky (2006) CZ Dabing' candidates=30
[02:18:13]   candidate upload_id=59ec9d77e6658 url=https://prehraj.to/deja-vu-cz-dabing-2006-akcni-vzpominky-denzel-washington/59ec9d77e6658
[02:18:15]   resolved in 1.2s → 720p (https://pf-storage5.premiumcdn.net/2828044/epjhwaUeEi3WUd8SJLIEJUkBIxeinzhznFxEF…)
[02:19:12]   downloaded 1,674.8 MB in 56.0s (29.9 MB/s)
[02:20:38]   upload done video_id=26064771 in 85.3s
[02:20:39] film cr_film_id=2144 OK in 145.6s
[02:20:39] iteration 7/20
[02:20:39] film cr_film_id=2148 name='Kruh (2002) CZ Dabing' candidates=18
[02:20:39]   candidate upload_id=5668bd12732b8 url=https://prehraj.to/kruh-2002-cz-dabing/5668bd12732b8
[02:20:40]   resolved in 1.3s → 480p (https://pf-storage2.premiumcdn.net/508602/9DJUKEI3yfV0uJLi9zSWMIjbFxqt37SZlsjbck…)
[02:20:52]   downloaded 255.4 MB in 10.0s (25.5 MB/s)
[02:21:05]   upload done video_id=26064812 in 12.5s
[02:21:06] film cr_film_id=2148 OK in 27.0s
[02:21:06] iteration 8/20
[02:21:06] film cr_film_id=2150 name='Ocelová pěst (2011) CZ Dabing' candidates=58
[02:21:06]   candidate upload_id=588b77afdfbb1 url=https://prehraj.to/ocelova-pest-2011-hdrip-cz-dabing-m3/588b77afdfbb1
[02:21:08]   resolved in 2.2s → 480p (https://pf-storage2.premiumcdn.net/1545327/nrbsO1HKZSmoh5MCV1CbXH9vt1ahoBFPgSEyC…)
[02:21:41]   downloaded 957.6 MB in 31.4s (30.5 MB/s)
[02:22:20]   upload done video_id=26064830 in 38.9s
[02:22:21] film cr_film_id=2150 OK in 75.2s
[02:22:21] iteration 9/20
[02:22:21] film cr_film_id=2152 name='Poslední údolí (1971) CZ Dabing' candidates=3
[02:22:21]   candidate upload_id=5a96d58a7a946 url=https://prehraj.to/posledni-udoli-dobrodruzny-cz-dab-1970-jad/5a96d58a7a946
[02:22:22]   resolved in 1.0s → 480p (https://pf-storage5.premiumcdn.net/3504662/WwPt5bce0uMGtmYIgXTKGc0ouVQIl4FmeI0qH…)
[02:22:55]   downloaded 745.2 MB in 31.0s (24.0 MB/s)
[02:23:49]   upload done video_id=26064859 in 54.1s
[02:23:51] film cr_film_id=2152 OK in 89.3s
[02:23:51] iteration 10/20
[02:23:51] film cr_film_id=2156 name='Zběsilá láska (2024) CZ Dabing' candidates=2
[02:23:51]   candidate upload_id=f263084211336006 url=https://prehraj.to/zbesila-laska-2024-cz-dab-1080p/f263084211336006
[02:23:52]   resolved in 1.2s → 1080p (https://pf-storage3.premiumcdn.net/157028735/RZnTG3IP2hvBhNVFe8fv4ImPCQGTEquNBs2…)
[02:26:21]   downloaded 3,623.1 MB in 147.5s (24.6 MB/s)
[02:28:47]   upload done video_id=26064937 in 146.6s
[02:28:49] film cr_film_id=2156 OK in 298.6s
[02:28:49] iteration 11/20
[02:28:49] film cr_film_id=2160 name='Superman (2025) CZ Dabing' candidates=3
[02:28:49]   candidate upload_id=6907235ecddc5 url=https://prehraj.to/superman-2025-cz-dabing-hd-1080p/6907235ecddc5
[02:28:52]   resolve FAILED: HTTP 502 wrapping permanent upstream error: https://prehraj.to/superman-2025-cz-dabing-hd-1080p/6907235ecddc5 (permanent=True)
[02:28:52]   candidate upload_id=68a33886976f9 url=https://prehraj.to/superman-akcni-dobrodruzny-fantasy-2025-cz-dab/68a33886976f9
[02:28:57]   resolve FAILED: HTTP 502 wrapping permanent upstream error: https://prehraj.to/superman-akcni-dobrodruzny-fantasy-2025-cz-dab/68a33886976f9 (permanent=True)
[02:28:57]   candidate upload_id=68fbab5f92136 url=https://prehraj.to/superman-akcni-2025-cz-dabing-top-kvalita/68fbab5f92136
[02:29:03]   resolved in 6.0s → 720p (https://pf-storage4.premiumcdn.net/153236073/Zoxs0Bf3VT6OHGziENHGJfVjFNjHm6uaMCD…)
[02:30:14]   downloaded 2,131.1 MB in 68.6s (31.1 MB/s)
[02:31:44]   upload done video_id=26065040 in 90.2s
[02:31:45] film cr_film_id=2160 OK in 176.1s
[02:31:45] iteration 12/20
[02:31:45] film cr_film_id=2166 name='Austin Powers: Špionátor (1997) CZ' candidates=1
[02:31:45]   candidate upload_id=5a906bc32e779 url=https://prehraj.to/austin-powers-spionator-1997/5a906bc32e779
[02:31:46]   resolved in 1.1s → 480p (https://pf-storage1.premiumcdn.net/3464120/pXVIEYuqDTwMHAqToDhWJuPkcmwSB4Sr4CXwI…)
[02:32:11]   downloaded 526.9 MB in 23.3s (22.6 MB/s)
[02:32:37]   upload done video_id=26065089 in 25.6s
[02:32:39] film cr_film_id=2166 OK in 53.3s
[02:32:39] iteration 13/20
[02:32:39] film cr_film_id=2168 name='Red (2010) CZ Dabing' candidates=24
[02:32:39]   candidate upload_id=684410ddea270 url=https://prehraj.to/red-dog-psi-legenda-josh-lucas-koko-rachael-taylor-2011-komedie-drama-rodinny-romanticky-zivotopisny-bdrip-1080p-en-cz-dabing/684410ddea270
[02:32:40]   resolved in 1.1s → 1080p (https://pf-storage3.premiumcdn.net/139384766/GYbTKvfzBu3dfVet80uyNfERI8PCYaSxwu2…)
[02:34:00]   downloaded 2,444.1 MB in 78.7s (31.1 MB/s)
[02:35:47]   upload done video_id=26065135 in 107.0s
[02:35:48] film cr_film_id=2168 OK in 189.3s
[02:35:48] iteration 14/20
[02:35:48] film cr_film_id=2174 name='Saltburn (2023) CZ Dabing' candidates=2
[02:35:48]   candidate upload_id=67dd3fc8985ba url=https://prehraj.to/saltburn-2023-cz-dabing-1080p/67dd3fc8985ba
[02:35:49]   resolved in 1.3s → 1080p (https://pf-storage3.premiumcdn.net/132905141/epnTEbI8RCJZUqDiB2IR2IyNivaSomigWSg…)
[02:36:56]   downloaded 2,040.1 MB in 65.7s (31.1 MB/s)
[02:38:25]   upload done video_id=26065199 in 89.0s
[02:38:27] film cr_film_id=2174 OK in 158.9s
[02:38:27] iteration 15/20
[02:38:27] film cr_film_id=2176 name='Třinácté patro (1999) CZ' candidates=3
[02:38:27]   candidate upload_id=6367ea467b928 url=https://prehraj.to/trinacte-patro-1999-cz-1080p/6367ea467b928
[02:38:28]   resolved in 1.1s → 720p (https://pf-storage3.premiumcdn.net/34326139/JbdhmwIV4H6gTr4sKVC4JIl8t8KcyjSpBSVP…)
[02:39:26]   downloaded 1,409.2 MB in 56.4s (25.0 MB/s)
[02:40:27]   upload done video_id=26065250 in 60.7s
[02:40:29] film cr_film_id=2176 OK in 122.0s
[02:40:29] iteration 16/20
[02:40:29] film cr_film_id=2180 name='Jackass 3 (2010) CZ Dabing' candidates=1
[02:40:29]   candidate upload_id=e1fbbf49875db60d url=https://prehraj.to/jackass-3-ohnny-knoxville-bam-margera-steve-o-2010-komedie-akcni-bdrip-1080p-cz-dabing/e1fbbf49875db60d
[02:40:29]   resolve FAILED: HTTP 502 wrapping permanent upstream error: https://prehraj.to/jackass-3-ohnny-knoxville-bam-margera-steve-o-2010-komedie-akcni-bdrip-1080p-cz-dabing/e1fbbf49875db60d (permanent=True)
[02:40:29] film cr_film_id=2180 all candidates exhausted
[02:40:29] iteration 17/20
[02:40:29] film cr_film_id=2184 name='Porotce č. 2 (2024) CZ Dabing' candidates=2
[02:40:29]   candidate upload_id=67714da990c13 url=https://prehraj.to/porotce-c-2-2024-cz-dabing-4k-uhd-hdr-dv/67714da990c13
[02:40:35]   resolved in 6.1s → 720p (https://pf-storage1.premiumcdn.net/126791039/7V8iQpFOZtjLHv5Iy3UZkF2aI0Vhn7IbZUJ…)
[02:41:20]   downloaded 1,304.0 MB in 42.8s (30.5 MB/s)
[02:42:14]   upload done video_id=26065293 in 54.0s
[02:42:15] film cr_film_id=2184 OK in 105.9s
[02:42:15] iteration 18/20
[02:42:15] film cr_film_id=2186 name='Barbar (2022) CZ Dabing' candidates=5
[02:42:15]   candidate upload_id=671cf0af70ba6 url=https://prehraj.to/barbarian-2022-cz-dabing-1080p/671cf0af70ba6
[02:42:16]   resolved in 1.0s → 1080p (https://pf-storage3.premiumcdn.net/104052680/pwRHRNs7ZT8KTwOTd6S5ksqJu5Rt7JHRlHL…)
[02:43:08]   downloaded 1,566.9 MB in 50.1s (31.3 MB/s)
[02:44:14]   upload done video_id=26065331 in 65.6s
[02:44:15] film cr_film_id=2186 OK in 119.7s
[02:44:15] iteration 19/20
[02:44:15] film cr_film_id=2188 name='Nemravné dopisy (2023) CZ Dabing' candidates=2
[02:44:15]   candidate upload_id=14920cb2c7f83674 url=https://prehraj.to/nemravne-dopisy-2023-cz-dab-1080p/14920cb2c7f83674
[02:44:16]   resolve FAILED: HTTP 502 wrapping permanent upstream error: https://prehraj.to/nemravne-dopisy-2023-cz-dab-1080p/14920cb2c7f83674 (permanent=True)
[02:44:16]   candidate upload_id=9059ee2041379089 url=https://prehraj.to/nemravne-dopisy-2023-cz-dab-1080p-mp4/9059ee2041379089
[02:44:21]   resolve FAILED: HTTP 502 wrapping permanent upstream error: https://prehraj.to/nemravne-dopisy-2023-cz-dab-1080p-mp4/9059ee2041379089 (permanent=True)
[02:44:21] film cr_film_id=2188 all candidates exhausted
[02:44:21] iteration 20/20
[02:44:21] film cr_film_id=2192 name='Občanská válka (2024) CZ Dabing' candidates=3
[02:44:21]   candidate upload_id=68b0112e43791 url=https://prehraj.to/obcanska-valka-2024-cz-dabing-uhdr-dv-4k-2160p/68b0112e43791
[02:44:27]   resolved in 5.9s → 1080p (https://pf-storage4.premiumcdn.net/144794997/PMziV2sLNiVEIJgUQycWLsM8t8XsWMfLjI1…)
[02:45:29]   downloaded 1,880.5 MB in 60.8s (30.9 MB/s)
[02:46:58]   upload done video_id=26065380 in 89.2s
[02:47:00] film cr_film_id=2192 OK in 158.4s
[02:47:00] batch-end ok=18 failed=2 dur=2409.0s avg/film=133.8s remaining=16654 eta_hours=619.0

===== run 2026-06-18T02:53:13Z shard=0/2 batch_size=20 (https://github.com/Olbrasoft/prehrajto-to-prehrajto/actions/runs/27733544576) =====
[02:53:15] description overrides loaded: 3735 from /home/runner/work/prehrajto-to-prehrajto/prehrajto-to-prehrajto/state/email-generated-descriptions-v3.jsonl
[02:53:15] batch-start shard=0/2 count=20 backlog=17650 uploads=996 failed_attempts=74 description_overrides=3735
[02:53:15] login
[02:53:17] login done
[02:53:17] iteration 1/20
[02:53:17] film cr_film_id=2194 name='Lidumilná upírka hledá nezadaného sebevraha (2023) CZ' candidates=1
[02:53:17]   candidate upload_id=66c1cfbb070b1 url=https://prehraj.to/lidumilna-upirka-hleda-nezadaneho-sebevraha-2023-cz-dabing-720p/66c1cfbb070b1
[02:53:18]   resolved in 1.2s → 720p (https://pf-storage4.premiumcdn.net/91275095/EbLFwRfjXiKjuMlTvEhavfAMuXYSbQHEjSpN…)
[02:53:41]   downloaded 463.3 MB in 21.4s (21.6 MB/s)
[02:54:09]   upload done video_id=26065551 in 27.2s
[02:54:10] film cr_film_id=2194 OK in 53.3s
[02:54:10] iteration 2/20
[02:54:10] film cr_film_id=2200 name='Rivalové (2024) CZ Dabing' candidates=5
[02:54:10]   candidate upload_id=0deb3a85d7ee3c86 url=https://prehraj.to/rivalove-2024-cz-dab-1080p/0deb3a85d7ee3c86
[02:54:11]   resolved in 1.3s → 720p (https://pf-storage5.premiumcdn.net/168388939/vaefZmuObS8oIQ5CWPhXZuDjCvmc93I7xUX…)
[02:55:13]   downloaded 1,679.9 MB in 59.8s (28.1 MB/s)
[02:56:46]   upload done video_id=26065581 in 92.7s
[02:56:47] film cr_film_id=2200 OK in 157.1s
[02:56:47] iteration 3/20
[02:56:47] film cr_film_id=2202 name='Western (2017) CZ Dabing' candidates=3
[02:56:47]   candidate upload_id=458612e30edce4c0 url=https://prehraj.to/western-mkv-cz-dab-justice-2017-cz-titulky-720p-brrip/458612e30edce4c0
[02:56:48]   resolved in 1.1s → 720p (https://pf-storage5.premiumcdn.net/167875825/lKlSabTxMUNot3VF6mcr3TKmuzlCM8iKLtW…)
[02:57:30]   downloaded 1,063.2 MB in 39.7s (26.8 MB/s)
[02:58:28]   upload done video_id=26065632 in 58.2s
[02:58:29] film cr_film_id=2202 OK in 102.1s
[02:58:29] iteration 4/20
[02:58:29] film cr_film_id=2206 name='Švadlena (2015) CZ Dabing' candidates=12
[02:58:29]   candidate upload_id=58cadba07a95b url=https://prehraj.to/svadlena-2015-cz-dabing/58cadba07a95b
[02:58:31]   resolved in 1.3s → 480p (https://pf-storage2.premiumcdn.net/1857714/x0aS3bIqnSk7TdRH0WiWQIJZU3qHO7SK8HZOF…)
[02:58:58]   downloaded 640.2 MB in 25.6s (25.0 MB/s)
[02:59:37]   upload done video_id=26065671 in 38.6s
[02:59:38] film cr_film_id=2206 OK in 69.1s
[02:59:38] iteration 5/20
[02:59:38] film cr_film_id=2208 name='Víkendoví rebelové (2023) CZ Dabing' candidates=2
[02:59:38]   candidate upload_id=67a8ff713ea0a url=https://prehraj.to/vikendovi-rebelove-2023-cz-dabing-1080p/67a8ff713ea0a
[02:59:39]   resolved in 1.2s → 720p (https://pf-storage1.premiumcdn.net/129452489/l5LfRkUKMSNdh0lSEetYeU79Hbdu2li1ocQ…)
[03:01:16]   downloaded 2,095.0 MB in 94.4s (22.2 MB/s)
[03:03:03]   upload done video_id=26065731 in 107.0s
[03:03:04] film cr_film_id=2208 OK in 205.9s
[03:03:04] iteration 6/20
[03:03:04] film cr_film_id=2210 name='Jako nikdo jiný (2023) CZ Dabing' candidates=2
[03:03:04]   candidate upload_id=33df5901fdb25dd2 url=https://prehraj.to/jako-nikdo-jiny-2023-cz-dab-1080p/33df5901fdb25dd2
[03:03:05]   resolved in 1.1s → 1080p (https://pf-storage6.premiumcdn.net/169161553/e86sWDizZTMBsp5S2wsNoixDF54Svlfl3Sx…)
[03:06:09]   downloaded 3,916.0 MB in 181.5s (21.6 MB/s)
[03:09:35]   upload done video_id=26065842 in 207.0s
[03:09:37] film cr_film_id=2210 OK in 392.9s
[03:09:37] iteration 7/20
[03:09:37] film cr_film_id=2214 name='Leo (2023) CZ Dabing' candidates=4
[03:09:37]   candidate upload_id=65648463a968a url=https://prehraj.to/leo-2023-1080p-cz-dabing-animovany-vanoce-2023/65648463a968a
[03:09:40]   resolved in 3.2s → 1080p (https://pf-storage1.premiumcdn.net/53264879/p1xUa0sWrtG2hMBSQVuVvs8dc9jckJUQZHxb…)
[03:11:09]   downloaded 2,326.6 MB in 86.9s (26.8 MB/s)
[03:13:05]   upload done video_id=26065959 in 116.1s
[03:13:07] film cr_film_id=2214 OK in 209.6s
[03:13:07] iteration 8/20
[03:13:07] film cr_film_id=2216 name='Psanci: Krvavá mise (2022) CZ Dabing' candidates=4
[03:13:07]   candidate upload_id=65e57f410b28e url=https://prehraj.to/psanci-krvava-mise-2022-cz-dabing-1080p/65e57f410b28e
[03:13:08]   resolved in 1.1s → 720p (https://pf-storage1.premiumcdn.net/74140886/nxAI2GSo3c7GcEWH5vFB2S86u9xhb6ID0IvB…)
[03:14:20]   downloaded 2,001.5 MB in 70.5s (28.4 MB/s)
[03:15:58]   upload done video_id=26066051 in 97.9s
[03:16:00] film cr_film_id=2216 OK in 173.0s
[03:16:00] iteration 9/20
[03:16:00] film cr_film_id=2220 name='Noc 12. (2022) CZ Dabing' candidates=1
[03:16:00]   candidate upload_id=6586549c8c33c url=https://prehraj.to/noc-12-2022-cz-dabing-hd-720p/6586549c8c33c
[03:16:01]   resolved in 1.1s → 720p (https://pf-storage5.premiumcdn.net/71656109/1zBivPsO6fD2URjILqFbVslxuNXFjdiP3FqK…)
[03:16:38]   downloaded 951.0 MB in 35.3s (26.9 MB/s)
[03:17:38]   upload done video_id=26066119 in 60.0s
[03:17:39] film cr_film_id=2220 OK in 99.5s
[03:17:39] iteration 10/20
[03:17:39] film cr_film_id=2226 name='Kokosy na sněhu (1993) CZ Dabing' candidates=34
[03:17:39]   candidate upload_id=98e75c5df67b4dbc url=https://prehraj.to/kokosy-na-snehu-1993-cz-dab-720p/98e75c5df67b4dbc
[03:17:40]   resolved in 1.3s → 720p (https://pf-storage1.premiumcdn.net/163917926/6BKI18iR8c3mijquQNT3miPes4Wt0MS1ot3…)
[03:18:42]   downloaded 1,673.8 MB in 59.9s (27.9 MB/s)
[03:19:59]   upload done video_id=26066183 in 76.7s
[03:20:00] film cr_film_id=2226 OK in 141.1s
[03:20:00] iteration 11/20
[03:20:00] film cr_film_id=2228 name='Mezi živly (2023) CZ Dabing' candidates=4
[03:20:00]   candidate upload_id=682832c38bd9d url=https://prehraj.to/mezi-zivly-webrip-2023-cz-dabing/682832c38bd9d
[03:20:01]   resolved in 1.2s → 480p (https://pf-storage5.premiumcdn.net/138162098/7QzS5Pu7ginofaAtoXTX3uQpFqgFy9CXaID…)
[03:20:53]   downloaded 1,360.3 MB in 49.9s (27.3 MB/s)
[03:22:03]   upload done video_id=26066257 in 69.7s
[03:22:04] film cr_film_id=2228 OK in 123.6s
[03:22:04] iteration 12/20
[03:22:04] film cr_film_id=2230 name='Červená, bílá a královsky modrá (2023) CZ Dabing' candidates=5
[03:22:04]   candidate upload_id=64df2078095ee url=https://prehraj.to/cervena-bila-a-kralovsky-modra-2023-cz-dabing-hd-1080p/64df2078095ee
[03:22:05]   resolved in 1.4s → 1080p (https://pf-storage3.premiumcdn.net/43513778/Bl2UNxfJjtVKS81C6MI3AfmohXGFJBT1kTG1…)
[03:23:44]   downloaded 2,757.9 MB in 97.7s (28.2 MB/s)
[03:25:58]   upload done video_id=26066344 in 133.5s
[03:25:59] film cr_film_id=2230 OK in 235.6s
[03:25:59] iteration 13/20
[03:25:59] film cr_film_id=2242 name='Highlander (1986) CZ Dabing' candidates=3
[03:25:59]   candidate upload_id=678c8b2ca48fe url=https://prehraj.to/highlander-horal-christopher-lambert-roxanne-hart-sean-connery-1986-akcni-fantasy-dobrodruzny-bdrip-1080p-cz-dabing/678c8b2ca48fe
[03:26:01]   resolved in 1.1s → 720p (https://pf-storage1.premiumcdn.net/127715045/QpNcPkI91uGeC1mSRBsE7IRpuKWSX8IWote…)
[03:27:13]   downloaded 1,972.1 MB in 70.6s (27.9 MB/s)
[03:28:49]   upload done video_id=26066445 in 96.5s
[03:28:51] film cr_film_id=2242 OK in 171.3s
[03:28:51] iteration 14/20
[03:28:51] film cr_film_id=2246 name='Poslední závod (2022) CZ Dabing' candidates=1
[03:28:51]   candidate upload_id=365f5e0025745e9b url=https://prehraj.to/posledni-zavod-2022-cz-dab-1080p/365f5e0025745e9b
[03:28:52]   resolve FAILED: HTTP 502 wrapping permanent upstream error: https://prehraj.to/posledni-zavod-2022-cz-dab-1080p/365f5e0025745e9b (permanent=True)
[03:28:52] film cr_film_id=2246 all candidates exhausted
[03:28:52] iteration 15/20
[03:28:52] film cr_film_id=2248 name='Seveřan (2022) CZ Dabing' candidates=3
[03:28:52]   candidate upload_id=62d08adfb9590 url=https://prehraj.to/the-northman-2022-czdab/62d08adfb9590
[03:28:58]   resolved in 6.1s → 1080p (https://pf-storage3.premiumcdn.net/31587056/DxksKQf6ai0vt6yuOgcORf0DFqbcRYFGZIGl…)
[03:31:39]   downloaded 3,362.3 MB in 159.0s (21.1 MB/s)
[03:34:58]   upload done video_id=26066553 in 199.7s
[03:35:00] film cr_film_id=2248 OK in 368.2s
[03:35:00] iteration 16/20
[03:35:00] film cr_film_id=2250 name='Vzestup (2022) CZ Dabing' candidates=1
[03:35:00]   candidate upload_id=62e5cae80fe8a url=https://prehraj.to/vzestup-2022-cz-dabing-1080p/62e5cae80fe8a
[03:35:01]   resolved in 1.1s → 1080p (https://pf-storage1.premiumcdn.net/31860110/O0zTBwFAVhxWcNqIRGc9zFn3UzmiZxHveIDQ…)
[03:36:52]   downloaded 3,079.7 MB in 109.3s (28.2 MB/s)
[03:39:29]   upload done video_id=26066699 in 156.5s
[03:39:30] film cr_film_id=2250 OK in 270.1s
[03:39:30] iteration 17/20
[03:39:30] film cr_film_id=2256 name='Ulička přízraků (2021) CZ Dabing' candidates=1
[03:39:30]   candidate upload_id=68780c0469380 url=https://prehraj.to/sneni-v-dome-carodejnic-guillermo-del-toro-pruvodce-rupert-grint-ismael-cruz-cordova-2022-drama-horor-mysteriozni-thriller-bdrip-1080p-cz-dabing/68780c0469380
[03:39:31]   resolved in 1.3s → 1080p (https://pf-storage2.premiumcdn.net/141700430/aYPt76TwXUoLuQ1C9EskyTj4fVrhVvfZzcM…)
[03:40:21]   downloaded 1,380.9 MB in 48.1s (28.7 MB/s)
[03:41:34]   upload done video_id=26066798 in 73.3s
[03:41:36] film cr_film_id=2256 OK in 126.1s
[03:41:36] iteration 18/20
[03:41:36] film cr_film_id=2260 name='Krotitelé duchů: Odkaz (2021) CZ Dabing' candidates=2
[03:41:36]   candidate upload_id=f1bf18d2bfafc50f url=https://prehraj.to/krotitele-duchu-odkaz-2021-cz-dab-1080p/f1bf18d2bfafc50f
[03:41:37]   resolve FAILED: HTTP 502 wrapping permanent upstream error: https://prehraj.to/krotitele-duchu-odkaz-2021-cz-dab-1080p/f1bf18d2bfafc50f (permanent=True)
[03:41:37]   candidate upload_id=372cab655bd68e79 url=https://prehraj.to/krotitele-duchu-odkaz-2021-cz-dab-1080p/372cab655bd68e79
[03:41:42]   resolve FAILED: HTTP 502 wrapping permanent upstream error: https://prehraj.to/krotitele-duchu-odkaz-2021-cz-dab-1080p/372cab655bd68e79 (permanent=True)
[03:41:42] film cr_film_id=2260 all candidates exhausted
[03:41:42] iteration 19/20
[03:41:42] film cr_film_id=2276 name='Antigona (2019) CZ Dabing' candidates=1
[03:41:42]   candidate upload_id=602b22a5519d7 url=https://prehraj.to/antigona-2019-czdabing/602b22a5519d7
[03:41:49]   resolved in 6.1s → 1080p (https://pf-storage3.premiumcdn.net/22248056/g5ZtR2UAQuNjcz1fPvUv5UpaS93i91cpRFJK…)
[03:43:19]   downloaded 2,002.0 MB in 88.8s (22.5 MB/s)
[03:45:15]   upload done video_id=26066874 in 115.9s
[03:45:17] film cr_film_id=2276 OK in 214.7s
[03:45:17] iteration 20/20
[03:45:17] film cr_film_id=2278 name='Střípky ženy (2020) CZ' candidates=4
[03:45:17]   candidate upload_id=602afecc417b9 url=https://prehraj.to/stripky-zeny-drama-2020-cz-titulky/602afecc417b9
[03:45:18]   resolved in 1.1s → 1080p (https://pf-storage5.premiumcdn.net/22244546/33NUZqi2liA5iOGhdXc0Ki7xU15F1WTy7h6r…)
[03:47:29]   downloaded 2,938.2 MB in 128.8s (22.8 MB/s)
[03:49:48]   upload done video_id=26067003 in 138.8s
[03:49:49] film cr_film_id=2278 OK in 271.7s
[03:49:49] batch-end ok=18 failed=2 dur=3392.2s avg/film=188.5s remaining=16636 eta_hours=871.1

===== run 2026-06-18T03:50:17Z shard=0/2 batch_size=20 (https://github.com/Olbrasoft/prehrajto-to-prehrajto/actions/runs/27735452760) =====
[03:50:19] description overrides loaded: 3736 from /home/runner/work/prehrajto-to-prehrajto/prehrajto-to-prehrajto/state/email-generated-descriptions-v3.jsonl
[03:50:19] batch-start shard=0/2 count=20 backlog=17650 uploads=1014 failed_attempts=77 description_overrides=3736
[03:50:19] login
[03:50:20] login done
[03:50:20] iteration 1/20
[03:50:20] film cr_film_id=2286 name='Monstrum (2008) CZ Dabing' candidates=2
[03:50:20]   candidate upload_id=6696793048c8c url=https://prehraj.to/cloverfield-monstrum-2008-cz-dab-70-p-m/6696793048c8c
[03:50:22]   resolved in 1.4s → 1080p (https://pf-storage1.premiumcdn.net/85112021/ME4IerfOeiejTrxhX5cJgfDOHXLugYFJwFa8…)
[03:52:20]   downloaded 2,916.9 MB in 115.9s (25.2 MB/s)
[03:54:56]   upload done video_id=26067137 in 156.6s
[03:54:58] film cr_film_id=2286 OK in 278.0s
[03:54:58] iteration 2/20
[03:54:58] film cr_film_id=2288 name='Underworld (2003) CZ Dabing' candidates=15
[03:54:58]   candidate upload_id=58212582aa04b url=https://prehraj.to/underworld-1-boj-v-podsveti-cz-dabing-2003/58212582aa04b
[03:55:00]   resolved in 1.3s → 480p (https://pf-storage2.premiumcdn.net/812703/d63fVqCaKipvT4Ji5vIKWCqjtWnf8YUoaS8ATN…)
[03:55:24]   downloaded 472.8 MB in 22.2s (21.3 MB/s)
[03:55:54]   upload done video_id=26067209 in 30.1s
[03:55:56] film cr_film_id=2288 OK in 57.3s
[03:55:56] iteration 3/20
[03:55:56] film cr_film_id=2292 name='Sněžný kluk (2019) CZ Dabing' candidates=15
[03:55:56]   candidate upload_id=68dd3879cb05d url=https://prehraj.to/snezny-kluk-2019-1080p-cz-dab/68dd3879cb05d
[03:55:57]   resolved in 1.5s → 720p (https://pf-storage4.premiumcdn.net/149301987/ejRuNjUxOswDfqntBYUkYUbYCxauP6C2OhN…)
[03:57:07]   downloaded 1,604.1 MB in 67.5s (23.8 MB/s)
[03:58:30]   upload done video_id=26067267 in 83.1s
[03:58:32] film cr_film_id=2292 OK in 155.9s
[03:58:32] iteration 4/20
[03:58:32] film cr_film_id=2294 name='Gangster, policajt a ďábel (2019) CZ Dabing' candidates=19
[03:58:32]   candidate upload_id=5fbaeb3500111 url=https://prehraj.to/the-gangster-the-cop-the-devil-2019-cz-dab-1080p-dd2-0-h264/5fbaeb3500111
[03:58:33]   resolved in 1.2s → 1080p (https://pf-storage5.premiumcdn.net/20188524/PlotGRUaAuEPFOvFPGU8AUEGszQF4kie7cXy…)
[04:00:34]   downloaded 2,903.0 MB in 119.2s (24.4 MB/s)
[04:03:22]   upload done video_id=26067346 in 168.3s
[04:03:24] film cr_film_id=2294 OK in 291.9s
[04:03:24] iteration 5/20
[04:03:24] film cr_film_id=2296 name='Stopy spravedlnosti (2017) CZ Dabing' candidates=15
[04:03:24]   candidate upload_id=5d32cef43d974 url=https://prehraj.to/stopy-spravedlnosti-the-foreigner-2017-1080p-cz-dabing/5d32cef43d974
[04:03:25]   resolved in 1.2s → 720p (https://pf-storage5.premiumcdn.net/14444937/WQ8h1wiLphYxUvKf6NFRVi6xTLDcJLT5vUWQ…)
[04:04:36]   downloaded 1,632.9 MB in 69.4s (23.5 MB/s)
[04:06:11]   upload done video_id=26067469 in 94.9s
[04:06:13] film cr_film_id=2296 OK in 169.4s
[04:06:13] iteration 6/20
[04:06:13] film cr_film_id=2300 name='Pašerák (2018) CZ Dabing' candidates=3
[04:06:13]   candidate upload_id=61f543d6b772f url=https://prehraj.to/paserak-the-mule-2018-fhd-cz-dabing/61f543d6b772f
[04:06:14]   resolved in 1.3s → 720p (https://pf-storage5.premiumcdn.net/28833699/5dbUQ8hK5fZ6fmRtAOIKnhjeHkOtN4TPVTvq…)
[04:07:37]   downloaded 1,938.2 MB in 80.1s (24.2 MB/s)
[04:09:36]   upload done video_id=26067543 in 119.0s
[04:09:37] film cr_film_id=2300 OK in 204.3s
[04:09:37] iteration 7/20
[04:09:37] film cr_film_id=2302 name='Raubíř Ralf a internet (2018) CZ Dabing' candidates=24
[04:09:37]   candidate upload_id=5ed0ef0c844a6 url=https://prehraj.to/raubir-ralf-a-internet-cz-dabing-2018-animovany/5ed0ef0c844a6
[04:09:39]   resolved in 1.5s → 480p (https://pf-storage5.premiumcdn.net/16698951/XEXFdxTgNI3PTqPHMJt6DTbdCp7C6JU0dCyb…)
[04:10:19]   downloaded 695.2 MB in 37.6s (18.5 MB/s)
[04:11:11]   upload done video_id=26067608 in 51.8s
[04:11:12] film cr_film_id=2302 OK in 95.0s
[04:11:12] iteration 8/20
[04:11:12] film cr_film_id=2306 name='Panna nebo orel (2010) CZ Dabing' candidates=9
[04:11:12]   candidate upload_id=55e066daa8158 url=https://prehraj.to/panna-nebo-orel-2010-czdab/55e066daa8158
[04:11:13]   resolved in 1.0s → 480p (https://pf-storage4.premiumcdn.net/248345/WyGf5mcb1U13fj4tDaFNzcKPcy6imOs5BTyDhR…)
[04:11:42]   downloaded 579.9 MB in 26.2s (22.1 MB/s)
[04:12:20]   upload done video_id=26067649 in 38.1s
[04:12:21] film cr_film_id=2306 OK in 69.0s
[04:12:21] iteration 9/20
[04:12:21] film cr_film_id=2312 name='Mládí v trapu (2003) CZ Dabing' candidates=11
[04:12:21]   candidate upload_id=5c25787de1d70 url=https://prehraj.to/mladi-v-trapu-cz-dabing-2003/5c25787de1d70
[04:12:22]   resolved in 1.2s → 480p (https://pf-storage1.premiumcdn.net/10092746/0vBsKlf4aIPOiD6hLDc6Dfw8H0asywhJOUxm…)
[04:12:54]   downloaded 512.0 MB in 29.3s (17.5 MB/s)
[04:13:26]   upload done video_id=26067677 in 31.9s
[04:13:28] film cr_film_id=2312 OK in 66.4s
[04:13:28] iteration 10/20
[04:13:28] film cr_film_id=2314 name='Ant-Man a Wasp (2018) CZ Dabing' candidates=6
[04:13:28]   candidate upload_id=60acebb7a997e url=https://prehraj.to/20-ant-man-a-wasp-antman-2-a-wasp-2018-cz-dabing/60acebb7a997e
[04:13:29]   resolved in 1.5s → 480p (https://pf-storage1.premiumcdn.net/23660859/2BVtYdT30cvBF37C8YsMKTejFAzUDJh23SzA…)
[04:14:01]   downloaded 685.4 MB in 30.6s (22.4 MB/s)
[04:14:42]   upload done video_id=26067712 in 40.7s
[04:14:44] film cr_film_id=2314 OK in 76.1s
[04:14:44] iteration 11/20
[04:14:44] film cr_film_id=2322 name='Stoletý stařík, který vylezl z okna a zmizel (2013) CZ Dabing' candidates=11
[04:14:44]   candidate upload_id=676c975916dfd url=https://prehraj.to/stolety-starik-ktery-vylezl-z-okna-a-zmizel-robert-gustafsson-mia-skaringer-iwar-wiklander-2013-dobrodruzny-komedie-drama-bdrip-1080p-cz-dabing/676c975916dfd
[04:14:45]   resolved in 1.0s → 480p (https://pf-storage5.premiumcdn.net/126682949/XG9TXkI9xuAPIk1i5KU6XI30uqBTlPsogTl…)
[04:15:46]   downloaded 1,123.2 MB in 59.0s (19.0 MB/s)
[04:16:57]   upload done video_id=26067756 in 71.3s
[04:16:59] film cr_film_id=2322 OK in 134.9s
[04:16:59] iteration 12/20
[04:16:59] film cr_film_id=2324 name='Cadillac Records (2008) CZ Dabing' candidates=9
[04:16:59]   candidate upload_id=5ddf3b6138c8b url=https://prehraj.to/cadillac-records-cz-dabing-2008/5ddf3b6138c8b
[04:17:00]   resolved in 1.3s → 480p (https://pf-storage3.premiumcdn.net/15359089/LE5Io1u8NC7ptBZfPRu90uaETk3tG3UxNhrx…)
[04:17:26]   downloaded 429.1 MB in 24.6s (17.4 MB/s)
[04:17:51]   upload done video_id=26067797 in 25.4s
[04:17:53] film cr_film_id=2324 OK in 54.5s
[04:17:53] iteration 13/20
[04:17:53] film cr_film_id=2326 name='Millerovi na tripu (2013) CZ Dabing' candidates=2
[04:17:53]   candidate upload_id=564ba0a70439d url=https://prehraj.to/my-sme-millerovci-2013-cz-dab/564ba0a70439d
[04:17:55]   resolved in 1.6s → 480p (https://pf-storage2.premiumcdn.net/325690/RpbHOpCydT1xHObTKktkXCwMS6puovcnRUAYFA…)
[04:18:23]   downloaded 572.6 MB in 26.5s (21.6 MB/s)
[04:18:55]   upload done video_id=26067818 in 32.0s
[04:18:56] film cr_film_id=2326 OK in 63.2s
[04:18:56] iteration 14/20
[04:18:56] film cr_film_id=2328 name='Dokonalá loupež (2018) CZ Dabing' candidates=6
[04:18:56]   candidate upload_id=5c58308344725 url=https://prehraj.to/dokonala-loupez-den-of-thieves-2018-cz-dabing-bdrip/5c58308344725
[04:18:57]   resolved in 0.9s → 1080p (https://pf-storage5.premiumcdn.net/11567377/4ErcOqHn9u7Yu2gfGgIZ2HPXio1hJ3Sw6F7X…)
[04:21:02]   downloaded 3,005.9 MB in 123.3s (24.4 MB/s)
[04:23:57]   upload done video_id=26067882 in 175.3s
[04:23:59] film cr_film_id=2328 OK in 302.8s
[04:23:59] iteration 15/20
[04:23:59] film cr_film_id=2348 name='Ples příšer (2001) CZ' candidates=1
[04:23:59]   candidate upload_id=548dbad526665731 url=https://prehraj.to/ples-priser-2001-fhd-cz-en-mkv/548dbad526665731
[04:24:00]   resolved in 1.4s → 720p (https://pf-storage4.premiumcdn.net/167059181/w3OcZPF38IXLU50CnJsjoFeMuDnuVXTaDug…)
[04:25:03]   downloaded 1,408.3 MB in 60.1s (23.4 MB/s)
[04:26:17]   upload done video_id=26067986 in 74.2s
[04:26:21] film cr_film_id=2348 OK in 141.8s
[04:26:21] iteration 16/20
[04:26:21] film cr_film_id=2350 name='Soukromá válka pana Wilsona (2007) CZ Dabing' candidates=6
[04:26:21]   candidate upload_id=56c2f06047a44 url=https://prehraj.to/soukroma-valka-pana-wilsona-2007-czdab/56c2f06047a44
[04:26:22]   resolved in 1.5s → 480p (https://pf-storage2.premiumcdn.net/28393/jOrSDKIX8twZcVGU7RFXPI62tNOFVWH37CORhn6…)
[04:26:54]   downloaded 529.3 MB in 29.6s (17.9 MB/s)
[04:27:25]   upload done video_id=26068032 in 30.7s
[04:27:26] film cr_film_id=2350 OK in 65.4s
[04:27:26] iteration 17/20
[04:27:26] film cr_film_id=2356 name='Mžitky (2016) CZ Dabing' candidates=1
[04:27:26]   candidate upload_id=63ed03d224806 url=https://prehraj.to/mzitky-powidoki-2016-1080p-bluray-cz-dabing-mp4/63ed03d224806
[04:27:27]   resolved in 1.3s → 720p (https://pf-storage1.premiumcdn.net/37429702/o5rH8kcPJF3YcDJuEqT7qcr8U3lH48iXaCZ7…)
[04:28:41]   downloaded 1,388.1 MB in 72.1s (19.3 MB/s)
[04:29:57]   upload FAILED after 75.9s: ('Connection aborted.', RemoteDisconnected('Remote end closed connection without response'))
[04:29:58] film cr_film_id=2356 all candidates exhausted
[04:29:58] iteration 18/20
[04:29:58] film cr_film_id=2358 name='Žena v Berlíně (2008) CZ' candidates=1
[04:29:58]   candidate upload_id=5a89c9a507001 url=https://prehraj.to/zena-v-berline-2008-cz/5a89c9a507001
[04:29:59]   resolved in 1.2s → 480p (https://pf-storage4.premiumcdn.net/3413145/66viy1uVWtyzhMPh6VhX5uKac41F9pFW5I8gI…)
[04:30:26]   downloaded 531.4 MB in 24.7s (21.5 MB/s)
[04:30:57]   upload done video_id=26068133 in 31.4s
[04:31:00] film cr_film_id=2358 OK in 62.6s
[04:31:00] iteration 19/20
[04:31:00] film cr_film_id=2362 name='Monster High: Boo York (2015) CZ Dabing' candidates=3
[04:31:00]   candidate upload_id=56095b28894b7 url=https://prehraj.to/monster-high-boo-york-boo-york-cz-dabing-2015/56095b28894b7
[04:31:01]   resolved in 1.2s → 480p (https://pf-storage3.premiumcdn.net/378065/GqvTxjhPZUAPh4GInltylh31HAxsQ0syWU4eCQ…)
[04:31:30]   downloaded 556.0 MB in 25.9s (21.5 MB/s)
[04:32:02]   upload done video_id=26068156 in 32.7s
[04:32:04] film cr_film_id=2362 OK in 63.6s
[04:32:04] iteration 20/20
[04:32:04] film cr_film_id=2364 name='Milionový nadhazovač (2014) CZ Dabing' candidates=1
[04:32:04]   candidate upload_id=5a6753baee5dc url=https://prehraj.to/milionovy-nadhazovac-drama-cz-dab-2014-jad/5a6753baee5dc
[04:32:05]   resolved in 1.2s → 480p (https://pf-storage3.premiumcdn.net/3322265/N05Hy2il6H2yCJGCgWCMpimVSrxtqKSPLsaXh…)
[04:32:48]   downloaded 660.7 MB in 40.9s (16.2 MB/s)
[04:33:25]   upload done video_id=26068192 in 37.4s
[04:33:27] film cr_film_id=2364 OK in 82.9s
[04:33:27] batch-end ok=19 failed=1 dur=2586.2s avg/film=136.1s remaining=16617 eta_hours=628.2

===== run 2026-06-18T04:47:16Z shard=0/2 batch_size=20 (https://github.com/Olbrasoft/prehrajto-to-prehrajto/actions/runs/27737366043) =====
[04:47:17] description overrides loaded: 3736 from /home/runner/work/prehrajto-to-prehrajto/prehrajto-to-prehrajto/state/email-generated-descriptions-v3.jsonl
[04:47:17] batch-start shard=0/2 count=20 backlog=17650 uploads=1033 failed_attempts=78 description_overrides=3736
[04:47:17] login
[04:47:19] login done
[04:47:19] iteration 1/20
[04:47:19] film cr_film_id=2356 name='Mžitky (2016) CZ Dabing' candidates=1
[04:47:19]   candidate upload_id=63ed03d224806 url=https://prehraj.to/mzitky-powidoki-2016-1080p-bluray-cz-dabing-mp4/63ed03d224806
[04:47:20]   resolved in 1.0s → 720p (https://pf-storage1.premiumcdn.net/37429702/o5rH8kcPJF3YcDJuEqT7qcr8U3lH48iXaCZ7…)
[04:48:08]   downloaded 1,388.1 MB in 47.2s (29.4 MB/s)
[04:48:59]   upload done video_id=26068539 in 50.5s
[04:49:00] film cr_film_id=2356 OK in 101.3s
[04:49:00] iteration 2/20
[04:49:00] film cr_film_id=2366 name='Habermannův mlýn (2010) CZ' candidates=2
[04:49:00]   candidate upload_id=5a630a3d360bd url=https://prehraj.to/habermannuv-valecne-drama-cz-film-2010-jad/5a630a3d360bd
[04:49:01]   resolved in 1.0s → 480p (https://pf-storage2.premiumcdn.net/3309924/AW7snPu5eFGESZDUlgcMPuvbcx6CR0sN9fa1S…)
[04:49:17]   downloaded 481.3 MB in 14.4s (33.4 MB/s)
[04:49:36]   upload done video_id=26068572 in 19.0s
[04:49:37] film cr_film_id=2366 OK in 36.7s
[04:49:37] iteration 3/20
[04:49:37] film cr_film_id=2368 name='Pasažéři (2016) CZ' candidates=6
[04:49:37]   candidate upload_id=672d2303e446b url=https://prehraj.to/pasazeri-2006-cz-4k-uhd/672d2303e446b
[04:49:37]   resolved in 0.7s → 1080p (https://pf-storage5.premiumcdn.net/105514964/z35sOduAnIJPHKLux3TnMuo3iges2nsMztR…)
[04:50:54]   downloaded 2,804.0 MB in 75.1s (37.3 MB/s)
[04:52:44]   upload done video_id=26068609 in 109.8s
[04:52:46] film cr_film_id=2368 OK in 189.3s
[04:52:46] iteration 4/20
[04:52:46] film cr_film_id=2378 name='Bitva o Sevastopol (2015) CZ Dabing' candidates=23
[04:52:46]   candidate upload_id=58864d3947d25 url=https://prehraj.to/bitva-o-sevastopol-2015-cz-dab/58864d3947d25
[04:52:47]   resolved in 1.1s → 480p (https://pf-storage2.premiumcdn.net/1521526/9n9HO9sdjSq3F5ECgETgpsZXCxgU5eUl6F5ou…)
[04:53:14]   downloaded 684.6 MB in 25.0s (27.4 MB/s)
[04:53:42]   upload done video_id=26068649 in 28.8s
[04:53:43] film cr_film_id=2378 OK in 57.6s
[04:53:43] iteration 5/20
[04:53:43] film cr_film_id=2384 name='Bitva o Británii (1969) CZ Dabing' candidates=9
[04:53:43]   candidate upload_id=5d68d1061091b url=https://prehraj.to/bitva-o-britanii-1969-cz-dab/5d68d1061091b
[04:53:44]   resolved in 1.0s → 720p (https://pf-storage1.premiumcdn.net/14717877/8EmtzVHZgtQRT5xCdQhZOHxqUxZCWqhzKS5Y…)
[04:54:39]   downloaded 1,972.6 MB in 53.0s (37.2 MB/s)
[04:56:03]   upload done video_id=26068686 in 83.9s
[04:56:04] film cr_film_id=2384 OK in 140.5s
[04:56:04] iteration 6/20
[04:56:04] film cr_film_id=2386 name='Infiltrátor (2016) CZ Dabing' candidates=5
[04:56:04]   candidate upload_id=609ff836b9e3e url=https://prehraj.to/the-infiltrator-2016-1080p-bluray-x264-dts-en-cz-dab/609ff836b9e3e
[04:56:05]   resolved in 0.9s → 720p (https://pf-storage1.premiumcdn.net/23523624/Wr9hGofQzT4DFpltdWIoYfX7hP1HYqtqBc7q…)
[04:57:59]   downloaded 3,391.1 MB in 112.8s (30.1 MB/s)
[04:59:52]   upload done video_id=26068767 in 112.8s
[04:59:53] film cr_film_id=2386 OK in 228.8s
[04:59:53] iteration 7/20
[04:59:53] film cr_film_id=2388 name='Demolice (2015) CZ Dabing' candidates=10
[04:59:53]   candidate upload_id=eafefe3cef61fbe2 url=https://prehraj.to/demolice-2015-cz-dab-1080p/eafefe3cef61fbe2
[04:59:54]   resolved in 1.6s → 720p (https://pf-storage2.premiumcdn.net/168124888/9rPfPgT2nTaziwnHjkt8OT6vhWbU8vhLVhW…)
[05:00:33]   downloaded 1,368.9 MB in 37.6s (36.4 MB/s)
[05:01:28]   upload done video_id=26068808 in 54.9s
[05:01:29] film cr_film_id=2388 OK in 96.5s
[05:01:29] iteration 8/20
[05:01:29] film cr_film_id=2390 name='Návštěvníci (1993) CZ Dabing' candidates=7
[05:01:29]   candidate upload_id=1742ef9435c62052 url=https://prehraj.to/navstevnici-1-1993-cz-dabing-1080p-mkv/1742ef9435c62052
[05:01:30]   resolved in 0.8s → 720p (https://pf-storage3.premiumcdn.net/166139711/Kmni9MS2eSEKTygUopIXNSVBfKEs6DFEwug…)
[05:02:44]   downloaded 2,707.6 MB in 72.2s (37.5 MB/s)
[05:04:57]   upload done video_id=26068850 in 133.5s
[05:05:00] film cr_film_id=2390 OK in 210.4s
[05:05:00] iteration 9/20
[05:05:00] film cr_film_id=2394 name='Už je tady zas (2015) CZ Dabing' candidates=36
[05:05:00]   candidate upload_id=59dec8a635593 url=https://prehraj.to/uz-je-tady-zas-cz-dabing-2015-full-hd-1080p/59dec8a635593
[05:05:01]   resolved in 1.1s → 720p (https://pf-storage1.premiumcdn.net/2788584/2qehyvSg6F98Hp5CRMcBnS3QHJksYZCjnIYDF…)
[05:05:52]   downloaded 1,864.9 MB in 50.2s (37.1 MB/s)
[05:07:10]   upload done video_id=26068916 in 78.5s
[05:07:12] film cr_film_id=2394 OK in 132.0s
[05:07:12] iteration 10/20
[05:07:12] film cr_film_id=2396 name='Den nezávislosti (1996) CZ Dabing' candidates=37
[05:07:12]   candidate upload_id=5a183039a4d1b url=https://prehraj.to/den-nezavislosti-1996-hd720p-cz-dabing-m3/5a183039a4d1b
[05:07:13]   resolved in 1.0s → 480p (https://pf-storage2.premiumcdn.net/2984922/p7JF5dhq8io7T5jHbXib7hVEhVMIYpF7Di20f…)
[05:07:51]   downloaded 1,380.2 MB in 37.4s (36.9 MB/s)
[05:09:10]   upload done video_id=26068950 in 79.1s
[05:09:11] film cr_film_id=2396 OK in 119.6s
[05:09:11] iteration 11/20
[05:09:11] film cr_film_id=2398 name='Království (2007) CZ Dabing' candidates=10
[05:09:11]   candidate upload_id=61c6d2799f29d url=https://prehraj.to/kralovstvi-2007-akcni-cz-dab-1920x1080p/61c6d2799f29d
[05:09:12]   resolved in 0.9s → 1080p (https://pf-storage5.premiumcdn.net/27757389/bM1ID5hWRUkMu27f9RTZbhx8IaQs6kc7bieK…)
[05:10:48]   downloaded 2,820.5 MB in 94.9s (29.7 MB/s)
[05:12:28]   upload done video_id=26068998 in 99.4s
[05:12:29] film cr_film_id=2398 OK in 197.6s
[05:12:29] iteration 12/20
[05:12:29] film cr_film_id=2402 name='Super 8 (2011) CZ Dabing' candidates=1
[05:12:29]   candidate upload_id=1a640a524d4b8ab5 url=https://prehraj.to/super-8-2011-cz-dab-2160p/1a640a524d4b8ab5
[05:12:30]   resolved in 0.9s → 1080p (https://pf-storage5.premiumcdn.net/167850448/PgVtqzSgaT19tkQTeQsEbSvmCkgIAEU02Uy…)
[05:13:59]   downloaded 3,327.5 MB in 88.4s (37.6 MB/s)
[05:16:09]   upload done video_id=26069056 in 129.6s
[05:16:10] film cr_film_id=2402 OK in 221.3s
[05:16:10] iteration 13/20
[05:16:10] film cr_film_id=2404 name='Ip Man 3 (2015) CZ Dabing' candidates=18
[05:16:10]   candidate upload_id=588ba7f10d6a3 url=https://prehraj.to/3-dny-na-zabiti-2014-hd720p-cz-dabing-m3/588ba7f10d6a3
[05:16:11]   resolved in 0.9s → 480p (https://pf-storage5.premiumcdn.net/1546883/QPOfQyhDlsPRixvFd5UOVh97SXgsXVIz4CEdf…)
[05:16:45]   downloaded 1,172.7 MB in 32.4s (36.2 MB/s)
[05:17:29]   upload done video_id=26069121 in 44.2s
[05:17:30] film cr_film_id=2404 OK in 80.1s
[05:17:30] iteration 14/20
[05:17:30] film cr_film_id=2406 name='Dárek (2015) CZ Dabing' candidates=6
[05:17:30]   candidate upload_id=5a9b38d1ce8e8 url=https://prehraj.to/darek-2015-hdrip-cz-dabing-m3/5a9b38d1ce8e8
[05:17:32]   resolved in 1.4s → 480p (https://pf-storage4.premiumcdn.net/3525976/zgnuRyCx6TQdcYNCoVHZnC1BiyWix5S4jIRxU…)
[05:17:53]   downloaded 697.5 MB in 20.1s (34.7 MB/s)
[05:18:29]   upload done video_id=26069149 in 36.1s
[05:18:30] film cr_film_id=2406 OK in 59.8s
[05:18:30] iteration 15/20
[05:18:30] film cr_film_id=2410 name='Hvězdná brána (1994) CZ Dabing' candidates=5
[05:18:30]   candidate upload_id=5828c54cc74bc url=https://prehraj.to/hviezdna-brana-cz-dabing-1994-by-kamer/5828c54cc74bc
[05:18:31]   resolved in 1.0s → 480p (https://pf-storage4.premiumcdn.net/860886/9yWheKU0ehmecYjUA4S40UEYI2ahPDtNmI4jhB…)
[05:18:49]   downloaded 560.7 MB in 17.0s (33.0 MB/s)
[05:19:10]   upload done video_id=26069172 in 20.8s
[05:19:11] film cr_film_id=2410 OK in 40.9s
[05:19:11] iteration 16/20
[05:19:11] film cr_film_id=2412 name='Špinavý prachy (2014) CZ Dabing' candidates=11
[05:19:11]   candidate upload_id=5d564de58bbef url=https://prehraj.to/spinavy-prachy-2014-hdrip-cz-dabing-m3/5d564de58bbef
[05:19:12]   resolved in 0.8s → 480p (https://pf-storage2.premiumcdn.net/14622882/qE8S4Vug2tGoCv8U6mfWwuVac8Li1EhkJUAG…)
[05:19:30]   downloaded 443.7 MB in 16.6s (26.7 MB/s)
[05:19:50]   upload done video_id=26069195 in 20.4s
[05:19:51] film cr_film_id=2412 OK in 40.1s
[05:19:51] iteration 17/20
[05:19:51] film cr_film_id=2414 name='Maska (1994) CZ Dabing' candidates=8
[05:19:51]   candidate upload_id=55c6b7b87d75b url=https://prehraj.to/maska-the-mask-komedia-cz-dabing-1994/55c6b7b87d75b
[05:19:52]   resolved in 0.8s → 480p (https://pf-storage4.premiumcdn.net/111664/6kyupnS7aiakHxaiO4tYJSzdFBVTYqfWKfeRIz…)
[05:20:09]   downloaded 542.4 MB in 15.9s (34.1 MB/s)
[05:20:31]   upload done video_id=26069211 in 22.3s
[05:20:32] film cr_film_id=2414 OK in 41.4s
[05:20:32] iteration 18/20
[05:20:32] film cr_film_id=2416 name='Kobry a Užovky (2015) CZ' candidates=2
[05:20:32]   candidate upload_id=63cd65002c447 url=https://prehraj.to/kobry-a-uzovky-2015-drama-komedie-cz-1080p/63cd65002c447
[05:20:34]   resolved in 1.9s → 1080p (https://pf-storage4.premiumcdn.net/36602128/1XEU0yT0vUqZHbqF4DTayT3BCwOFyJUvGSGY…)
[05:21:49]   downloaded 2,762.3 MB in 73.2s (37.7 MB/s)
[05:23:26]   upload done video_id=26069254 in 97.3s
[05:23:27] film cr_film_id=2416 OK in 174.7s
[05:23:27] iteration 19/20
[05:23:27] film cr_film_id=2418 name='Špión (2015) CZ Dabing' candidates=11
[05:23:27]   candidate upload_id=76bfcc4c097ea933 url=https://prehraj.to/spion-melissa-mccarthy-jason-statham-rose-byrne-2015-komedie-akcni-krimi-bdrip-1080p-cz-dabing/76bfcc4c097ea933
[05:23:28]   resolved in 1.0s → 1080p (https://pf-storage1.premiumcdn.net/163418534/leqiMRSX4TgLF2jI7dcAvSmauXaix4I3xTX…)
[05:24:42]   downloaded 2,659.8 MB in 72.3s (36.8 MB/s)
[05:26:30]   upload done video_id=26069327 in 108.8s
[05:26:32] film cr_film_id=2418 OK in 184.5s
[05:26:32] iteration 20/20
[05:26:32] film cr_film_id=2422 name='Hon na lišku (2014) CZ Dabing' candidates=2
[05:26:32]   candidate upload_id=55d0c5be3f28c url=https://prehraj.to/hon-na-lisku-2014-cz-dab-sport-thrill-drama/55d0c5be3f28c
[05:26:33]   resolved in 1.3s → 480p (https://pf-storage2.premiumcdn.net/181516/xB1h8dcOgFN9sx2S4rceYcA6sQ2i4AtARsRlup…)
[05:26:55]   downloaded 537.7 MB in 20.2s (26.6 MB/s)
[05:27:26]   upload done video_id=26069381 in 30.7s
[05:27:27] film cr_film_id=2422 OK in 55.1s
[05:27:27] batch-end ok=20 failed=0 dur=2408.0s avg/film=120.4s remaining=16597 eta_hours=555.1

===== run 2026-06-18T05:40:51Z shard=0/2 batch_size=20 (https://github.com/Olbrasoft/prehrajto-to-prehrajto/actions/runs/27739254063) =====
[05:40:52] description overrides loaded: 3737 from /home/runner/work/prehrajto-to-prehrajto/prehrajto-to-prehrajto/state/email-generated-descriptions-v3.jsonl
[05:40:52] batch-start shard=0/2 count=20 backlog=17650 uploads=1053 failed_attempts=78 description_overrides=3737
[05:40:52] login
[05:40:54] login done
[05:40:54] iteration 1/20
[05:40:54] film cr_film_id=2426 name='Kámoš k pohledání (2009) CZ Dabing' candidates=3
[05:40:54]   candidate upload_id=55c661711ae66 url=https://prehraj.to/kamos-k-pohledani-2009-czdab/55c661711ae66
[05:40:56]   resolved in 1.7s → 480p (https://pf-storage2.premiumcdn.net/104875/R1LHeAfNMfAOfzJHBQf08flOSoDU45s8MTW9TQ…)
[05:41:29]   downloaded 562.9 MB in 31.7s (17.8 MB/s)
[05:42:04]   upload done video_id=26069668 in 34.9s
[05:42:06] film cr_film_id=2426 OK in 72.1s
[05:42:06] iteration 2/20
[05:42:06] film cr_film_id=2430 name='Malá smrt (2014) CZ Dabing' candidates=1
[05:42:06]   candidate upload_id=63503f39e303f url=https://prehraj.to/mala-smrt-2014-cz-dab-cz-tit/63503f39e303f
[05:42:07]   resolved in 1.2s → 720p (https://pf-storage4.premiumcdn.net/34018579/Orot2mUp5T48H0lCPKUJ1U0Pcb1Ir3fK3iNb…)
[05:42:53]   downloaded 802.1 MB in 43.5s (18.4 MB/s)
[05:43:39]   upload done video_id=26069692 in 46.2s
[05:43:41] film cr_film_id=2430 OK in 94.7s
[05:43:41] iteration 3/20
[05:43:41] film cr_film_id=2434 name='Utržený ze řetězu (2005) CZ Dabing' candidates=7
[05:43:41]   candidate upload_id=605bcfc073b25 url=https://prehraj.to/utrzeny-ze-retezu-2005-czdab/605bcfc073b25
[05:43:42]   resolved in 1.4s → 480p (https://pf-storage5.premiumcdn.net/22800398/pOkiLBf1LIjocBJh73uzvf1jhRYH5qilbuY2…)
[05:44:58]   downloaded 1,366.4 MB in 73.7s (18.5 MB/s)
[05:46:18]   upload done video_id=26069746 in 80.4s
[05:46:20] film cr_film_id=2434 OK in 159.3s
[05:46:20] iteration 4/20
[05:46:20] film cr_film_id=2436 name='Světová válka Z (2013) CZ Dabing' candidates=5
[05:46:20]   candidate upload_id=68f4eb94d454a url=https://prehraj.to/svetova-valka-z-2013-cz-dab-1080p/68f4eb94d454a
[05:46:21]   resolved in 1.3s → 1080p (https://pf-storage5.premiumcdn.net/152422728/KlGTGZSzJtekFKaSlRsAgSD7UvLTNnubXIO…)
[05:48:30]   downloaded 3,039.6 MB in 126.5s (24.0 MB/s)
[05:51:32]   upload done video_id=26069833 in 181.8s
[05:51:33] film cr_film_id=2436 OK in 313.5s
[05:51:33] iteration 5/20
[05:51:33] film cr_film_id=2438 name='Kouzlo přítomného okamžiku (2013) CZ Dabing' candidates=7
[05:51:33]   candidate upload_id=5c520d78c1b2f url=https://prehraj.to/kouzlo-pritomneho-okamziku-2013-brrip-cz-dabing/5c520d78c1b2f
[05:51:35]   resolved in 1.5s → 480p (https://pf-storage1.premiumcdn.net/11476003/bM0I0YT5xUQKfG6hLqhmyTBwHXeFbGF4DIVZ…)
[05:52:01]   downloaded 418.0 MB in 24.5s (17.1 MB/s)
[05:52:44]   upload done video_id=26069953 in 42.4s
[05:52:46] film cr_film_id=2438 OK in 72.4s
[05:52:46] iteration 6/20
[05:52:46] film cr_film_id=2442 name='22 Jump Street (2014) CZ Dabing' candidates=2
[05:52:46]   candidate upload_id=63bd3834d3dc4 url=https://prehraj.to/22-jump-street-cz-dabing-2014-komedie/63bd3834d3dc4
[05:52:47]   resolved in 1.4s → 720p (https://pf-storage5.premiumcdn.net/36157534/3O6I9yc5EfL5t8aiexU6YceyHJWI7KSQYu5j…)
[05:54:21]   downloaded 2,137.3 MB in 91.5s (23.4 MB/s)
[05:56:23]   upload done video_id=26070027 in 121.9s
[05:56:24] film cr_film_id=2442 OK in 218.7s
[05:56:24] iteration 7/20
[05:56:24] film cr_film_id=2448 name='Fotr je lotr (2000) CZ Dabing' candidates=14
[05:56:24]   candidate upload_id=55c19067dac64 url=https://prehraj.to/fotr-je-lotr-2000-czdab/55c19067dac64
[05:56:26]   resolved in 1.6s → 480p (https://pf-storage3.premiumcdn.net/71552/7QJfrbCOjHdjc05hRwc7RC29t0Vil0TGdczxF0z…)
[05:57:01]   downloaded 709.6 MB in 33.3s (21.3 MB/s)
[05:57:45]   upload done video_id=26070107 in 43.2s
[05:57:46] film cr_film_id=2448 OK in 81.8s
[05:57:46] iteration 8/20
[05:57:46] film cr_film_id=2450 name='Taxi (1998) CZ Dabing' candidates=2
[05:57:46]   candidate upload_id=67bfea3b7311e url=https://prehraj.to/taxi-1-1998-cz-dabing-1080p/67bfea3b7311e
[05:57:48]   resolved in 1.4s → 720p (https://pf-storage5.premiumcdn.net/130814273/mMltaZHgqUjEf20Il5sagHjxIejU0xU8EHk…)
[06:00:10]   downloaded 3,276.8 MB in 140.5s (23.3 MB/s)
[06:03:33]   upload done video_id=26070197 in 202.3s
[06:03:35] film cr_film_id=2450 OK in 348.3s
[06:03:35] iteration 9/20
[06:03:35] film cr_film_id=2452 name='Zahulíme, uvidíme (2004) CZ Dabing' candidates=5
[06:03:35]   candidate upload_id=68f500cf63313 url=https://prehraj.to/zahulime-uvidime-2004-cz-dab-1080p/68f500cf63313
[06:03:36]   resolved in 1.4s → 720p (https://pf-storage1.premiumcdn.net/152426712/3vRsoQSnGIGbCRec4DSeoSNafD2UBJc8kCV…)
[06:08:51]   downloaded 1,111.0 MB in 312.9s (3.6 MB/s)
[06:10:01]   upload done video_id=26070409 in 69.7s
[06:10:03] film cr_film_id=2452 OK in 388.6s
[06:10:03] iteration 10/20
[06:10:03] film cr_film_id=2456 name='Prci, prci, prcičky (1999) CZ Dabing' candidates=22
[06:10:03]   candidate upload_id=6367dd96d90da url=https://prehraj.to/prci-prci-prcicky-1-1999-cz-dabing-1080p/6367dd96d90da
[06:10:05]   resolved in 1.8s → 720p (https://pf-storage3.premiumcdn.net/34325530/MJptgDfr8upXsMWsXaHV7fr2UAeSElhOJir3…)
[06:11:20]   downloaded 1,358.7 MB in 72.7s (18.7 MB/s)
[06:12:39]   upload done video_id=26070480 in 79.2s
[06:12:41] film cr_film_id=2456 OK in 157.5s
[06:12:41] iteration 11/20
[06:12:41] film cr_film_id=2458 name='Odpočítávání (2010) CZ Dabing' candidates=5
[06:12:41]   candidate upload_id=55deeae48a9c1 url=https://prehraj.to/odpocitavani-2010-czdab/55deeae48a9c1
[06:12:42]   resolved in 1.3s → 480p (https://pf-storage2.premiumcdn.net/240460/Rk7UresLOUZjt18irWiP8sjRFwkfAqCylSN6U4…)
[06:13:11]   downloaded 438.7 MB in 26.5s (16.6 MB/s)
[06:13:40]   upload done video_id=26070520 in 29.3s
[06:13:42] film cr_film_id=2458 OK in 60.9s
[06:13:42] iteration 12/20
[06:13:42] film cr_film_id=2460 name='Na ostří nože (1997) CZ Dabing' candidates=23
[06:13:42]   candidate upload_id=6363850437318 url=https://prehraj.to/na-ostri-noze-1997-1080p-cz-dab/6363850437318
[06:13:43]   resolved in 1.2s → 720p (https://pf-storage5.premiumcdn.net/34264465/71LfboFO5hrLumYfEvUwOF3wc8LHWEIE0CNV…)
[06:15:06]   downloaded 1,896.7 MB in 82.0s (23.1 MB/s)
[06:17:00]   upload done video_id=26070557 in 113.5s
[06:17:02] film cr_film_id=2460 OK in 200.1s
[06:17:02] iteration 13/20
[06:17:02] film cr_film_id=2462 name='Chata v horách (2011) CZ Dabing' candidates=27
[06:17:02]   candidate upload_id=4617f7b35176117c url=https://prehraj.to/chata-v-horach-2012-cz-dab-1080p/4617f7b35176117c
[06:17:03]   resolved in 1.3s → 720p (https://pf-storage1.premiumcdn.net/168075286/4x9f9kTQ8ijDcGxuYxSNDTvYHLPfZACQ3sn…)
[06:27:22]   downloaded 1,219.7 MB in 617.2s (2.0 MB/s)
[06:28:32]   upload done video_id=26070771 in 69.9s
[06:28:34] film cr_film_id=2462 OK in 692.7s
[06:28:34] iteration 14/20
[06:28:34] film cr_film_id=2464 name='Číslo 9 (2009) CZ Dabing' candidates=2
[06:28:34]   candidate upload_id=5a3d06875db64 url=https://prehraj.to/cislo-9-cz-dabing-2009/5a3d06875db64
[06:28:36]   resolved in 1.4s → 480p (https://pf-storage4.premiumcdn.net/3169580/vmEhlMiWJULKtDwuXGfDaiGWsnvFMjto4ceQT…)
[06:29:08]   downloaded 520.2 MB in 29.8s (17.5 MB/s)
[06:29:39]   upload done video_id=26070797 in 31.3s
[06:29:41] film cr_film_id=2464 OK in 66.2s
[06:29:41] iteration 15/20
[06:29:41] film cr_film_id=2466 name='Neporazitelný II: Poslední zůstává (2006) CZ' candidates=5
[06:29:41]   candidate upload_id=629b8417bd2cf url=https://prehraj.to/neporazitelny-2-posledni-zustava-2006-akcni-krimi-cz/629b8417bd2cf
[06:29:42]   resolved in 1.5s → 480p (https://pf-storage1.premiumcdn.net/31081451/v83sl0CQzHgBFJkfKkiKnCWef93C6Bs7aiOR…)
[06:30:31]   downloaded 842.4 MB in 47.0s (17.9 MB/s)
[06:31:20]   upload done video_id=26070822 in 48.7s
[06:31:21] film cr_film_id=2466 OK in 100.8s
[06:31:21] iteration 16/20
[06:31:21] film cr_film_id=2468 name='Nevědomí (2013) CZ Dabing' candidates=33
[06:31:21]   candidate upload_id=5aa29ffda24d6 url=https://prehraj.to/nevedomi-2013-hdrip-cz-dabing-m3/5aa29ffda24d6
[06:31:23]   resolved in 1.2s → 480p (https://pf-storage4.premiumcdn.net/3581781/157sQET8LSLkt5mSwriBGT9YS5PHGPhn5iqkU…)
[06:31:59]   downloaded 588.6 MB in 33.6s (17.5 MB/s)
[06:32:36]   upload done video_id=26070839 in 37.7s
[06:32:38] film cr_film_id=2468 OK in 76.3s
[06:32:38] iteration 17/20
[06:32:38] film cr_film_id=2476 name='Otec rodiny (2000) CZ Dabing' candidates=9
[06:32:38]   candidate upload_id=5821164561c5d url=https://prehraj.to/otec-rodiny-cz-dabing-2000/5821164561c5d
[06:32:39]   resolved in 1.2s → 480p (https://pf-storage2.premiumcdn.net/812482/apyteluPbCdvCw3IADTGluzmFzeIERhojhNOcE…)
[06:33:06]   downloaded 523.7 MB in 25.2s (20.8 MB/s)
[06:33:44]   upload done video_id=26070861 in 38.0s
[06:33:46] film cr_film_id=2476 OK in 68.0s
[06:33:46] iteration 18/20
[06:33:46] film cr_film_id=2478 name='U Konce světa (2013) CZ Dabing' candidates=7
[06:33:46]   candidate upload_id=6324b07558f08 url=https://prehraj.to/u-konce-sveta-the-world-s-end-1080p-x264-ac3-5-1-cz-dab-2013/6324b07558f08
[06:33:47]   resolved in 1.2s → 720p (https://pf-storage3.premiumcdn.net/33131221/Xbef4lhPbF7aik1iNRfeKha2f0zT01f1gsX0…)
[06:40:30]   downloaded 2,179.8 MB in 401.3s (5.4 MB/s)
[06:42:57]   upload done video_id=26071021 in 146.6s
[06:42:59] film cr_film_id=2478 OK in 553.2s
[06:42:59] iteration 19/20
[06:42:59] film cr_film_id=2484 name='Strašidelné Vánoce (1988) CZ' candidates=1
[06:42:59]   candidate upload_id=5ab08e981d02b url=https://prehraj.to/strasidelne-vanoce-1988/5ab08e981d02b
[06:43:00]   resolved in 1.4s → 720p (https://pf-storage5.premiumcdn.net/3688274/EzntojTaKi25h8auBQTOATpOcxDiAqUmQiPaS…)
[06:44:21]   downloaded 1,445.5 MB in 78.5s (18.4 MB/s)
[06:45:43]   upload done video_id=26071101 in 82.0s
[06:45:45] film cr_film_id=2484 OK in 165.7s
[06:45:45] iteration 20/20
[06:45:45] film cr_film_id=2486 name='Ledové ostří (1992) CZ Dabing' candidates=11
[06:45:45]   candidate upload_id=55d6db2468450 url=https://prehraj.to/ledove-ostri-1992-czdab/55d6db2468450
[06:45:46]   resolved in 1.3s → 480p (https://pf-storage2.premiumcdn.net/216170/jgZF1RCmNTJasQyHykIOXCJGcnWtqQSa9FVZtX…)
[06:46:29]   downloaded 747.8 MB in 41.3s (18.1 MB/s)
[06:48:02]   upload done video_id=26071149 in 92.9s
[06:48:04] film cr_film_id=2486 OK in 139.3s
[06:48:04] batch-end ok=20 failed=0 dur=4030.1s avg/film=201.5s remaining=16577 eta_hours=927.9

===== run 2026-06-18T06:48:32Z shard=0/2 batch_size=20 (https://github.com/Olbrasoft/prehrajto-to-prehrajto/actions/runs/27741977224) =====
[06:48:34] description overrides loaded: 3756 from /home/runner/work/prehrajto-to-prehrajto/prehrajto-to-prehrajto/state/email-generated-descriptions-v3.jsonl
[06:48:34] batch-start shard=0/2 count=20 backlog=17650 uploads=1073 failed_attempts=78 description_overrides=3756
[06:48:34] login
[06:48:35] login done
[06:48:35] iteration 1/20
[06:48:35] film cr_film_id=2488 name='Na samotě (2024) CZ Dabing' candidates=5
[06:48:35]   candidate upload_id=994de2d7c2eac39c url=https://prehraj.to/na-samote-lesa-komedie-mkv-2024-novinka-cz-dabing-full-hd-1080p-pucci-film-mp4/994de2d7c2eac39c
[06:48:36]   resolved in 1.0s → 1080p (https://pf-storage3.premiumcdn.net/165791369/mb4IWpsRqSOws78TpDF2msn4iKXHe9iVzSj…)
[06:49:52]   downloaded 2,650.2 MB in 74.2s (35.7 MB/s)
[06:51:53]   upload done video_id=26071198 in 121.1s
[06:51:55] film cr_film_id=2488 OK in 199.2s
[06:51:55] iteration 2/20
[06:51:55] film cr_film_id=2492 name='Robin Hood: Král zbojníků (1991) CZ Dabing' candidates=10
[06:51:55]   candidate upload_id=5eebd39acd522 url=https://prehraj.to/robin-hood-kral-zbojniku-robin-hood-prince-of-thieves-usa-1991-135-min-czdub-historicky-5-1ch-1080p-od-soucka-tomase/5eebd39acd522
[06:51:56]   resolved in 0.9s → 1080p (https://pf-storage3.premiumcdn.net/16968108/BGDSZJUN5ULmtQACyGcdbUqWtDMI2kSlvhJq…)
[06:51:57]   oversize: 7942458475 B > 6000000000 B, skip
[06:51:57]   candidate upload_id=5f4570c3f2d31 url=https://prehraj.to/robin-hood-kral-zbojniku-robin-hood-prince-of-thieves-usa-1991-135-min-czdub-historicky-5-1ch-1080p-od-soucka-tomase/5f4570c3f2d31
[06:52:02]   resolved in 4.4s → 1080p (https://pf-storage3.premiumcdn.net/18240309/JnAF7nsANTEjiMVcQgTVAslkIvJHaNFK9uw6…)
[06:52:02]   oversize: 7942458475 B > 6000000000 B, skip
[06:52:02]   candidate upload_id=5ed0a91b129fd url=https://prehraj.to/robin-hood-1991-czdabing/5ed0a91b129fd
[06:52:08]   resolved in 5.2s → 1080p (https://pf-storage3.premiumcdn.net/16694424/ZROIMNi4vc35ibeSM4H3aiK1f0ESpgCPrSZN…)
[06:54:48]   downloaded 4,768.6 MB in 159.7s (29.9 MB/s)
[06:58:04]   upload done video_id=26071284 in 196.0s
[06:58:06] film cr_film_id=2492 OK in 371.3s
[06:58:06] iteration 3/20
[06:58:06] film cr_film_id=2498 name='Fremont (2023) CZ Dabing' candidates=8
[06:58:06]   candidate upload_id=67dd3cf26cf3c url=https://prehraj.to/fremont-2023-cz-dabing-1080p/67dd3cf26cf3c
[06:58:07]   resolved in 0.9s → 1080p (https://pf-storage3.premiumcdn.net/132903956/OxjuzbIaMi2GTq0ioNTa7IRGt0ximLiNkix…)
[06:59:03]   downloaded 1,580.2 MB in 54.5s (29.0 MB/s)
[07:00:08]   upload done video_id=26071349 in 64.9s
[07:00:09] film cr_film_id=2498 OK in 123.0s
[07:00:09] iteration 4/20
[07:00:09] film cr_film_id=2500 name='Poslední zastávka v Yumě (2023) CZ Dabing' candidates=1
[07:00:09]   candidate upload_id=67df7ea2dd9e0 url=https://prehraj.to/posledni-zastavka-v-yume-2023-czdab/67df7ea2dd9e0
[07:00:10]   resolved in 0.9s → 1080p (https://pf-storage3.premiumcdn.net/133042331/Y5LiDBTeOS8dU5vC6kHQ1TJgH8gcPaFR5UN…)
[07:00:52]   downloaded 1,521.9 MB in 41.2s (36.9 MB/s)
[07:01:49]   upload done video_id=26071387 in 56.9s
[07:01:50] film cr_film_id=2500 OK in 101.5s
[07:01:50] iteration 5/20
[07:01:50] film cr_film_id=2504 name='Dvě hemisféry (2025) CZ Dabing' candidates=5
[07:01:50]   candidate upload_id=6808345b7dced url=https://prehraj.to/dve-hemisfery-2025-cz-dabing-1080p/6808345b7dced
[07:01:51]   resolved in 1.0s → 1080p (https://pf-storage5.premiumcdn.net/135907205/0KWum3SAWhYjs3AT8vUPMS7dsZWfnJHQ1HV…)
[07:02:44]   downloaded 1,432.2 MB in 51.0s (28.1 MB/s)
[07:03:54]   upload done video_id=26071433 in 69.9s
[07:03:55] film cr_film_id=2504 OK in 124.6s
[07:03:55] iteration 6/20
[07:03:55] film cr_film_id=2510 name='Sám doma 2: Ztracen v New Yorku (1992) CZ Dabing' candidates=12
[07:03:55]   candidate upload_id=6767e2019a519 url=https://prehraj.to/sam-doma-2-strateny-v-new-yorku-1992-sk-dabing-novinka-cz-dabing-full-hd-1080p-pucci-film/6767e2019a519
[07:03:56]   resolved in 1.1s → 720p (https://pf-storage1.premiumcdn.net/126592376/9LBfErF2bFkEIlyTB4FgJFY3cpyck9c9GTk…)
[07:05:09]   downloaded 2,540.4 MB in 71.2s (35.7 MB/s)
[07:06:48]   upload done video_id=26071495 in 99.6s
[07:06:50] film cr_film_id=2510 OK in 174.7s
[07:06:50] iteration 7/20
[07:06:50] film cr_film_id=2518 name='Návrat do Soulu (2022) CZ' candidates=5
[07:06:50]   candidate upload_id=66aba5c44e29d url=https://prehraj.to/navrat-do-soulu-retour-a-seoul-2022-cz-720p-mp4/66aba5c44e29d
[07:06:51]   resolved in 1.0s → 720p (https://pf-storage1.premiumcdn.net/88219889/9QmU29sq5H4nhbZiWRfrosQgfQ5FR9UW8Slb…)
[07:07:21]   downloaded 792.6 MB in 28.5s (27.8 MB/s)
[07:07:53]   upload done video_id=26071551 in 32.5s
[07:07:55] film cr_film_id=2518 OK in 65.2s
[07:07:55] iteration 8/20
[07:07:55] film cr_film_id=2520 name='Craig Before the Creek (2023) CZ Dabing' candidates=2
[07:07:55]   candidate upload_id=666d3464129a9 url=https://prehraj.to/craig-pred-potokem-craig-before-the-creek-2023-cz-dabing-1080p-mp4/666d3464129a9
[07:07:56]   resolved in 1.2s → 1080p (https://pf-storage1.premiumcdn.net/78543224/dmXiV7UkDtJmfbVf9vS1wURBfd5SDmsP7uk7…)
[07:08:55]   downloaded 1,567.7 MB in 57.2s (27.4 MB/s)
[07:10:05]   upload done video_id=26071595 in 70.1s
[07:10:07] film cr_film_id=2520 OK in 132.0s
[07:10:07] iteration 9/20
[07:10:07] film cr_film_id=2528 name='Jak odpálit ropovod (2022) CZ' candidates=1
[07:10:07]   candidate upload_id=65ca27df6cabc url=https://prehraj.to/jak-odpalit-ropovod-how-to-blow-up-a-pipeline-1080p-bluray-x264-dts-en-ac3-cz-2022-mp4/65ca27df6cabc
[07:10:08]   resolved in 1.0s → 1080p (https://pf-storage5.premiumcdn.net/73349588/Z13CdDFrac64IeoHYasyrFQKuorhKZCzQSGv…)
[07:11:37]   downloaded 2,592.3 MB in 87.2s (29.7 MB/s)
[07:13:12]   upload done video_id=26071668 in 95.3s
[07:13:13] film cr_film_id=2528 OK in 186.5s
[07:13:13] iteration 10/20
[07:13:13] film cr_film_id=2530 name='Sisu (2022) CZ Dabing' candidates=2
[07:13:13]   candidate upload_id=c0fc1f07dfd414aa url=https://prehraj.to/sisu-2022-cz-dab-720p/c0fc1f07dfd414aa
[07:13:15]   resolved in 1.1s → 720p (https://pf-storage5.premiumcdn.net/167744578/Bo0TaPc0kTAlcZ2iBacQ5cLlH9EUnZFYzCK…)
[07:13:46]   downloaded 1,025.5 MB in 29.9s (34.3 MB/s)
[07:14:23]   upload done video_id=26071728 in 36.9s
[07:14:24] film cr_film_id=2530 OK in 70.6s
[07:14:24] iteration 11/20
[07:14:24] film cr_film_id=2532 name='Jednorožci vs. medvídci (2022) CZ Dabing' candidates=1
[07:14:24]   candidate upload_id=65aa597140ab3 url=https://prehraj.to/jednorozci-vs-medvidci-2022-cz-dabing-1080p/65aa597140ab3
[07:14:25]   resolved in 0.7s → 1080p (https://pf-storage5.premiumcdn.net/72511538/lBESqJfO3T71FAMF2rSO6f1Nt2EIYJhlLcJZ…)
[07:15:23]   downloaded 2,091.0 MB in 57.3s (36.5 MB/s)
[07:17:02]   upload done video_id=26071762 in 98.9s
[07:17:03] film cr_film_id=2532 OK in 159.4s
[07:17:03] iteration 12/20
[07:17:03] film cr_film_id=2536 name='Těžká puberta (2019) CZ Dabing' candidates=1
[07:17:03]   candidate upload_id=6575bb17542fd url=https://prehraj.to/tezka-puberta-2019-cz-dabing-hd-1080p/6575bb17542fd
[07:17:04]   resolved in 1.1s → 720p (https://pf-storage1.premiumcdn.net/70512644/YblUm4HmZSLYcZVfYaCM4HbpuLmfJGSD9HO9…)
[07:17:37]   downloaded 881.3 MB in 31.0s (28.4 MB/s)
[07:18:30]   upload done video_id=26071811 in 52.8s
[07:18:31] film cr_film_id=2536 OK in 88.0s
[07:18:31] iteration 13/20
[07:18:31] film cr_film_id=2538 name='Zlo si umí počkat (2023) CZ' candidates=1
[07:18:31]   candidate upload_id=66396bd1abb16 url=https://prehraj.to/zlo-si-umi-pockat-when-evil-lurks-2023-cz-titulky-fullhd-1080p/66396bd1abb16
[07:18:32]   resolve FAILED: HTTP 502 wrapping permanent upstream error: https://prehraj.to/zlo-si-umi-pockat-when-evil-lurks-2023-cz-titulky-fullhd-1080p/66396bd1abb16 (permanent=True)
[07:18:32] film cr_film_id=2538 all candidates exhausted
[07:18:32] iteration 14/20
[07:18:32] film cr_film_id=2542 name='The Childe (2023) CZ Dabing' candidates=1
[07:18:32]   candidate upload_id=65df897eb3dac url=https://prehraj.to/the-childe-2023-cz-dab/65df897eb3dac
[07:18:38]   resolved in 6.0s → 480p (https://pf-storage3.premiumcdn.net/74013836/LqaIdQfj8h8Qt3MSzNimbfkEtE7tX6hmasnk…)
[07:18:58]   downloaded 483.5 MB in 18.4s (26.3 MB/s)
[07:19:20]   upload done video_id=26071838 in 22.2s
[07:19:21] film cr_film_id=2542 OK in 49.5s
[07:19:21] iteration 15/20
[07:19:21] film cr_film_id=2546 name='Supernova (2020) CZ Dabing' candidates=2
[07:19:21]   candidate upload_id=5944f0e0e61c6 url=https://prehraj.to/2012-supernova-2012-supernova-cz-dabing-2009/5944f0e0e61c6
[07:19:23]   resolved in 1.5s → 480p (https://pf-storage2.premiumcdn.net/2359012/egWID7CdWS3mCvrsKmf9DC9DharhjVUgESG0S…)
[07:19:42]   downloaded 478.2 MB in 17.8s (26.9 MB/s)
[07:20:06]   upload done video_id=26071858 in 23.8s
[07:20:07] film cr_film_id=2546 OK in 45.9s
[07:20:07] iteration 16/20
[07:20:07] film cr_film_id=2548 name='Zázračný kůň (2022) CZ Dabing' candidates=1
[07:20:07]   candidate upload_id=643b6401922fc url=https://prehraj.to/zazracny-kun-adeline-2022-czdab/643b6401922fc
[07:20:08]   resolved in 0.9s → 720p (https://pf-storage1.premiumcdn.net/39461086/elKh37izDFo0u8wfancwXimWh59hmyFaYskx…)
[07:20:52]   downloaded 1,201.6 MB in 41.9s (28.7 MB/s)
[07:21:32]   upload done video_id=26071893 in 40.4s
[07:21:33] film cr_film_id=2548 OK in 86.0s
[07:21:33] iteration 17/20
[07:21:33] film cr_film_id=2550 name='Kam se poděla sedmá rota? (1973) CZ Dabing' candidates=18
[07:21:33]   candidate upload_id=68b79ac9eeab4 url=https://prehraj.to/kam-se-podela-sedma-rota-1973-1080p-cz-dab/68b79ac9eeab4
[07:21:34]   resolved in 0.9s → 1080p (https://pf-storage4.premiumcdn.net/145293726/bLYfmliemhoNsA0hn7F1Gikyt0DcjqUL1up…)
[07:24:00]   downloaded 5,490.9 MB in 144.6s (38.0 MB/s)
[07:27:10]   upload done video_id=26071952 in 189.9s
[07:27:12] film cr_film_id=2550 OK in 338.7s
[07:27:12] iteration 18/20
[07:27:12] film cr_film_id=2552 name='Hovoří ženy (2022) CZ Dabing' candidates=1
[07:27:12]   candidate upload_id=371a01da5b59ec43 url=https://prehraj.to/hovori-zeny-2022-cz-dabing/371a01da5b59ec43
[07:27:13]   resolved in 1.2s → 1080p (https://pf-storage3.premiumcdn.net/165065999/yDwswQSrRUoaFbNtEGuVNSzLi1dHxyh23Ho…)
[07:27:50]   downloaded 1,274.7 MB in 35.6s (35.8 MB/s)
[07:28:45]   upload done video_id=26072039 in 55.1s
[07:28:47] film cr_film_id=2552 OK in 94.7s
[07:28:47] iteration 19/20
[07:28:47] film cr_film_id=2556 name='Čokoláda míru (2021) CZ Dabing' candidates=3
[07:28:47]   candidate upload_id=632629cedea1f url=https://prehraj.to/cokolada-miru-2021-czdabing/632629cedea1f
[07:28:48]   resolved in 1.0s → 720p (https://pf-storage3.premiumcdn.net/33148441/Zkdfl4HGZI6pu1VT8AixPHvjtA6iYGu8qCpo…)
[07:29:42]   downloaded 1,560.6 MB in 53.1s (29.4 MB/s)
[07:30:39]   upload done video_id=26072086 in 56.6s
[07:30:40] film cr_film_id=2556 OK in 113.4s
[07:30:40] iteration 20/20
[07:30:40] film cr_film_id=2558 name='Strážci Galaxie: Sváteční speciál (2022) CZ Dabing' candidates=19
[07:30:40]   candidate upload_id=639312ad2c074 url=https://prehraj.to/strazci-galaxie-svatecni-special-the-guardians-of-the-galaxy-holiday-special-2022-1080p-cz-dabing-mp4/639312ad2c074
[07:30:41]   resolved in 1.1s → 1080p (https://pf-storage1.premiumcdn.net/35244889/D56tBds8ZSZMC5YSv5HLys26uPaUbxFd5Sge…)
[07:31:34]   downloaded 1,532.7 MB in 51.6s (29.7 MB/s)
[07:32:44]   upload done video_id=26072117 in 69.4s
[07:32:45] film cr_film_id=2558 OK in 125.0s
[07:32:45] batch-end ok=19 failed=1 dur=2649.6s avg/film=139.5s remaining=16558 eta_hours=641.6

===== run 2026-06-18T07:33:17Z shard=0/2 batch_size=20 (https://github.com/Olbrasoft/prehrajto-to-prehrajto/actions/runs/27744021296) =====
[07:33:18] description overrides loaded: 3944 from /home/runner/work/prehrajto-to-prehrajto/prehrajto-to-prehrajto/state/email-generated-descriptions-v3.jsonl
[07:33:18] batch-start shard=0/2 count=20 backlog=17650 uploads=1092 failed_attempts=81 description_overrides=3944
[07:33:18] login
[07:33:19] login done
[07:33:19] iteration 1/20
[07:33:19] film cr_film_id=2560 name='Černý telefon (2021) CZ Dabing' candidates=2
[07:33:19]   candidate upload_id=6351cdeea4ef5 url=https://prehraj.to/the-black-phone-2021-czdab/6351cdeea4ef5
[07:33:20]   resolved in 1.0s → 720p (https://pf-storage1.premiumcdn.net/34037779/M1NU8yCYbs8xUVmsbLI1wCdZUyLI79UR7CwL…)
[07:33:57]   downloaded 1,229.9 MB in 35.6s (34.5 MB/s)
[07:34:48]   upload done video_id=26072164 in 50.7s
[07:34:49] film cr_film_id=2560 OK in 90.1s
[07:34:49] iteration 2/20
[07:34:49] film cr_film_id=2564 name='Doctor Strange v mnohovesmíru šílenství (2022) CZ Dabing' candidates=10
[07:34:49]   candidate upload_id=6758f4ba45ced url=https://prehraj.to/dr-strange-v-mnohavesmiru-silenstvi-2022-cz-dabing-1080p/6758f4ba45ced
[07:34:50]   resolved in 1.0s → 480p (https://pf-storage5.premiumcdn.net/120603458/RAbSdMcmvUk9hm5fdWi0ncbDHaKSKaUxYCP…)
[07:35:27]   downloaded 1,199.3 MB in 34.8s (34.5 MB/s)
[07:36:52]   upload done video_id=26072195 in 85.5s
[07:36:54] film cr_film_id=2564 OK in 124.2s
[07:36:54] iteration 3/20
[07:36:54] film cr_film_id=2566 name='Zlouni (2022) CZ Dabing' candidates=4
[07:36:54]   candidate upload_id=4405e958c2b0aede url=https://prehraj.to/the-bad-guys-zlouni-2022-cz-dabing-1080p-bluray-ddp7-1-x264-ift-mkv/4405e958c2b0aede
[07:36:54]   resolve FAILED: HTTP 502 wrapping permanent upstream error: https://prehraj.to/the-bad-guys-zlouni-2022-cz-dabing-1080p-bluray-ddp7-1-x264-ift-mkv/4405e958c2b0aede (permanent=True)
[07:36:54]   candidate upload_id=651fc292d07d9 url=https://prehraj.to/the-bad-guys-zlouni-2022-cz-dabing-1080p-bluray-ddp7-1-x264-ift/651fc292d07d9
[07:37:00]   resolve FAILED: HTTP 502 wrapping permanent upstream error: https://prehraj.to/the-bad-guys-zlouni-2022-cz-dabing-1080p-bluray-ddp7-1-x264-ift/651fc292d07d9 (permanent=True)
[07:37:00]   candidate upload_id=64150f6f6a733 url=https://prehraj.to/smradi-2022-czdab/64150f6f6a733
[07:37:06]   resolved in 6.0s → 720p (https://pf-storage5.premiumcdn.net/38468569/mbwhZ9I4mT0yUQ3S6jTJzI26FwbcZwtzWCb0…)
[07:38:01]   downloaded 1,898.4 MB in 53.9s (35.2 MB/s)
[07:39:26]   upload done video_id=26072240 in 84.7s
[07:39:27] film cr_film_id=2566 OK in 153.8s
[07:39:27] iteration 4/20
[07:39:27] film cr_film_id=2572 name='Bratri Sistersovi (2018) CZ Dabing' candidates=1
[07:39:27]   candidate upload_id=67d1089749a82 url=https://prehraj.to/bratia-sistersovci-the-sisters-brothers-2018-cz-dab/67d1089749a82
[07:39:28]   resolved in 1.0s → 720p (https://pf-storage3.premiumcdn.net/131949635/ZQNSKrI6Bc8lUj7tVNCedIz0U4LcadTvdcO…)
[07:40:12]   downloaded 1,465.6 MB in 41.8s (35.1 MB/s)
[07:41:05]   upload done video_id=26072302 in 53.6s
[07:41:07] film cr_film_id=2572 OK in 99.4s
[07:41:07] iteration 5/20
[07:41:07] film cr_film_id=2574 name='Doktor Flastr (1998) CZ Dabing' candidates=3
[07:41:07]   candidate upload_id=55c055ea6cb9d url=https://prehraj.to/doktor-flastr-1998-czdab/55c055ea6cb9d
[07:41:08]   resolved in 1.3s → 480p (https://pf-storage2.premiumcdn.net/70278/g2li1MHpgSZKIgpH6Ahd6Hn5cp6i4OCLjUa8u38…)
[07:41:31]   downloaded 548.5 MB in 21.2s (25.9 MB/s)
[07:42:03]   upload done video_id=26072344 in 31.6s
[07:42:04] film cr_film_id=2574 OK in 57.1s
[07:42:04] iteration 6/20
[07:42:04] film cr_film_id=2584 name='Dotek Medúzy (1978) CZ Dabing' candidates=3
[07:42:04]   candidate upload_id=62612a6956bb1 url=https://prehraj.to/dotek-meduzy-1978-mysteriozni-thriller-horor-cz-dabing/62612a6956bb1
[07:42:05]   resolved in 0.9s → 720p (https://pf-storage3.premiumcdn.net/30550352/rpoiRoTYDckDumvIvEhEZTajc3pszwuKLIX6…)
[07:43:05]   downloaded 1,608.3 MB in 58.5s (27.5 MB/s)
[07:44:14]   upload done video_id=26072385 in 69.1s
[07:44:15] film cr_film_id=2584 OK in 131.2s
[07:44:15] iteration 7/20
[07:44:15] film cr_film_id=2586 name='Základna (2019) CZ Dabing' candidates=2
[07:44:15]   candidate upload_id=67c0ebcea36ff url=https://prehraj.to/p-f-vojnovy-cz-dab-zakladna-2019-cz-dabing-1080p/67c0ebcea36ff
[07:44:17]   resolved in 2.1s → 480p (https://pf-storage5.premiumcdn.net/130888211/KLyhbyTlLsKat3vSYyi8dTa0iYDf73iV5IQ…)
[07:44:52]   downloaded 921.3 MB in 33.6s (27.4 MB/s)
[07:45:38]   upload done video_id=26072428 in 45.9s
[07:45:39] film cr_film_id=2586 OK in 84.4s
[07:45:39] iteration 8/20
[07:45:39] film cr_film_id=2598 name='Šachový princ (2019) CZ' candidates=1
[07:45:39]   candidate upload_id=614ef75f683dd url=https://prehraj.to/sachovy-princ-2019-sk-dab-rimini-65-csfd/614ef75f683dd
[07:45:40]   resolved in 0.9s → 720p (https://pf-storage4.premiumcdn.net/25015805/wm6t7zcmvUGBHnRTlNF7QckBSEOHxKsXVf4A…)
[07:46:42]   downloaded 1,749.9 MB in 60.6s (28.9 MB/s)
[07:47:43]   upload done video_id=26072481 in 61.1s
[07:47:45] film cr_film_id=2598 OK in 125.2s
[07:47:45] iteration 9/20
[07:47:45] film cr_film_id=2602 name='Hudba mého života (2019) CZ Dabing' candidates=1
[07:47:45]   candidate upload_id=5fc7333ce0750 url=https://prehraj.to/hudba-meho-zivota-2019-czdabing/5fc7333ce0750
[07:47:46]   resolved in 1.0s → 1080p (https://pf-storage5.premiumcdn.net/20476707/M6dI2PUPKsWRuGZhQEcgyUrJI0vcmxtkYSgy…)
[07:48:57]   downloaded 1,978.6 MB in 69.9s (28.3 MB/s)
[07:50:16]   upload done video_id=26072533 in 78.8s
[07:50:17] film cr_film_id=2602 OK in 152.8s
[07:50:17] iteration 10/20
[07:50:17] film cr_film_id=2608 name='Sám život (2018) CZ Dabing' candidates=6
[07:50:17]   candidate upload_id=5fa9a4d0e49ab url=https://prehraj.to/sam-zivot-2018-czdab/5fa9a4d0e49ab
[07:50:18]   resolved in 1.0s → 720p (https://pf-storage5.premiumcdn.net/19815297/qwGSpMsPMTaGUQnCKqijes83hWGTZ5tnpUr4…)
[07:51:13]   downloaded 1,853.0 MB in 52.7s (35.2 MB/s)
[07:52:39]   upload done video_id=26072573 in 87.0s
[07:52:41] film cr_film_id=2608 OK in 143.3s
[07:52:41] iteration 11/20
[07:52:41] film cr_film_id=2610 name='Lara (2019) CZ Dabing' candidates=1
[07:52:41]   candidate upload_id=5fcd27be93025 url=https://prehraj.to/lara-2019-czdabing/5fcd27be93025
[07:52:42]   resolved in 1.1s → 1080p (https://pf-storage5.premiumcdn.net/20597052/qeaTYvIyluNJUwdtdrURrIo0swOt4KH04uAo…)
[07:53:13]   downloaded 798.1 MB in 29.6s (27.0 MB/s)
[07:53:50]   upload done video_id=26072610 in 36.8s
[07:53:51] film cr_film_id=2610 OK in 70.3s
[07:53:51] iteration 12/20
[07:53:51] film cr_film_id=2614 name='Tajemné křížovky: Návrh na vraždu (2019) CZ' candidates=1
[07:53:51]   candidate upload_id=5e9c2f543b266 url=https://prehraj.to/tajemne-krizovky-navrh-na-vrazdu-drama-2019-1080i-hbo-hdtv-h264-2-0-57-sten-ok/5e9c2f543b266
[07:53:52]   resolved in 0.9s → 1080p (https://pf-storage5.premiumcdn.net/16280227/9YPcDauYDTjNsV4TJyUVKu7NiD8iAmiM6TEO…)
[07:55:02]   downloaded 1,974.8 MB in 68.3s (28.9 MB/s)
[07:56:28]   upload done video_id=26072647 in 86.1s
[07:56:30] film cr_film_id=2614 OK in 158.5s
[07:56:30] iteration 13/20
[07:56:30] film cr_film_id=2618 name='Krvavá nevěsta (2019) CZ Dabing' candidates=22
[07:56:30]   candidate upload_id=610e5a2b2c4e1 url=https://prehraj.to/krvava-nevesta-ready-or-not-2019-1080p-cz-dabing/610e5a2b2c4e1
[07:56:31]   resolved in 1.0s → 1080p (https://pf-storage5.premiumcdn.net/24538835/1jyuk8Ur8F0DiQ8HyYhydU38CX7i3oSwvhv4…)
[07:57:27]   downloaded 1,946.4 MB in 54.8s (35.5 MB/s)
[07:58:48]   upload done video_id=26072691 in 81.2s
[07:58:49] film cr_film_id=2618 OK in 139.9s
[07:58:49] iteration 14/20
[07:58:49] film cr_film_id=2620 name='Láska na druhý pohled (2019) CZ' candidates=3
[07:58:49]   candidate upload_id=5d97015d93cc4 url=https://prehraj.to/laska-na-druhy-pohled-komedie-2019-1080p-264-cz-78-sten-ok/5d97015d93cc4
[07:58:51]   resolved in 1.2s → 720p (https://pf-storage1.premiumcdn.net/14992189/L13HxaSvgipGh2GfEgu3QSGQTE5iY7t1lFP6…)
[07:59:50]   downloaded 1,627.0 MB in 57.4s (28.3 MB/s)
[08:01:00]   upload done video_id=26072726 in 70.5s
[08:01:01] film cr_film_id=2620 OK in 132.1s
[08:01:01] iteration 15/20
[08:01:01] film cr_film_id=2622 name='Aladin (2019) CZ Dabing' candidates=8
[08:01:01]   candidate upload_id=6808cc786f7de url=https://prehraj.to/aladin-2019-cz-dab-1080p/6808cc786f7de
[08:01:03]   resolved in 1.6s → 720p (https://pf-storage5.premiumcdn.net/135947537/5A6hMnspwuJac3NSaRSpGsQPCanIbGTnjuR…)
[08:02:25]   downloaded 2,821.8 MB in 80.0s (35.3 MB/s)
[08:04:21]   upload done video_id=26072778 in 115.9s
[08:04:22] film cr_film_id=2622 OK in 200.5s
[08:04:22] iteration 16/20
[08:04:22] film cr_film_id=2624 name='Vlčí volání (2019) CZ Dabing' candidates=12
[08:04:22]   candidate upload_id=a9eddde45f80b111 url=https://prehraj.to/vlci-volani-2019-cz-dab-1080p/a9eddde45f80b111
[08:04:23]   resolved in 1.0s → 1080p (https://pf-storage5.premiumcdn.net/167436860/g4jFPvsGvhPdi8ptv7c4dsJzumDCE2IMqfP…)
[08:05:38]   downloaded 2,109.8 MB in 73.5s (28.7 MB/s)
[08:07:54]   upload done video_id=26072848 in 136.2s
[08:07:56] film cr_film_id=2624 OK in 213.5s
[08:07:56] iteration 17/20
[08:07:56] film cr_film_id=2626 name='Klec (2019) CZ' candidates=7
[08:07:56]   candidate upload_id=5f657838d7287 url=https://prehraj.to/klec-drama-thriller-cesko-2019-1080p-tvrip-j-bohdalova-77-sten-ok/5f657838d7287
[08:07:57]   resolved in 1.0s → 1080p (https://pf-storage5.premiumcdn.net/18712302/8W6SZ4IqbczdtVRTkDiyaI2ECgytamHG3c21…)
[08:08:57]   downloaded 2,094.7 MB in 59.3s (35.3 MB/s)
[08:10:21]   upload done video_id=26072894 in 83.7s
[08:10:22] film cr_film_id=2626 OK in 146.7s
[08:10:22] iteration 18/20
[08:10:22] film cr_film_id=2628 name='Vymazaný kluk (2018) CZ Dabing' candidates=3
[08:10:22]   candidate upload_id=5d7562f28059d url=https://prehraj.to/vymazany-kluk-cz-dabing-2018/5d7562f28059d
[08:10:23]   resolved in 1.0s → 1080p (https://pf-storage1.premiumcdn.net/14796219/mYdHRxu4JcrXc2WtXys9puOdFjZcAgfq8cbX…)
[08:11:11]   downloaded 1,611.1 MB in 46.0s (35.0 MB/s)
[08:12:28]   upload done video_id=26072930 in 77.3s
[08:12:30] film cr_film_id=2628 OK in 127.5s
[08:12:30] iteration 19/20
[08:12:30] film cr_film_id=2630 name='Dálniční hlídka (2019) CZ' candidates=2
[08:12:30]   candidate upload_id=603ac29f658cd url=https://prehraj.to/dalnicni-hlidka-krimi-drama-2019-720p-2-0-x264-scztitulky-k-costner-72-sten-ok/603ac29f658cd
[08:12:31]   resolved in 1.1s → 480p (https://pf-storage4.premiumcdn.net/22468976/WJyfyZuzgcv7UDwCKni3wu2VsxDUBqTK9TaX…)
[08:12:58]   downloaded 853.5 MB in 25.2s (33.9 MB/s)
[08:13:37]   upload done video_id=26072958 in 39.1s
[08:13:38] film cr_film_id=2630 OK in 68.1s
[08:13:38] iteration 20/20
[08:13:38] film cr_film_id=2632 name='Legenda o sovích strážcích (2010) CZ Dabing' candidates=12
[08:13:38]   candidate upload_id=5c6ecb41ab32d url=https://prehraj.to/legenda-o-sovich-strazcich-2010-cz-dabing-animovany/5c6ecb41ab32d
[08:13:39]   resolved in 1.0s → 480p (https://pf-storage3.premiumcdn.net/12020722/641Fa2igMsAYiRouYEcWJip5cGEFgVSEoiaD…)
[08:13:57]   downloaded 554.1 MB in 17.0s (32.6 MB/s)
[08:14:22]   upload done video_id=26072979 in 24.6s
[08:14:23] film cr_film_id=2632 OK in 45.2s
[08:14:23] batch-end ok=20 failed=0 dur=2463.8s avg/film=123.2s remaining=16538 eta_hours=566.0

===== run 2026-06-18T08:29:28Z shard=0/2 batch_size=20 (https://github.com/Olbrasoft/prehrajto-to-prehrajto/actions/runs/27746894744) =====
[08:29:29] description overrides loaded: 4415 from /home/runner/work/prehrajto-to-prehrajto/prehrajto-to-prehrajto/state/email-generated-descriptions-v3.jsonl
[08:29:29] batch-start shard=0/2 count=20 backlog=17650 uploads=1112 failed_attempts=83 description_overrides=4415
[08:29:29] login
[08:29:30] login done
[08:29:30] iteration 1/20
[08:29:30] film cr_film_id=2638 name='Má večeře s Hervém (2018) CZ Dabing' candidates=7
[08:29:30]   candidate upload_id=5ff2f0efdfc94 url=https://prehraj.to/ma-vecere-s-hervem-2018-720p-cz-dab-zivotopisny-drama-novinka-novinky/5ff2f0efdfc94
[08:29:31]   resolved in 1.1s → 720p (https://pf-storage1.premiumcdn.net/21233571/198UVQSv4udgCYRSZjcdMS5mHjdU73S69HM5…)
[08:30:25]   downloaded 1,263.4 MB in 51.4s (24.6 MB/s)
[08:31:35]   upload done video_id=26073249 in 70.4s
[08:31:37] film cr_film_id=2638 OK in 126.3s
[08:31:37] iteration 2/20
[08:31:37] film cr_film_id=2642 name='Král psanec (2018) CZ Dabing' candidates=6
[08:31:37]   candidate upload_id=63e1ad5b1115a url=https://prehraj.to/kral-psanec-2018-akcni-drama-historicky-valecny-zivotopisny-1080p-cz-dabing/63e1ad5b1115a
[08:31:38]   resolved in 1.2s → 1080p (https://pf-storage1.premiumcdn.net/37128016/ozBcqmsp9HqoC67uLWTG5sJKTxJu1lTwxi83…)
[08:34:00]   downloaded 3,549.5 MB in 140.8s (25.2 MB/s)
[08:36:59]   upload done video_id=26073299 in 178.3s
[08:37:00] film cr_film_id=2642 OK in 323.5s
[08:37:00] iteration 3/20
[08:37:00] film cr_film_id=2646 name='33 životů (2015) CZ' candidates=1
[08:37:00]   candidate upload_id=994113e82c8bc963 url=https://prehraj.to/33-zivotu-2015-cz-mp4/994113e82c8bc963
[08:37:01]   resolve FAILED: HTTP 502 wrapping permanent upstream error: https://prehraj.to/33-zivotu-2015-cz-mp4/994113e82c8bc963 (permanent=True)
[08:37:01] film cr_film_id=2646 all candidates exhausted
[08:37:01] iteration 4/20
[08:37:01] film cr_film_id=2650 name='Voda pro slony (2011) CZ Dabing' candidates=17
[08:37:01]   candidate upload_id=5c53d40b1727c url=https://prehraj.to/voda-pro-slony-2011-hdrip-cz-dabing-m3/5c53d40b1727c
[08:37:07]   resolved in 6.3s → 480p (https://pf-storage4.premiumcdn.net/11523295/weXhGpcv5UmGuJGIeWIRycJDIVkUbmsR7sJL…)
[08:37:28]   downloaded 552.8 MB in 19.3s (28.6 MB/s)
[08:37:52]   upload done video_id=26073342 in 23.9s
[08:37:53] film cr_film_id=2650 OK in 52.6s
[08:37:53] iteration 5/20
[08:37:53] film cr_film_id=2652 name='Noční hra (2018) CZ Dabing' candidates=4
[08:37:53]   candidate upload_id=5b5710653f2f1 url=https://prehraj.to/nocni-hra-2018-cz-dabing-1080p-fullhd/5b5710653f2f1
[08:37:55]   resolved in 1.1s → 720p (https://pf-storage5.premiumcdn.net/4995965/85LfqwUw3hzduNLH1WIoBU7XsX4CNMtLWHV6i…)
[08:38:40]   downloaded 1,049.9 MB in 43.5s (24.1 MB/s)
[08:39:27]   upload done video_id=26073365 in 47.3s
[08:39:28] film cr_film_id=2652 OK in 94.8s
[08:39:28] iteration 6/20
[08:39:28] film cr_film_id=2660 name='Zabiják & bodyguard (2017) CZ Dabing' candidates=7
[08:39:28]   candidate upload_id=64eca38c03774 url=https://prehraj.to/zabijakuv-osobni-strazce-2017-usa-akcni-komedie-cz-dab-hd/64eca38c03774
[08:39:29]   resolved in 1.2s → 720p (https://pf-storage5.premiumcdn.net/43793804/rpLsOvHDVUA2H8LtaAivdHD8tnWUQnSemSx2…)
[08:40:41]   downloaded 2,053.6 MB in 69.3s (29.6 MB/s)
[08:42:23]   upload done video_id=26073401 in 102.7s
[08:42:24] film cr_film_id=2660 OK in 176.2s
[08:42:24] iteration 7/20
[08:42:24] film cr_film_id=2670 name='Dům (2011) CZ' candidates=2
[08:42:24]   candidate upload_id=5e9544a6ceb00 url=https://prehraj.to/dum-snu-2011-drama-mysteriozni-horor/5e9544a6ceb00
[08:42:26]   resolved in 1.2s → 480p (https://pf-storage5.premiumcdn.net/16226701/v4EfwoTBKtxJtgET3oiveTZpSDyHeYHlgFev…)
[08:42:39]   downloaded 315.4 MB in 12.4s (25.4 MB/s)
[08:42:56]   upload done video_id=26073440 in 16.1s
[08:42:57] film cr_film_id=2670 OK in 32.2s
[08:42:57] iteration 8/20
[08:42:57] film cr_film_id=2686 name='Vévodkyně (2008) CZ Dabing' candidates=6
[08:42:57]   candidate upload_id=68d6bf2d1f8a6 url=https://prehraj.to/vevodkyne-keira-knightley-ralph-fiennes-charlotte-rampling-2008-drama-historicky-romanticky-zivotopisny-1080p-cz-dabing/68d6bf2d1f8a6
[08:42:59]   resolved in 2.3s → 720p (https://pf-storage4.premiumcdn.net/148567887/ll8F93swzt0ri2lcpEhkpsVoUxGCjyF0gTp…)
[08:43:59]   downloaded 1,792.5 MB in 58.8s (30.5 MB/s)
[08:45:23]   upload done video_id=26073466 in 83.4s
[08:45:24] film cr_film_id=2686 OK in 147.6s
[08:45:24] iteration 9/20
[08:45:24] film cr_film_id=2690 name='Sedm statečných (2016) CZ Dabing' candidates=12
[08:45:24]   candidate upload_id=66f862461d9a1 url=https://prehraj.to/sedm-statecnych-western-dobrodruzny-akcni-2016-cz-dab/66f862461d9a1
[08:45:25]   resolved in 0.9s → 720p (https://pf-storage5.premiumcdn.net/98912846/LElUbdudnSm6tgNuPKugBu1ZTqAIJnSEnUnX…)
[08:46:22]   downloaded 1,686.1 MB in 55.8s (30.2 MB/s)
[08:47:31]   upload done video_id=26073665 in 68.5s
[08:47:32] film cr_film_id=2690 OK in 128.1s
[08:47:32] iteration 10/20
[08:47:32] film cr_film_id=2692 name='Adidas versus Puma (2016) CZ Dabing' candidates=5
[08:47:32]   candidate upload_id=584585156c182 url=https://prehraj.to/adidas-versus-puma-duel-dvou-bratru-2016-cz-dab/584585156c182
[08:47:33]   resolved in 1.0s → 480p (https://pf-storage3.premiumcdn.net/1017642/laAcoQi2xixofogu65fDXidPtyaCvlSKrtP7U…)
[08:48:00]   downloaded 722.6 MB in 25.5s (28.3 MB/s)
[08:48:33]   upload done video_id=26073709 in 32.1s
[08:48:34] film cr_film_id=2692 OK in 61.3s
[08:48:34] iteration 11/20
[08:48:34] film cr_film_id=2698 name='Asterix: Sídliště bohů (2014) CZ' candidates=4
[08:48:34]   candidate upload_id=6149b203b31a7 url=https://prehraj.to/asterix-sidliste-bohu-2014-1080-cz-sk-5-1-448kbps-fr-dts/6149b203b31a7
[08:48:35]   resolved in 1.2s → 720p (https://pf-storage5.premiumcdn.net/24976760/0dpizyu0kiz6fvJTGlTRdurdcLbTpRTzesO3…)
[08:49:09]   downloaded 952.0 MB in 32.7s (29.1 MB/s)
[08:49:49]   upload done video_id=26073737 in 40.0s
[08:49:51] film cr_film_id=2698 OK in 77.3s
[08:49:51] iteration 12/20
[08:49:51] film cr_film_id=2704 name='Dannyho parťáci 3 (2007) CZ Dabing' candidates=13
[08:49:51]   candidate upload_id=5bf141e5a5603 url=https://prehraj.to/dannyho-partaci-3-2007-hdrip-cz-dabing-m3/5bf141e5a5603
[08:49:52]   resolved in 1.1s → 480p (https://pf-storage4.premiumcdn.net/8368781/zlXSYefKmtmOspdHZpCRAfQBtKbTWBIwmtN8S…)
[08:50:11]   downloaded 461.6 MB in 17.0s (27.2 MB/s)
[08:50:37]   upload done video_id=26073759 in 26.1s
[08:50:38] film cr_film_id=2704 OK in 46.8s
[08:50:38] iteration 13/20
[08:50:38] film cr_film_id=2712 name='Legendy zločinu (2015) CZ Dabing' candidates=42
[08:50:38]   candidate upload_id=64dc8bb4aa9b8 url=https://prehraj.to/legendy-zlocinu-legend-2015-1080p-bluray-x264-en-cz-dab/64dc8bb4aa9b8
[08:50:39]   resolved in 1.0s → 720p (https://pf-storage1.premiumcdn.net/43461548/J7oFq8iR5T2VhE9UdjhMbibOhMNCxLf0RsM4…)
[08:52:03]   downloaded 2,093.7 MB in 82.8s (25.3 MB/s)
[08:53:36]   upload done video_id=26073810 in 92.4s
[08:53:37] film cr_film_id=2712 OK in 179.1s
[08:53:37] iteration 14/20
[08:53:37] film cr_film_id=2716 name='Zloba – Královna černé magie (2014) CZ Dabing' candidates=39
[08:53:37]   candidate upload_id=5bfc0d7ccf8b5 url=https://prehraj.to/vladkyna-zla-2014-hdrip-cz-dabing-m3/5bfc0d7ccf8b5
[08:53:38]   resolved in 1.1s → 480p (https://pf-storage3.premiumcdn.net/8709881/DZjHvDs3ehE4TJDio9ipGsKRC5aFDgTlehWlF…)
[08:54:02]   downloaded 641.2 MB in 22.2s (28.9 MB/s)
[08:54:38]   upload done video_id=26073846 in 36.6s
[08:54:40] film cr_film_id=2716 OK in 63.2s
[08:54:40] iteration 15/20
[08:54:40] film cr_film_id=2722 name='Domácí péče (2015) CZ' candidates=1
[08:54:40]   candidate upload_id=65dff39e1d3bf url=https://prehraj.to/domaci-pece-2015-drama-cz-1080p-tvrip-1/65dff39e1d3bf
[08:54:41]   resolved in 0.8s → 1080p (https://pf-storage4.premiumcdn.net/74025407/MkRUeAi1xfYVcnRhQBIBniPNtm3swPIk0S39…)
[08:56:12]   downloaded 2,710.9 MB in 88.9s (30.5 MB/s)
[08:58:34]   upload done video_id=26073898 in 142.6s
[08:58:36] film cr_film_id=2722 OK in 235.8s
[08:58:36] iteration 16/20
[08:58:36] film cr_film_id=2724 name='Ace Ventura: Zvířecí detektiv (1994) CZ Dabing' candidates=24
[08:58:36]   candidate upload_id=60f79ce4abead url=https://prehraj.to/ace-ventura-1-zvireci-detektiv-1994-full-hd-1080p-cz-dabing/60f79ce4abead
[08:58:37]   resolved in 1.1s → 1080p (https://pf-storage3.premiumcdn.net/24348521/vkaIDkiD7TEkT5yHODfYoigBh7bhpxukVI5v…)
[09:00:59]   downloaded 4,352.4 MB in 140.1s (31.1 MB/s)
[09:04:24]   upload done video_id=26074000 in 205.3s
[09:04:26] film cr_film_id=2724 OK in 350.2s
[09:04:26] iteration 17/20
[09:04:26] film cr_film_id=2726 name='Velký šéf (1971) CZ Dabing' candidates=6
[09:04:26]   candidate upload_id=f9efb0c6ea3947c9 url=https://prehraj.to/velky-sef-1971-cz-dab-1080p/f9efb0c6ea3947c9
[09:04:27]   resolved in 1.0s → 720p (https://pf-storage1.premiumcdn.net/168357094/W7VcYoUqeS3YUpbI7Bir4UqAC51IzkFk5c0…)
[09:06:00]   downloaded 2,860.6 MB in 90.7s (31.5 MB/s)
[09:08:23]   upload done video_id=26074094 in 143.7s
[09:08:25] film cr_film_id=2726 OK in 238.8s
[09:08:25] iteration 18/20
[09:08:25] film cr_film_id=2730 name='Nepřítel (2013) CZ Dabing' candidates=3
[09:08:25]   candidate upload_id=55cddbdf85a68 url=https://prehraj.to/enemy-2013-cz-dab/55cddbdf85a68
[09:08:26]   resolved in 1.1s → 480p (https://pf-storage2.premiumcdn.net/169753/lBms0JunVtd3T5PCdXS0MuYotdNTp4Hv4fGdIj…)
[09:08:41]   downloaded 344.3 MB in 13.1s (26.3 MB/s)
[09:08:58]   upload done video_id=26074147 in 17.9s
[09:09:00] film cr_film_id=2730 OK in 35.1s
[09:09:00] iteration 19/20
[09:09:00] film cr_film_id=2732 name='Méďa (2012) CZ Dabing' candidates=14
[09:09:00]   candidate upload_id=dbe704ffb89485f0 url=https://prehraj.to/meda-ted-2012-cz-dabing-1080p-mp4/dbe704ffb89485f0
[09:09:01]   resolved in 1.4s → 720p (https://pf-storage3.premiumcdn.net/165143162/pMZuWlHz3SOMHxVtnGFQYHBwTY7sn4tg8tW…)
[09:09:55]   downloaded 1,527.8 MB in 51.9s (29.4 MB/s)
[09:11:02]   upload done video_id=26074181 in 67.2s
